task_id,project_id,wbs_level,task_name,task_category,planned_start_date,planned_end_date,planned_duration_days,task_weight_pct,critical_flag,baseline_sequence_no
10001,1,2,Footing Reinforcement Fixing,Structural,2022-09-12,2022-09-30,18,1.58,Y,285
10002,1,4,Backfilling and Compaction,Civil,2024-03-10,2024-04-19,40,2.42,Y,453
10003,1,3,Internal Plastering,Finishing,2022-12-22,2023-01-10,19,0.41,Y,260
10004,1,3,Underground Drainage,Plumbing,2022-06-15,2022-07-20,35,1.95,Y,355
10005,1,2,Cable Pulling,Electrical,2023-09-14,2023-10-21,37,2.19,N,473
10006,1,4,Internal Plastering,Finishing,2023-07-14,2023-07-29,15,0.63,N,162
10007,1,2,Excavation for Foundations,Civil,2023-06-24,2023-07-05,11,2.11,Y,460
10008,1,2,Slab Shuttering and Pouring,Structural,2022-09-05,2022-09-28,23,2.91,Y,383
10009,1,2,Internal Road Works,Civil,2023-08-23,2023-09-09,17,0.74,N,264
10010,1,3,Water Supply Line Installation,Plumbing,2023-06-17,2023-07-06,19,1.16,N,10
10011,1,1,Panel Installation,Electrical,2023-07-25,2023-08-29,35,1.34,N,263
10012,1,1,Site Clearing and Grading,Civil,2022-12-02,2022-12-15,13,1.02,Y,464
10013,1,4,Slab Shuttering and Pouring,Structural,2024-05-24,2024-06-08,15,2.59,N,208
10014,1,1,Beam Reinforcement Installation,Structural,2024-03-29,2024-04-25,27,1.05,Y,218
10015,1,3,Backfilling and Compaction,Civil,2022-04-29,2022-05-11,12,0.53,Y,35
10016,1,3,Conduit Laying,Electrical,2023-07-20,2023-07-27,7,2.98,N,475
10017,1,2,Panel Installation,Electrical,2022-08-22,2022-08-31,9,2.83,Y,135
10018,1,3,Excavation for Foundations,Civil,2022-11-04,2022-11-30,26,1.73,Y,149
10019,1,1,Underground Drainage,Plumbing,2023-01-14,2023-02-12,29,2.99,Y,8
10020,1,2,Excavation for Foundations,Civil,2023-09-20,2023-10-27,37,2.82,Y,338
10021,1,3,Water Supply Line Installation,Plumbing,2023-10-23,2023-11-24,32,2.16,Y,176
10022,1,1,Column Casting,Structural,2023-05-31,2023-06-29,29,2.56,Y,37
10023,1,1,Cable Pulling,Electrical,2022-09-26,2022-10-06,10,2.1,N,446
10024,1,3,Painting and Polishing,Finishing,2023-01-25,2023-02-16,22,0.42,Y,81
10025,1,3,Cable Pulling,Electrical,2022-04-15,2022-05-08,23,2.9,N,126
10026,1,2,Backfilling and Compaction,Civil,2022-11-21,2022-12-20,29,0.3,N,43
10027,1,2,Water Supply Line Installation,Plumbing,2023-09-08,2023-09-27,19,1.66,Y,47
10028,1,1,Conduit Laying,Electrical,2022-09-06,2022-10-08,32,1.36,N,156
10029,1,2,Footing Reinforcement Fixing,Structural,2023-12-02,2024-01-11,40,2.08,N,392
10030,1,3,Panel Installation,Electrical,2023-08-31,2023-09-16,16,2.26,Y,23
10031,1,2,Painting and Polishing,Finishing,2023-06-25,2023-08-03,39,2.76,Y,424
10032,1,1,Painting and Polishing,Finishing,2024-03-11,2024-04-01,21,0.38,Y,327
10033,1,1,Conduit Laying,Electrical,2023-05-02,2023-06-06,35,1.99,Y,251
10034,1,1,Conduit Laying,Electrical,2023-07-23,2023-08-03,11,2.08,Y,382
10035,1,2,Water Supply Line Installation,Plumbing,2022-06-27,2022-07-20,23,2.27,Y,119
10036,1,4,Water Supply Line Installation,Plumbing,2023-05-08,2023-05-19,11,2.76,N,393
10037,1,3,Excavation for Foundations,Civil,2022-06-30,2022-07-16,16,0.99,N,319
10038,1,1,Internal Plastering,Finishing,2022-04-24,2022-05-31,37,1.61,Y,355
10039,1,3,Beam Reinforcement Installation,Structural,2023-02-03,2023-03-15,40,1.55,N,393
10040,1,4,Excavation for Foundations,Civil,2023-02-25,2023-03-09,12,0.35,N,40
10041,1,2,Floor Tiling,Finishing,2023-01-12,2023-02-12,31,2.77,Y,39
10042,1,3,Internal Plastering,Finishing,2022-09-04,2022-10-14,40,2.87,Y,309
10043,1,2,Floor Tiling,Finishing,2022-08-05,2022-09-04,30,1.64,N,202
10044,1,4,Excavation for Foundations,Civil,2022-04-15,2022-05-23,38,1.39,Y,214
10045,1,3,Cable Pulling,Electrical,2023-03-01,2023-03-15,14,0.3,N,430
10046,1,3,Underground Drainage,Plumbing,2022-10-29,2022-11-05,7,0.98,Y,202
10047,1,3,Underground Drainage,Plumbing,2023-04-16,2023-05-20,34,2.61,N,53
10048,1,2,Backfilling and Compaction,Civil,2024-01-22,2024-02-07,16,2.92,N,262
10049,1,1,Conduit Laying,Electrical,2023-04-29,2023-06-02,34,2.49,N,468
10050,1,1,Painting and Polishing,Finishing,2022-11-06,2022-11-18,12,2.82,N,231
10051,1,4,Internal Plastering,Finishing,2024-01-31,2024-02-25,25,0.43,Y,88
10052,1,3,Water Supply Line Installation,Plumbing,2023-03-29,2023-04-23,25,0.99,N,208
10053,1,1,Slab Shuttering and Pouring,Structural,2023-08-19,2023-09-20,32,0.75,Y,39
10054,1,4,Beam Reinforcement Installation,Structural,2023-10-27,2023-11-17,21,2.75,N,219
10055,1,2,Column Casting,Structural,2022-12-17,2022-12-29,12,1.22,Y,164
10056,1,1,Slab Shuttering and Pouring,Structural,2023-01-01,2023-01-20,19,2.32,N,197
10057,1,3,Underground Drainage,Plumbing,2023-05-02,2023-05-26,24,2.33,N,143
10058,1,2,Floor Tiling,Finishing,2022-08-18,2022-09-26,39,0.55,Y,197
10059,1,1,Water Supply Line Installation,Plumbing,2023-06-28,2023-07-24,26,0.64,N,364
10060,1,4,Water Supply Line Installation,Plumbing,2022-04-12,2022-04-23,11,2.81,N,498
10061,1,2,Underground Drainage,Plumbing,2022-08-01,2022-08-22,21,0.71,Y,483
10062,1,1,Underground Drainage,Plumbing,2023-10-28,2023-11-06,9,2.41,Y,292
10063,1,4,Backfilling and Compaction,Civil,2022-08-21,2022-09-13,23,2.19,Y,51
10064,1,4,Backfilling and Compaction,Civil,2023-10-01,2023-10-20,19,1.0,Y,6
10065,1,3,Floor Tiling,Finishing,2023-07-27,2023-08-20,24,2.04,Y,244
10066,1,1,Internal Plastering,Finishing,2023-10-24,2023-11-15,22,2.89,N,29
10067,1,1,Excavation for Foundations,Civil,2023-09-04,2023-10-07,33,0.99,N,474
10068,1,3,Conduit Laying,Electrical,2023-08-29,2023-09-07,9,2.24,N,350
10069,1,1,Underground Drainage,Plumbing,2022-04-18,2022-05-13,25,0.85,Y,160
10070,1,3,Column Casting,Structural,2023-08-01,2023-08-22,21,2.35,N,56
10071,1,2,Floor Tiling,Finishing,2023-12-27,2024-01-14,18,1.61,Y,486
10072,1,2,Internal Plastering,Finishing,2023-05-19,2023-05-29,10,0.36,Y,213
10073,1,4,Site Clearing and Grading,Civil,2022-10-17,2022-11-18,32,2.73,N,376
10074,1,2,Site Clearing and Grading,Civil,2022-09-28,2022-10-26,28,0.8,N,17
10075,1,3,Panel Installation,Electrical,2024-04-23,2024-05-24,31,2.96,N,87
10076,1,1,Site Clearing and Grading,Civil,2022-07-01,2022-07-25,24,1.25,Y,288
10077,1,4,Beam Reinforcement Installation,Structural,2023-04-12,2023-05-08,26,0.54,N,101
10078,1,3,Panel Installation,Electrical,2023-07-13,2023-08-01,19,1.28,N,16
10079,1,1,Underground Drainage,Plumbing,2024-01-12,2024-02-13,32,1.31,N,33
10080,1,3,Backfilling and Compaction,Civil,2022-10-28,2022-11-08,11,1.28,N,491
10081,1,3,Internal Plastering,Finishing,2023-01-05,2023-02-01,27,1.1,Y,13
10082,1,4,Footing Reinforcement Fixing,Structural,2023-08-11,2023-09-16,36,2.43,N,418
10083,1,1,Underground Drainage,Plumbing,2023-09-02,2023-09-20,18,2.47,N,422
10084,1,4,Column Casting,Structural,2023-03-13,2023-04-09,27,1.28,Y,263
10085,1,2,Beam Reinforcement Installation,Structural,2024-05-21,2024-06-07,17,1.4,Y,247
10086,1,4,Painting and Polishing,Finishing,2023-03-11,2023-03-28,17,2.69,Y,136
10087,1,4,Internal Plastering,Finishing,2022-11-11,2022-11-24,13,1.65,N,89
10088,1,2,Column Casting,Structural,2023-06-12,2023-07-18,36,2.32,Y,400
10089,1,3,Cable Pulling,Electrical,2023-01-23,2023-02-16,24,0.99,N,102
10090,1,2,Underground Drainage,Plumbing,2022-10-19,2022-11-10,22,0.71,Y,168
10091,1,2,Internal Road Works,Civil,2022-12-25,2023-01-16,22,2.05,Y,335
10092,1,4,Underground Drainage,Plumbing,2022-07-25,2022-08-01,7,2.68,Y,431
10093,1,2,Water Supply Line Installation,Plumbing,2022-05-23,2022-06-17,25,0.62,Y,308
10094,1,2,Internal Plastering,Finishing,2022-06-27,2022-07-27,30,1.51,N,397
10095,1,2,Site Clearing and Grading,Civil,2024-01-24,2024-02-22,29,0.4,N,73
10096,1,2,Excavation for Foundations,Civil,2022-12-29,2023-01-07,9,2.5,N,210
10097,1,1,Conduit Laying,Electrical,2024-01-07,2024-02-02,26,0.85,N,281
10098,1,4,Underground Drainage,Plumbing,2023-06-03,2023-06-16,13,2.09,Y,328
10099,1,4,Internal Plastering,Finishing,2024-02-09,2024-02-26,17,2.18,N,146
10100,1,3,Cable Pulling,Electrical,2022-06-03,2022-06-29,26,1.42,Y,443
10101,1,4,Panel Installation,Electrical,2022-10-30,2022-12-01,32,0.85,Y,223
10102,1,4,Beam Reinforcement Installation,Structural,2022-08-06,2022-08-18,12,1.86,N,236
10103,1,2,Column Casting,Structural,2022-04-27,2022-05-07,10,2.03,N,46
10104,1,2,Painting and Polishing,Finishing,2023-04-26,2023-06-04,39,0.69,N,83
10105,1,4,Internal Plastering,Finishing,2022-06-19,2022-07-02,13,1.62,Y,155
10106,1,1,Footing Reinforcement Fixing,Structural,2023-08-19,2023-09-15,27,1.94,N,45
10107,1,4,Painting and Polishing,Finishing,2022-09-23,2022-10-14,21,1.96,Y,425
10108,1,1,Underground Drainage,Plumbing,2023-11-11,2023-12-01,20,1.38,Y,197
10109,1,2,Conduit Laying,Electrical,2022-09-12,2022-10-04,22,0.41,Y,342
10110,1,3,Conduit Laying,Electrical,2023-05-16,2023-06-21,36,2.05,N,299
10111,1,4,Beam Reinforcement Installation,Structural,2023-05-15,2023-06-14,30,1.66,Y,12
10112,1,4,Internal Road Works,Civil,2023-08-01,2023-08-23,22,2.36,N,429
10113,1,1,Beam Reinforcement Installation,Structural,2023-05-26,2023-06-08,13,0.65,N,188
10114,1,1,Internal Road Works,Civil,2023-09-10,2023-10-19,39,0.41,Y,43
10115,1,1,Panel Installation,Electrical,2023-09-17,2023-09-29,12,2.33,N,335
10116,1,2,Footing Reinforcement Fixing,Structural,2022-06-18,2022-07-02,14,0.66,N,148
10117,1,3,Column Casting,Structural,2022-06-18,2022-07-17,29,0.73,N,464
10118,1,4,Underground Drainage,Plumbing,2022-12-28,2023-02-05,39,0.86,N,316
10119,1,1,Internal Plastering,Finishing,2023-03-04,2023-04-03,30,0.84,N,83
10120,1,2,Panel Installation,Electrical,2023-03-13,2023-04-13,31,2.44,N,59
10121,1,4,Internal Plastering,Finishing,2024-01-23,2024-02-22,30,1.8,Y,130
10122,1,3,Painting and Polishing,Finishing,2023-05-20,2023-06-19,30,1.31,N,296
10123,1,4,Slab Shuttering and Pouring,Structural,2023-03-16,2023-03-28,12,0.92,Y,152
10124,1,1,Floor Tiling,Finishing,2023-02-23,2023-03-22,27,2.32,Y,77
10125,1,4,Panel Installation,Electrical,2024-01-12,2024-02-15,34,1.68,Y,68
10126,1,1,Underground Drainage,Plumbing,2023-12-30,2024-01-08,9,0.45,N,156
10127,1,4,Backfilling and Compaction,Civil,2023-10-10,2023-10-31,21,1.88,Y,105
10128,1,2,Panel Installation,Electrical,2023-08-11,2023-08-28,17,0.34,Y,363
10129,1,2,Beam Reinforcement Installation,Structural,2022-07-19,2022-07-30,11,2.65,N,206
10130,1,4,Conduit Laying,Electrical,2022-06-08,2022-07-07,29,1.93,N,128
10131,1,1,Footing Reinforcement Fixing,Structural,2022-05-27,2022-06-06,10,1.4,Y,82
10132,1,2,Site Clearing and Grading,Civil,2022-04-24,2022-05-13,19,1.42,N,417
10133,1,1,Internal Plastering,Finishing,2023-09-14,2023-10-10,26,1.11,Y,456
10134,1,4,Underground Drainage,Plumbing,2023-05-01,2023-06-04,34,0.52,N,90
10135,1,1,Footing Reinforcement Fixing,Structural,2023-01-04,2023-01-25,21,0.63,N,365
10136,1,3,Backfilling and Compaction,Civil,2024-01-23,2024-02-26,34,1.1,Y,44
10137,1,2,Internal Plastering,Finishing,2022-10-02,2022-10-25,23,2.57,Y,484
10138,1,3,Slab Shuttering and Pouring,Structural,2022-10-25,2022-11-25,31,1.92,N,465
10139,1,1,Floor Tiling,Finishing,2023-08-08,2023-09-17,40,2.62,N,490
10140,1,1,Slab Shuttering and Pouring,Structural,2022-11-15,2022-12-17,32,1.83,Y,75
10141,1,2,Site Clearing and Grading,Civil,2022-08-04,2022-08-17,13,1.23,Y,359
10142,1,1,Site Clearing and Grading,Civil,2022-05-24,2022-06-08,15,2.18,Y,34
10143,1,4,Floor Tiling,Finishing,2022-11-02,2022-11-13,11,0.59,Y,105
10144,1,3,Site Clearing and Grading,Civil,2022-05-17,2022-05-29,12,1.59,Y,51
10145,1,4,Slab Shuttering and Pouring,Structural,2023-03-04,2023-04-01,28,1.01,N,132
10146,1,3,Conduit Laying,Electrical,2024-04-13,2024-05-13,30,2.38,N,436
10147,1,4,Panel Installation,Electrical,2024-05-14,2024-05-22,8,0.38,Y,178
10148,1,1,Underground Drainage,Plumbing,2023-10-14,2023-11-03,20,1.85,N,88
10149,1,3,Underground Drainage,Plumbing,2023-09-30,2023-10-19,19,2.36,Y,3
10150,1,2,Cable Pulling,Electrical,2022-07-18,2022-08-25,38,2.91,N,491
10151,1,3,Floor Tiling,Finishing,2023-11-24,2023-12-11,17,2.5,Y,256
10152,1,4,Footing Reinforcement Fixing,Structural,2024-01-23,2024-02-04,12,2.43,Y,322
10153,1,4,Cable Pulling,Electrical,2022-07-18,2022-08-19,32,2.71,Y,217
10154,1,3,Backfilling and Compaction,Civil,2022-11-09,2022-12-05,26,1.46,Y,195
10155,1,3,Beam Reinforcement Installation,Structural,2022-08-19,2022-08-28,9,1.87,Y,445
10156,1,4,Water Supply Line Installation,Plumbing,2022-10-02,2022-11-07,36,2.16,N,297
10157,1,2,Column Casting,Structural,2023-03-20,2023-04-25,36,1.67,N,155
10158,1,2,Internal Plastering,Finishing,2024-04-21,2024-05-07,16,2.25,N,83
10159,1,1,Slab Shuttering and Pouring,Structural,2022-10-22,2022-11-14,23,0.74,Y,101
10160,1,3,Underground Drainage,Plumbing,2022-09-10,2022-10-06,26,1.47,Y,56
10161,1,4,Backfilling and Compaction,Civil,2022-11-09,2022-12-10,31,0.39,N,438
10162,1,4,Underground Drainage,Plumbing,2023-09-06,2023-10-01,25,0.36,N,310
10163,1,4,Underground Drainage,Plumbing,2024-05-09,2024-05-31,22,2.19,N,434
10164,1,1,Column Casting,Structural,2024-03-07,2024-03-25,18,1.53,N,134
10165,1,2,Internal Road Works,Civil,2022-12-16,2023-01-17,32,0.98,N,248
10166,1,2,Underground Drainage,Plumbing,2024-01-08,2024-02-10,33,2.72,N,399
10167,1,1,Internal Road Works,Civil,2023-08-26,2023-09-08,13,0.98,Y,83
10168,1,2,Slab Shuttering and Pouring,Structural,2022-07-24,2022-08-29,36,2.24,Y,328
10169,1,4,Panel Installation,Electrical,2023-03-29,2023-05-01,33,0.87,Y,201
10170,1,1,Internal Plastering,Finishing,2024-04-27,2024-05-26,29,0.98,N,205
10171,1,4,Site Clearing and Grading,Civil,2022-06-27,2022-07-30,33,2.0,N,298
10172,1,4,Conduit Laying,Electrical,2022-11-27,2022-12-23,26,2.84,Y,411
10173,1,2,Water Supply Line Installation,Plumbing,2022-11-15,2022-12-02,17,2.81,Y,415
10174,1,2,Beam Reinforcement Installation,Structural,2024-01-29,2024-02-19,21,1.25,N,240
10175,1,4,Panel Installation,Electrical,2024-02-06,2024-02-21,15,1.26,Y,137
10176,1,4,Water Supply Line Installation,Plumbing,2023-06-22,2023-07-10,18,0.31,N,184
10177,1,4,Slab Shuttering and Pouring,Structural,2023-03-06,2023-04-12,37,1.46,Y,338
10178,1,1,Conduit Laying,Electrical,2023-02-16,2023-03-19,31,0.53,N,402
10179,1,1,Slab Shuttering and Pouring,Structural,2024-01-20,2024-01-27,7,0.87,Y,336
10180,1,2,Cable Pulling,Electrical,2023-12-25,2024-01-07,13,2.61,Y,398
10181,1,4,Water Supply Line Installation,Plumbing,2022-09-15,2022-10-05,20,2.44,Y,313
10182,1,2,Internal Plastering,Finishing,2024-02-25,2024-03-22,26,1.64,Y,272
10183,1,1,Internal Road Works,Civil,2024-02-28,2024-03-13,14,1.01,Y,424
10184,1,4,Beam Reinforcement Installation,Structural,2023-08-29,2023-09-08,10,1.56,Y,359
10185,1,1,Underground Drainage,Plumbing,2023-09-04,2023-09-21,17,0.73,N,240
10186,1,4,Floor Tiling,Finishing,2024-02-22,2024-03-18,25,1.31,N,492
10187,1,1,Excavation for Foundations,Civil,2024-01-24,2024-02-23,30,0.36,Y,350
10188,1,4,Conduit Laying,Electrical,2023-09-16,2023-10-23,37,2.34,Y,18
10189,1,3,Beam Reinforcement Installation,Structural,2024-01-12,2024-01-27,15,0.56,N,175
10190,1,3,Underground Drainage,Plumbing,2023-01-27,2023-03-02,34,1.44,Y,424
10191,1,4,Cable Pulling,Electrical,2023-04-10,2023-05-18,38,1.2,N,447
10192,1,1,Floor Tiling,Finishing,2022-11-06,2022-12-14,38,1.19,N,366
10193,1,1,Conduit Laying,Electrical,2023-12-03,2023-12-15,12,1.38,N,280
10194,1,1,Internal Plastering,Finishing,2023-05-25,2023-06-20,26,0.32,Y,421
10195,1,2,Underground Drainage,Plumbing,2023-09-06,2023-10-07,31,1.99,Y,109
10196,1,1,Internal Road Works,Civil,2024-01-12,2024-01-30,18,2.09,Y,216
10197,1,3,Site Clearing and Grading,Civil,2023-04-24,2023-05-09,15,1.82,N,442
10198,1,3,Conduit Laying,Electrical,2023-06-17,2023-06-26,9,0.36,Y,255
10199,1,4,Painting and Polishing,Finishing,2022-05-22,2022-06-05,14,1.85,N,229
10200,1,2,Site Clearing and Grading,Civil,2024-03-08,2024-04-08,31,1.58,N,281
10201,1,2,Site Clearing and Grading,Civil,2024-01-31,2024-03-08,37,2.72,Y,219
10202,1,1,Site Clearing and Grading,Civil,2024-03-12,2024-03-26,14,0.89,Y,67
10203,1,4,Underground Drainage,Plumbing,2023-01-19,2023-02-10,22,2.28,Y,473
10204,1,1,Backfilling and Compaction,Civil,2024-05-16,2024-06-01,16,1.09,N,236
10205,1,1,Conduit Laying,Electrical,2024-04-15,2024-04-24,9,0.46,Y,200
10206,1,4,Cable Pulling,Electrical,2024-04-27,2024-05-14,17,1.94,N,189
10207,1,2,Painting and Polishing,Finishing,2023-07-05,2023-08-11,37,0.69,Y,186
10208,1,4,Beam Reinforcement Installation,Structural,2023-08-13,2023-09-13,31,2.85,N,150
10209,1,1,Conduit Laying,Electrical,2024-01-08,2024-02-05,28,2.54,N,300
10210,1,4,Underground Drainage,Plumbing,2023-05-02,2023-06-02,31,1.92,Y,414
10211,1,3,Water Supply Line Installation,Plumbing,2024-03-17,2024-03-24,7,1.01,N,81
10212,1,2,Internal Plastering,Finishing,2023-02-01,2023-02-17,16,1.04,N,178
10213,1,4,Internal Plastering,Finishing,2023-10-16,2023-11-23,38,0.84,Y,159
10214,1,4,Internal Plastering,Finishing,2024-03-05,2024-04-06,32,2.21,N,301
10215,1,3,Internal Road Works,Civil,2023-07-26,2023-08-07,12,2.38,Y,204
10216,1,3,Painting and Polishing,Finishing,2023-01-02,2023-02-11,40,1.59,Y,97
10217,2,3,Footing Reinforcement Fixing,Structural,2022-10-24,2022-11-18,25,1.86,N,207
10218,2,4,Internal Plastering,Finishing,2022-12-30,2023-01-08,9,1.31,Y,191
10219,2,1,Underground Drainage,Plumbing,2022-09-28,2022-10-25,27,1.23,Y,49
10220,2,2,Excavation for Foundations,Civil,2023-11-22,2023-12-30,38,1.01,N,219
10221,2,3,Internal Road Works,Civil,2023-12-20,2024-01-04,15,2.58,N,103
10222,2,1,Beam Reinforcement Installation,Structural,2022-07-16,2022-07-24,8,0.39,N,446
10223,2,1,Water Supply Line Installation,Plumbing,2022-06-26,2022-07-28,32,2.21,Y,132
10224,2,4,Panel Installation,Electrical,2022-12-16,2022-12-28,12,0.79,Y,190
10225,2,3,Column Casting,Structural,2022-10-15,2022-10-24,9,2.84,Y,463
10226,2,4,Internal Plastering,Finishing,2022-06-09,2022-07-02,23,0.45,Y,163
10227,2,1,Excavation for Foundations,Civil,2023-02-21,2023-03-28,35,1.57,N,132
10228,2,4,Underground Drainage,Plumbing,2023-05-10,2023-06-16,37,0.76,Y,414
10229,2,1,Footing Reinforcement Fixing,Structural,2023-08-14,2023-09-02,19,0.72,Y,40
10230,2,1,Floor Tiling,Finishing,2022-09-12,2022-10-17,35,2.8,N,432
10231,2,3,Site Clearing and Grading,Civil,2023-07-29,2023-08-26,28,2.52,N,60
10232,2,1,Conduit Laying,Electrical,2023-03-27,2023-04-17,21,0.79,N,284
10233,2,4,Beam Reinforcement Installation,Structural,2022-09-21,2022-10-15,24,1.41,Y,14
10234,2,2,Panel Installation,Electrical,2023-02-19,2023-03-19,28,1.0,Y,163
10235,2,1,Water Supply Line Installation,Plumbing,2022-08-16,2022-09-01,16,2.0,Y,287
10236,2,2,Water Supply Line Installation,Plumbing,2022-08-22,2022-09-14,23,2.92,N,134
10237,2,3,Column Casting,Structural,2022-07-30,2022-08-30,31,1.42,Y,30
10238,2,3,Conduit Laying,Electrical,2022-05-08,2022-06-12,35,1.68,N,1
10239,2,4,Floor Tiling,Finishing,2022-10-29,2022-11-28,30,0.41,N,112
10240,2,2,Panel Installation,Electrical,2022-10-24,2022-11-08,15,1.71,Y,365
10241,2,1,Column Casting,Structural,2023-12-28,2024-01-09,12,2.7,N,390
10242,2,2,Conduit Laying,Electrical,2022-11-18,2022-12-03,15,1.87,Y,6
10243,2,3,Internal Road Works,Civil,2022-06-17,2022-07-27,40,1.21,N,47
10244,2,3,Internal Road Works,Civil,2023-08-23,2023-09-07,15,0.97,N,19
10245,2,3,Slab Shuttering and Pouring,Structural,2023-12-01,2023-12-08,7,1.7,N,496
10246,2,2,Internal Plastering,Finishing,2022-08-23,2022-09-21,29,2.5,N,399
10247,2,4,Underground Drainage,Plumbing,2023-02-14,2023-02-27,13,1.51,Y,272
10248,2,1,Internal Plastering,Finishing,2022-05-13,2022-06-04,22,0.9,Y,86
10249,2,1,Backfilling and Compaction,Civil,2023-01-03,2023-01-11,8,0.56,Y,134
10250,2,4,Internal Road Works,Civil,2023-10-09,2023-10-31,22,0.58,Y,368
10251,2,4,Footing Reinforcement Fixing,Structural,2023-01-26,2023-02-09,14,1.63,N,57
10252,2,2,Site Clearing and Grading,Civil,2023-06-11,2023-06-26,15,2.62,Y,343
10253,2,1,Floor Tiling,Finishing,2023-06-02,2023-06-19,17,2.83,N,356
10254,2,3,Underground Drainage,Plumbing,2023-06-01,2023-06-11,10,1.21,Y,430
10255,2,4,Panel Installation,Electrical,2023-07-12,2023-08-08,27,2.59,Y,167
10256,2,4,Internal Plastering,Finishing,2023-04-18,2023-05-10,22,2.09,Y,187
10257,2,4,Excavation for Foundations,Civil,2022-07-01,2022-07-28,27,0.84,Y,116
10258,2,1,Beam Reinforcement Installation,Structural,2023-06-02,2023-07-08,36,2.49,Y,18
10259,2,1,Floor Tiling,Finishing,2024-01-20,2024-02-13,24,1.98,N,63
10260,2,1,Internal Plastering,Finishing,2023-07-10,2023-08-01,22,1.08,N,178
10261,2,3,Footing Reinforcement Fixing,Structural,2022-06-22,2022-07-31,39,0.53,Y,226
10262,2,3,Excavation for Foundations,Civil,2023-02-16,2023-03-21,33,1.04,Y,380
10263,2,4,Floor Tiling,Finishing,2023-07-31,2023-08-21,21,0.84,N,236
10264,2,4,Floor Tiling,Finishing,2024-01-09,2024-02-15,37,2.51,Y,125
10265,2,4,Conduit Laying,Electrical,2022-11-01,2022-12-10,39,2.92,N,7
10266,2,3,Conduit Laying,Electrical,2022-12-22,2023-01-18,27,1.63,N,450
10267,2,2,Slab Shuttering and Pouring,Structural,2022-06-19,2022-06-27,8,1.79,N,226
10268,2,1,Internal Road Works,Civil,2023-07-16,2023-08-14,29,1.71,Y,214
10269,2,2,Panel Installation,Electrical,2023-04-17,2023-05-02,15,1.96,N,421
10270,2,2,Internal Plastering,Finishing,2023-08-21,2023-09-14,24,1.42,Y,3
10271,2,2,Underground Drainage,Plumbing,2023-09-13,2023-10-15,32,1.43,N,447
10272,2,4,Painting and Polishing,Finishing,2022-08-13,2022-09-13,31,2.17,N,371
10273,2,4,Cable Pulling,Electrical,2023-04-18,2023-05-20,32,2.05,Y,403
10274,2,2,Water Supply Line Installation,Plumbing,2023-07-20,2023-08-15,26,1.75,Y,224
10275,2,1,Floor Tiling,Finishing,2023-12-08,2023-12-29,21,2.52,N,166
10276,2,4,Internal Plastering,Finishing,2023-03-21,2023-04-10,20,2.71,Y,14
10277,2,3,Backfilling and Compaction,Civil,2023-11-21,2023-12-29,38,2.78,N,276
10278,2,4,Floor Tiling,Finishing,2023-10-03,2023-11-12,40,1.35,N,21
10279,2,1,Painting and Polishing,Finishing,2023-04-16,2023-05-21,35,2.13,Y,51
10280,2,2,Water Supply Line Installation,Plumbing,2023-09-16,2023-10-18,32,2.68,N,250
10281,2,1,Water Supply Line Installation,Plumbing,2024-01-21,2024-02-18,28,0.76,N,188
10282,2,1,Backfilling and Compaction,Civil,2023-09-28,2023-10-16,18,2.07,N,354
10283,2,3,Panel Installation,Electrical,2023-06-26,2023-07-13,17,2.5,Y,259
10284,2,1,Beam Reinforcement Installation,Structural,2022-10-25,2022-11-04,10,1.25,Y,355
10285,2,1,Underground Drainage,Plumbing,2022-04-24,2022-05-20,26,2.78,N,432
10286,2,2,Site Clearing and Grading,Civil,2022-05-22,2022-06-10,19,1.64,N,447
10287,2,4,Painting and Polishing,Finishing,2022-09-16,2022-10-05,19,1.92,Y,81
10288,2,1,Painting and Polishing,Finishing,2022-08-09,2022-08-17,8,0.51,N,422
10289,2,3,Water Supply Line Installation,Plumbing,2022-06-24,2022-07-01,7,0.69,Y,182
10290,2,1,Conduit Laying,Electrical,2022-05-25,2022-06-18,24,2.62,Y,179
10291,2,1,Beam Reinforcement Installation,Structural,2024-01-20,2024-02-20,31,0.45,N,299
10292,2,2,Internal Road Works,Civil,2022-06-16,2022-07-08,22,0.9,Y,477
10293,2,4,Internal Plastering,Finishing,2023-03-10,2023-03-17,7,1.12,N,492
10294,2,2,Underground Drainage,Plumbing,2022-12-26,2023-01-26,31,1.42,N,449
10295,2,2,Underground Drainage,Plumbing,2022-12-27,2023-01-08,12,0.76,N,96
10296,2,1,Backfilling and Compaction,Civil,2023-06-01,2023-07-01,30,1.2,N,172
10297,2,3,Underground Drainage,Plumbing,2022-08-26,2022-09-29,34,1.8,N,98
10298,2,4,Water Supply Line Installation,Plumbing,2023-04-09,2023-05-01,22,0.39,Y,175
10299,2,2,Column Casting,Structural,2022-09-01,2022-09-13,12,1.03,Y,285
10300,2,3,Water Supply Line Installation,Plumbing,2022-12-23,2023-01-09,17,1.25,N,193
10301,2,2,Internal Plastering,Finishing,2023-02-20,2023-03-29,37,0.91,N,346
10302,2,3,Slab Shuttering and Pouring,Structural,2023-12-23,2024-01-27,35,1.74,N,312
10303,2,1,Internal Plastering,Finishing,2022-08-28,2022-09-11,14,1.77,N,377
10304,2,3,Underground Drainage,Plumbing,2023-11-24,2023-12-10,16,0.34,Y,356
10305,2,1,Column Casting,Structural,2023-03-16,2023-04-04,19,0.48,N,413
10306,2,3,Floor Tiling,Finishing,2022-11-05,2022-11-16,11,0.54,N,65
10307,2,4,Water Supply Line Installation,Plumbing,2023-04-21,2023-05-23,32,2.39,Y,480
10308,2,3,Conduit Laying,Electrical,2022-05-22,2022-06-21,30,2.72,Y,338
10309,2,1,Underground Drainage,Plumbing,2023-06-06,2023-07-05,29,0.79,Y,139
10310,2,4,Painting and Polishing,Finishing,2022-12-02,2022-12-11,9,0.41,Y,221
10311,2,1,Slab Shuttering and Pouring,Structural,2022-09-28,2022-10-29,31,1.79,Y,290
10312,2,4,Beam Reinforcement Installation,Structural,2023-10-07,2023-10-30,23,2.11,N,480
10313,2,1,Site Clearing and Grading,Civil,2023-02-09,2023-02-18,9,2.93,Y,20
10314,2,4,Conduit Laying,Electrical,2023-04-10,2023-04-22,12,2.18,N,383
10315,2,1,Internal Plastering,Finishing,2023-02-03,2023-03-15,40,1.24,N,227
10316,2,1,Panel Installation,Electrical,2023-09-19,2023-10-24,35,2.13,Y,220
10317,2,1,Internal Plastering,Finishing,2023-09-05,2023-09-24,19,2.87,N,90
10318,2,3,Internal Plastering,Finishing,2024-02-03,2024-02-25,22,0.97,Y,87
10319,2,2,Cable Pulling,Electrical,2023-06-17,2023-06-29,12,2.02,Y,70
10320,2,1,Water Supply Line Installation,Plumbing,2022-12-21,2023-01-12,22,1.69,N,69
10321,2,2,Panel Installation,Electrical,2023-02-22,2023-03-09,15,1.89,Y,171
10322,2,4,Internal Road Works,Civil,2022-10-12,2022-10-28,16,2.57,N,426
10323,2,3,Footing Reinforcement Fixing,Structural,2023-02-12,2023-02-19,7,1.61,Y,31
10324,2,3,Cable Pulling,Electrical,2022-11-09,2022-11-23,14,1.51,Y,83
10325,2,3,Cable Pulling,Electrical,2023-08-14,2023-09-13,30,0.75,Y,24
10326,2,3,Internal Road Works,Civil,2023-09-01,2023-09-13,12,2.95,N,56
10327,2,3,Water Supply Line Installation,Plumbing,2023-09-04,2023-09-23,19,0.32,Y,330
10328,2,2,Panel Installation,Electrical,2024-01-10,2024-02-02,23,0.51,Y,13
10329,2,2,Underground Drainage,Plumbing,2023-02-19,2023-03-21,30,2.9,Y,53
10330,2,4,Panel Installation,Electrical,2024-01-13,2024-02-09,27,0.8,N,164
10331,2,3,Slab Shuttering and Pouring,Structural,2022-09-08,2022-10-08,30,0.95,Y,55
10332,2,2,Painting and Polishing,Finishing,2023-06-08,2023-06-18,10,1.63,N,375
10333,2,2,Slab Shuttering and Pouring,Structural,2023-12-30,2024-01-11,12,2.16,Y,71
10334,2,4,Water Supply Line Installation,Plumbing,2022-07-22,2022-07-31,9,1.59,Y,371
10335,2,4,Conduit Laying,Electrical,2022-05-24,2022-07-02,39,0.69,Y,339
10336,2,4,Internal Road Works,Civil,2023-04-03,2023-04-14,11,0.32,Y,463
10337,2,4,Beam Reinforcement Installation,Structural,2023-02-18,2023-02-25,7,2.47,N,291
10338,2,4,Beam Reinforcement Installation,Structural,2022-07-18,2022-08-14,27,1.46,Y,499
10339,2,3,Underground Drainage,Plumbing,2022-06-22,2022-07-20,28,1.83,N,488
10340,2,3,Cable Pulling,Electrical,2022-09-09,2022-10-05,26,1.73,Y,435
10341,2,2,Column Casting,Structural,2023-07-24,2023-08-05,12,2.08,N,285
10342,2,2,Floor Tiling,Finishing,2023-04-25,2023-06-04,40,1.83,N,134
10343,2,1,Excavation for Foundations,Civil,2022-10-23,2022-11-11,19,0.9,N,333
10344,2,4,Excavation for Foundations,Civil,2023-10-17,2023-11-09,23,0.91,N,116
10345,2,1,Painting and Polishing,Finishing,2022-08-15,2022-09-23,39,2.6,Y,410
10346,2,1,Underground Drainage,Plumbing,2023-09-19,2023-10-28,39,1.99,Y,236
10347,2,1,Underground Drainage,Plumbing,2022-11-04,2022-12-11,37,0.67,Y,208
10348,2,1,Footing Reinforcement Fixing,Structural,2023-05-08,2023-05-17,9,2.2,Y,236
10349,2,1,Conduit Laying,Electrical,2022-09-07,2022-10-11,34,1.98,Y,289
10350,2,3,Backfilling and Compaction,Civil,2022-10-11,2022-11-10,30,2.47,Y,423
10351,2,3,Conduit Laying,Electrical,2022-12-23,2023-01-22,30,2.25,Y,419
10352,2,3,Floor Tiling,Finishing,2022-08-02,2022-08-31,29,2.47,Y,18
10353,2,4,Slab Shuttering and Pouring,Structural,2023-04-19,2023-05-08,19,0.36,N,59
10354,2,3,Internal Road Works,Civil,2022-08-13,2022-08-24,11,0.8,N,448
10355,2,3,Underground Drainage,Plumbing,2023-12-15,2024-01-07,23,2.86,Y,13
10356,2,4,Conduit Laying,Electrical,2023-09-02,2023-10-11,39,2.66,Y,39
10357,2,4,Beam Reinforcement Installation,Structural,2023-08-22,2023-09-08,17,1.36,Y,185
10358,2,2,Panel Installation,Electrical,2022-11-29,2022-12-25,26,1.89,Y,109
10359,2,4,Slab Shuttering and Pouring,Structural,2023-08-13,2023-09-10,28,1.35,N,161
10360,2,3,Backfilling and Compaction,Civil,2023-12-06,2024-01-12,37,0.91,Y,236
10361,2,2,Internal Plastering,Finishing,2024-01-28,2024-02-13,16,1.04,N,33
10362,2,2,Floor Tiling,Finishing,2023-04-22,2023-06-01,40,2.98,Y,469
10363,2,1,Internal Plastering,Finishing,2022-11-12,2022-12-16,34,1.28,N,407
10364,2,3,Column Casting,Structural,2022-07-04,2022-07-30,26,2.3,Y,180
10365,2,1,Painting and Polishing,Finishing,2023-06-11,2023-07-09,28,2.2,N,453
10366,2,3,Water Supply Line Installation,Plumbing,2022-12-27,2023-01-18,22,0.71,Y,4
10367,2,3,Water Supply Line Installation,Plumbing,2023-07-22,2023-08-23,32,2.81,Y,74
10368,2,3,Panel Installation,Electrical,2023-03-03,2023-03-26,23,0.5,Y,299
10369,2,4,Excavation for Foundations,Civil,2023-02-27,2023-03-28,29,1.26,N,370
10370,2,3,Internal Road Works,Civil,2023-03-14,2023-04-01,18,2.72,Y,389
10371,2,2,Slab Shuttering and Pouring,Structural,2022-12-20,2022-12-28,8,0.43,N,103
10372,2,2,Floor Tiling,Finishing,2023-09-17,2023-09-30,13,0.95,Y,494
10373,2,3,Footing Reinforcement Fixing,Structural,2022-07-12,2022-07-23,11,2.24,Y,97
10374,2,1,Panel Installation,Electrical,2022-05-07,2022-06-03,27,0.87,N,445
10375,2,2,Internal Road Works,Civil,2023-06-11,2023-07-09,28,0.46,N,408
10376,2,4,Site Clearing and Grading,Civil,2024-01-23,2024-02-20,28,2.97,N,132
10377,2,3,Underground Drainage,Plumbing,2022-05-18,2022-06-14,27,0.45,N,81
10378,2,2,Site Clearing and Grading,Civil,2022-09-28,2022-10-18,20,1.73,Y,184
10379,2,3,Cable Pulling,Electrical,2023-04-09,2023-04-25,16,0.92,N,417
10380,2,3,Underground Drainage,Plumbing,2023-03-04,2023-04-09,36,1.28,N,68
10381,2,1,Conduit Laying,Electrical,2023-11-14,2023-12-21,37,2.07,N,78
10382,2,2,Beam Reinforcement Installation,Structural,2022-07-23,2022-07-31,8,0.63,Y,285
10383,2,2,Slab Shuttering and Pouring,Structural,2024-01-02,2024-02-01,30,2.74,Y,271
10384,2,4,Backfilling and Compaction,Civil,2022-12-26,2023-01-30,35,0.88,N,462
10385,2,1,Water Supply Line Installation,Plumbing,2022-11-25,2022-12-22,27,0.59,Y,34
10386,2,4,Water Supply Line Installation,Plumbing,2022-06-22,2022-07-13,21,1.41,N,484
10387,2,3,Footing Reinforcement Fixing,Structural,2023-01-04,2023-01-12,8,2.22,Y,119
10388,2,3,Conduit Laying,Electrical,2023-03-21,2023-04-24,34,1.11,N,111
10389,2,2,Internal Plastering,Finishing,2023-08-23,2023-09-16,24,2.52,N,46
10390,2,2,Conduit Laying,Electrical,2023-09-01,2023-09-23,22,1.16,N,109
10391,2,1,Internal Plastering,Finishing,2022-11-22,2022-12-22,30,2.41,N,94
10392,2,1,Underground Drainage,Plumbing,2023-02-20,2023-02-28,8,0.71,Y,69
10393,2,1,Conduit Laying,Electrical,2023-09-18,2023-10-17,29,2.33,N,350
10394,2,4,Underground Drainage,Plumbing,2023-06-20,2023-07-18,28,2.68,Y,300
10395,2,1,Column Casting,Structural,2024-01-24,2024-01-31,7,0.66,Y,295
10396,2,3,Underground Drainage,Plumbing,2022-05-12,2022-05-22,10,0.47,Y,62
10397,2,1,Underground Drainage,Plumbing,2023-10-12,2023-11-15,34,0.78,Y,325
10398,2,3,Painting and Polishing,Finishing,2022-08-15,2022-09-24,40,2.57,Y,179
10399,2,2,Column Casting,Structural,2022-07-05,2022-07-29,24,0.34,N,36
10400,2,4,Excavation for Foundations,Civil,2023-09-24,2023-10-04,10,2.43,N,137
10401,2,3,Backfilling and Compaction,Civil,2022-06-03,2022-07-09,36,1.78,N,448
10402,2,4,Cable Pulling,Electrical,2023-06-28,2023-07-25,27,1.33,Y,199
10403,2,2,Water Supply Line Installation,Plumbing,2022-09-15,2022-09-22,7,1.94,N,356
10404,3,1,Underground Drainage,Plumbing,2022-12-17,2022-12-31,14,2.58,Y,466
10405,3,4,Internal Road Works,Civil,2024-05-07,2024-06-03,27,1.78,N,234
10406,3,3,Internal Plastering,Finishing,2023-09-24,2023-10-31,37,1.9,N,121
10407,3,4,Water Supply Line Installation,Plumbing,2024-05-26,2024-06-06,11,2.94,N,314
10408,3,3,Conduit Laying,Electrical,2024-03-01,2024-03-22,21,1.01,N,440
10409,3,2,Panel Installation,Electrical,2024-01-21,2024-02-27,37,3.0,Y,475
10410,3,2,Floor Tiling,Finishing,2023-11-15,2023-12-05,20,2.5,Y,345
10411,3,2,Column Casting,Structural,2024-04-04,2024-05-10,36,2.03,Y,165
10412,3,4,Water Supply Line Installation,Plumbing,2023-08-09,2023-08-23,14,0.72,N,193
10413,3,3,Backfilling and Compaction,Civil,2023-05-28,2023-07-07,40,1.52,Y,141
10414,3,4,Water Supply Line Installation,Plumbing,2023-08-27,2023-09-10,14,2.01,Y,389
10415,3,3,Internal Plastering,Finishing,2022-06-03,2022-06-18,15,1.62,Y,319
10416,3,3,Panel Installation,Electrical,2023-05-11,2023-06-11,31,0.35,Y,1
10417,3,3,Floor Tiling,Finishing,2022-07-26,2022-08-13,18,2.24,N,470
10418,3,4,Cable Pulling,Electrical,2023-01-30,2023-02-22,23,0.55,N,440
10419,3,3,Excavation for Foundations,Civil,2022-10-06,2022-11-09,34,1.97,N,472
10420,3,1,Internal Road Works,Civil,2023-06-16,2023-07-16,30,2.22,N,497
10421,3,3,Water Supply Line Installation,Plumbing,2024-03-21,2024-04-13,23,0.94,Y,474
10422,3,1,Internal Plastering,Finishing,2024-05-25,2024-06-24,30,2.1,N,441
10423,3,4,Site Clearing and Grading,Civil,2023-08-27,2023-09-27,31,1.72,N,480
10424,3,4,Site Clearing and Grading,Civil,2024-01-25,2024-03-01,36,2.19,N,213
10425,3,4,Underground Drainage,Plumbing,2022-08-02,2022-09-06,35,1.63,Y,344
10426,3,3,Column Casting,Structural,2023-07-13,2023-07-22,9,1.8,N,395
10427,3,1,Underground Drainage,Plumbing,2022-08-28,2022-09-18,21,1.84,Y,53
10428,3,1,Underground Drainage,Plumbing,2023-01-03,2023-02-08,36,2.52,Y,365
10429,3,2,Cable Pulling,Electrical,2022-07-23,2022-08-25,33,2.99,Y,447
10430,3,1,Slab Shuttering and Pouring,Structural,2023-05-05,2023-05-24,19,0.8,N,267
10431,3,3,Conduit Laying,Electrical,2023-04-13,2023-05-14,31,2.09,N,285
10432,3,3,Water Supply Line Installation,Plumbing,2024-04-24,2024-05-04,10,1.12,N,411
10433,3,2,Water Supply Line Installation,Plumbing,2023-04-05,2023-04-24,19,0.44,N,478
10434,3,3,Water Supply Line Installation,Plumbing,2024-05-23,2024-06-08,16,2.81,N,103
10435,3,1,Underground Drainage,Plumbing,2023-04-14,2023-04-21,7,1.4,N,19
10436,3,2,Conduit Laying,Electrical,2023-08-20,2023-09-14,25,2.22,N,208
10437,3,2,Underground Drainage,Plumbing,2022-12-22,2023-01-01,10,1.47,Y,26
10438,3,2,Footing Reinforcement Fixing,Structural,2024-01-28,2024-03-06,38,0.34,Y,256
10439,3,2,Slab Shuttering and Pouring,Structural,2022-12-30,2023-01-16,17,2.4,Y,265
10440,3,1,Internal Road Works,Civil,2022-09-02,2022-09-21,19,2.87,N,115
10441,3,2,Panel Installation,Electrical,2023-08-24,2023-09-27,34,2.64,Y,22
10442,3,3,Beam Reinforcement Installation,Structural,2023-03-24,2023-04-14,21,2.21,Y,159
10443,3,2,Cable Pulling,Electrical,2023-12-10,2023-12-30,20,2.85,Y,201
10444,3,3,Backfilling and Compaction,Civil,2023-06-21,2023-07-07,16,0.9,Y,102
10445,3,3,Underground Drainage,Plumbing,2022-12-02,2023-01-05,34,2.13,Y,20
10446,3,1,Conduit Laying,Electrical,2024-03-31,2024-04-20,20,1.09,N,10
10447,3,3,Underground Drainage,Plumbing,2022-12-19,2023-01-26,38,2.63,Y,104
10448,3,3,Beam Reinforcement Installation,Structural,2023-03-01,2023-03-22,21,0.39,Y,496
10449,3,3,Backfilling and Compaction,Civil,2022-12-13,2022-12-29,16,0.44,N,180
10450,3,3,Water Supply Line Installation,Plumbing,2023-02-05,2023-03-05,28,0.78,N,415
10451,3,2,Internal Road Works,Civil,2022-09-02,2022-09-16,14,1.91,N,19
10452,3,4,Site Clearing and Grading,Civil,2023-11-04,2023-11-17,13,2.05,Y,213
10453,3,2,Floor Tiling,Finishing,2022-08-14,2022-09-13,30,1.27,Y,170
10454,3,3,Internal Road Works,Civil,2023-04-03,2023-04-19,16,0.55,Y,60
10455,3,3,Beam Reinforcement Installation,Structural,2023-02-28,2023-03-14,14,1.56,Y,292
10456,3,3,Internal Plastering,Finishing,2023-10-28,2023-11-20,23,2.86,N,207
10457,3,2,Internal Plastering,Finishing,2022-10-05,2022-10-27,22,2.7,Y,55
10458,3,2,Internal Road Works,Civil,2024-05-15,2024-06-04,20,0.54,Y,79
10459,3,1,Conduit Laying,Electrical,2023-08-05,2023-09-06,32,1.09,Y,44
10460,3,1,Internal Plastering,Finishing,2023-01-22,2023-02-13,22,2.52,Y,307
10461,3,2,Conduit Laying,Electrical,2022-07-09,2022-07-29,20,2.5,N,44
10462,3,4,Underground Drainage,Plumbing,2022-06-08,2022-07-05,27,2.42,Y,46
10463,3,2,Column Casting,Structural,2023-11-02,2023-11-19,17,2.45,Y,105
10464,3,1,Column Casting,Structural,2024-04-29,2024-05-27,28,2.99,N,20
10465,3,2,Water Supply Line Installation,Plumbing,2022-08-06,2022-08-17,11,2.64,Y,434
10466,3,2,Cable Pulling,Electrical,2022-08-30,2022-09-28,29,2.47,N,345
10467,3,1,Underground Drainage,Plumbing,2023-02-17,2023-03-15,26,2.31,Y,223
10468,3,1,Water Supply Line Installation,Plumbing,2024-01-25,2024-02-08,14,2.91,N,385
10469,3,2,Column Casting,Structural,2022-12-16,2023-01-21,36,2.67,Y,201
10470,3,1,Water Supply Line Installation,Plumbing,2023-06-20,2023-07-22,32,0.92,N,340
10471,3,3,Floor Tiling,Finishing,2023-04-05,2023-04-12,7,1.62,Y,487
10472,3,3,Internal Road Works,Civil,2023-07-30,2023-09-01,33,1.54,N,280
10473,3,4,Footing Reinforcement Fixing,Structural,2023-05-25,2023-06-26,32,1.97,N,172
10474,3,4,Backfilling and Compaction,Civil,2022-12-05,2023-01-09,35,2.08,Y,62
10475,3,4,Footing Reinforcement Fixing,Structural,2023-06-16,2023-07-04,18,1.03,Y,186
10476,3,3,Column Casting,Structural,2023-05-22,2023-06-23,32,1.65,Y,439
10477,3,1,Beam Reinforcement Installation,Structural,2023-11-18,2023-11-25,7,2.6,Y,484
10478,3,3,Beam Reinforcement Installation,Structural,2023-12-27,2024-01-19,23,2.13,N,70
10479,3,3,Panel Installation,Electrical,2023-07-28,2023-08-08,11,1.5,N,186
10480,3,1,Panel Installation,Electrical,2024-05-23,2024-06-23,31,2.75,N,253
10481,3,1,Panel Installation,Electrical,2022-06-15,2022-06-25,10,1.81,N,160
10482,3,1,Internal Plastering,Finishing,2024-02-08,2024-03-15,36,2.86,N,71
10483,3,1,Backfilling and Compaction,Civil,2022-10-22,2022-11-10,19,2.99,Y,383
10484,3,3,Painting and Polishing,Finishing,2023-03-11,2023-04-02,22,2.39,Y,216
10485,3,4,Floor Tiling,Finishing,2024-03-22,2024-04-03,12,1.63,N,354
10486,3,1,Cable Pulling,Electrical,2022-11-09,2022-12-17,38,2.44,N,458
10487,3,2,Column Casting,Structural,2023-11-07,2023-11-17,10,1.13,Y,349
10488,3,4,Conduit Laying,Electrical,2024-01-19,2024-02-14,26,2.4,N,493
10489,3,2,Slab Shuttering and Pouring,Structural,2023-04-09,2023-05-16,37,1.98,N,207
10490,3,3,Backfilling and Compaction,Civil,2023-06-02,2023-07-04,32,1.34,N,137
10491,3,4,Excavation for Foundations,Civil,2024-02-24,2024-03-30,35,2.02,N,23
10492,3,4,Slab Shuttering and Pouring,Structural,2023-11-27,2024-01-03,37,2.33,N,201
10493,3,3,Panel Installation,Electrical,2023-07-07,2023-08-16,40,2.6,Y,133
10494,3,3,Underground Drainage,Plumbing,2022-07-09,2022-08-04,26,1.93,N,136
10495,3,4,Footing Reinforcement Fixing,Structural,2023-12-10,2023-12-23,13,2.55,Y,477
10496,3,1,Conduit Laying,Electrical,2024-03-18,2024-04-05,18,2.39,N,431
10497,3,3,Cable Pulling,Electrical,2023-07-03,2023-08-10,38,1.24,Y,365
10498,3,2,Beam Reinforcement Installation,Structural,2024-04-12,2024-05-07,25,0.88,Y,474
10499,3,2,Underground Drainage,Plumbing,2023-10-24,2023-10-31,7,1.86,N,110
10500,3,2,Painting and Polishing,Finishing,2023-03-04,2023-03-19,15,0.9,Y,257
10501,3,3,Backfilling and Compaction,Civil,2022-07-01,2022-08-01,31,0.65,N,314
10502,3,3,Panel Installation,Electrical,2022-08-04,2022-09-12,39,1.94,Y,159
10503,3,3,Backfilling and Compaction,Civil,2024-04-19,2024-05-01,12,0.36,Y,63
10504,3,2,Conduit Laying,Electrical,2022-05-31,2022-07-06,36,1.51,Y,229
10505,3,1,Painting and Polishing,Finishing,2024-01-27,2024-02-05,9,1.75,N,57
10506,3,3,Underground Drainage,Plumbing,2023-03-25,2023-04-22,28,1.73,Y,112
10507,3,2,Internal Plastering,Finishing,2023-03-12,2023-03-20,8,2.4,Y,416
10508,3,1,Floor Tiling,Finishing,2023-08-05,2023-09-04,30,2.88,N,371
10509,3,4,Site Clearing and Grading,Civil,2023-07-11,2023-08-11,31,0.91,Y,412
10510,3,1,Panel Installation,Electrical,2023-04-30,2023-05-23,23,2.03,Y,221
10511,3,2,Water Supply Line Installation,Plumbing,2022-12-09,2023-01-06,28,0.6,Y,145
10512,3,4,Footing Reinforcement Fixing,Structural,2023-11-07,2023-11-15,8,2.4,Y,396
10513,3,1,Conduit Laying,Electrical,2023-12-22,2024-01-16,25,2.78,Y,33
10514,3,3,Conduit Laying,Electrical,2023-07-29,2023-08-05,7,1.81,Y,290
10515,3,1,Cable Pulling,Electrical,2023-04-06,2023-04-19,13,2.3,N,216
10516,3,1,Internal Road Works,Civil,2022-09-09,2022-10-07,28,2.62,N,399
10517,3,3,Water Supply Line Installation,Plumbing,2022-08-20,2022-09-17,28,1.59,Y,436
10518,3,2,Backfilling and Compaction,Civil,2023-10-30,2023-11-30,31,1.26,Y,481
10519,3,4,Slab Shuttering and Pouring,Structural,2023-11-10,2023-12-14,34,0.73,N,69
10520,3,4,Footing Reinforcement Fixing,Structural,2022-09-18,2022-10-08,20,0.37,Y,238
10521,3,3,Excavation for Foundations,Civil,2024-01-04,2024-01-15,11,1.21,N,249
10522,3,3,Footing Reinforcement Fixing,Structural,2023-02-01,2023-02-21,20,1.33,Y,51
10523,3,4,Internal Plastering,Finishing,2022-12-18,2023-01-22,35,1.84,N,390
10524,3,4,Site Clearing and Grading,Civil,2023-09-21,2023-10-08,17,2.06,Y,368
10525,3,1,Water Supply Line Installation,Plumbing,2024-02-07,2024-02-23,16,2.75,N,33
10526,3,2,Column Casting,Structural,2022-06-02,2022-07-04,32,2.01,Y,125
10527,3,4,Excavation for Foundations,Civil,2022-05-28,2022-06-06,9,0.43,Y,482
10528,3,3,Footing Reinforcement Fixing,Structural,2023-12-18,2024-01-20,33,0.41,N,10
10529,3,2,Underground Drainage,Plumbing,2024-05-24,2024-06-06,13,0.69,Y,316
10530,3,4,Floor Tiling,Finishing,2022-09-13,2022-10-22,39,2.77,Y,37
10531,3,1,Site Clearing and Grading,Civil,2023-10-24,2023-11-04,11,2.09,N,235
10532,3,1,Underground Drainage,Plumbing,2023-12-22,2024-01-11,20,0.81,N,107
10533,3,1,Excavation for Foundations,Civil,2024-04-14,2024-05-18,34,1.95,Y,280
10534,3,1,Floor Tiling,Finishing,2024-04-20,2024-05-03,13,2.27,Y,46
10535,3,3,Cable Pulling,Electrical,2023-04-02,2023-04-28,26,0.7,N,394
10536,3,1,Footing Reinforcement Fixing,Structural,2022-08-16,2022-08-27,11,0.61,Y,267
10537,3,1,Water Supply Line Installation,Plumbing,2023-07-19,2023-08-08,20,2.76,Y,367
10538,3,2,Excavation for Foundations,Civil,2023-08-12,2023-08-22,10,1.97,N,227
10539,3,3,Panel Installation,Electrical,2022-10-12,2022-11-04,23,2.58,Y,167
10540,3,2,Underground Drainage,Plumbing,2022-11-10,2022-12-15,35,2.95,N,391
10541,3,1,Floor Tiling,Finishing,2023-03-04,2023-03-26,22,1.41,Y,175
10542,3,2,Slab Shuttering and Pouring,Structural,2023-04-29,2023-05-06,7,2.7,Y,273
10543,3,4,Footing Reinforcement Fixing,Structural,2022-07-03,2022-07-30,27,1.99,N,33
10544,3,2,Internal Plastering,Finishing,2023-09-09,2023-09-26,17,1.73,Y,481
10545,3,2,Underground Drainage,Plumbing,2024-03-21,2024-04-10,20,1.08,Y,366
10546,3,2,Cable Pulling,Electrical,2024-05-29,2024-06-12,14,1.95,Y,354
10547,3,3,Cable Pulling,Electrical,2023-02-06,2023-03-06,28,2.89,Y,354
10548,3,1,Slab Shuttering and Pouring,Structural,2024-02-20,2024-03-07,16,1.91,N,156
10549,3,1,Site Clearing and Grading,Civil,2022-08-04,2022-08-11,7,1.28,Y,286
10550,3,3,Internal Road Works,Civil,2024-03-21,2024-04-29,39,2.79,N,92
10551,3,4,Backfilling and Compaction,Civil,2023-04-03,2023-05-05,32,2.18,Y,228
10552,3,2,Internal Road Works,Civil,2023-05-13,2023-06-09,27,0.38,Y,55
10553,3,3,Slab Shuttering and Pouring,Structural,2024-04-13,2024-05-11,28,1.99,Y,38
10554,3,3,Excavation for Foundations,Civil,2024-04-02,2024-04-28,26,0.79,Y,247
10555,3,1,Site Clearing and Grading,Civil,2023-06-24,2023-07-17,23,1.84,Y,32
10556,3,2,Backfilling and Compaction,Civil,2022-06-12,2022-07-06,24,2.83,N,187
10557,3,3,Painting and Polishing,Finishing,2022-11-24,2022-12-09,15,2.43,N,190
10558,3,2,Conduit Laying,Electrical,2023-11-14,2023-11-28,14,2.75,Y,147
10559,3,2,Underground Drainage,Plumbing,2023-01-12,2023-01-31,19,2.36,N,124
10560,3,1,Water Supply Line Installation,Plumbing,2022-06-04,2022-06-14,10,2.09,N,121
10561,3,4,Conduit Laying,Electrical,2023-09-23,2023-10-28,35,0.61,N,285
10562,3,4,Underground Drainage,Plumbing,2023-07-16,2023-07-30,14,1.59,Y,466
10563,3,1,Beam Reinforcement Installation,Structural,2023-08-21,2023-08-31,10,0.82,N,185
10564,3,1,Water Supply Line Installation,Plumbing,2023-01-27,2023-02-24,28,0.49,Y,248
10565,3,4,Beam Reinforcement Installation,Structural,2022-09-17,2022-09-27,10,1.72,Y,268
10566,3,1,Slab Shuttering and Pouring,Structural,2022-12-31,2023-01-13,13,1.59,N,474
10567,3,3,Underground Drainage,Plumbing,2022-08-12,2022-09-16,35,0.56,N,340
10568,3,4,Conduit Laying,Electrical,2022-09-27,2022-11-03,37,0.99,Y,322
10569,3,1,Internal Plastering,Finishing,2024-03-17,2024-04-23,37,1.75,Y,396
10570,3,2,Underground Drainage,Plumbing,2024-03-24,2024-04-23,30,1.35,N,380
10571,3,2,Backfilling and Compaction,Civil,2024-03-30,2024-04-17,18,0.34,N,462
10572,3,3,Internal Road Works,Civil,2023-01-05,2023-01-14,9,1.49,Y,430
10573,3,1,Slab Shuttering and Pouring,Structural,2023-04-14,2023-05-03,19,1.39,Y,7
10574,3,4,Cable Pulling,Electrical,2023-01-21,2023-02-01,11,1.31,N,345
10575,3,2,Column Casting,Structural,2022-12-11,2023-01-17,37,1.14,N,139
10576,3,2,Slab Shuttering and Pouring,Structural,2022-06-29,2022-08-01,33,1.23,Y,292
10577,3,2,Conduit Laying,Electrical,2023-01-27,2023-02-03,7,1.94,N,311
10578,3,2,Water Supply Line Installation,Plumbing,2023-12-24,2024-01-24,31,1.0,Y,141
10579,3,2,Underground Drainage,Plumbing,2022-10-15,2022-11-24,40,1.87,Y,86
10580,3,4,Beam Reinforcement Installation,Structural,2022-11-15,2022-11-27,12,2.43,N,455
10581,3,3,Painting and Polishing,Finishing,2023-01-11,2023-01-27,16,2.91,N,49
10582,3,3,Internal Road Works,Civil,2022-09-11,2022-09-19,8,0.49,Y,446
10583,3,4,Beam Reinforcement Installation,Structural,2022-08-11,2022-09-20,40,2.59,Y,229
10584,3,3,Beam Reinforcement Installation,Structural,2024-03-31,2024-05-10,40,2.73,Y,224
10585,3,2,Backfilling and Compaction,Civil,2024-01-02,2024-02-02,31,2.62,N,330
10586,3,3,Beam Reinforcement Installation,Structural,2023-06-07,2023-07-17,40,2.13,Y,359
10587,3,1,Internal Road Works,Civil,2022-12-31,2023-01-27,27,1.5,N,348
10588,3,4,Beam Reinforcement Installation,Structural,2023-04-25,2023-05-16,21,0.54,Y,278
10589,3,3,Water Supply Line Installation,Plumbing,2022-10-12,2022-11-02,21,2.29,N,195
10590,3,2,Water Supply Line Installation,Plumbing,2022-10-05,2022-10-26,21,2.67,Y,19
10591,3,1,Internal Plastering,Finishing,2023-07-17,2023-08-19,33,1.57,N,483
10592,3,3,Panel Installation,Electrical,2023-12-04,2024-01-02,29,2.2,N,162
10593,3,2,Beam Reinforcement Installation,Structural,2024-05-06,2024-05-14,8,1.36,Y,493
10594,3,2,Panel Installation,Electrical,2024-03-15,2024-04-04,20,2.2,Y,190
10595,3,1,Panel Installation,Electrical,2023-02-13,2023-03-02,17,1.92,Y,102
10596,3,1,Internal Road Works,Civil,2023-12-23,2024-01-16,24,0.49,Y,429
10597,3,1,Footing Reinforcement Fixing,Structural,2024-05-09,2024-05-31,22,0.77,Y,136
10598,3,1,Footing Reinforcement Fixing,Structural,2022-06-21,2022-07-05,14,2.82,Y,77
10599,3,3,Water Supply Line Installation,Plumbing,2022-08-11,2022-09-20,40,1.16,N,383
10600,3,1,Water Supply Line Installation,Plumbing,2023-05-04,2023-05-14,10,1.01,N,47
10601,3,2,Site Clearing and Grading,Civil,2024-05-10,2024-06-02,23,2.44,N,175
10602,3,1,Floor Tiling,Finishing,2022-10-19,2022-11-07,19,2.33,N,198
10603,3,3,Panel Installation,Electrical,2022-06-14,2022-07-05,21,2.45,N,49
10604,3,4,Excavation for Foundations,Civil,2022-12-09,2023-01-13,35,2.44,Y,319
10605,3,2,Internal Road Works,Civil,2023-12-27,2024-01-30,34,0.34,Y,56
10606,3,4,Underground Drainage,Plumbing,2023-02-16,2023-03-27,39,1.71,N,371
10607,3,2,Site Clearing and Grading,Civil,2023-01-17,2023-01-25,8,1.68,Y,328
10608,3,3,Underground Drainage,Plumbing,2022-12-02,2022-12-22,20,2.99,N,68
10609,3,3,Footing Reinforcement Fixing,Structural,2023-01-14,2023-02-19,36,2.53,N,204
10610,3,1,Panel Installation,Electrical,2024-06-04,2024-06-30,26,2.39,N,46
10611,3,2,Conduit Laying,Electrical,2023-04-25,2023-06-03,39,0.71,Y,237
10612,3,3,Excavation for Foundations,Civil,2023-04-21,2023-05-05,14,2.15,N,271
10613,3,4,Conduit Laying,Electrical,2022-09-13,2022-09-24,11,1.48,Y,130
10614,3,4,Internal Plastering,Finishing,2023-08-31,2023-09-27,27,2.83,N,395
10615,3,1,Panel Installation,Electrical,2023-08-28,2023-09-24,27,0.58,N,45
10616,3,1,Conduit Laying,Electrical,2022-07-05,2022-07-20,15,1.56,Y,154
10617,3,1,Backfilling and Compaction,Civil,2023-08-18,2023-09-27,40,0.69,Y,367
10618,3,1,Site Clearing and Grading,Civil,2023-03-18,2023-04-02,15,2.19,N,84
10619,3,2,Painting and Polishing,Finishing,2023-07-18,2023-08-04,17,0.77,N,363
10620,3,4,Cable Pulling,Electrical,2022-10-01,2022-10-23,22,2.92,Y,47
10621,3,4,Panel Installation,Electrical,2024-06-03,2024-07-04,31,0.91,Y,310
10622,3,2,Cable Pulling,Electrical,2023-07-04,2023-07-23,19,2.32,N,55
10623,3,3,Floor Tiling,Finishing,2023-02-05,2023-02-13,8,1.68,Y,500
10624,3,3,Floor Tiling,Finishing,2023-04-13,2023-05-01,18,2.14,N,29
10625,3,1,Excavation for Foundations,Civil,2024-01-06,2024-02-04,29,2.43,N,311
10626,3,3,Site Clearing and Grading,Civil,2023-04-27,2023-05-18,21,2.51,N,487
10627,3,4,Cable Pulling,Electrical,2023-06-15,2023-07-14,29,1.32,Y,483
10628,3,2,Footing Reinforcement Fixing,Structural,2024-04-19,2024-05-22,33,2.51,Y,456
10629,3,3,Column Casting,Structural,2023-04-07,2023-04-30,23,1.33,N,69
10630,3,3,Slab Shuttering and Pouring,Structural,2024-04-13,2024-04-23,10,2.72,Y,435
10631,3,4,Conduit Laying,Electrical,2024-04-20,2024-04-30,10,2.85,N,401
10632,3,2,Underground Drainage,Plumbing,2023-05-11,2023-06-10,30,0.47,Y,168
10633,3,1,Site Clearing and Grading,Civil,2023-01-15,2023-02-14,30,1.96,N,380
10634,3,3,Excavation for Foundations,Civil,2023-09-13,2023-10-15,32,2.47,N,159
10635,3,3,Floor Tiling,Finishing,2023-04-19,2023-05-18,29,2.3,N,294
10636,3,4,Site Clearing and Grading,Civil,2023-10-05,2023-11-09,35,0.33,Y,107
10637,3,1,Slab Shuttering and Pouring,Structural,2023-12-04,2024-01-03,30,2.07,Y,237
10638,3,2,Painting and Polishing,Finishing,2023-08-13,2023-08-21,8,1.46,Y,95
10639,3,1,Floor Tiling,Finishing,2023-11-06,2023-12-05,29,0.9,Y,113
10640,3,4,Panel Installation,Electrical,2023-08-14,2023-08-31,17,2.02,Y,477
10641,3,3,Underground Drainage,Plumbing,2023-04-28,2023-05-24,26,1.69,Y,252
10642,4,2,Internal Plastering,Finishing,2022-10-20,2022-11-20,31,0.8,Y,445
10643,4,2,Floor Tiling,Finishing,2022-07-20,2022-07-30,10,1.66,Y,262
10644,4,2,Underground Drainage,Plumbing,2023-12-21,2024-01-10,20,0.71,N,412
10645,4,3,Internal Road Works,Civil,2022-10-13,2022-11-05,23,0.93,Y,263
10646,4,3,Underground Drainage,Plumbing,2022-08-29,2022-09-05,7,2.74,Y,384
10647,4,2,Slab Shuttering and Pouring,Structural,2023-01-19,2023-02-28,40,0.93,Y,463
10648,4,3,Footing Reinforcement Fixing,Structural,2023-09-12,2023-10-02,20,2.56,N,474
10649,4,4,Internal Plastering,Finishing,2023-10-09,2023-10-16,7,2.65,Y,460
10650,4,3,Painting and Polishing,Finishing,2023-07-26,2023-08-11,16,1.54,Y,279
10651,4,2,Cable Pulling,Electrical,2023-02-02,2023-02-21,19,0.74,N,183
10652,4,2,Floor Tiling,Finishing,2023-04-02,2023-04-28,26,2.01,N,44
10653,4,3,Column Casting,Structural,2023-04-15,2023-04-29,14,0.8,N,431
10654,4,4,Water Supply Line Installation,Plumbing,2023-09-23,2023-10-17,24,1.7,N,304
10655,4,2,Internal Plastering,Finishing,2023-10-21,2023-11-07,17,0.5,N,496
10656,4,4,Internal Road Works,Civil,2022-09-06,2022-10-05,29,1.21,N,331
10657,4,1,Beam Reinforcement Installation,Structural,2024-01-03,2024-01-10,7,2.59,N,182
10658,4,3,Painting and Polishing,Finishing,2023-07-12,2023-08-15,34,0.72,Y,487
10659,4,2,Slab Shuttering and Pouring,Structural,2023-07-09,2023-08-05,27,1.22,Y,282
10660,4,1,Floor Tiling,Finishing,2022-11-29,2022-12-24,25,0.67,Y,316
10661,4,3,Cable Pulling,Electrical,2023-08-21,2023-09-28,38,1.28,Y,180
10662,4,1,Painting and Polishing,Finishing,2023-04-24,2023-05-31,37,1.2,N,313
10663,4,3,Painting and Polishing,Finishing,2023-02-17,2023-02-25,8,2.46,Y,186
10664,4,3,Internal Plastering,Finishing,2023-03-05,2023-04-02,28,2.52,Y,481
10665,4,2,Underground Drainage,Plumbing,2022-08-12,2022-08-31,19,0.46,Y,76
10666,4,4,Conduit Laying,Electrical,2023-01-06,2023-01-16,10,1.01,Y,485
10667,4,2,Footing Reinforcement Fixing,Structural,2022-10-26,2022-11-29,34,0.41,N,440
10668,4,2,Water Supply Line Installation,Plumbing,2022-08-30,2022-09-17,18,2.94,Y,44
10669,4,1,Excavation for Foundations,Civil,2022-10-01,2022-10-10,9,1.19,Y,58
10670,4,2,Underground Drainage,Plumbing,2022-09-13,2022-10-01,18,1.94,Y,185
10671,4,4,Internal Road Works,Civil,2023-04-25,2023-05-27,32,0.98,Y,248
10672,4,2,Excavation for Foundations,Civil,2022-11-12,2022-11-30,18,2.44,Y,229
10673,4,1,Painting and Polishing,Finishing,2022-06-30,2022-08-04,35,1.52,Y,308
10674,4,2,Panel Installation,Electrical,2023-07-06,2023-08-14,39,2.62,Y,255
10675,4,1,Beam Reinforcement Installation,Structural,2022-11-03,2022-11-10,7,2.58,N,213
10676,4,4,Beam Reinforcement Installation,Structural,2023-07-19,2023-08-16,28,2.88,Y,162
10677,4,1,Underground Drainage,Plumbing,2023-02-26,2023-03-18,20,2.98,N,163
10678,4,4,Floor Tiling,Finishing,2023-05-06,2023-05-23,17,2.87,Y,252
10679,4,4,Excavation for Foundations,Civil,2023-08-08,2023-08-20,12,2.75,N,361
10680,4,4,Site Clearing and Grading,Civil,2022-10-10,2022-10-23,13,1.05,Y,311
10681,4,4,Water Supply Line Installation,Plumbing,2023-02-13,2023-02-25,12,2.05,Y,19
10682,4,3,Water Supply Line Installation,Plumbing,2023-01-01,2023-01-12,11,1.05,N,106
10683,4,3,Painting and Polishing,Finishing,2023-11-17,2023-12-21,34,1.53,N,206
10684,4,3,Underground Drainage,Plumbing,2022-07-13,2022-07-29,16,0.44,Y,181
10685,4,1,Underground Drainage,Plumbing,2023-02-16,2023-03-27,39,1.5,Y,45
10686,4,4,Site Clearing and Grading,Civil,2023-01-02,2023-02-07,36,2.67,Y,374
10687,4,1,Cable Pulling,Electrical,2022-12-02,2022-12-17,15,2.04,N,173
10688,4,2,Column Casting,Structural,2023-01-10,2023-02-16,37,0.98,Y,114
10689,4,4,Slab Shuttering and Pouring,Structural,2022-07-30,2022-08-30,31,0.87,N,468
10690,4,2,Water Supply Line Installation,Plumbing,2022-07-27,2022-08-27,31,2.06,N,422
10691,4,1,Internal Plastering,Finishing,2023-02-16,2023-03-05,17,1.8,N,456
10692,4,4,Column Casting,Structural,2023-09-20,2023-10-27,37,2.82,N,51
10693,4,3,Floor Tiling,Finishing,2023-04-28,2023-05-15,17,2.69,N,195
10694,4,3,Excavation for Foundations,Civil,2023-10-19,2023-11-13,25,1.34,Y,161
10695,4,1,Backfilling and Compaction,Civil,2022-12-22,2023-01-27,36,2.88,N,323
10696,4,2,Panel Installation,Electrical,2023-06-02,2023-07-09,37,1.77,Y,185
10697,4,2,Column Casting,Structural,2023-03-30,2023-04-24,25,2.22,Y,216
10698,4,2,Excavation for Foundations,Civil,2023-12-14,2023-12-25,11,1.69,Y,386
10699,4,2,Footing Reinforcement Fixing,Structural,2023-03-16,2023-03-29,13,2.13,Y,137
10700,4,3,Internal Road Works,Civil,2022-08-24,2022-09-17,24,2.72,Y,264
10701,4,1,Water Supply Line Installation,Plumbing,2023-11-23,2023-12-11,18,1.85,Y,464
10702,4,3,Footing Reinforcement Fixing,Structural,2022-12-28,2023-01-11,14,1.88,N,346
10703,4,4,Water Supply Line Installation,Plumbing,2022-06-23,2022-07-04,11,0.6,N,264
10704,4,1,Beam Reinforcement Installation,Structural,2023-06-03,2023-06-11,8,2.98,N,320
10705,4,3,Painting and Polishing,Finishing,2023-06-25,2023-07-12,17,2.26,Y,184
10706,4,2,Cable Pulling,Electrical,2023-12-04,2023-12-20,16,0.73,Y,57
10707,4,1,Internal Plastering,Finishing,2022-11-06,2022-12-02,26,1.81,N,238
10708,4,4,Internal Plastering,Finishing,2022-07-25,2022-08-16,22,0.68,Y,124
10709,4,4,Conduit Laying,Electrical,2022-08-29,2022-10-05,37,1.46,N,392
10710,4,2,Excavation for Foundations,Civil,2022-07-16,2022-08-20,35,2.79,Y,102
10711,4,1,Backfilling and Compaction,Civil,2022-08-19,2022-09-16,28,1.21,Y,217
10712,4,2,Conduit Laying,Electrical,2023-11-02,2023-12-07,35,2.15,Y,157
10713,4,4,Water Supply Line Installation,Plumbing,2022-09-12,2022-10-21,39,2.81,Y,255
10714,4,1,Excavation for Foundations,Civil,2022-07-25,2022-08-19,25,1.21,Y,267
10715,4,2,Beam Reinforcement Installation,Structural,2022-11-15,2022-12-06,21,1.47,N,47
10716,4,4,Beam Reinforcement Installation,Structural,2022-05-30,2022-06-20,21,0.57,N,45
10717,4,3,Painting and Polishing,Finishing,2023-03-17,2023-04-16,30,0.97,N,114
10718,4,1,Internal Road Works,Civil,2023-07-27,2023-08-30,34,0.72,Y,30
10719,4,4,Internal Plastering,Finishing,2023-02-20,2023-03-05,13,1.66,N,130
10720,4,3,Footing Reinforcement Fixing,Structural,2023-10-16,2023-11-20,35,0.47,N,65
10721,4,2,Footing Reinforcement Fixing,Structural,2023-10-04,2023-11-07,34,2.08,Y,358
10722,4,3,Footing Reinforcement Fixing,Structural,2022-08-11,2022-08-25,14,0.95,Y,299
10723,4,4,Cable Pulling,Electrical,2022-11-17,2022-12-17,30,2.22,N,83
10724,4,2,Water Supply Line Installation,Plumbing,2022-11-26,2022-12-03,7,0.55,N,443
10725,4,1,Column Casting,Structural,2023-02-17,2023-03-03,14,2.48,Y,344
10726,4,3,Footing Reinforcement Fixing,Structural,2022-10-30,2022-11-08,9,0.53,N,303
10727,4,2,Panel Installation,Electrical,2023-12-20,2024-01-24,35,1.14,Y,248
10728,4,2,Conduit Laying,Electrical,2023-06-13,2023-07-12,29,1.97,Y,258
10729,4,1,Internal Road Works,Civil,2023-08-10,2023-08-28,18,1.74,N,61
10730,4,2,Water Supply Line Installation,Plumbing,2023-11-07,2023-12-14,37,2.2,N,279
10731,4,3,Cable Pulling,Electrical,2023-07-12,2023-07-21,9,1.6,Y,374
10732,4,3,Water Supply Line Installation,Plumbing,2023-04-05,2023-05-11,36,0.53,N,376
10733,4,3,Column Casting,Structural,2023-08-12,2023-09-04,23,2.17,N,281
10734,4,1,Backfilling and Compaction,Civil,2023-05-31,2023-07-03,33,1.48,N,412
10735,4,1,Slab Shuttering and Pouring,Structural,2023-05-07,2023-06-13,37,2.24,Y,250
10736,4,4,Backfilling and Compaction,Civil,2022-12-14,2023-01-07,24,0.42,Y,459
10737,4,4,Cable Pulling,Electrical,2023-08-19,2023-09-13,25,0.72,Y,499
10738,4,1,Column Casting,Structural,2023-05-22,2023-06-15,24,2.79,Y,170
10739,4,4,Excavation for Foundations,Civil,2022-07-21,2022-08-24,34,0.82,N,261
10740,4,4,Site Clearing and Grading,Civil,2023-03-01,2023-04-05,35,2.99,N,11
10741,4,1,Water Supply Line Installation,Plumbing,2022-12-03,2023-01-03,31,2.29,Y,390
10742,4,2,Cable Pulling,Electrical,2022-10-03,2022-10-12,9,0.86,Y,151
10743,4,4,Excavation for Foundations,Civil,2023-01-28,2023-02-18,21,1.88,N,63
10744,4,4,Backfilling and Compaction,Civil,2023-11-06,2023-11-18,12,0.63,Y,226
10745,4,2,Cable Pulling,Electrical,2023-06-02,2023-06-09,7,0.61,N,124
10746,4,4,Underground Drainage,Plumbing,2023-05-03,2023-05-25,22,2.01,N,138
10747,4,1,Water Supply Line Installation,Plumbing,2023-09-18,2023-09-25,7,2.09,N,117
10748,4,4,Painting and Polishing,Finishing,2022-11-22,2022-12-29,37,0.73,Y,134
10749,4,2,Underground Drainage,Plumbing,2023-04-10,2023-05-16,36,2.17,Y,48
10750,4,4,Excavation for Foundations,Civil,2023-06-08,2023-06-15,7,1.41,N,149
10751,4,1,Panel Installation,Electrical,2023-06-08,2023-06-25,17,1.68,N,59
10752,4,2,Cable Pulling,Electrical,2023-12-02,2023-12-22,20,2.67,N,435
10753,4,3,Panel Installation,Electrical,2023-12-20,2024-01-13,24,2.36,N,432
10754,4,2,Backfilling and Compaction,Civil,2023-11-22,2023-12-19,27,1.19,Y,174
10755,4,2,Beam Reinforcement Installation,Structural,2022-06-19,2022-07-19,30,1.39,Y,340
10756,4,3,Beam Reinforcement Installation,Structural,2023-05-31,2023-07-02,32,0.93,N,85
10757,4,4,Panel Installation,Electrical,2022-07-25,2022-08-02,8,0.89,N,350
10758,4,2,Underground Drainage,Plumbing,2023-10-17,2023-11-23,37,1.76,Y,331
10759,4,2,Column Casting,Structural,2023-02-15,2023-03-26,39,2.2,Y,338
10760,4,4,Floor Tiling,Finishing,2023-03-20,2023-04-04,15,2.28,Y,69
10761,4,2,Cable Pulling,Electrical,2023-03-31,2023-04-19,19,2.11,N,291
10762,4,2,Slab Shuttering and Pouring,Structural,2023-10-14,2023-11-18,35,2.52,Y,42
10763,4,2,Painting and Polishing,Finishing,2022-06-29,2022-08-07,39,1.02,Y,91
10764,4,4,Internal Plastering,Finishing,2022-06-12,2022-07-03,21,0.53,N,273
10765,4,3,Column Casting,Structural,2022-12-20,2023-01-16,27,1.93,Y,173
10766,4,1,Conduit Laying,Electrical,2022-08-08,2022-08-16,8,0.44,N,344
10767,4,4,Cable Pulling,Electrical,2022-08-24,2022-09-13,20,1.93,N,284
10768,4,3,Site Clearing and Grading,Civil,2023-03-16,2023-04-06,21,0.55,N,314
10769,4,4,Internal Plastering,Finishing,2023-06-22,2023-07-28,36,2.42,N,425
10770,4,2,Column Casting,Structural,2023-03-10,2023-04-03,24,0.66,N,203
10771,4,4,Excavation for Foundations,Civil,2022-09-01,2022-09-21,20,2.88,N,237
10772,4,1,Floor Tiling,Finishing,2023-10-22,2023-11-29,38,1.99,N,206
10773,4,4,Column Casting,Structural,2023-05-17,2023-06-24,38,0.72,Y,218
10774,4,2,Beam Reinforcement Installation,Structural,2023-10-27,2023-11-16,20,2.06,Y,181
10775,4,3,Internal Plastering,Finishing,2023-02-21,2023-03-17,24,2.02,N,145
10776,4,1,Underground Drainage,Plumbing,2023-04-15,2023-05-19,34,2.66,N,131
10777,4,1,Column Casting,Structural,2022-11-17,2022-12-12,25,2.42,N,418
10778,4,1,Water Supply Line Installation,Plumbing,2023-08-17,2023-09-05,19,0.72,Y,261
10779,4,4,Slab Shuttering and Pouring,Structural,2023-01-08,2023-02-11,34,1.05,Y,94
10780,4,2,Internal Plastering,Finishing,2022-11-08,2022-12-15,37,1.49,N,429
10781,4,1,Site Clearing and Grading,Civil,2022-12-17,2023-01-21,35,2.7,Y,276
10782,4,2,Underground Drainage,Plumbing,2023-04-05,2023-04-26,21,2.05,N,54
10783,4,2,Underground Drainage,Plumbing,2022-11-04,2022-11-30,26,0.98,Y,31
10784,4,2,Internal Plastering,Finishing,2022-12-15,2023-01-06,22,0.53,N,427
10785,4,3,Backfilling and Compaction,Civil,2023-10-10,2023-10-28,18,0.3,N,115
10786,4,2,Conduit Laying,Electrical,2023-07-24,2023-08-07,14,2.63,Y,169
10787,4,2,Internal Road Works,Civil,2023-10-11,2023-10-19,8,0.86,Y,161
10788,4,2,Water Supply Line Installation,Plumbing,2023-11-24,2023-12-26,32,1.14,Y,317
10789,4,4,Painting and Polishing,Finishing,2023-08-21,2023-09-24,34,1.04,N,464
10790,4,4,Underground Drainage,Plumbing,2022-07-16,2022-08-05,20,2.87,Y,286
10791,4,4,Internal Plastering,Finishing,2022-08-16,2022-09-15,30,2.94,Y,133
10792,4,2,Underground Drainage,Plumbing,2022-12-10,2023-01-16,37,2.66,N,365
10793,4,3,Column Casting,Structural,2023-07-03,2023-07-10,7,0.36,N,369
10794,4,1,Panel Installation,Electrical,2023-01-19,2023-02-16,28,0.65,Y,147
10795,4,1,Backfilling and Compaction,Civil,2023-04-05,2023-04-22,17,0.55,Y,480
10796,4,4,Conduit Laying,Electrical,2023-06-08,2023-06-26,18,2.02,N,459
10797,4,3,Site Clearing and Grading,Civil,2023-11-13,2023-12-19,36,1.62,N,197
10798,4,2,Internal Road Works,Civil,2023-01-15,2023-02-15,31,1.17,N,202
10799,4,1,Painting and Polishing,Finishing,2023-03-08,2023-03-22,14,2.06,N,448
10800,4,3,Column Casting,Structural,2023-08-21,2023-09-21,31,1.28,Y,218
10801,4,1,Slab Shuttering and Pouring,Structural,2023-01-25,2023-02-08,14,1.42,Y,315
10802,4,1,Water Supply Line Installation,Plumbing,2023-08-20,2023-08-31,11,2.8,Y,208
10803,4,3,Panel Installation,Electrical,2022-06-15,2022-07-16,31,0.64,N,46
10804,4,2,Site Clearing and Grading,Civil,2022-10-28,2022-12-06,39,2.02,Y,284
10805,4,4,Footing Reinforcement Fixing,Structural,2022-10-14,2022-11-08,25,1.49,Y,161
10806,4,3,Site Clearing and Grading,Civil,2023-12-04,2024-01-06,33,1.91,Y,52
10807,4,3,Underground Drainage,Plumbing,2024-01-02,2024-01-22,20,2.13,N,96
10808,4,4,Floor Tiling,Finishing,2022-06-17,2022-07-12,25,1.88,N,282
10809,4,1,Panel Installation,Electrical,2023-10-30,2023-11-11,12,2.46,N,175
10810,4,3,Slab Shuttering and Pouring,Structural,2022-09-21,2022-10-18,27,2.24,N,127
10811,4,4,Water Supply Line Installation,Plumbing,2023-01-28,2023-03-03,34,0.99,Y,70
10812,4,1,Painting and Polishing,Finishing,2022-10-05,2022-10-12,7,0.99,Y,185
10813,4,4,Panel Installation,Electrical,2022-12-11,2023-01-12,32,0.77,Y,154
10814,4,4,Excavation for Foundations,Civil,2023-09-26,2023-11-05,40,0.42,Y,491
10815,4,3,Water Supply Line Installation,Plumbing,2023-08-05,2023-08-24,19,2.1,N,207
10816,4,2,Floor Tiling,Finishing,2023-11-05,2023-12-07,32,1.35,Y,495
10817,4,1,Floor Tiling,Finishing,2023-12-17,2024-01-22,36,2.57,Y,350
10818,4,4,Excavation for Foundations,Civil,2023-05-30,2023-06-23,24,1.58,N,308
10819,4,2,Conduit Laying,Electrical,2023-12-06,2023-12-24,18,0.54,Y,245
10820,4,2,Conduit Laying,Electrical,2023-11-15,2023-12-01,16,2.24,Y,435
10821,4,3,Cable Pulling,Electrical,2023-04-01,2023-04-13,12,0.86,Y,486
10822,4,1,Underground Drainage,Plumbing,2023-06-20,2023-07-26,36,1.49,N,403
10823,4,3,Site Clearing and Grading,Civil,2023-01-15,2023-02-16,32,0.95,Y,237
10824,4,3,Underground Drainage,Plumbing,2023-02-03,2023-03-10,35,0.87,Y,191
10825,4,4,Internal Plastering,Finishing,2022-10-01,2022-10-09,8,1.78,N,80
10826,4,4,Floor Tiling,Finishing,2023-02-23,2023-03-24,29,0.73,Y,363
10827,4,2,Painting and Polishing,Finishing,2023-05-05,2023-06-08,34,2.49,N,25
10828,4,1,Floor Tiling,Finishing,2023-10-28,2023-11-10,13,1.2,N,340
10829,4,4,Cable Pulling,Electrical,2023-11-14,2023-12-19,35,1.55,N,472
10830,4,2,Excavation for Foundations,Civil,2022-09-20,2022-10-12,22,0.87,Y,253
10831,4,4,Conduit Laying,Electrical,2023-05-03,2023-06-07,35,2.44,Y,417
10832,4,1,Excavation for Foundations,Civil,2023-08-26,2023-09-06,11,1.52,Y,453
10833,4,4,Water Supply Line Installation,Plumbing,2023-10-25,2023-11-06,12,0.93,Y,400
10834,4,3,Internal Road Works,Civil,2023-01-25,2023-02-22,28,2.0,N,203
10835,4,4,Site Clearing and Grading,Civil,2023-04-22,2023-05-01,9,0.85,N,7
10836,4,4,Site Clearing and Grading,Civil,2022-07-22,2022-08-25,34,2.18,N,429
10837,4,1,Internal Road Works,Civil,2024-01-11,2024-02-07,27,2.89,N,210
10838,4,4,Internal Plastering,Finishing,2023-10-20,2023-11-29,40,0.58,Y,208
10839,4,1,Internal Road Works,Civil,2023-08-12,2023-09-20,39,0.61,N,446
10840,4,1,Conduit Laying,Electrical,2023-08-01,2023-08-25,24,2.53,Y,180
10841,4,3,Floor Tiling,Finishing,2023-06-18,2023-07-01,13,2.0,Y,170
10842,4,1,Panel Installation,Electrical,2023-01-22,2023-02-23,32,1.46,Y,320
10843,4,3,Water Supply Line Installation,Plumbing,2023-11-24,2023-12-03,9,2.86,Y,76
10844,4,1,Panel Installation,Electrical,2022-07-27,2022-08-18,22,2.76,Y,410
10845,4,3,Conduit Laying,Electrical,2023-06-21,2023-07-12,21,1.96,Y,489
10846,4,4,Excavation for Foundations,Civil,2023-08-19,2023-09-28,40,2.87,Y,412
10847,4,3,Underground Drainage,Plumbing,2023-12-19,2024-01-13,25,0.35,N,408
10848,4,1,Underground Drainage,Plumbing,2022-09-29,2022-10-16,17,1.37,Y,168
10849,4,2,Conduit Laying,Electrical,2022-11-02,2022-12-03,31,2.81,Y,298
10850,4,4,Internal Road Works,Civil,2023-10-28,2023-11-13,16,2.52,Y,111
10851,4,1,Slab Shuttering and Pouring,Structural,2023-01-16,2023-01-23,7,2.64,N,50
10852,4,2,Beam Reinforcement Installation,Structural,2023-11-12,2023-12-09,27,2.79,N,362
10853,4,3,Underground Drainage,Plumbing,2023-12-28,2024-02-01,35,2.48,Y,70
10854,4,1,Floor Tiling,Finishing,2022-10-29,2022-11-20,22,2.12,Y,104
10855,4,1,Conduit Laying,Electrical,2023-04-05,2023-05-02,27,2.3,N,413
10856,4,1,Internal Plastering,Finishing,2023-08-23,2023-09-05,13,1.24,Y,83
10857,4,4,Footing Reinforcement Fixing,Structural,2022-06-02,2022-06-14,12,0.53,Y,233
10858,4,1,Internal Road Works,Civil,2023-08-30,2023-09-13,14,1.37,Y,124
10859,4,3,Floor Tiling,Finishing,2023-05-17,2023-06-22,36,2.19,Y,449
10860,4,3,Underground Drainage,Plumbing,2023-03-22,2023-04-24,33,1.09,Y,110
10861,4,2,Water Supply Line Installation,Plumbing,2023-08-25,2023-09-19,25,2.63,N,156
10862,4,1,Underground Drainage,Plumbing,2022-09-25,2022-10-30,35,1.83,N,132
10863,4,2,Water Supply Line Installation,Plumbing,2023-07-05,2023-07-18,13,1.66,Y,262
10864,4,4,Underground Drainage,Plumbing,2022-06-02,2022-07-09,37,2.56,N,193
10865,4,3,Site Clearing and Grading,Civil,2023-07-02,2023-07-18,16,1.41,Y,148
10866,4,4,Cable Pulling,Electrical,2023-09-18,2023-10-13,25,1.95,Y,89
10867,4,4,Panel Installation,Electrical,2023-10-21,2023-10-29,8,2.22,Y,141
10868,4,4,Floor Tiling,Finishing,2023-06-14,2023-07-04,20,2.33,N,211
10869,4,3,Footing Reinforcement Fixing,Structural,2022-08-26,2022-09-16,21,1.31,N,191
10870,4,3,Painting and Polishing,Finishing,2023-09-04,2023-10-08,34,1.35,Y,36
10871,5,3,Internal Plastering,Finishing,2023-09-08,2023-10-11,33,1.84,Y,123
10872,5,3,Painting and Polishing,Finishing,2023-08-18,2023-09-15,28,1.34,N,375
10873,5,2,Underground Drainage,Plumbing,2023-11-01,2023-12-10,39,2.09,Y,29
10874,5,2,Cable Pulling,Electrical,2022-08-27,2022-09-16,20,1.65,N,227
10875,5,1,Floor Tiling,Finishing,2023-12-05,2023-12-16,11,2.28,Y,342
10876,5,3,Footing Reinforcement Fixing,Structural,2023-07-02,2023-07-18,16,1.28,Y,284
10877,5,1,Panel Installation,Electrical,2023-08-20,2023-09-10,21,0.42,N,167
10878,5,4,Internal Road Works,Civil,2023-03-20,2023-04-19,30,2.96,N,96
10879,5,3,Underground Drainage,Plumbing,2022-11-18,2022-12-24,36,2.35,Y,306
10880,5,3,Underground Drainage,Plumbing,2022-12-20,2023-01-15,26,2.11,Y,328
10881,5,3,Backfilling and Compaction,Civil,2023-07-06,2023-07-27,21,0.33,N,354
10882,5,2,Water Supply Line Installation,Plumbing,2023-04-12,2023-05-20,38,1.85,Y,153
10883,5,4,Slab Shuttering and Pouring,Structural,2023-10-10,2023-11-08,29,0.52,Y,295
10884,5,2,Internal Road Works,Civil,2023-04-26,2023-06-03,38,1.48,Y,251
10885,5,4,Internal Road Works,Civil,2023-01-17,2023-02-13,27,2.4,N,150
10886,5,4,Beam Reinforcement Installation,Structural,2023-01-04,2023-01-29,25,1.91,Y,160
10887,5,3,Water Supply Line Installation,Plumbing,2022-06-30,2022-07-13,13,1.24,Y,296
10888,5,1,Column Casting,Structural,2023-08-05,2023-08-30,25,1.31,Y,494
10889,5,4,Backfilling and Compaction,Civil,2023-02-20,2023-03-31,39,1.03,N,481
10890,5,1,Panel Installation,Electrical,2023-05-25,2023-06-17,23,0.9,Y,165
10891,5,1,Beam Reinforcement Installation,Structural,2023-03-04,2023-04-01,28,2.27,N,145
10892,5,3,Backfilling and Compaction,Civil,2022-10-26,2022-11-15,20,0.62,N,176
10893,5,1,Excavation for Foundations,Civil,2023-08-19,2023-09-11,23,1.86,N,256
10894,5,1,Cable Pulling,Electrical,2023-11-28,2024-01-07,40,1.23,N,288
10895,5,2,Beam Reinforcement Installation,Structural,2023-10-31,2023-11-28,28,0.96,N,312
10896,5,1,Excavation for Foundations,Civil,2023-02-16,2023-03-10,22,0.83,Y,67
10897,5,4,Painting and Polishing,Finishing,2023-10-27,2023-11-25,29,1.31,Y,99
10898,5,2,Beam Reinforcement Installation,Structural,2023-11-20,2023-12-27,37,0.42,N,22
10899,5,4,Backfilling and Compaction,Civil,2023-05-31,2023-06-14,14,0.7,Y,489
10900,5,3,Excavation for Foundations,Civil,2023-06-28,2023-07-13,15,0.89,N,241
10901,5,2,Internal Road Works,Civil,2023-05-20,2023-06-21,32,2.89,N,11
10902,5,1,Water Supply Line Installation,Plumbing,2022-12-30,2023-01-18,19,2.16,N,397
10903,5,1,Footing Reinforcement Fixing,Structural,2023-05-19,2023-06-04,16,0.81,N,186
10904,5,3,Internal Road Works,Civil,2022-09-22,2022-10-01,9,2.82,N,413
10905,5,3,Water Supply Line Installation,Plumbing,2023-03-11,2023-04-08,28,2.5,Y,97
10906,5,3,Underground Drainage,Plumbing,2022-08-28,2022-09-17,20,2.13,N,97
10907,5,2,Site Clearing and Grading,Civil,2023-12-01,2023-12-10,9,0.34,N,225
10908,5,1,Painting and Polishing,Finishing,2023-02-22,2023-03-18,24,1.41,N,271
10909,5,2,Backfilling and Compaction,Civil,2022-10-25,2022-11-30,36,2.3,Y,125
10910,5,4,Footing Reinforcement Fixing,Structural,2023-03-11,2023-03-26,15,1.42,Y,223
10911,5,4,Underground Drainage,Plumbing,2023-11-08,2023-11-21,13,2.88,Y,208
10912,5,2,Beam Reinforcement Installation,Structural,2023-10-24,2023-11-11,18,2.4,N,411
10913,5,1,Beam Reinforcement Installation,Structural,2023-03-19,2023-04-12,24,0.95,N,475
10914,5,2,Panel Installation,Electrical,2022-09-16,2022-10-25,39,2.97,Y,71
10915,5,3,Site Clearing and Grading,Civil,2023-05-10,2023-05-31,21,0.92,Y,215
10916,5,4,Footing Reinforcement Fixing,Structural,2022-09-10,2022-10-17,37,2.65,Y,389
10917,5,4,Water Supply Line Installation,Plumbing,2023-01-05,2023-01-21,16,2.39,Y,22
10918,5,1,Panel Installation,Electrical,2023-01-07,2023-02-04,28,2.28,N,55
10919,5,2,Backfilling and Compaction,Civil,2023-11-22,2024-01-01,40,2.79,Y,336
10920,5,4,Panel Installation,Electrical,2022-06-15,2022-07-23,38,1.85,Y,169
10921,5,2,Water Supply Line Installation,Plumbing,2022-08-15,2022-09-18,34,1.81,N,265
10922,5,3,Underground Drainage,Plumbing,2023-08-19,2023-09-11,23,1.1,Y,226
10923,5,4,Backfilling and Compaction,Civil,2022-10-02,2022-11-03,32,1.51,Y,188
10924,5,1,Excavation for Foundations,Civil,2022-06-23,2022-07-09,16,2.84,N,446
10925,5,2,Water Supply Line Installation,Plumbing,2022-08-06,2022-08-28,22,1.51,N,228
10926,5,3,Underground Drainage,Plumbing,2023-02-02,2023-02-20,18,0.61,N,469
10927,5,1,Footing Reinforcement Fixing,Structural,2023-08-16,2023-09-05,20,2.26,N,341
10928,5,1,Floor Tiling,Finishing,2022-10-19,2022-11-01,13,1.44,Y,258
10929,5,2,Excavation for Foundations,Civil,2023-09-01,2023-09-29,28,1.85,N,47
10930,5,1,Underground Drainage,Plumbing,2023-11-20,2023-12-18,28,1.18,Y,57
10931,5,3,Cable Pulling,Electrical,2022-12-04,2023-01-12,39,2.58,N,64
10932,5,3,Panel Installation,Electrical,2023-01-04,2023-01-21,17,1.75,Y,462
10933,5,4,Floor Tiling,Finishing,2023-02-23,2023-03-19,24,2.41,Y,151
10934,5,2,Panel Installation,Electrical,2023-08-31,2023-09-20,20,1.89,N,68
10935,5,3,Slab Shuttering and Pouring,Structural,2022-12-02,2023-01-03,32,1.39,N,203
10936,5,3,Slab Shuttering and Pouring,Structural,2022-07-27,2022-08-30,34,0.78,N,350
10937,5,2,Beam Reinforcement Installation,Structural,2023-03-13,2023-03-28,15,2.69,N,358
10938,5,3,Underground Drainage,Plumbing,2022-10-26,2022-11-13,18,2.96,N,2
10939,5,1,Underground Drainage,Plumbing,2022-08-17,2022-09-09,23,0.87,N,282
10940,5,3,Water Supply Line Installation,Plumbing,2023-02-17,2023-03-14,25,2.43,Y,358
10941,5,1,Painting and Polishing,Finishing,2022-10-02,2022-10-11,9,0.74,N,444
10942,5,2,Internal Plastering,Finishing,2023-08-22,2023-09-10,19,1.62,N,233
10943,5,4,Backfilling and Compaction,Civil,2023-02-25,2023-03-11,14,2.06,N,401
10944,5,3,Floor Tiling,Finishing,2022-09-19,2022-10-08,19,1.06,N,313
10945,5,4,Excavation for Foundations,Civil,2022-07-22,2022-08-03,12,1.24,Y,335
10946,5,2,Water Supply Line Installation,Plumbing,2023-03-10,2023-04-01,22,2.64,N,92
10947,5,2,Internal Plastering,Finishing,2022-12-03,2022-12-11,8,1.29,N,70
10948,5,2,Painting and Polishing,Finishing,2023-08-11,2023-09-16,36,0.41,Y,10
10949,5,2,Conduit Laying,Electrical,2022-07-04,2022-07-14,10,0.65,N,420
10950,5,3,Excavation for Foundations,Civil,2023-07-31,2023-08-16,16,1.16,Y,230
10951,5,2,Beam Reinforcement Installation,Structural,2023-07-25,2023-08-12,18,1.12,Y,283
10952,5,3,Panel Installation,Electrical,2023-02-08,2023-03-12,32,2.46,Y,271
10953,5,1,Panel Installation,Electrical,2023-09-18,2023-10-01,13,1.83,Y,78
10954,5,1,Cable Pulling,Electrical,2023-07-30,2023-08-07,8,0.57,N,408
10955,5,3,Cable Pulling,Electrical,2022-08-03,2022-08-19,16,2.17,N,178
10956,5,4,Panel Installation,Electrical,2022-11-12,2022-12-18,36,2.06,Y,174
10957,5,3,Cable Pulling,Electrical,2023-11-15,2023-11-28,13,2.68,N,365
10958,5,4,Floor Tiling,Finishing,2023-06-07,2023-07-07,30,1.04,Y,411
10959,5,4,Panel Installation,Electrical,2022-09-02,2022-09-21,19,0.41,N,284
10960,5,2,Internal Plastering,Finishing,2023-08-02,2023-08-14,12,2.78,Y,349
10961,5,1,Beam Reinforcement Installation,Structural,2022-06-09,2022-07-01,22,0.91,Y,387
10962,5,2,Beam Reinforcement Installation,Structural,2023-12-04,2023-12-20,16,2.6,N,496
10963,5,3,Water Supply Line Installation,Plumbing,2022-06-12,2022-07-03,21,1.12,N,474
10964,5,4,Backfilling and Compaction,Civil,2023-08-28,2023-09-12,15,0.65,N,492
10965,5,3,Internal Road Works,Civil,2022-11-07,2022-11-14,7,1.59,N,191
10966,5,1,Internal Plastering,Finishing,2023-10-26,2023-11-04,9,1.57,Y,292
10967,5,4,Water Supply Line Installation,Plumbing,2023-02-01,2023-02-24,23,2.05,N,466
10968,5,3,Painting and Polishing,Finishing,2023-09-06,2023-10-02,26,1.61,Y,423
10969,5,3,Underground Drainage,Plumbing,2023-08-05,2023-08-19,14,2.22,N,471
10970,5,2,Column Casting,Structural,2023-01-20,2023-02-11,22,1.22,N,141
10971,5,4,Conduit Laying,Electrical,2022-06-23,2022-08-02,40,1.11,N,306
10972,5,4,Panel Installation,Electrical,2022-11-28,2023-01-04,37,1.55,N,206
10973,5,2,Site Clearing and Grading,Civil,2023-09-28,2023-10-25,27,2.02,Y,438
10974,5,3,Underground Drainage,Plumbing,2023-01-30,2023-02-23,24,2.29,Y,169
10975,5,1,Backfilling and Compaction,Civil,2023-05-31,2023-07-01,31,2.85,N,170
10976,5,1,Cable Pulling,Electrical,2022-10-31,2022-11-18,18,1.89,Y,237
10977,5,1,Painting and Polishing,Finishing,2023-04-25,2023-05-16,21,0.31,Y,210
10978,5,1,Floor Tiling,Finishing,2023-05-13,2023-06-05,23,0.5,N,357
10979,5,4,Painting and Polishing,Finishing,2023-06-12,2023-06-23,11,2.67,N,467
10980,5,3,Backfilling and Compaction,Civil,2023-08-08,2023-08-16,8,0.99,N,26
10981,5,4,Internal Plastering,Finishing,2023-02-05,2023-03-17,40,0.56,N,37
10982,5,1,Painting and Polishing,Finishing,2023-02-23,2023-03-24,29,0.69,Y,380
10983,5,3,Water Supply Line Installation,Plumbing,2023-02-04,2023-02-22,18,2.83,N,420
10984,5,1,Water Supply Line Installation,Plumbing,2023-07-31,2023-08-19,19,2.62,Y,278
10985,5,4,Painting and Polishing,Finishing,2022-08-05,2022-08-21,16,1.23,N,211
10986,5,1,Floor Tiling,Finishing,2023-08-21,2023-09-09,19,2.14,Y,66
10987,5,1,Cable Pulling,Electrical,2022-12-03,2022-12-10,7,1.92,N,164
10988,5,2,Site Clearing and Grading,Civil,2023-08-23,2023-09-15,23,0.95,Y,231
10989,5,2,Footing Reinforcement Fixing,Structural,2023-01-29,2023-02-11,13,0.9,N,300
10990,5,4,Backfilling and Compaction,Civil,2023-08-27,2023-09-23,27,2.82,N,242
10991,5,2,Slab Shuttering and Pouring,Structural,2023-07-02,2023-08-06,35,1.75,Y,232
10992,5,2,Floor Tiling,Finishing,2022-09-23,2022-10-04,11,2.11,N,437
10993,5,4,Footing Reinforcement Fixing,Structural,2023-08-04,2023-09-10,37,1.32,Y,313
10994,5,3,Water Supply Line Installation,Plumbing,2022-12-15,2023-01-20,36,1.78,Y,169
10995,5,4,Conduit Laying,Electrical,2023-02-05,2023-02-27,22,2.16,N,258
10996,5,2,Water Supply Line Installation,Plumbing,2022-11-01,2022-11-21,20,1.23,N,34
10997,5,2,Backfilling and Compaction,Civil,2022-10-06,2022-11-12,37,2.31,N,1
10998,5,4,Underground Drainage,Plumbing,2022-07-15,2022-08-24,40,0.81,Y,104
10999,5,3,Cable Pulling,Electrical,2023-05-07,2023-05-27,20,2.05,Y,278
11000,5,3,Conduit Laying,Electrical,2022-06-12,2022-07-04,22,2.31,Y,19
11001,5,4,Conduit Laying,Electrical,2022-09-27,2022-10-05,8,2.93,N,383
11002,5,2,Water Supply Line Installation,Plumbing,2022-06-24,2022-07-29,35,1.89,Y,426
11003,5,1,Water Supply Line Installation,Plumbing,2023-03-08,2023-04-13,36,1.08,N,10
11004,5,4,Site Clearing and Grading,Civil,2023-09-03,2023-09-10,7,2.61,N,415
11005,5,4,Site Clearing and Grading,Civil,2023-03-10,2023-03-17,7,0.55,Y,203
11006,5,4,Footing Reinforcement Fixing,Structural,2023-05-06,2023-05-13,7,2.17,Y,272
11007,5,2,Site Clearing and Grading,Civil,2022-12-05,2022-12-26,21,0.77,N,201
11008,5,4,Backfilling and Compaction,Civil,2023-08-27,2023-09-11,15,0.84,N,267
11009,5,2,Excavation for Foundations,Civil,2023-05-18,2023-06-20,33,2.31,Y,159
11010,5,4,Backfilling and Compaction,Civil,2023-07-10,2023-07-31,21,2.82,N,40
11011,5,1,Site Clearing and Grading,Civil,2022-09-24,2022-10-20,26,1.61,Y,375
11012,5,2,Internal Plastering,Finishing,2023-01-04,2023-01-13,9,2.53,Y,318
11013,5,3,Floor Tiling,Finishing,2023-07-17,2023-08-08,22,1.23,N,324
11014,5,4,Underground Drainage,Plumbing,2023-09-10,2023-10-03,23,0.46,N,112
11015,5,3,Internal Plastering,Finishing,2023-10-14,2023-11-09,26,2.05,Y,38
11016,5,2,Excavation for Foundations,Civil,2022-10-20,2022-10-28,8,1.63,Y,278
11017,5,4,Cable Pulling,Electrical,2023-07-04,2023-07-24,20,0.31,N,352
11018,5,3,Slab Shuttering and Pouring,Structural,2022-10-24,2022-11-26,33,1.27,N,76
11019,5,2,Backfilling and Compaction,Civil,2023-10-25,2023-11-01,7,0.52,N,235
11020,5,4,Beam Reinforcement Installation,Structural,2022-10-25,2022-11-08,14,1.82,Y,3
11021,5,1,Conduit Laying,Electrical,2022-12-19,2023-01-19,31,2.08,Y,429
11022,5,2,Floor Tiling,Finishing,2022-08-24,2022-09-07,14,1.5,Y,103
11023,5,3,Floor Tiling,Finishing,2023-03-19,2023-04-07,19,1.39,Y,345
11024,5,4,Underground Drainage,Plumbing,2023-02-22,2023-03-25,31,0.57,Y,84
11025,5,2,Slab Shuttering and Pouring,Structural,2022-11-08,2022-11-24,16,1.63,Y,106
11026,5,1,Column Casting,Structural,2022-11-05,2022-12-07,32,1.57,N,336
11027,5,1,Excavation for Foundations,Civil,2022-08-12,2022-09-21,40,0.37,Y,295
11028,5,3,Painting and Polishing,Finishing,2022-08-29,2022-09-11,13,0.95,N,272
11029,5,2,Cable Pulling,Electrical,2023-07-18,2023-08-21,34,2.38,Y,497
11030,5,4,Conduit Laying,Electrical,2023-01-15,2023-02-01,17,1.49,Y,221
11031,5,4,Underground Drainage,Plumbing,2022-08-20,2022-09-27,38,1.41,N,372
11032,5,1,Cable Pulling,Electrical,2023-03-05,2023-04-12,38,1.51,N,257
11033,5,3,Internal Road Works,Civil,2022-11-22,2022-12-18,26,0.58,N,39
11034,5,3,Excavation for Foundations,Civil,2023-08-31,2023-10-05,35,1.59,N,272
11035,5,1,Cable Pulling,Electrical,2022-10-22,2022-11-27,36,1.99,Y,497
11036,5,3,Cable Pulling,Electrical,2022-11-08,2022-12-07,29,1.17,N,253
11037,5,2,Internal Plastering,Finishing,2022-11-07,2022-11-22,15,2.74,Y,205
11038,5,1,Cable Pulling,Electrical,2022-10-19,2022-11-23,35,2.03,Y,172
11039,5,3,Excavation for Foundations,Civil,2022-08-15,2022-09-10,26,1.42,N,146
11040,5,2,Water Supply Line Installation,Plumbing,2022-12-31,2023-01-24,24,0.9,N,92
11041,5,1,Underground Drainage,Plumbing,2023-01-09,2023-02-15,37,2.97,N,407
11042,5,4,Site Clearing and Grading,Civil,2022-09-18,2022-10-17,29,2.5,N,41
11043,5,4,Water Supply Line Installation,Plumbing,2023-02-26,2023-03-14,16,0.64,Y,358
11044,5,4,Beam Reinforcement Installation,Structural,2022-11-09,2022-11-30,21,1.02,Y,56
11045,5,3,Water Supply Line Installation,Plumbing,2023-02-03,2023-03-14,39,2.62,N,305
11046,5,2,Backfilling and Compaction,Civil,2022-11-23,2022-12-15,22,1.96,N,69
11047,5,3,Underground Drainage,Plumbing,2022-10-30,2022-11-19,20,1.13,Y,473
11048,5,4,Cable Pulling,Electrical,2022-08-17,2022-09-07,21,0.99,Y,132
11049,5,2,Excavation for Foundations,Civil,2023-02-15,2023-03-26,39,2.7,N,86
11050,5,4,Backfilling and Compaction,Civil,2023-09-18,2023-10-15,27,2.42,Y,79
11051,5,1,Cable Pulling,Electrical,2022-06-20,2022-07-27,37,0.48,Y,217
11052,5,2,Column Casting,Structural,2022-09-23,2022-10-14,21,0.43,Y,335
11053,5,1,Internal Road Works,Civil,2023-11-23,2023-12-22,29,2.24,Y,420
11054,5,4,Internal Plastering,Finishing,2023-11-10,2023-11-23,13,1.87,N,429
11055,5,1,Conduit Laying,Electrical,2023-05-09,2023-05-21,12,1.38,N,27
11056,5,3,Slab Shuttering and Pouring,Structural,2022-07-26,2022-08-23,28,0.64,N,490
11057,5,2,Beam Reinforcement Installation,Structural,2022-10-07,2022-10-27,20,2.17,Y,313
11058,5,2,Footing Reinforcement Fixing,Structural,2022-06-18,2022-06-29,11,1.01,N,108
11059,5,1,Site Clearing and Grading,Civil,2023-05-18,2023-06-09,22,0.79,Y,315
11060,5,2,Underground Drainage,Plumbing,2022-10-02,2022-10-15,13,0.78,Y,41
11061,5,4,Backfilling and Compaction,Civil,2023-02-19,2023-03-22,31,1.26,Y,298
11062,5,3,Footing Reinforcement Fixing,Structural,2023-09-13,2023-09-23,10,2.13,N,296
11063,5,3,Water Supply Line Installation,Plumbing,2022-12-10,2022-12-20,10,1.87,Y,366
11064,5,3,Footing Reinforcement Fixing,Structural,2023-11-09,2023-12-02,23,1.74,N,421
11065,5,3,Underground Drainage,Plumbing,2023-03-30,2023-04-13,14,0.65,Y,273
11066,5,3,Beam Reinforcement Installation,Structural,2023-11-01,2023-11-23,22,1.19,Y,429
11067,5,3,Panel Installation,Electrical,2023-06-23,2023-07-15,22,0.49,Y,14
11068,5,3,Cable Pulling,Electrical,2023-09-03,2023-09-26,23,0.73,N,118
11069,5,2,Internal Road Works,Civil,2022-09-21,2022-10-05,14,1.69,Y,155
11070,6,4,Water Supply Line Installation,Plumbing,2023-09-06,2023-10-09,33,0.35,N,145
11071,6,4,Internal Road Works,Civil,2022-04-11,2022-05-19,38,0.31,N,492
11072,6,4,Footing Reinforcement Fixing,Structural,2023-11-16,2023-11-24,8,1.27,Y,391
11073,6,3,Footing Reinforcement Fixing,Structural,2023-03-23,2023-03-31,8,2.19,Y,335
11074,6,4,Painting and Polishing,Finishing,2022-04-01,2022-04-10,9,1.52,Y,309
11075,6,1,Footing Reinforcement Fixing,Structural,2023-02-04,2023-02-18,14,1.77,Y,99
11076,6,3,Backfilling and Compaction,Civil,2023-06-05,2023-07-08,33,2.12,Y,444
11077,6,1,Painting and Polishing,Finishing,2023-02-18,2023-02-25,7,0.47,N,449
11078,6,2,Backfilling and Compaction,Civil,2022-08-21,2022-09-18,28,2.73,Y,459
11079,6,1,Column Casting,Structural,2024-04-12,2024-04-25,13,2.42,N,480
11080,6,2,Cable Pulling,Electrical,2022-05-10,2022-06-06,27,2.43,Y,253
11081,6,2,Floor Tiling,Finishing,2022-11-04,2022-11-30,26,1.54,N,471
11082,6,2,Water Supply Line Installation,Plumbing,2024-02-17,2024-03-09,21,0.73,N,187
11083,6,4,Underground Drainage,Plumbing,2024-04-06,2024-04-30,24,2.92,N,449
11084,6,4,Conduit Laying,Electrical,2022-05-14,2022-05-27,13,0.7,N,25
11085,6,2,Floor Tiling,Finishing,2023-06-24,2023-07-14,20,0.5,N,66
11086,6,4,Cable Pulling,Electrical,2022-06-13,2022-07-22,39,1.63,N,486
11087,6,4,Painting and Polishing,Finishing,2022-03-10,2022-04-08,29,0.41,Y,335
11088,6,3,Conduit Laying,Electrical,2023-07-01,2023-07-23,22,1.48,Y,334
11089,6,3,Slab Shuttering and Pouring,Structural,2022-12-14,2023-01-04,21,0.33,N,186
11090,6,4,Internal Plastering,Finishing,2024-04-08,2024-05-02,24,1.48,N,36
11091,6,1,Backfilling and Compaction,Civil,2022-05-01,2022-05-17,16,1.64,N,431
11092,6,3,Footing Reinforcement Fixing,Structural,2023-01-31,2023-02-08,8,1.05,Y,54
11093,6,1,Backfilling and Compaction,Civil,2022-12-10,2022-12-21,11,2.88,Y,187
11094,6,1,Conduit Laying,Electrical,2024-02-23,2024-03-16,22,2.14,Y,200
11095,6,3,Water Supply Line Installation,Plumbing,2023-11-01,2023-12-01,30,2.72,N,109
11096,6,2,Site Clearing and Grading,Civil,2023-07-05,2023-07-16,11,2.73,N,257
11097,6,1,Underground Drainage,Plumbing,2022-09-03,2022-09-23,20,1.16,Y,67
11098,6,4,Conduit Laying,Electrical,2023-02-13,2023-03-04,19,2.53,Y,445
11099,6,2,Conduit Laying,Electrical,2023-01-15,2023-02-21,37,1.08,Y,27
11100,6,2,Internal Road Works,Civil,2023-01-17,2023-01-28,11,1.27,N,188
11101,6,4,Excavation for Foundations,Civil,2023-11-23,2023-12-28,35,2.51,N,335
11102,6,2,Painting and Polishing,Finishing,2023-06-21,2023-07-07,16,0.7,Y,409
11103,6,4,Water Supply Line Installation,Plumbing,2022-04-01,2022-04-11,10,2.82,Y,439
11104,6,4,Excavation for Foundations,Civil,2022-11-09,2022-12-18,39,0.59,N,223
11105,6,3,Water Supply Line Installation,Plumbing,2023-04-04,2023-05-14,40,0.47,Y,361
11106,6,1,Slab Shuttering and Pouring,Structural,2022-09-02,2022-10-01,29,1.24,N,93
11107,6,1,Cable Pulling,Electrical,2022-09-23,2022-10-20,27,1.06,N,211
11108,6,3,Cable Pulling,Electrical,2022-10-03,2022-11-08,36,2.24,N,216
11109,6,2,Backfilling and Compaction,Civil,2022-06-10,2022-07-17,37,1.24,Y,454
11110,6,2,Conduit Laying,Electrical,2022-10-13,2022-11-04,22,1.55,N,43
11111,6,1,Internal Road Works,Civil,2023-04-30,2023-06-04,35,2.59,N,485
11112,6,1,Conduit Laying,Electrical,2023-12-02,2023-12-13,11,1.38,Y,443
11113,6,3,Cable Pulling,Electrical,2023-03-03,2023-04-11,39,0.36,Y,34
11114,6,2,Internal Plastering,Finishing,2023-03-06,2023-04-11,36,2.56,Y,439
11115,6,3,Column Casting,Structural,2023-03-06,2023-03-31,25,1.97,N,71
11116,6,3,Underground Drainage,Plumbing,2023-12-31,2024-02-07,38,0.85,N,446
11117,6,1,Water Supply Line Installation,Plumbing,2023-09-29,2023-10-23,24,2.54,Y,427
11118,6,2,Slab Shuttering and Pouring,Structural,2022-04-15,2022-04-27,12,1.61,Y,193
11119,6,2,Slab Shuttering and Pouring,Structural,2022-09-02,2022-09-12,10,0.89,Y,17
11120,6,3,Internal Plastering,Finishing,2024-02-11,2024-03-20,38,0.6,N,164
11121,6,1,Underground Drainage,Plumbing,2023-04-22,2023-05-31,39,1.34,N,23
11122,6,1,Conduit Laying,Electrical,2024-04-17,2024-05-18,31,1.79,Y,277
11123,6,1,Excavation for Foundations,Civil,2024-03-10,2024-03-27,17,1.35,Y,114
11124,6,2,Internal Plastering,Finishing,2023-09-13,2023-10-17,34,0.34,N,446
11125,6,2,Excavation for Foundations,Civil,2023-06-18,2023-06-30,12,0.63,Y,301
11126,6,4,Floor Tiling,Finishing,2022-09-28,2022-10-07,9,0.77,N,317
11127,6,4,Internal Road Works,Civil,2023-09-27,2023-10-22,25,2.14,N,189
11128,6,3,Painting and Polishing,Finishing,2024-04-07,2024-04-29,22,1.63,Y,497
11129,6,1,Excavation for Foundations,Civil,2023-01-28,2023-03-09,40,2.13,N,477
11130,6,1,Water Supply Line Installation,Plumbing,2023-05-04,2023-05-24,20,2.94,Y,238
11131,6,1,Internal Plastering,Finishing,2023-08-12,2023-08-27,15,0.4,Y,48
11132,6,1,Slab Shuttering and Pouring,Structural,2024-03-28,2024-04-30,33,1.79,Y,277
11133,6,2,Water Supply Line Installation,Plumbing,2022-08-26,2022-09-28,33,2.16,Y,400
11134,6,3,Underground Drainage,Plumbing,2023-08-26,2023-10-02,37,1.31,Y,270
11135,6,3,Painting and Polishing,Finishing,2023-10-24,2023-11-11,18,2.32,Y,246
11136,6,3,Beam Reinforcement Installation,Structural,2022-08-26,2022-09-15,20,1.95,Y,230
11137,6,1,Water Supply Line Installation,Plumbing,2023-07-10,2023-08-11,32,1.43,Y,450
11138,6,3,Water Supply Line Installation,Plumbing,2024-02-09,2024-03-17,37,2.62,N,395
11139,6,3,Excavation for Foundations,Civil,2023-02-07,2023-03-04,25,2.89,Y,477
11140,6,2,Site Clearing and Grading,Civil,2022-09-14,2022-10-13,29,2.8,Y,265
11141,6,3,Footing Reinforcement Fixing,Structural,2023-12-29,2024-01-22,24,0.77,N,97
11142,6,1,Underground Drainage,Plumbing,2023-10-20,2023-11-03,14,2.08,Y,332
11143,6,3,Internal Plastering,Finishing,2023-08-31,2023-10-05,35,1.79,Y,466
11144,6,2,Painting and Polishing,Finishing,2022-08-22,2022-09-24,33,0.53,Y,33
11145,6,4,Floor Tiling,Finishing,2022-03-26,2022-04-20,25,2.36,Y,392
11146,6,3,Floor Tiling,Finishing,2022-04-27,2022-05-28,31,1.58,Y,87
11147,6,3,Underground Drainage,Plumbing,2022-02-27,2022-03-26,27,2.76,Y,413
11148,6,1,Column Casting,Structural,2022-05-02,2022-05-11,9,0.74,N,4
11149,6,1,Excavation for Foundations,Civil,2023-02-17,2023-03-16,27,1.66,Y,178
11150,6,1,Underground Drainage,Plumbing,2023-07-05,2023-08-13,39,0.76,Y,459
11151,6,3,Column Casting,Structural,2022-08-09,2022-08-29,20,0.63,Y,172
11152,6,3,Internal Plastering,Finishing,2023-01-14,2023-01-25,11,1.85,N,45
11153,6,2,Cable Pulling,Electrical,2023-07-20,2023-08-18,29,2.79,N,304
11154,6,3,Floor Tiling,Finishing,2022-07-09,2022-07-30,21,2.5,Y,77
11155,6,3,Floor Tiling,Finishing,2024-02-17,2024-02-29,12,0.32,N,286
11156,6,4,Excavation for Foundations,Civil,2022-11-08,2022-12-01,23,0.86,Y,239
11157,6,3,Floor Tiling,Finishing,2024-03-22,2024-03-29,7,1.02,Y,498
11158,6,4,Internal Road Works,Civil,2023-06-12,2023-07-07,25,0.5,N,453
11159,6,4,Slab Shuttering and Pouring,Structural,2022-11-13,2022-11-27,14,2.68,Y,412
11160,6,4,Conduit Laying,Electrical,2022-03-20,2022-04-08,19,1.37,N,294
11161,6,2,Beam Reinforcement Installation,Structural,2023-11-10,2023-12-18,38,2.87,N,433
11162,6,1,Slab Shuttering and Pouring,Structural,2024-01-31,2024-02-24,24,1.68,Y,342
11163,6,4,Internal Plastering,Finishing,2023-05-16,2023-06-10,25,0.86,N,32
11164,6,2,Backfilling and Compaction,Civil,2022-11-04,2022-12-10,36,0.39,N,445
11165,6,3,Slab Shuttering and Pouring,Structural,2023-07-28,2023-08-31,34,1.73,N,349
11166,6,3,Site Clearing and Grading,Civil,2022-05-16,2022-05-23,7,1.42,Y,422
11167,6,1,Column Casting,Structural,2024-03-28,2024-04-24,27,2.26,Y,404
11168,6,2,Excavation for Foundations,Civil,2024-01-24,2024-02-21,28,0.64,N,413
11169,6,2,Underground Drainage,Plumbing,2022-07-03,2022-07-15,12,2.77,Y,8
11170,6,2,Internal Plastering,Finishing,2022-06-15,2022-07-20,35,1.02,Y,177
11171,6,4,Panel Installation,Electrical,2023-09-28,2023-10-08,10,1.68,N,150
11172,6,1,Panel Installation,Electrical,2023-04-23,2023-05-20,27,0.79,Y,148
11173,6,1,Floor Tiling,Finishing,2024-02-28,2024-03-28,29,0.59,N,294
11174,6,2,Floor Tiling,Finishing,2023-01-15,2023-02-20,36,1.75,N,145
11175,6,1,Cable Pulling,Electrical,2022-08-23,2022-09-06,14,2.78,Y,361
11176,6,3,Conduit Laying,Electrical,2023-08-18,2023-09-14,27,1.12,Y,433
11177,6,3,Column Casting,Structural,2023-07-15,2023-07-22,7,2.57,Y,422
11178,6,1,Backfilling and Compaction,Civil,2022-05-20,2022-06-04,15,2.19,Y,306
11179,6,1,Underground Drainage,Plumbing,2023-12-14,2024-01-09,26,2.51,Y,242
11180,6,2,Site Clearing and Grading,Civil,2023-02-24,2023-03-17,21,2.77,Y,300
11181,6,3,Internal Road Works,Civil,2023-12-09,2023-12-25,16,2.12,Y,205
11182,6,1,Underground Drainage,Plumbing,2023-03-18,2023-04-05,18,1.21,Y,303
11183,6,3,Floor Tiling,Finishing,2024-03-17,2024-04-09,23,0.89,Y,235
11184,6,2,Internal Road Works,Civil,2023-08-03,2023-08-19,16,1.73,Y,236
11185,6,1,Painting and Polishing,Finishing,2023-05-30,2023-06-06,7,2.42,N,62
11186,6,3,Cable Pulling,Electrical,2023-01-03,2023-01-28,25,0.88,N,238
11187,6,3,Slab Shuttering and Pouring,Structural,2023-03-03,2023-04-11,39,0.73,N,491
11188,6,4,Underground Drainage,Plumbing,2023-01-09,2023-01-25,16,2.48,N,225
11189,6,4,Cable Pulling,Electrical,2023-06-05,2023-07-08,33,2.77,N,91
11190,6,2,Conduit Laying,Electrical,2022-02-23,2022-03-05,10,1.15,Y,341
11191,6,2,Water Supply Line Installation,Plumbing,2022-06-30,2022-08-02,33,0.97,Y,168
11192,6,3,Conduit Laying,Electrical,2022-09-18,2022-10-13,25,0.97,N,75
11193,6,1,Site Clearing and Grading,Civil,2023-08-31,2023-09-21,21,0.52,N,325
11194,6,2,Footing Reinforcement Fixing,Structural,2024-04-15,2024-05-06,21,0.79,Y,38
11195,6,2,Site Clearing and Grading,Civil,2022-09-21,2022-10-10,19,0.4,Y,147
11196,6,1,Footing Reinforcement Fixing,Structural,2022-07-29,2022-08-13,15,1.33,N,51
11197,6,1,Backfilling and Compaction,Civil,2023-01-26,2023-02-04,9,0.57,Y,260
11198,6,1,Beam Reinforcement Installation,Structural,2022-11-28,2022-12-18,20,0.72,Y,303
11199,6,2,Water Supply Line Installation,Plumbing,2022-07-28,2022-08-05,8,0.99,N,328
11200,6,2,Panel Installation,Electrical,2023-05-25,2023-06-01,7,2.56,N,451
11201,6,4,Internal Plastering,Finishing,2023-12-14,2024-01-16,33,2.38,N,494
11202,6,4,Excavation for Foundations,Civil,2023-08-30,2023-10-07,38,0.86,N,16
11203,6,4,Slab Shuttering and Pouring,Structural,2024-03-22,2024-04-11,20,0.91,Y,44
11204,6,4,Internal Plastering,Finishing,2024-03-19,2024-04-01,13,1.52,N,335
11205,6,2,Backfilling and Compaction,Civil,2022-06-11,2022-06-19,8,1.39,N,340
11206,6,2,Column Casting,Structural,2022-07-14,2022-07-29,15,2.82,N,362
11207,6,4,Floor Tiling,Finishing,2023-06-29,2023-07-25,26,2.76,Y,153
11208,6,1,Site Clearing and Grading,Civil,2023-11-18,2023-12-15,27,1.06,Y,445
11209,6,2,Site Clearing and Grading,Civil,2023-11-28,2023-12-26,28,2.47,Y,113
11210,6,2,Underground Drainage,Plumbing,2024-02-10,2024-03-10,29,2.87,N,377
11211,6,1,Site Clearing and Grading,Civil,2023-04-20,2023-04-30,10,0.61,Y,59
11212,6,2,Panel Installation,Electrical,2023-08-08,2023-09-04,27,0.38,Y,99
11213,6,4,Beam Reinforcement Installation,Structural,2022-03-29,2022-04-10,12,2.23,Y,309
11214,6,4,Footing Reinforcement Fixing,Structural,2022-05-03,2022-05-11,8,0.6,N,478
11215,6,3,Panel Installation,Electrical,2022-03-13,2022-04-18,36,2.21,N,270
11216,6,1,Floor Tiling,Finishing,2022-04-14,2022-05-16,32,2.53,Y,55
11217,6,4,Water Supply Line Installation,Plumbing,2023-03-29,2023-04-05,7,0.46,Y,125
11218,6,2,Internal Plastering,Finishing,2022-03-04,2022-03-23,19,1.13,Y,11
11219,6,4,Site Clearing and Grading,Civil,2023-02-09,2023-02-20,11,2.57,Y,18
11220,6,2,Slab Shuttering and Pouring,Structural,2024-04-21,2024-05-18,27,0.33,Y,268
11221,6,2,Water Supply Line Installation,Plumbing,2022-08-18,2022-09-16,29,0.98,N,492
11222,6,2,Water Supply Line Installation,Plumbing,2023-06-09,2023-06-23,14,0.5,N,401
11223,6,4,Beam Reinforcement Installation,Structural,2023-02-21,2023-03-30,37,1.63,Y,289
11224,6,3,Conduit Laying,Electrical,2022-03-31,2022-05-02,32,1.01,Y,447
11225,6,2,Floor Tiling,Finishing,2023-04-21,2023-05-31,40,1.72,N,102
11226,6,3,Water Supply Line Installation,Plumbing,2024-04-06,2024-05-09,33,2.18,Y,68
11227,6,1,Floor Tiling,Finishing,2023-12-29,2024-01-08,10,0.79,N,366
11228,6,3,Beam Reinforcement Installation,Structural,2023-02-21,2023-03-03,10,0.92,Y,121
11229,6,4,Conduit Laying,Electrical,2023-08-28,2023-09-10,13,2.35,N,6
11230,6,3,Cable Pulling,Electrical,2023-08-05,2023-09-12,38,0.82,N,355
11231,6,3,Column Casting,Structural,2023-01-10,2023-02-17,38,1.65,Y,215
11232,6,1,Footing Reinforcement Fixing,Structural,2024-01-13,2024-02-20,38,1.52,N,285
11233,6,2,Underground Drainage,Plumbing,2022-06-03,2022-07-02,29,1.96,Y,224
11234,6,2,Slab Shuttering and Pouring,Structural,2023-06-19,2023-07-19,30,0.67,N,400
11235,6,1,Cable Pulling,Electrical,2023-10-22,2023-11-19,28,2.96,Y,159
11236,6,1,Conduit Laying,Electrical,2022-09-04,2022-09-26,22,2.35,N,112
11237,6,4,Footing Reinforcement Fixing,Structural,2023-05-16,2023-06-07,22,2.28,Y,49
11238,6,1,Conduit Laying,Electrical,2022-04-24,2022-05-31,37,2.9,N,106
11239,6,2,Conduit Laying,Electrical,2022-12-23,2023-01-28,36,1.73,N,480
11240,6,2,Site Clearing and Grading,Civil,2023-06-28,2023-07-11,13,1.97,Y,221
11241,6,2,Site Clearing and Grading,Civil,2024-01-02,2024-01-25,23,1.87,N,499
11242,6,3,Cable Pulling,Electrical,2022-06-01,2022-06-25,24,0.47,Y,339
11243,6,3,Painting and Polishing,Finishing,2022-10-17,2022-10-27,10,0.9,Y,290
11244,6,1,Cable Pulling,Electrical,2023-06-11,2023-06-25,14,1.81,N,231
11245,6,3,Cable Pulling,Electrical,2023-02-17,2023-03-23,34,1.52,N,118
11246,6,4,Cable Pulling,Electrical,2024-04-23,2024-05-03,10,1.1,Y,104
11247,6,2,Excavation for Foundations,Civil,2024-01-18,2024-02-11,24,1.19,Y,369
11248,6,4,Panel Installation,Electrical,2024-04-04,2024-04-19,15,2.76,N,141
11249,6,3,Underground Drainage,Plumbing,2023-08-09,2023-09-18,40,0.57,Y,204
11250,6,1,Underground Drainage,Plumbing,2022-07-10,2022-07-25,15,0.97,N,268
11251,6,1,Column Casting,Structural,2023-08-08,2023-09-14,37,1.62,N,493
11252,6,3,Internal Plastering,Finishing,2023-04-01,2023-05-10,39,1.75,Y,350
11253,6,3,Underground Drainage,Plumbing,2022-07-23,2022-08-06,14,1.02,N,406
11254,6,1,Underground Drainage,Plumbing,2023-08-06,2023-08-27,21,1.17,Y,368
11255,6,4,Panel Installation,Electrical,2023-10-29,2023-11-25,27,1.11,Y,190
11256,6,3,Beam Reinforcement Installation,Structural,2023-03-13,2023-04-06,24,1.36,N,80
11257,6,2,Conduit Laying,Electrical,2023-07-16,2023-07-29,13,1.41,Y,137
11258,6,4,Underground Drainage,Plumbing,2022-12-11,2022-12-31,20,1.16,Y,127
11259,6,2,Panel Installation,Electrical,2022-07-17,2022-08-04,18,1.61,N,471
11260,6,2,Floor Tiling,Finishing,2024-01-21,2024-02-17,27,2.33,Y,214
11261,6,1,Water Supply Line Installation,Plumbing,2023-03-17,2023-04-15,29,0.92,Y,254
11262,6,4,Beam Reinforcement Installation,Structural,2023-10-10,2023-11-15,36,2.98,Y,118
11263,6,1,Underground Drainage,Plumbing,2023-11-20,2023-12-18,28,1.09,N,478
11264,6,1,Floor Tiling,Finishing,2023-06-17,2023-07-12,25,1.86,N,302
11265,6,2,Beam Reinforcement Installation,Structural,2022-06-28,2022-07-28,30,1.32,N,431
11266,6,1,Panel Installation,Electrical,2024-01-07,2024-02-16,40,2.13,Y,58
11267,6,2,Water Supply Line Installation,Plumbing,2023-06-26,2023-07-11,15,1.47,N,238
11268,6,4,Internal Road Works,Civil,2024-02-02,2024-02-17,15,1.95,Y,454
11269,6,1,Conduit Laying,Electrical,2022-08-05,2022-08-21,16,2.36,Y,379
11270,6,3,Floor Tiling,Finishing,2022-03-11,2022-03-24,13,2.45,N,163
11271,6,3,Backfilling and Compaction,Civil,2024-03-07,2024-03-19,12,1.29,N,114
11272,6,4,Water Supply Line Installation,Plumbing,2022-09-30,2022-10-19,19,1.9,N,160
11273,6,4,Beam Reinforcement Installation,Structural,2022-09-30,2022-10-13,13,1.01,N,387
11274,6,2,Panel Installation,Electrical,2022-07-10,2022-08-10,31,0.32,N,182
11275,6,4,Excavation for Foundations,Civil,2022-03-26,2022-04-21,26,2.82,Y,362
11276,6,4,Conduit Laying,Electrical,2024-01-06,2024-02-03,28,2.47,Y,426
11277,6,4,Painting and Polishing,Finishing,2023-06-20,2023-07-07,17,1.63,N,292
11278,6,4,Water Supply Line Installation,Plumbing,2023-01-24,2023-02-13,20,2.14,N,3
11279,6,1,Internal Road Works,Civil,2023-02-10,2023-03-16,34,2.34,N,476
11280,6,3,Internal Plastering,Finishing,2023-09-24,2023-10-14,20,2.25,Y,386
11281,6,2,Water Supply Line Installation,Plumbing,2023-11-11,2023-11-25,14,2.61,Y,370
11282,6,3,Beam Reinforcement Installation,Structural,2023-06-04,2023-07-13,39,2.43,N,220
11283,6,2,Underground Drainage,Plumbing,2024-02-22,2024-03-11,18,2.38,N,316
11284,6,3,Painting and Polishing,Finishing,2023-12-13,2024-01-09,27,1.92,Y,190
11285,6,1,Underground Drainage,Plumbing,2022-11-29,2022-12-20,21,1.14,Y,269
11286,6,4,Excavation for Foundations,Civil,2024-04-11,2024-05-12,31,2.97,N,229
11287,6,3,Slab Shuttering and Pouring,Structural,2023-04-21,2023-05-16,25,2.79,Y,211
11288,6,3,Footing Reinforcement Fixing,Structural,2022-08-22,2022-09-03,12,2.84,Y,448
11289,6,1,Water Supply Line Installation,Plumbing,2022-09-28,2022-10-21,23,2.6,N,375
11290,6,3,Footing Reinforcement Fixing,Structural,2024-04-01,2024-04-30,29,0.8,Y,167
11291,6,2,Panel Installation,Electrical,2024-03-14,2024-04-13,30,2.32,N,101
11292,6,4,Site Clearing and Grading,Civil,2023-09-03,2023-10-06,33,0.32,N,316
11293,6,4,Floor Tiling,Finishing,2023-02-11,2023-03-05,22,1.91,Y,423
11294,6,4,Internal Plastering,Finishing,2023-04-14,2023-04-29,15,2.58,N,100
11295,6,3,Conduit Laying,Electrical,2022-03-26,2022-04-08,13,1.02,Y,232
11296,6,3,Conduit Laying,Electrical,2023-03-04,2023-03-15,11,1.26,Y,150
11297,6,1,Internal Road Works,Civil,2023-10-02,2023-11-09,38,0.66,Y,164
11298,6,1,Conduit Laying,Electrical,2022-11-23,2022-12-09,16,0.73,N,366
11299,6,4,Site Clearing and Grading,Civil,2023-02-11,2023-02-20,9,1.88,N,204
11300,6,3,Cable Pulling,Electrical,2023-09-15,2023-10-14,29,1.21,N,462
11301,6,4,Footing Reinforcement Fixing,Structural,2023-02-14,2023-03-05,19,0.9,Y,297
11302,6,2,Internal Plastering,Finishing,2022-06-14,2022-07-22,38,0.95,Y,248
11303,7,4,Floor Tiling,Finishing,2023-04-13,2023-05-07,24,2.81,Y,373
11304,7,2,Water Supply Line Installation,Plumbing,2022-08-13,2022-09-14,32,2.37,N,269
11305,7,4,Underground Drainage,Plumbing,2022-11-21,2022-12-30,39,2.46,N,382
11306,7,1,Cable Pulling,Electrical,2023-01-23,2023-02-17,25,2.92,Y,253
11307,7,1,Conduit Laying,Electrical,2023-11-30,2023-12-11,11,1.91,N,385
11308,7,2,Water Supply Line Installation,Plumbing,2022-08-24,2022-09-20,27,1.75,Y,231
11309,7,1,Backfilling and Compaction,Civil,2023-08-13,2023-09-21,39,1.77,Y,118
11310,7,1,Beam Reinforcement Installation,Structural,2022-10-21,2022-11-02,12,1.8,Y,379
11311,7,2,Footing Reinforcement Fixing,Structural,2022-07-28,2022-08-25,28,2.15,N,113
11312,7,3,Site Clearing and Grading,Civil,2022-09-28,2022-10-16,18,1.53,N,260
11313,7,1,Backfilling and Compaction,Civil,2023-05-21,2023-06-02,12,0.31,N,488
11314,7,3,Beam Reinforcement Installation,Structural,2022-10-26,2022-11-09,14,1.98,Y,72
11315,7,3,Underground Drainage,Plumbing,2024-01-16,2024-01-30,14,2.59,N,17
11316,7,1,Floor Tiling,Finishing,2022-09-24,2022-10-25,31,0.99,Y,131
11317,7,2,Column Casting,Structural,2022-11-01,2022-11-27,26,1.25,Y,354
11318,7,3,Internal Road Works,Civil,2023-10-24,2023-11-06,13,1.07,Y,216
11319,7,3,Floor Tiling,Finishing,2024-01-12,2024-01-22,10,0.5,Y,305
11320,7,1,Backfilling and Compaction,Civil,2023-05-19,2023-06-22,34,2.96,N,484
11321,7,4,Internal Road Works,Civil,2023-12-01,2023-12-15,14,2.07,Y,434
11322,7,4,Underground Drainage,Plumbing,2022-11-26,2022-12-09,13,0.48,Y,162
11323,7,1,Water Supply Line Installation,Plumbing,2022-12-14,2023-01-17,34,0.79,N,474
11324,7,1,Painting and Polishing,Finishing,2023-05-01,2023-05-28,27,0.36,N,352
11325,7,2,Excavation for Foundations,Civil,2024-02-11,2024-03-06,24,1.73,Y,162
11326,7,4,Footing Reinforcement Fixing,Structural,2023-03-21,2023-04-14,24,1.61,N,482
11327,7,2,Backfilling and Compaction,Civil,2023-09-13,2023-10-09,26,2.32,Y,473
11328,7,2,Footing Reinforcement Fixing,Structural,2023-07-21,2023-08-04,14,2.04,N,82
11329,7,4,Underground Drainage,Plumbing,2023-06-24,2023-07-05,11,1.67,Y,350
11330,7,1,Internal Plastering,Finishing,2023-12-11,2023-12-20,9,2.24,N,101
11331,7,3,Underground Drainage,Plumbing,2022-10-28,2022-11-12,15,1.58,N,357
11332,7,3,Backfilling and Compaction,Civil,2023-07-04,2023-07-19,15,0.51,N,488
11333,7,3,Beam Reinforcement Installation,Structural,2023-11-20,2023-12-03,13,2.26,Y,224
11334,7,2,Excavation for Foundations,Civil,2024-02-17,2024-03-28,40,0.84,N,316
11335,7,3,Beam Reinforcement Installation,Structural,2023-06-21,2023-07-13,22,1.35,Y,302
11336,7,4,Water Supply Line Installation,Plumbing,2022-05-14,2022-05-27,13,2.23,N,232
11337,7,4,Underground Drainage,Plumbing,2023-07-18,2023-07-30,12,2.35,Y,405
11338,7,3,Conduit Laying,Electrical,2022-07-29,2022-08-21,23,1.24,Y,435
11339,7,2,Panel Installation,Electrical,2023-12-14,2023-12-23,9,2.19,N,67
11340,7,3,Underground Drainage,Plumbing,2024-01-26,2024-02-05,10,1.4,N,61
11341,7,4,Backfilling and Compaction,Civil,2022-07-25,2022-08-24,30,2.29,N,356
11342,7,2,Excavation for Foundations,Civil,2023-08-27,2023-09-19,23,0.69,Y,189
11343,7,1,Floor Tiling,Finishing,2022-09-13,2022-10-23,40,2.66,N,163
11344,7,2,Water Supply Line Installation,Plumbing,2023-07-11,2023-07-27,16,2.31,Y,126
11345,7,3,Slab Shuttering and Pouring,Structural,2023-03-29,2023-04-10,12,1.0,N,301
11346,7,2,Cable Pulling,Electrical,2022-09-23,2022-10-11,18,1.44,Y,88
11347,7,4,Slab Shuttering and Pouring,Structural,2022-05-25,2022-06-04,10,1.37,Y,243
11348,7,2,Conduit Laying,Electrical,2022-10-22,2022-11-20,29,0.59,Y,194
11349,7,2,Panel Installation,Electrical,2023-09-20,2023-10-02,12,1.38,N,391
11350,7,3,Water Supply Line Installation,Plumbing,2023-04-13,2023-05-23,40,0.57,Y,304
11351,7,4,Internal Road Works,Civil,2023-06-06,2023-07-08,32,1.5,Y,487
11352,7,2,Backfilling and Compaction,Civil,2023-03-17,2023-04-05,19,2.5,N,42
11353,7,2,Footing Reinforcement Fixing,Structural,2022-12-31,2023-02-03,34,1.92,Y,78
11354,7,4,Backfilling and Compaction,Civil,2022-12-17,2023-01-09,23,1.39,N,302
11355,7,2,Slab Shuttering and Pouring,Structural,2023-05-10,2023-06-14,35,2.35,N,383
11356,7,3,Internal Plastering,Finishing,2022-07-08,2022-07-26,18,2.77,Y,119
11357,7,3,Water Supply Line Installation,Plumbing,2023-12-05,2023-12-14,9,0.62,Y,34
11358,7,4,Conduit Laying,Electrical,2022-08-17,2022-09-05,19,2.49,Y,453
11359,7,1,Conduit Laying,Electrical,2023-03-30,2023-04-18,19,2.67,N,200
11360,7,3,Water Supply Line Installation,Plumbing,2023-12-11,2024-01-02,22,0.73,N,344
11361,7,4,Water Supply Line Installation,Plumbing,2022-09-01,2022-09-29,28,2.17,N,253
11362,7,4,Beam Reinforcement Installation,Structural,2023-02-11,2023-03-23,40,2.22,N,212
11363,7,4,Backfilling and Compaction,Civil,2022-11-08,2022-12-01,23,1.62,N,440
11364,7,4,Excavation for Foundations,Civil,2022-06-05,2022-07-07,32,1.14,Y,157
11365,7,2,Water Supply Line Installation,Plumbing,2022-07-06,2022-07-15,9,0.7,N,266
11366,7,2,Water Supply Line Installation,Plumbing,2023-03-04,2023-04-08,35,1.49,Y,7
11367,7,3,Underground Drainage,Plumbing,2022-12-26,2023-01-02,7,0.31,N,462
11368,7,3,Conduit Laying,Electrical,2022-08-25,2022-09-06,12,1.76,Y,228
11369,7,1,Underground Drainage,Plumbing,2023-09-15,2023-10-09,24,0.87,Y,419
11370,7,1,Cable Pulling,Electrical,2023-06-16,2023-06-29,13,2.53,Y,352
11371,7,3,Excavation for Foundations,Civil,2023-07-13,2023-08-09,27,0.41,N,178
11372,7,3,Floor Tiling,Finishing,2023-06-16,2023-07-16,30,0.93,N,172
11373,7,3,Beam Reinforcement Installation,Structural,2023-10-09,2023-11-08,30,2.12,Y,220
11374,7,2,Floor Tiling,Finishing,2023-02-12,2023-03-14,30,1.83,N,103
11375,7,4,Internal Plastering,Finishing,2022-12-26,2023-01-16,21,1.97,Y,47
11376,7,3,Backfilling and Compaction,Civil,2023-07-30,2023-08-20,21,1.3,Y,431
11377,7,4,Internal Road Works,Civil,2023-04-13,2023-04-20,7,2.11,N,307
11378,7,2,Floor Tiling,Finishing,2022-06-27,2022-07-27,30,2.54,N,217
11379,7,3,Footing Reinforcement Fixing,Structural,2023-09-08,2023-10-10,32,1.47,N,152
11380,7,1,Painting and Polishing,Finishing,2023-06-29,2023-08-01,33,0.61,Y,228
11381,7,3,Water Supply Line Installation,Plumbing,2024-02-14,2024-03-20,35,0.38,Y,367
11382,7,3,Internal Road Works,Civil,2022-06-29,2022-08-06,38,2.2,Y,294
11383,7,4,Internal Plastering,Finishing,2023-03-13,2023-04-04,22,0.55,N,381
11384,7,2,Internal Road Works,Civil,2023-03-04,2023-03-25,21,2.55,N,141
11385,7,4,Underground Drainage,Plumbing,2022-06-06,2022-06-16,10,2.01,N,55
11386,7,4,Site Clearing and Grading,Civil,2023-05-07,2023-06-03,27,2.39,Y,464
11387,7,2,Internal Road Works,Civil,2022-06-11,2022-06-18,7,1.39,N,68
11388,7,3,Floor Tiling,Finishing,2023-11-10,2023-12-14,34,0.7,Y,86
11389,7,1,Internal Plastering,Finishing,2023-10-30,2023-11-24,25,1.66,Y,383
11390,7,2,Conduit Laying,Electrical,2023-11-19,2023-12-20,31,2.19,Y,210
11391,7,2,Underground Drainage,Plumbing,2023-09-02,2023-09-15,13,2.28,N,171
11392,7,4,Column Casting,Structural,2023-02-07,2023-02-21,14,0.95,N,57
11393,7,1,Footing Reinforcement Fixing,Structural,2022-09-26,2022-10-17,21,0.63,Y,72
11394,7,4,Panel Installation,Electrical,2023-07-25,2023-08-04,10,2.07,Y,149
11395,7,1,Internal Plastering,Finishing,2023-08-19,2023-09-27,39,1.53,N,23
11396,7,2,Slab Shuttering and Pouring,Structural,2023-11-21,2023-12-25,34,2.05,Y,251
11397,7,2,Water Supply Line Installation,Plumbing,2023-01-23,2023-02-26,34,0.86,N,425
11398,7,4,Slab Shuttering and Pouring,Structural,2023-02-16,2023-03-27,39,1.27,Y,165
11399,7,1,Cable Pulling,Electrical,2022-10-21,2022-11-25,35,2.1,Y,350
11400,7,1,Panel Installation,Electrical,2023-06-27,2023-07-19,22,2.8,N,385
11401,7,1,Cable Pulling,Electrical,2022-11-17,2022-12-23,36,1.93,N,118
11402,7,2,Beam Reinforcement Installation,Structural,2023-10-23,2023-11-27,35,1.1,N,55
11403,7,3,Panel Installation,Electrical,2023-11-15,2023-11-24,9,0.66,N,216
11404,7,4,Panel Installation,Electrical,2023-12-03,2024-01-03,31,0.82,N,187
11405,7,4,Water Supply Line Installation,Plumbing,2022-05-26,2022-07-01,36,1.72,N,102
11406,7,1,Site Clearing and Grading,Civil,2023-11-30,2023-12-15,15,2.28,N,261
11407,7,4,Water Supply Line Installation,Plumbing,2022-11-20,2022-12-23,33,1.23,N,187
11408,7,1,Beam Reinforcement Installation,Structural,2024-02-13,2024-03-24,40,2.32,N,380
11409,7,4,Floor Tiling,Finishing,2023-12-27,2024-01-17,21,1.53,Y,372
11410,7,3,Painting and Polishing,Finishing,2023-01-15,2023-02-05,21,2.07,N,144
11411,7,2,Painting and Polishing,Finishing,2022-06-14,2022-06-22,8,1.71,Y,159
11412,7,2,Panel Installation,Electrical,2022-11-15,2022-12-24,39,1.41,Y,119
11413,7,3,Cable Pulling,Electrical,2022-08-10,2022-09-04,25,2.16,Y,75
11414,7,2,Underground Drainage,Plumbing,2023-03-15,2023-04-06,22,0.67,Y,473
11415,7,2,Painting and Polishing,Finishing,2023-09-17,2023-10-07,20,2.28,N,54
11416,7,4,Painting and Polishing,Finishing,2022-12-21,2023-01-17,27,0.59,Y,268
11417,7,2,Cable Pulling,Electrical,2022-11-23,2022-12-15,22,1.62,Y,148
11418,7,2,Footing Reinforcement Fixing,Structural,2022-05-31,2022-07-04,34,1.4,N,133
11419,7,2,Water Supply Line Installation,Plumbing,2023-09-18,2023-10-08,20,0.34,N,188
11420,7,2,Cable Pulling,Electrical,2023-05-25,2023-06-26,32,0.68,N,412
11421,7,1,Cable Pulling,Electrical,2023-01-03,2023-01-22,19,0.91,N,334
11422,7,1,Painting and Polishing,Finishing,2023-05-25,2023-06-15,21,0.89,N,214
11423,7,2,Excavation for Foundations,Civil,2024-02-24,2024-03-12,17,2.08,Y,390
11424,7,2,Floor Tiling,Finishing,2023-08-19,2023-08-29,10,1.91,N,357
11425,7,3,Water Supply Line Installation,Plumbing,2022-06-11,2022-06-20,9,2.6,N,84
11426,7,1,Internal Road Works,Civil,2023-07-29,2023-08-14,16,2.66,Y,178
11427,7,2,Column Casting,Structural,2022-10-19,2022-11-24,36,0.38,N,216
11428,7,3,Water Supply Line Installation,Plumbing,2022-08-16,2022-09-02,17,2.02,Y,146
11429,7,4,Conduit Laying,Electrical,2024-02-21,2024-03-07,15,0.78,N,137
11430,7,2,Footing Reinforcement Fixing,Structural,2023-10-21,2023-11-03,13,1.42,N,89
11431,7,2,Internal Road Works,Civil,2023-04-19,2023-05-22,33,1.62,N,355
11432,7,3,Site Clearing and Grading,Civil,2023-12-05,2024-01-06,32,1.54,N,470
11433,7,4,Backfilling and Compaction,Civil,2024-01-26,2024-02-16,21,2.88,Y,157
11434,7,1,Internal Plastering,Finishing,2023-11-17,2023-11-26,9,1.33,Y,368
11435,7,3,Floor Tiling,Finishing,2024-01-09,2024-02-03,25,1.94,N,60
11436,7,4,Internal Road Works,Civil,2023-02-04,2023-03-02,26,2.41,N,57
11437,7,4,Water Supply Line Installation,Plumbing,2023-05-27,2023-06-04,8,1.97,N,396
11438,7,2,Footing Reinforcement Fixing,Structural,2023-07-27,2023-08-15,19,1.83,Y,163
11439,7,1,Painting and Polishing,Finishing,2022-12-27,2023-01-29,33,1.43,Y,305
11440,7,3,Underground Drainage,Plumbing,2022-12-04,2022-12-13,9,1.75,N,331
11441,7,3,Water Supply Line Installation,Plumbing,2023-05-13,2023-06-07,25,1.07,N,131
11442,7,4,Water Supply Line Installation,Plumbing,2022-06-12,2022-07-01,19,2.19,Y,187
11443,7,3,Site Clearing and Grading,Civil,2024-01-11,2024-02-20,40,2.28,Y,336
11444,7,3,Site Clearing and Grading,Civil,2022-06-27,2022-07-25,28,2.64,Y,365
11445,7,3,Beam Reinforcement Installation,Structural,2023-09-10,2023-09-21,11,2.6,N,47
11446,7,3,Site Clearing and Grading,Civil,2024-01-18,2024-02-22,35,1.25,Y,141
11447,7,3,Column Casting,Structural,2023-06-16,2023-07-22,36,2.78,N,175
11448,7,3,Water Supply Line Installation,Plumbing,2022-10-30,2022-11-29,30,1.9,N,134
11449,7,3,Footing Reinforcement Fixing,Structural,2023-12-16,2024-01-19,34,1.16,Y,307
11450,7,4,Water Supply Line Installation,Plumbing,2022-06-01,2022-06-25,24,1.71,N,420
11451,7,2,Cable Pulling,Electrical,2022-08-29,2022-09-26,28,0.57,Y,489
11452,7,3,Floor Tiling,Finishing,2023-03-30,2023-04-19,20,1.77,Y,315
11453,7,1,Internal Plastering,Finishing,2022-11-15,2022-12-18,33,0.82,N,317
11454,7,4,Internal Road Works,Civil,2022-12-19,2023-01-26,38,2.93,Y,478
11455,7,4,Water Supply Line Installation,Plumbing,2022-08-04,2022-08-25,21,2.34,Y,87
11456,7,3,Slab Shuttering and Pouring,Structural,2023-08-16,2023-09-04,19,1.2,N,407
11457,7,3,Excavation for Foundations,Civil,2024-01-16,2024-02-09,24,1.74,N,488
11458,7,3,Beam Reinforcement Installation,Structural,2023-04-23,2023-05-20,27,2.14,Y,197
11459,7,2,Internal Road Works,Civil,2023-05-07,2023-06-06,30,1.69,Y,284
11460,7,3,Excavation for Foundations,Civil,2023-04-14,2023-05-09,25,1.1,N,273
11461,7,1,Water Supply Line Installation,Plumbing,2023-11-01,2023-12-03,32,1.78,N,49
11462,7,1,Column Casting,Structural,2022-09-24,2022-10-06,12,1.07,Y,280
11463,7,2,Underground Drainage,Plumbing,2023-12-19,2024-01-02,14,2.34,N,149
11464,7,1,Internal Plastering,Finishing,2023-07-26,2023-08-21,26,2.69,N,72
11465,7,1,Water Supply Line Installation,Plumbing,2022-12-27,2023-01-26,30,2.09,N,61
11466,7,4,Panel Installation,Electrical,2023-06-11,2023-06-21,10,1.12,N,349
11467,7,2,Beam Reinforcement Installation,Structural,2023-04-03,2023-04-15,12,0.88,Y,271
11468,7,2,Panel Installation,Electrical,2024-02-06,2024-02-22,16,0.57,N,177
11469,7,2,Floor Tiling,Finishing,2023-06-25,2023-07-06,11,0.45,Y,417
11470,7,1,Painting and Polishing,Finishing,2022-07-10,2022-08-18,39,1.07,Y,212
11471,7,4,Painting and Polishing,Finishing,2023-04-27,2023-06-04,38,0.89,Y,321
11472,7,1,Cable Pulling,Electrical,2024-02-22,2024-04-02,40,1.88,N,247
11473,7,4,Underground Drainage,Plumbing,2023-03-20,2023-04-18,29,2.06,Y,284
11474,7,4,Cable Pulling,Electrical,2022-11-10,2022-12-13,33,0.77,Y,132
11475,7,2,Underground Drainage,Plumbing,2022-08-24,2022-09-12,19,0.45,Y,242
11476,7,1,Internal Road Works,Civil,2022-06-02,2022-06-13,11,0.67,N,362
11477,7,2,Floor Tiling,Finishing,2023-02-01,2023-03-01,28,1.72,N,172
11478,7,4,Backfilling and Compaction,Civil,2023-02-19,2023-03-12,21,2.38,N,123
11479,7,1,Cable Pulling,Electrical,2022-10-29,2022-11-06,8,0.85,Y,45
11480,7,3,Water Supply Line Installation,Plumbing,2023-06-20,2023-07-27,37,0.37,Y,272
11481,7,2,Water Supply Line Installation,Plumbing,2022-11-16,2022-11-25,9,1.84,Y,92
11482,7,2,Conduit Laying,Electrical,2023-12-28,2024-01-30,33,1.26,Y,444
11483,7,4,Panel Installation,Electrical,2023-03-14,2023-04-06,23,2.17,Y,6
11484,7,4,Excavation for Foundations,Civil,2022-09-04,2022-09-30,26,2.61,Y,165
11485,7,4,Water Supply Line Installation,Plumbing,2023-08-02,2023-09-10,39,1.67,N,64
11486,7,2,Cable Pulling,Electrical,2023-10-16,2023-11-15,30,0.88,Y,36
11487,7,2,Backfilling and Compaction,Civil,2023-10-19,2023-11-15,27,2.31,N,254
11488,7,2,Painting and Polishing,Finishing,2022-09-19,2022-10-19,30,2.91,Y,183
11489,7,4,Conduit Laying,Electrical,2022-10-26,2022-11-17,22,2.66,Y,478
11490,7,1,Column Casting,Structural,2022-12-20,2023-01-27,38,2.48,Y,498
11491,7,4,Underground Drainage,Plumbing,2023-10-14,2023-11-05,22,2.3,N,142
11492,8,1,Slab Shuttering and Pouring,Structural,2023-02-08,2023-02-20,12,2.3,N,223
11493,8,2,Internal Plastering,Finishing,2023-10-26,2023-11-22,27,2.91,Y,104
11494,8,3,Underground Drainage,Plumbing,2024-02-17,2024-02-29,12,1.21,N,222
11495,8,4,Panel Installation,Electrical,2023-06-28,2023-07-24,26,2.3,Y,408
11496,8,3,Painting and Polishing,Finishing,2022-10-23,2022-11-18,26,2.96,N,227
11497,8,3,Painting and Polishing,Finishing,2023-04-15,2023-04-30,15,2.31,Y,495
11498,8,4,Panel Installation,Electrical,2023-12-21,2024-01-29,39,1.37,Y,483
11499,8,1,Backfilling and Compaction,Civil,2023-07-24,2023-08-17,24,2.77,N,220
11500,8,4,Internal Road Works,Civil,2022-12-01,2022-12-11,10,2.82,Y,142
11501,8,2,Backfilling and Compaction,Civil,2023-07-16,2023-08-02,17,0.66,N,182
11502,8,1,Footing Reinforcement Fixing,Structural,2022-09-26,2022-10-24,28,2.05,Y,53
11503,8,2,Beam Reinforcement Installation,Structural,2023-02-01,2023-03-10,37,2.36,N,306
11504,8,4,Water Supply Line Installation,Plumbing,2024-02-14,2024-03-05,20,0.87,Y,160
11505,8,3,Footing Reinforcement Fixing,Structural,2023-07-27,2023-08-31,35,2.97,N,310
11506,8,4,Water Supply Line Installation,Plumbing,2023-06-09,2023-07-15,36,0.9,Y,237
11507,8,4,Underground Drainage,Plumbing,2023-12-01,2023-12-14,13,0.6,N,133
11508,8,1,Internal Road Works,Civil,2023-05-29,2023-06-29,31,1.51,N,414
11509,8,4,Beam Reinforcement Installation,Structural,2023-09-20,2023-10-20,30,1.76,N,343
11510,8,4,Panel Installation,Electrical,2023-10-12,2023-11-19,38,1.39,N,60
11511,8,2,Internal Road Works,Civil,2023-08-06,2023-08-31,25,0.51,N,245
11512,8,1,Floor Tiling,Finishing,2023-02-01,2023-02-22,21,2.24,N,185
11513,8,2,Water Supply Line Installation,Plumbing,2023-06-13,2023-07-05,22,0.48,N,442
11514,8,4,Backfilling and Compaction,Civil,2023-08-10,2023-09-13,34,0.32,N,165
11515,8,3,Water Supply Line Installation,Plumbing,2023-06-14,2023-06-28,14,2.49,Y,412
11516,8,1,Internal Plastering,Finishing,2023-08-03,2023-08-29,26,1.67,Y,445
11517,8,2,Panel Installation,Electrical,2023-01-28,2023-03-04,35,0.67,Y,198
11518,8,2,Internal Road Works,Civil,2023-12-12,2024-01-08,27,1.29,N,140
11519,8,1,Slab Shuttering and Pouring,Structural,2023-04-24,2023-05-25,31,2.49,Y,491
11520,8,2,Painting and Polishing,Finishing,2023-09-24,2023-10-22,28,2.03,Y,4
11521,8,1,Underground Drainage,Plumbing,2024-01-05,2024-01-15,10,2.95,N,173
11522,8,1,Internal Plastering,Finishing,2022-11-25,2022-12-07,12,1.65,N,340
11523,8,1,Internal Road Works,Civil,2023-09-11,2023-10-02,21,0.96,N,10
11524,8,3,Conduit Laying,Electrical,2023-04-05,2023-04-20,15,1.09,N,198
11525,8,1,Panel Installation,Electrical,2023-12-27,2024-01-04,8,2.62,N,72
11526,8,2,Excavation for Foundations,Civil,2023-04-14,2023-04-24,10,0.53,Y,442
11527,8,3,Panel Installation,Electrical,2024-02-09,2024-03-04,24,1.07,N,171
11528,8,2,Beam Reinforcement Installation,Structural,2022-10-16,2022-10-23,7,1.34,N,97
11529,8,2,Floor Tiling,Finishing,2022-07-02,2022-07-25,23,2.4,Y,234
11530,8,3,Floor Tiling,Finishing,2023-06-21,2023-07-30,39,2.69,N,499
11531,8,4,Internal Road Works,Civil,2023-05-23,2023-06-07,15,1.02,Y,255
11532,8,1,Conduit Laying,Electrical,2023-09-28,2023-10-05,7,0.53,Y,43
11533,8,3,Underground Drainage,Plumbing,2022-08-03,2022-08-23,20,2.9,N,311
11534,8,1,Floor Tiling,Finishing,2024-03-06,2024-03-23,17,2.73,N,405
11535,8,4,Painting and Polishing,Finishing,2022-11-05,2022-11-23,18,0.93,Y,29
11536,8,3,Site Clearing and Grading,Civil,2024-01-25,2024-02-07,13,1.24,Y,318
11537,8,4,Painting and Polishing,Finishing,2024-01-25,2024-02-18,24,0.47,N,54
11538,8,2,Beam Reinforcement Installation,Structural,2024-02-27,2024-03-30,32,2.09,Y,470
11539,8,1,Painting and Polishing,Finishing,2023-09-09,2023-10-09,30,2.28,Y,240
11540,8,1,Column Casting,Structural,2023-03-14,2023-04-11,28,0.53,Y,442
11541,8,3,Conduit Laying,Electrical,2022-11-24,2022-12-11,17,2.77,N,150
11542,8,2,Beam Reinforcement Installation,Structural,2024-02-10,2024-03-03,22,0.92,N,121
11543,8,4,Beam Reinforcement Installation,Structural,2023-03-03,2023-03-23,20,0.77,N,191
11544,8,2,Slab Shuttering and Pouring,Structural,2023-12-20,2024-01-29,40,0.56,N,151
11545,8,1,Underground Drainage,Plumbing,2022-07-05,2022-07-19,14,0.67,Y,300
11546,8,1,Beam Reinforcement Installation,Structural,2024-02-06,2024-02-24,18,1.29,Y,490
11547,8,2,Backfilling and Compaction,Civil,2022-11-09,2022-12-18,39,1.09,N,274
11548,8,4,Cable Pulling,Electrical,2022-11-10,2022-11-29,19,1.92,Y,173
11549,8,2,Water Supply Line Installation,Plumbing,2023-03-15,2023-04-14,30,1.62,Y,33
11550,8,4,Water Supply Line Installation,Plumbing,2023-02-25,2023-03-29,32,0.89,Y,431
11551,8,3,Beam Reinforcement Installation,Structural,2022-12-09,2023-01-12,34,2.99,Y,176
11552,8,4,Internal Plastering,Finishing,2023-07-03,2023-07-20,17,1.04,N,35
11553,8,2,Conduit Laying,Electrical,2023-09-10,2023-10-16,36,1.66,Y,179
11554,8,3,Water Supply Line Installation,Plumbing,2022-10-15,2022-11-12,28,1.86,Y,44
11555,8,4,Internal Road Works,Civil,2023-07-19,2023-08-03,15,0.52,Y,471
11556,8,2,Backfilling and Compaction,Civil,2023-12-22,2024-01-24,33,1.26,Y,486
11557,8,4,Column Casting,Structural,2023-02-04,2023-02-21,17,0.96,Y,171
11558,8,2,Backfilling and Compaction,Civil,2022-09-14,2022-09-26,12,2.7,N,94
11559,8,1,Water Supply Line Installation,Plumbing,2022-09-28,2022-10-08,10,1.52,N,283
11560,8,1,Floor Tiling,Finishing,2022-12-01,2022-12-20,19,2.29,Y,102
11561,8,3,Panel Installation,Electrical,2024-02-11,2024-03-21,39,2.81,Y,337
11562,8,3,Internal Plastering,Finishing,2024-01-01,2024-02-08,38,2.35,Y,317
11563,8,3,Footing Reinforcement Fixing,Structural,2022-07-28,2022-08-05,8,1.95,Y,383
11564,8,4,Site Clearing and Grading,Civil,2022-07-21,2022-08-02,12,0.41,N,119
11565,8,2,Cable Pulling,Electrical,2022-11-07,2022-11-19,12,2.04,N,382
11566,8,3,Water Supply Line Installation,Plumbing,2022-10-28,2022-11-30,33,0.82,N,221
11567,8,4,Beam Reinforcement Installation,Structural,2024-02-23,2024-03-02,8,0.61,N,20
11568,8,2,Slab Shuttering and Pouring,Structural,2023-08-31,2023-09-07,7,2.62,Y,291
11569,8,2,Painting and Polishing,Finishing,2022-07-10,2022-07-28,18,2.34,N,100
11570,8,3,Cable Pulling,Electrical,2023-08-01,2023-09-09,39,2.92,Y,83
11571,8,3,Underground Drainage,Plumbing,2023-04-30,2023-05-18,18,2.69,Y,430
11572,8,3,Internal Plastering,Finishing,2023-12-09,2024-01-06,28,2.85,Y,188
11573,8,4,Conduit Laying,Electrical,2023-02-27,2023-03-17,18,2.37,Y,358
11574,8,2,Cable Pulling,Electrical,2022-11-02,2022-11-26,24,2.34,Y,119
11575,8,2,Cable Pulling,Electrical,2024-01-13,2024-01-21,8,2.84,N,469
11576,8,1,Internal Road Works,Civil,2023-07-21,2023-08-09,19,2.7,Y,179
11577,8,2,Footing Reinforcement Fixing,Structural,2023-08-26,2023-09-05,10,1.07,Y,69
11578,8,3,Floor Tiling,Finishing,2022-12-11,2023-01-03,23,1.25,Y,330
11579,8,2,Water Supply Line Installation,Plumbing,2022-11-17,2022-12-27,40,0.99,Y,132
11580,8,1,Backfilling and Compaction,Civil,2024-01-21,2024-02-14,24,2.25,N,158
11581,8,4,Underground Drainage,Plumbing,2023-08-24,2023-09-25,32,0.87,Y,329
11582,8,3,Site Clearing and Grading,Civil,2024-01-10,2024-01-28,18,2.7,Y,15
11583,8,2,Beam Reinforcement Installation,Structural,2023-11-14,2023-11-21,7,2.07,Y,299
11584,8,2,Beam Reinforcement Installation,Structural,2022-08-23,2022-09-09,17,2.97,N,407
11585,8,2,Slab Shuttering and Pouring,Structural,2022-09-08,2022-10-06,28,0.99,Y,146
11586,8,2,Underground Drainage,Plumbing,2022-11-17,2022-12-05,18,1.86,Y,120
11587,8,3,Underground Drainage,Plumbing,2023-06-22,2023-07-15,23,0.87,N,155
11588,8,1,Excavation for Foundations,Civil,2024-02-11,2024-03-14,32,2.41,Y,334
11589,8,2,Site Clearing and Grading,Civil,2022-09-08,2022-10-03,25,1.18,Y,286
11590,8,4,Internal Road Works,Civil,2024-01-30,2024-02-24,25,2.54,N,419
11591,8,2,Conduit Laying,Electrical,2024-02-20,2024-02-27,7,1.56,N,113
11592,8,3,Footing Reinforcement Fixing,Structural,2023-11-17,2023-11-25,8,2.64,Y,32
11593,8,3,Site Clearing and Grading,Civil,2023-01-24,2023-02-23,30,0.51,Y,272
11594,8,3,Backfilling and Compaction,Civil,2022-08-05,2022-08-21,16,0.61,Y,464
11595,8,3,Excavation for Foundations,Civil,2023-02-10,2023-03-22,40,1.02,N,167
11596,8,4,Floor Tiling,Finishing,2023-03-24,2023-04-07,14,0.79,Y,281
11597,8,1,Painting and Polishing,Finishing,2024-02-01,2024-03-01,29,2.81,N,154
11598,8,2,Water Supply Line Installation,Plumbing,2023-12-21,2024-01-17,27,2.71,N,235
11599,8,1,Beam Reinforcement Installation,Structural,2022-12-24,2023-01-15,22,2.19,N,285
11600,8,2,Cable Pulling,Electrical,2023-10-05,2023-11-14,40,0.91,Y,216
11601,8,4,Floor Tiling,Finishing,2022-11-25,2022-12-03,8,2.52,N,421
11602,8,3,Slab Shuttering and Pouring,Structural,2023-10-29,2023-11-08,10,2.83,Y,396
11603,8,1,Floor Tiling,Finishing,2023-02-13,2023-03-11,26,0.61,Y,397
11604,8,1,Site Clearing and Grading,Civil,2022-12-22,2023-01-13,22,2.55,Y,231
11605,8,3,Excavation for Foundations,Civil,2022-07-15,2022-08-07,23,0.74,N,444
11606,8,2,Footing Reinforcement Fixing,Structural,2023-04-01,2023-04-28,27,1.97,N,169
11607,8,4,Site Clearing and Grading,Civil,2022-07-11,2022-07-26,15,0.79,N,467
11608,8,3,Conduit Laying,Electrical,2023-01-25,2023-02-14,20,1.04,N,274
11609,8,2,Cable Pulling,Electrical,2024-02-02,2024-02-25,23,1.57,Y,264
11610,8,1,Water Supply Line Installation,Plumbing,2023-07-09,2023-07-26,17,2.86,Y,325
11611,8,1,Painting and Polishing,Finishing,2022-10-16,2022-11-04,19,2.77,N,221
11612,8,4,Conduit Laying,Electrical,2023-07-17,2023-08-18,32,2.47,Y,365
11613,8,2,Internal Plastering,Finishing,2023-04-01,2023-04-08,7,1.56,Y,203
11614,8,1,Water Supply Line Installation,Plumbing,2022-09-30,2022-10-16,16,2.61,N,463
11615,8,1,Floor Tiling,Finishing,2023-03-17,2023-04-01,15,2.22,Y,380
11616,8,3,Backfilling and Compaction,Civil,2023-04-28,2023-06-04,37,2.55,Y,223
11617,8,2,Beam Reinforcement Installation,Structural,2023-01-20,2023-02-05,16,0.97,N,155
11618,8,4,Water Supply Line Installation,Plumbing,2024-01-12,2024-02-12,31,2.86,N,163
11619,8,4,Internal Plastering,Finishing,2022-08-21,2022-09-25,35,2.13,N,335
11620,8,1,Water Supply Line Installation,Plumbing,2024-02-29,2024-03-08,8,2.14,N,432
11621,8,3,Cable Pulling,Electrical,2022-11-08,2022-12-13,35,1.56,Y,311
11622,8,1,Internal Plastering,Finishing,2024-02-04,2024-02-14,10,1.62,N,434
11623,8,4,Water Supply Line Installation,Plumbing,2023-04-01,2023-05-06,35,0.49,N,45
11624,8,1,Column Casting,Structural,2022-07-13,2022-08-22,40,1.83,Y,231
11625,8,1,Excavation for Foundations,Civil,2024-01-04,2024-01-31,27,2.88,N,407
11626,8,3,Site Clearing and Grading,Civil,2022-11-25,2023-01-04,40,0.85,N,328
11627,8,2,Conduit Laying,Electrical,2023-03-09,2023-03-29,20,2.9,Y,491
11628,8,2,Column Casting,Structural,2023-01-26,2023-02-17,22,2.74,Y,122
11629,8,3,Underground Drainage,Plumbing,2023-02-27,2023-04-05,37,1.46,Y,87
11630,8,4,Conduit Laying,Electrical,2023-05-22,2023-06-03,12,0.31,N,26
11631,8,4,Cable Pulling,Electrical,2023-01-17,2023-02-12,26,1.77,N,269
11632,8,2,Backfilling and Compaction,Civil,2022-12-04,2022-12-22,18,1.71,N,170
11633,8,1,Underground Drainage,Plumbing,2022-12-13,2023-01-01,19,1.68,N,348
11634,8,2,Floor Tiling,Finishing,2023-09-28,2023-10-25,27,1.03,Y,355
11635,8,1,Cable Pulling,Electrical,2023-04-20,2023-05-13,23,0.84,N,242
11636,8,2,Footing Reinforcement Fixing,Structural,2023-09-21,2023-10-13,22,0.91,Y,18
11637,8,1,Floor Tiling,Finishing,2023-04-01,2023-05-05,34,2.89,N,115
11638,8,2,Internal Road Works,Civil,2022-07-19,2022-08-08,20,2.89,Y,346
11639,8,2,Water Supply Line Installation,Plumbing,2022-12-27,2023-01-20,24,2.99,N,425
11640,8,3,Water Supply Line Installation,Plumbing,2023-01-03,2023-02-09,37,2.34,Y,314
11641,8,2,Underground Drainage,Plumbing,2023-11-28,2023-12-18,20,1.84,N,414
11642,8,4,Cable Pulling,Electrical,2023-07-23,2023-08-30,38,1.66,N,129
11643,8,4,Panel Installation,Electrical,2024-01-12,2024-02-03,22,1.56,N,105
11644,8,3,Panel Installation,Electrical,2024-01-03,2024-01-10,7,0.59,Y,420
11645,8,1,Floor Tiling,Finishing,2023-06-14,2023-07-05,21,1.32,N,315
11646,8,3,Internal Road Works,Civil,2023-09-24,2023-10-18,24,1.12,N,205
11647,8,3,Painting and Polishing,Finishing,2023-02-16,2023-03-13,25,2.97,Y,442
11648,8,1,Underground Drainage,Plumbing,2023-03-19,2023-04-13,25,0.69,Y,198
11649,8,3,Underground Drainage,Plumbing,2023-07-17,2023-08-02,16,0.4,Y,342
11650,8,3,Panel Installation,Electrical,2024-03-03,2024-04-03,31,2.85,Y,390
11651,8,2,Conduit Laying,Electrical,2023-03-17,2023-04-11,25,0.43,Y,376
11652,8,3,Excavation for Foundations,Civil,2023-09-02,2023-09-26,24,2.72,N,468
11653,8,3,Water Supply Line Installation,Plumbing,2024-01-27,2024-02-14,18,0.96,Y,108
11654,8,3,Backfilling and Compaction,Civil,2023-02-02,2023-02-28,26,0.36,Y,51
11655,8,1,Floor Tiling,Finishing,2023-01-15,2023-01-26,11,1.12,N,173
11656,8,3,Beam Reinforcement Installation,Structural,2024-02-13,2024-03-22,38,0.75,N,25
11657,8,4,Internal Road Works,Civil,2022-07-28,2022-08-10,13,0.83,Y,90
11658,8,1,Excavation for Foundations,Civil,2022-09-21,2022-10-13,22,1.11,Y,92
11659,8,1,Footing Reinforcement Fixing,Structural,2022-11-24,2022-12-31,37,1.79,N,88
11660,8,2,Underground Drainage,Plumbing,2023-06-07,2023-06-19,12,1.61,N,434
11661,8,1,Internal Plastering,Finishing,2023-04-28,2023-05-27,29,1.54,Y,85
11662,8,3,Cable Pulling,Electrical,2024-01-15,2024-02-03,19,2.92,Y,378
11663,8,3,Backfilling and Compaction,Civil,2023-01-19,2023-01-28,9,2.6,Y,268
11664,8,3,Footing Reinforcement Fixing,Structural,2023-11-21,2023-12-11,20,1.67,Y,296
11665,8,2,Underground Drainage,Plumbing,2023-01-19,2023-02-14,26,0.57,N,175
11666,8,2,Internal Plastering,Finishing,2023-06-03,2023-06-22,19,1.65,Y,260
11667,8,1,Site Clearing and Grading,Civil,2022-11-09,2022-11-23,14,0.95,N,213
11668,8,3,Underground Drainage,Plumbing,2023-09-09,2023-09-25,16,1.41,N,416
11669,8,3,Conduit Laying,Electrical,2022-07-02,2022-08-02,31,2.29,N,410
11670,8,2,Internal Road Works,Civil,2022-06-28,2022-07-31,33,2.21,N,196
11671,8,3,Internal Plastering,Finishing,2023-11-13,2023-12-16,33,2.77,Y,221
11672,8,3,Floor Tiling,Finishing,2023-04-18,2023-05-24,36,0.9,Y,255
11673,8,4,Underground Drainage,Plumbing,2023-12-28,2024-02-02,36,2.6,Y,78
11674,8,1,Beam Reinforcement Installation,Structural,2023-10-25,2023-11-20,26,0.45,N,47
11675,8,2,Conduit Laying,Electrical,2022-11-05,2022-11-20,15,0.82,N,364
11676,8,4,Site Clearing and Grading,Civil,2023-11-18,2023-12-18,30,2.16,Y,340
11677,8,1,Beam Reinforcement Installation,Structural,2023-03-14,2023-04-21,38,2.48,Y,183
11678,8,1,Painting and Polishing,Finishing,2022-12-15,2023-01-22,38,0.34,Y,47
11679,8,1,Internal Plastering,Finishing,2023-10-01,2023-11-04,34,2.7,N,140
11680,8,4,Water Supply Line Installation,Plumbing,2022-10-31,2022-11-22,22,1.85,N,265
11681,8,1,Excavation for Foundations,Civil,2023-02-05,2023-03-13,36,2.59,Y,166
11682,8,3,Floor Tiling,Finishing,2024-02-01,2024-02-23,22,1.97,N,461
11683,8,4,Cable Pulling,Electrical,2023-05-16,2023-06-14,29,0.73,N,483
11684,8,3,Underground Drainage,Plumbing,2023-03-08,2023-03-16,8,1.54,Y,11
11685,8,3,Internal Road Works,Civil,2022-11-02,2022-11-17,15,1.85,Y,135
11686,8,3,Internal Plastering,Finishing,2023-08-14,2023-09-10,27,0.39,Y,115
11687,8,1,Water Supply Line Installation,Plumbing,2023-06-03,2023-06-19,16,0.86,N,130
11688,8,3,Slab Shuttering and Pouring,Structural,2022-11-02,2022-11-30,28,2.99,N,409
11689,8,2,Underground Drainage,Plumbing,2023-06-10,2023-07-05,25,1.58,N,469
11690,8,2,Cable Pulling,Electrical,2022-08-01,2022-09-06,36,1.87,N,454
11691,8,2,Underground Drainage,Plumbing,2023-02-07,2023-02-25,18,1.19,N,391
11692,8,1,Conduit Laying,Electrical,2023-03-21,2023-04-29,39,0.31,Y,296
11693,8,4,Conduit Laying,Electrical,2023-01-30,2023-03-10,39,1.68,Y,79
11694,8,2,Underground Drainage,Plumbing,2023-09-28,2023-10-29,31,0.33,Y,278
11695,8,2,Column Casting,Structural,2023-05-21,2023-06-30,40,2.84,N,288
11696,8,1,Conduit Laying,Electrical,2023-12-09,2024-01-07,29,0.61,N,495
11697,8,1,Floor Tiling,Finishing,2024-02-02,2024-02-13,11,2.75,N,310
11698,8,3,Panel Installation,Electrical,2023-09-09,2023-09-30,21,0.76,N,206
11699,8,4,Floor Tiling,Finishing,2023-02-15,2023-03-27,40,1.59,Y,473
11700,8,4,Excavation for Foundations,Civil,2024-02-07,2024-03-01,23,1.71,Y,361
11701,8,4,Internal Road Works,Civil,2023-09-28,2023-10-25,27,0.62,Y,364
11702,8,2,Cable Pulling,Electrical,2022-11-30,2022-12-14,14,1.67,N,67
11703,8,4,Underground Drainage,Plumbing,2023-03-21,2023-04-15,25,2.37,N,231
11704,8,3,Column Casting,Structural,2024-01-06,2024-01-27,21,2.27,N,114
11705,8,3,Internal Plastering,Finishing,2023-09-18,2023-10-16,28,0.82,N,166
11706,8,3,Panel Installation,Electrical,2022-10-08,2022-10-18,10,0.59,N,67
11707,8,4,Floor Tiling,Finishing,2023-05-16,2023-05-30,14,0.49,N,134
11708,8,4,Excavation for Foundations,Civil,2022-08-06,2022-08-14,8,2.87,Y,431
11709,8,1,Internal Plastering,Finishing,2023-02-20,2023-03-26,34,1.32,N,485
11710,8,2,Cable Pulling,Electrical,2023-04-10,2023-05-16,36,1.93,N,278
11711,8,2,Internal Plastering,Finishing,2023-01-05,2023-02-09,35,0.51,N,162
11712,8,2,Excavation for Foundations,Civil,2023-12-14,2024-01-22,39,0.52,Y,109
11713,8,1,Column Casting,Structural,2023-04-12,2023-05-11,29,2.76,Y,19
11714,8,3,Excavation for Foundations,Civil,2023-08-09,2023-08-22,13,2.94,N,404
11715,8,1,Water Supply Line Installation,Plumbing,2022-07-05,2022-07-22,17,2.17,N,265
11716,8,3,Site Clearing and Grading,Civil,2023-08-29,2023-09-13,15,1.59,Y,287
11717,8,2,Floor Tiling,Finishing,2023-06-28,2023-07-05,7,1.02,Y,366
11718,8,2,Site Clearing and Grading,Civil,2022-09-10,2022-09-24,14,0.67,N,287
11719,8,2,Internal Plastering,Finishing,2023-04-29,2023-06-08,40,1.71,Y,373
11720,8,4,Water Supply Line Installation,Plumbing,2022-09-29,2022-11-05,37,2.78,Y,245
11721,8,2,Underground Drainage,Plumbing,2023-01-10,2023-02-06,27,1.6,Y,338
11722,8,3,Water Supply Line Installation,Plumbing,2022-10-23,2022-11-18,26,1.91,N,469
11723,8,1,Internal Plastering,Finishing,2023-02-09,2023-03-19,38,1.19,Y,218
11724,8,2,Floor Tiling,Finishing,2022-09-02,2022-10-06,34,1.52,N,457
11725,9,1,Painting and Polishing,Finishing,2023-03-21,2023-04-26,36,2.21,N,92
11726,9,3,Painting and Polishing,Finishing,2024-01-08,2024-02-08,31,0.65,Y,229
11727,9,3,Floor Tiling,Finishing,2023-02-07,2023-03-03,24,2.88,Y,450
11728,9,3,Footing Reinforcement Fixing,Structural,2023-11-12,2023-12-12,30,2.02,N,349
11729,9,1,Backfilling and Compaction,Civil,2023-10-22,2023-12-01,40,2.0,Y,335
11730,9,2,Conduit Laying,Electrical,2024-04-08,2024-05-18,40,1.66,N,251
11731,9,1,Internal Road Works,Civil,2023-06-05,2023-06-28,23,2.33,N,305
11732,9,4,Conduit Laying,Electrical,2022-09-10,2022-10-01,21,1.73,N,251
11733,9,2,Conduit Laying,Electrical,2023-01-26,2023-02-18,23,1.47,Y,377
11734,9,1,Conduit Laying,Electrical,2022-05-07,2022-06-15,39,2.7,Y,189
11735,9,4,Internal Plastering,Finishing,2022-10-17,2022-11-21,35,1.55,Y,278
11736,9,2,Column Casting,Structural,2022-12-23,2023-01-07,15,1.27,N,343
11737,9,1,Footing Reinforcement Fixing,Structural,2022-02-10,2022-03-08,26,1.16,Y,123
11738,9,2,Painting and Polishing,Finishing,2022-06-27,2022-07-24,27,1.59,Y,87
11739,9,2,Slab Shuttering and Pouring,Structural,2023-10-26,2023-11-08,13,0.71,Y,289
11740,9,4,Slab Shuttering and Pouring,Structural,2023-07-30,2023-08-29,30,1.73,Y,38
11741,9,4,Underground Drainage,Plumbing,2022-05-15,2022-06-11,27,0.77,Y,448
11742,9,4,Water Supply Line Installation,Plumbing,2023-05-27,2023-06-30,34,2.0,N,159
11743,9,1,Cable Pulling,Electrical,2023-12-09,2023-12-16,7,0.84,N,377
11744,9,2,Site Clearing and Grading,Civil,2023-09-06,2023-09-25,19,1.16,Y,500
11745,9,2,Footing Reinforcement Fixing,Structural,2023-04-27,2023-05-07,10,2.97,Y,306
11746,9,2,Excavation for Foundations,Civil,2023-12-10,2024-01-04,25,1.19,Y,285
11747,9,2,Conduit Laying,Electrical,2023-02-07,2023-02-19,12,2.01,Y,274
11748,9,3,Conduit Laying,Electrical,2023-01-21,2023-02-18,28,1.74,Y,281
11749,9,4,Water Supply Line Installation,Plumbing,2022-10-04,2022-10-30,26,0.5,Y,394
11750,9,3,Underground Drainage,Plumbing,2024-02-06,2024-03-08,31,1.68,N,247
11751,9,3,Backfilling and Compaction,Civil,2024-03-13,2024-04-16,34,1.49,Y,25
11752,9,2,Slab Shuttering and Pouring,Structural,2022-08-23,2022-09-07,15,0.31,Y,115
11753,9,3,Slab Shuttering and Pouring,Structural,2023-05-27,2023-06-05,9,0.74,N,30
11754,9,1,Cable Pulling,Electrical,2024-01-07,2024-02-14,38,2.36,N,298
11755,9,1,Cable Pulling,Electrical,2022-03-22,2022-03-30,8,2.07,Y,477
11756,9,1,Column Casting,Structural,2022-09-24,2022-10-30,36,1.44,Y,296
11757,9,3,Water Supply Line Installation,Plumbing,2022-03-21,2022-04-17,27,1.76,N,264
11758,9,4,Column Casting,Structural,2024-02-11,2024-02-24,13,0.84,N,8
11759,9,2,Cable Pulling,Electrical,2022-03-23,2022-04-26,34,2.12,N,78
11760,9,4,Internal Road Works,Civil,2022-07-06,2022-08-07,32,1.67,Y,91
11761,9,4,Site Clearing and Grading,Civil,2022-05-30,2022-07-06,37,0.97,Y,379
11762,9,4,Floor Tiling,Finishing,2022-06-17,2022-06-27,10,0.75,Y,217
11763,9,1,Underground Drainage,Plumbing,2022-01-29,2022-03-08,38,1.29,Y,255
11764,9,1,Floor Tiling,Finishing,2023-05-04,2023-05-27,23,2.99,N,366
11765,9,3,Slab Shuttering and Pouring,Structural,2023-06-01,2023-06-29,28,2.69,Y,370
11766,9,1,Footing Reinforcement Fixing,Structural,2022-08-20,2022-09-02,13,0.54,N,113
11767,9,4,Panel Installation,Electrical,2024-03-11,2024-04-09,29,1.3,Y,248
11768,9,2,Column Casting,Structural,2023-04-12,2023-05-05,23,2.55,N,366
11769,9,2,Floor Tiling,Finishing,2022-12-04,2023-01-06,33,0.71,N,416
11770,9,1,Excavation for Foundations,Civil,2024-02-22,2024-03-25,32,1.45,Y,191
11771,9,4,Underground Drainage,Plumbing,2022-11-20,2022-12-28,38,2.52,Y,166
11772,9,1,Slab Shuttering and Pouring,Structural,2023-09-15,2023-10-15,30,2.68,N,444
11773,9,1,Panel Installation,Electrical,2023-07-18,2023-08-23,36,2.99,Y,285
11774,9,4,Underground Drainage,Plumbing,2023-05-09,2023-06-03,25,2.1,N,9
11775,9,3,Internal Plastering,Finishing,2022-12-19,2023-01-27,39,1.47,Y,324
11776,9,1,Footing Reinforcement Fixing,Structural,2022-04-02,2022-04-30,28,0.87,Y,272
11777,9,4,Slab Shuttering and Pouring,Structural,2023-05-11,2023-06-09,29,1.02,Y,276
11778,9,1,Floor Tiling,Finishing,2023-11-11,2023-12-03,22,1.97,Y,96
11779,9,3,Floor Tiling,Finishing,2022-05-27,2022-06-19,23,1.56,Y,206
11780,9,1,Painting and Polishing,Finishing,2023-05-31,2023-06-24,24,1.24,N,206
11781,9,3,Internal Road Works,Civil,2023-09-02,2023-10-03,31,2.22,Y,333
11782,9,1,Panel Installation,Electrical,2022-10-08,2022-11-11,34,2.33,N,83
11783,9,3,Conduit Laying,Electrical,2023-08-11,2023-09-16,36,1.27,N,299
11784,9,4,Panel Installation,Electrical,2022-05-24,2022-06-13,20,2.87,Y,422
11785,9,3,Internal Road Works,Civil,2022-09-24,2022-10-07,13,2.97,N,220
11786,9,1,Underground Drainage,Plumbing,2022-02-03,2022-02-17,14,0.84,Y,186
11787,9,2,Beam Reinforcement Installation,Structural,2023-11-25,2023-12-12,17,2.46,N,447
11788,9,1,Site Clearing and Grading,Civil,2024-03-21,2024-04-30,40,2.22,N,238
11789,9,1,Floor Tiling,Finishing,2023-08-07,2023-09-03,27,0.48,Y,397
11790,9,3,Floor Tiling,Finishing,2022-07-28,2022-08-31,34,2.24,N,83
11791,9,2,Conduit Laying,Electrical,2024-02-27,2024-03-19,21,2.2,Y,127
11792,9,1,Excavation for Foundations,Civil,2023-11-21,2023-12-05,14,0.68,Y,373
11793,9,1,Excavation for Foundations,Civil,2023-11-07,2023-11-17,10,1.91,Y,7
11794,9,4,Underground Drainage,Plumbing,2022-04-06,2022-04-16,10,0.44,Y,90
11795,9,2,Internal Plastering,Finishing,2022-02-26,2022-03-28,30,2.22,Y,67
11796,9,1,Slab Shuttering and Pouring,Structural,2023-04-22,2023-05-08,16,3.0,Y,401
11797,9,3,Water Supply Line Installation,Plumbing,2023-02-28,2023-03-11,11,1.78,N,471
11798,9,4,Footing Reinforcement Fixing,Structural,2023-02-12,2023-03-22,38,0.75,N,233
11799,9,1,Underground Drainage,Plumbing,2022-06-21,2022-06-28,7,0.68,Y,484
11800,9,1,Panel Installation,Electrical,2024-01-30,2024-02-24,25,2.12,Y,263
11801,9,2,Column Casting,Structural,2023-03-13,2023-04-21,39,2.7,N,468
11802,9,4,Column Casting,Structural,2023-09-05,2023-09-18,13,0.33,N,297
11803,9,4,Underground Drainage,Plumbing,2022-08-19,2022-08-27,8,2.65,N,191
11804,9,2,Excavation for Foundations,Civil,2023-06-02,2023-06-12,10,0.84,Y,327
11805,9,3,Water Supply Line Installation,Plumbing,2022-06-27,2022-07-15,18,1.96,Y,189
11806,9,2,Panel Installation,Electrical,2022-05-04,2022-06-10,37,2.04,N,397
11807,9,2,Internal Road Works,Civil,2023-11-26,2023-12-11,15,1.43,Y,155
11808,9,3,Column Casting,Structural,2023-10-20,2023-11-25,36,2.06,N,32
11809,9,3,Internal Plastering,Finishing,2022-02-24,2022-03-29,33,2.93,N,175
11810,9,4,Underground Drainage,Plumbing,2023-05-07,2023-06-13,37,2.24,N,436
11811,9,3,Column Casting,Structural,2023-12-01,2023-12-18,17,2.25,N,269
11812,9,2,Water Supply Line Installation,Plumbing,2023-01-19,2023-02-03,15,1.39,Y,239
11813,9,4,Water Supply Line Installation,Plumbing,2022-10-07,2022-11-12,36,0.85,Y,71
11814,9,1,Floor Tiling,Finishing,2023-07-09,2023-08-08,30,2.56,Y,220
11815,9,3,Internal Road Works,Civil,2023-05-11,2023-06-14,34,2.04,Y,306
11816,9,1,Beam Reinforcement Installation,Structural,2022-05-12,2022-06-03,22,1.02,N,157
11817,9,3,Underground Drainage,Plumbing,2022-08-22,2022-09-21,30,1.98,Y,139
11818,9,2,Underground Drainage,Plumbing,2023-11-18,2023-12-13,25,1.91,N,158
11819,9,3,Footing Reinforcement Fixing,Structural,2023-12-15,2024-01-07,23,1.85,Y,314
11820,9,1,Painting and Polishing,Finishing,2022-08-11,2022-09-12,32,2.95,N,315
11821,9,3,Painting and Polishing,Finishing,2022-01-23,2022-02-28,36,2.73,N,104
11822,9,2,Floor Tiling,Finishing,2022-11-19,2022-11-29,10,1.61,Y,245
11823,9,2,Conduit Laying,Electrical,2023-06-20,2023-07-06,16,2.81,N,428
11824,9,2,Underground Drainage,Plumbing,2022-05-17,2022-06-19,33,0.39,Y,140
11825,9,2,Column Casting,Structural,2022-05-14,2022-06-21,38,0.35,Y,50
11826,9,3,Backfilling and Compaction,Civil,2022-02-12,2022-03-06,22,2.73,Y,439
11827,9,1,Underground Drainage,Plumbing,2023-09-23,2023-10-23,30,2.45,Y,161
11828,9,3,Underground Drainage,Plumbing,2022-11-19,2022-11-29,10,2.01,Y,458
11829,9,1,Internal Road Works,Civil,2024-01-16,2024-02-16,31,1.03,Y,228
11830,9,1,Floor Tiling,Finishing,2024-02-28,2024-03-07,8,2.46,N,248
11831,9,1,Underground Drainage,Plumbing,2023-10-29,2023-11-14,16,0.99,Y,387
11832,9,3,Floor Tiling,Finishing,2022-11-08,2022-12-08,30,2.04,Y,208
11833,9,4,Underground Drainage,Plumbing,2022-08-03,2022-08-10,7,2.27,N,292
11834,9,4,Slab Shuttering and Pouring,Structural,2022-03-13,2022-03-21,8,2.16,N,419
11835,9,4,Water Supply Line Installation,Plumbing,2023-11-23,2023-12-28,35,1.19,Y,274
11836,9,2,Floor Tiling,Finishing,2022-03-05,2022-03-22,17,1.46,Y,468
11837,9,3,Painting and Polishing,Finishing,2023-02-24,2023-03-26,30,0.51,Y,475
11838,9,2,Internal Plastering,Finishing,2023-09-28,2023-10-15,17,2.11,N,293
11839,9,3,Column Casting,Structural,2022-06-28,2022-07-29,31,0.94,N,396
11840,9,3,Backfilling and Compaction,Civil,2024-03-10,2024-04-06,27,2.07,Y,459
11841,9,2,Cable Pulling,Electrical,2022-11-23,2022-12-23,30,2.85,Y,433
11842,9,2,Underground Drainage,Plumbing,2023-03-01,2023-03-23,22,0.44,N,69
11843,9,4,Slab Shuttering and Pouring,Structural,2022-03-08,2022-04-02,25,0.95,Y,436
11844,9,2,Backfilling and Compaction,Civil,2022-02-15,2022-03-25,38,2.45,Y,95
11845,9,3,Floor Tiling,Finishing,2023-10-28,2023-11-17,20,0.38,Y,410
11846,9,1,Internal Road Works,Civil,2023-08-27,2023-09-22,26,1.23,N,290
11847,9,2,Site Clearing and Grading,Civil,2022-07-04,2022-08-10,37,0.45,N,31
11848,9,1,Cable Pulling,Electrical,2024-02-12,2024-03-22,39,2.95,Y,28
11849,9,1,Water Supply Line Installation,Plumbing,2022-09-16,2022-09-26,10,1.43,N,359
11850,9,1,Footing Reinforcement Fixing,Structural,2023-10-26,2023-11-07,12,1.43,Y,104
11851,9,4,Site Clearing and Grading,Civil,2023-10-01,2023-11-08,38,2.15,Y,153
11852,9,1,Water Supply Line Installation,Plumbing,2022-12-11,2023-01-10,30,1.91,N,453
11853,9,2,Painting and Polishing,Finishing,2023-09-25,2023-10-24,29,2.98,N,404
11854,9,2,Floor Tiling,Finishing,2023-12-11,2024-01-20,40,2.03,N,271
11855,9,4,Internal Plastering,Finishing,2024-01-12,2024-01-31,19,0.43,Y,10
11856,9,3,Water Supply Line Installation,Plumbing,2023-09-16,2023-10-13,27,2.24,Y,204
11857,9,2,Site Clearing and Grading,Civil,2023-04-28,2023-05-19,21,2.65,Y,271
11858,9,1,Panel Installation,Electrical,2023-06-02,2023-06-15,13,1.13,N,236
11859,9,4,Internal Road Works,Civil,2024-04-08,2024-05-02,24,1.13,Y,308
11860,9,3,Underground Drainage,Plumbing,2022-10-26,2022-11-22,27,0.58,Y,271
11861,9,1,Cable Pulling,Electrical,2022-01-31,2022-02-13,13,0.82,N,119
11862,9,2,Backfilling and Compaction,Civil,2023-04-12,2023-05-20,38,1.0,N,164
11863,9,2,Site Clearing and Grading,Civil,2023-04-17,2023-05-14,27,1.27,Y,248
11864,9,1,Water Supply Line Installation,Plumbing,2023-09-26,2023-11-02,37,0.52,Y,344
11865,9,2,Slab Shuttering and Pouring,Structural,2022-05-21,2022-06-16,26,1.87,Y,466
11866,9,4,Water Supply Line Installation,Plumbing,2023-09-12,2023-10-08,26,1.62,Y,243
11867,9,2,Slab Shuttering and Pouring,Structural,2022-11-18,2022-12-04,16,0.9,Y,303
11868,9,3,Excavation for Foundations,Civil,2022-03-28,2022-05-06,39,2.74,Y,421
11869,9,2,Column Casting,Structural,2023-02-01,2023-03-04,31,2.0,N,421
11870,9,4,Slab Shuttering and Pouring,Structural,2024-02-24,2024-03-22,27,2.35,N,75
11871,9,3,Underground Drainage,Plumbing,2022-12-07,2022-12-16,9,0.62,Y,305
11872,9,4,Panel Installation,Electrical,2022-04-07,2022-04-28,21,0.53,Y,303
11873,9,2,Painting and Polishing,Finishing,2024-01-18,2024-02-25,38,1.27,Y,446
11874,9,4,Underground Drainage,Plumbing,2022-11-04,2022-11-20,16,2.72,Y,261
11875,9,2,Water Supply Line Installation,Plumbing,2023-02-14,2023-03-16,30,2.85,N,186
11876,9,4,Site Clearing and Grading,Civil,2022-12-29,2023-01-24,26,2.62,Y,80
11877,9,3,Underground Drainage,Plumbing,2022-11-28,2023-01-01,34,1.07,Y,453
11878,9,4,Conduit Laying,Electrical,2023-10-08,2023-11-13,36,1.34,N,14
11879,9,3,Water Supply Line Installation,Plumbing,2023-09-22,2023-10-07,15,1.28,Y,482
11880,9,2,Underground Drainage,Plumbing,2022-02-18,2022-03-28,38,0.75,Y,189
11881,9,1,Column Casting,Structural,2022-11-08,2022-12-02,24,0.96,Y,3
11882,9,3,Floor Tiling,Finishing,2022-01-29,2022-03-10,40,2.39,Y,174
11883,9,2,Water Supply Line Installation,Plumbing,2023-07-24,2023-08-09,16,1.47,N,89
11884,9,1,Column Casting,Structural,2023-09-17,2023-09-24,7,0.47,Y,211
11885,9,1,Conduit Laying,Electrical,2022-09-30,2022-10-18,18,0.48,N,147
11886,9,2,Cable Pulling,Electrical,2023-11-20,2023-12-05,15,2.44,N,161
11887,9,3,Conduit Laying,Electrical,2023-09-04,2023-10-13,39,1.42,Y,69
11888,9,1,Cable Pulling,Electrical,2023-07-19,2023-08-22,34,0.46,Y,29
11889,9,3,Column Casting,Structural,2023-01-10,2023-02-19,40,0.72,N,369
11890,9,3,Site Clearing and Grading,Civil,2022-04-03,2022-04-19,16,2.52,Y,91
11891,9,4,Backfilling and Compaction,Civil,2022-08-30,2022-09-26,27,0.43,Y,484
11892,9,3,Underground Drainage,Plumbing,2023-01-16,2023-02-13,28,0.68,N,276
11893,9,4,Site Clearing and Grading,Civil,2022-04-20,2022-05-24,34,0.86,N,253
11894,10,3,Underground Drainage,Plumbing,2023-11-12,2023-12-12,30,1.36,Y,466
11895,10,2,Panel Installation,Electrical,2022-10-28,2022-11-22,25,0.7,N,47
11896,10,3,Backfilling and Compaction,Civil,2023-08-17,2023-09-15,29,2.27,Y,66
11897,10,4,Water Supply Line Installation,Plumbing,2023-02-26,2023-03-16,18,0.82,N,121
11898,10,1,Beam Reinforcement Installation,Structural,2023-07-16,2023-08-01,16,1.81,N,316
11899,10,3,Water Supply Line Installation,Plumbing,2022-07-21,2022-08-04,14,2.92,Y,6
11900,10,2,Beam Reinforcement Installation,Structural,2023-09-19,2023-10-21,32,1.9,N,15
11901,10,1,Water Supply Line Installation,Plumbing,2023-03-04,2023-04-05,32,1.89,Y,118
11902,10,3,Site Clearing and Grading,Civil,2022-06-20,2022-07-16,26,2.46,Y,33
11903,10,1,Panel Installation,Electrical,2022-12-15,2023-01-15,31,1.18,N,284
11904,10,3,Painting and Polishing,Finishing,2022-12-20,2023-01-20,31,0.49,Y,286
11905,10,2,Conduit Laying,Electrical,2023-07-17,2023-08-17,31,2.31,N,124
11906,10,3,Backfilling and Compaction,Civil,2023-02-07,2023-03-04,25,0.63,N,134
11907,10,4,Underground Drainage,Plumbing,2023-06-17,2023-07-10,23,2.24,N,190
11908,10,1,Painting and Polishing,Finishing,2023-07-12,2023-08-09,28,2.98,N,51
11909,10,2,Site Clearing and Grading,Civil,2023-11-05,2023-11-15,10,1.07,N,41
11910,10,4,Water Supply Line Installation,Plumbing,2022-06-01,2022-06-20,19,0.37,N,308
11911,10,3,Underground Drainage,Plumbing,2022-12-07,2023-01-08,32,1.4,N,107
11912,10,3,Floor Tiling,Finishing,2022-07-26,2022-08-14,19,1.45,N,89
11913,10,4,Backfilling and Compaction,Civil,2023-03-30,2023-05-03,34,0.61,N,133
11914,10,4,Footing Reinforcement Fixing,Structural,2022-05-31,2022-07-07,37,2.91,N,343
11915,10,2,Cable Pulling,Electrical,2022-09-08,2022-10-14,36,0.51,Y,303
11916,10,4,Floor Tiling,Finishing,2023-04-11,2023-04-21,10,1.16,Y,237
11917,10,4,Slab Shuttering and Pouring,Structural,2023-06-14,2023-07-24,40,0.74,N,310
11918,10,3,Site Clearing and Grading,Civil,2022-06-20,2022-07-02,12,0.39,Y,202
11919,10,2,Underground Drainage,Plumbing,2022-12-26,2023-01-02,7,2.19,Y,71
11920,10,1,Cable Pulling,Electrical,2023-11-09,2023-12-05,26,1.25,N,172
11921,10,2,Cable Pulling,Electrical,2022-07-20,2022-08-29,40,0.33,Y,12
11922,10,2,Slab Shuttering and Pouring,Structural,2022-10-17,2022-10-26,9,1.16,N,135
11923,10,3,Backfilling and Compaction,Civil,2022-12-16,2023-01-08,23,2.82,Y,168
11924,10,2,Column Casting,Structural,2023-08-07,2023-08-19,12,0.69,Y,110
11925,10,4,Excavation for Foundations,Civil,2023-02-23,2023-04-04,40,2.51,N,344
11926,10,2,Beam Reinforcement Installation,Structural,2022-05-11,2022-05-22,11,0.71,N,195
11927,10,1,Conduit Laying,Electrical,2023-06-25,2023-07-31,36,2.78,Y,274
11928,10,1,Underground Drainage,Plumbing,2022-10-04,2022-10-25,21,0.52,N,75
11929,10,4,Painting and Polishing,Finishing,2023-02-11,2023-02-23,12,0.51,N,276
11930,10,4,Floor Tiling,Finishing,2023-06-18,2023-07-25,37,2.01,Y,213
11931,10,4,Internal Plastering,Finishing,2023-08-30,2023-09-08,9,0.86,Y,42
11932,10,2,Painting and Polishing,Finishing,2023-09-06,2023-09-19,13,2.15,Y,75
11933,10,2,Cable Pulling,Electrical,2023-05-28,2023-06-11,14,2.57,Y,104
11934,10,1,Underground Drainage,Plumbing,2022-08-08,2022-08-15,7,1.35,Y,479
11935,10,4,Underground Drainage,Plumbing,2023-01-18,2023-02-17,30,2.93,N,371
11936,10,3,Panel Installation,Electrical,2022-08-28,2022-09-28,31,2.89,Y,192
11937,10,4,Panel Installation,Electrical,2023-10-19,2023-11-23,35,1.87,Y,311
11938,10,1,Site Clearing and Grading,Civil,2022-12-10,2022-12-18,8,0.92,Y,38
11939,10,4,Internal Road Works,Civil,2022-12-18,2023-01-06,19,1.57,Y,229
11940,10,3,Internal Road Works,Civil,2023-02-18,2023-03-11,21,1.07,N,61
11941,10,2,Excavation for Foundations,Civil,2022-07-21,2022-08-19,29,2.71,Y,235
11942,10,1,Water Supply Line Installation,Plumbing,2023-08-13,2023-09-13,31,2.4,N,450
11943,10,2,Beam Reinforcement Installation,Structural,2022-06-30,2022-07-30,30,0.52,N,211
11944,10,1,Underground Drainage,Plumbing,2022-11-05,2022-12-10,35,2.55,N,238
11945,10,4,Floor Tiling,Finishing,2022-12-11,2023-01-11,31,0.56,N,93
11946,10,3,Underground Drainage,Plumbing,2022-11-29,2022-12-22,23,2.49,Y,34
11947,10,1,Underground Drainage,Plumbing,2022-09-05,2022-09-22,17,0.47,N,165
11948,10,4,Conduit Laying,Electrical,2022-05-31,2022-07-10,40,0.72,Y,355
11949,10,3,Painting and Polishing,Finishing,2022-12-11,2023-01-01,21,2.98,N,198
11950,10,3,Column Casting,Structural,2022-08-20,2022-09-06,17,1.4,N,5
11951,10,1,Footing Reinforcement Fixing,Structural,2022-05-15,2022-06-08,24,1.1,Y,375
11952,10,1,Site Clearing and Grading,Civil,2023-01-20,2023-02-06,17,0.9,N,259
11953,10,3,Water Supply Line Installation,Plumbing,2023-10-29,2023-11-07,9,1.91,N,52
11954,10,4,Internal Plastering,Finishing,2022-08-11,2022-09-09,29,1.43,Y,160
11955,10,2,Water Supply Line Installation,Plumbing,2023-08-18,2023-09-14,27,2.73,Y,152
11956,10,4,Beam Reinforcement Installation,Structural,2022-07-27,2022-08-30,34,0.55,Y,445
11957,10,4,Underground Drainage,Plumbing,2022-07-23,2022-08-04,12,1.3,Y,110
11958,10,2,Underground Drainage,Plumbing,2023-03-23,2023-04-13,21,1.41,Y,169
11959,10,1,Backfilling and Compaction,Civil,2022-04-30,2022-05-09,9,0.35,N,234
11960,10,3,Water Supply Line Installation,Plumbing,2022-06-27,2022-07-09,12,0.69,N,384
11961,10,4,Internal Plastering,Finishing,2023-09-07,2023-10-06,29,2.22,N,145
11962,10,2,Underground Drainage,Plumbing,2022-05-26,2022-06-29,34,1.33,Y,279
11963,10,2,Site Clearing and Grading,Civil,2022-08-06,2022-09-03,28,2.45,Y,120
11964,10,4,Underground Drainage,Plumbing,2022-08-30,2022-10-04,35,2.03,N,371
11965,10,2,Column Casting,Structural,2023-07-26,2023-08-14,19,1.05,Y,216
11966,10,1,Water Supply Line Installation,Plumbing,2024-01-01,2024-01-23,22,1.97,N,309
11967,10,2,Backfilling and Compaction,Civil,2023-06-14,2023-07-04,20,2.81,Y,251
11968,10,1,Backfilling and Compaction,Civil,2023-02-04,2023-02-28,24,1.59,N,402
11969,10,4,Conduit Laying,Electrical,2022-11-20,2022-12-21,31,1.51,N,494
11970,10,1,Excavation for Foundations,Civil,2022-09-07,2022-10-15,38,0.5,Y,216
11971,10,4,Conduit Laying,Electrical,2023-01-08,2023-01-19,11,1.68,Y,350
11972,10,1,Water Supply Line Installation,Plumbing,2022-05-06,2022-06-05,30,0.5,N,237
11973,10,2,Column Casting,Structural,2023-01-10,2023-02-05,26,1.17,Y,376
11974,10,3,Internal Road Works,Civil,2022-06-19,2022-07-05,16,1.08,Y,231
11975,10,3,Water Supply Line Installation,Plumbing,2023-05-05,2023-06-01,27,2.21,N,313
11976,10,4,Backfilling and Compaction,Civil,2023-09-15,2023-10-25,40,1.35,Y,104
11977,10,4,Internal Road Works,Civil,2023-02-28,2023-03-07,7,0.93,Y,59
11978,10,1,Underground Drainage,Plumbing,2023-03-01,2023-03-31,30,1.53,N,10
11979,10,3,Panel Installation,Electrical,2022-12-14,2023-01-11,28,0.69,N,125
11980,10,1,Cable Pulling,Electrical,2022-06-14,2022-07-08,24,1.9,Y,500
11981,10,1,Conduit Laying,Electrical,2022-12-28,2023-01-18,21,0.73,N,192
11982,10,2,Underground Drainage,Plumbing,2023-11-14,2023-12-06,22,1.96,N,480
11983,10,1,Conduit Laying,Electrical,2023-12-24,2024-01-17,24,1.32,N,451
11984,10,2,Water Supply Line Installation,Plumbing,2023-02-28,2023-03-30,30,2.73,N,352
11985,10,3,Cable Pulling,Electrical,2023-08-21,2023-09-02,12,1.89,N,197
11986,10,4,Water Supply Line Installation,Plumbing,2023-07-02,2023-07-31,29,2.42,Y,413
11987,10,3,Site Clearing and Grading,Civil,2023-02-12,2023-02-27,15,1.29,N,138
11988,10,4,Internal Road Works,Civil,2022-10-01,2022-10-31,30,0.57,N,214
11989,10,3,Water Supply Line Installation,Plumbing,2023-03-02,2023-03-25,23,2.85,Y,367
11990,10,4,Floor Tiling,Finishing,2022-09-14,2022-10-16,32,2.49,N,392
11991,10,1,Underground Drainage,Plumbing,2023-06-17,2023-07-16,29,1.75,Y,84
11992,10,2,Painting and Polishing,Finishing,2023-04-15,2023-04-23,8,2.55,Y,248
11993,10,1,Cable Pulling,Electrical,2023-10-11,2023-11-19,39,1.98,N,63
11994,10,2,Water Supply Line Installation,Plumbing,2022-05-31,2022-06-08,8,2.51,N,233
11995,10,3,Water Supply Line Installation,Plumbing,2023-09-10,2023-10-06,26,0.41,N,220
11996,10,2,Backfilling and Compaction,Civil,2023-10-25,2023-11-17,23,2.25,Y,368
11997,10,3,Painting and Polishing,Finishing,2022-06-16,2022-07-01,15,1.39,Y,254
11998,10,2,Backfilling and Compaction,Civil,2023-03-09,2023-04-12,34,2.15,Y,15
11999,10,3,Painting and Polishing,Finishing,2022-06-10,2022-07-02,22,0.79,Y,50
12000,10,3,Floor Tiling,Finishing,2023-11-14,2023-11-29,15,2.43,Y,12
12001,10,4,Excavation for Foundations,Civil,2023-11-08,2023-12-15,37,1.07,N,158
12002,10,4,Painting and Polishing,Finishing,2023-02-06,2023-03-18,40,1.8,N,206
12003,10,3,Floor Tiling,Finishing,2023-09-30,2023-10-18,18,1.79,Y,8
12004,10,1,Beam Reinforcement Installation,Structural,2023-09-30,2023-11-01,32,2.24,Y,195
12005,10,3,Underground Drainage,Plumbing,2022-07-30,2022-08-21,22,1.37,Y,336
12006,10,3,Conduit Laying,Electrical,2022-06-27,2022-07-12,15,2.99,N,346
12007,10,2,Underground Drainage,Plumbing,2023-01-18,2023-02-27,40,0.75,N,149
12008,10,1,Backfilling and Compaction,Civil,2023-07-19,2023-08-17,29,2.4,N,197
12009,10,1,Beam Reinforcement Installation,Structural,2022-11-15,2022-12-13,28,1.71,Y,441
12010,10,2,Beam Reinforcement Installation,Structural,2022-06-04,2022-06-12,8,1.36,N,4
12011,10,1,Floor Tiling,Finishing,2022-08-23,2022-09-17,25,2.19,Y,67
12012,10,2,Cable Pulling,Electrical,2022-07-28,2022-08-14,17,1.5,Y,137
12013,10,2,Excavation for Foundations,Civil,2023-07-27,2023-08-07,11,1.31,N,123
12014,10,3,Internal Road Works,Civil,2022-06-04,2022-07-04,30,1.38,Y,482
12015,10,2,Water Supply Line Installation,Plumbing,2023-10-26,2023-11-26,31,0.56,N,62
12016,10,3,Column Casting,Structural,2022-09-09,2022-10-12,33,2.99,N,31
12017,10,2,Column Casting,Structural,2023-08-25,2023-10-04,40,2.66,Y,20
12018,10,1,Site Clearing and Grading,Civil,2023-01-09,2023-02-09,31,1.21,N,222
12019,10,2,Conduit Laying,Electrical,2023-08-18,2023-09-09,22,2.73,N,343
12020,10,3,Painting and Polishing,Finishing,2023-07-28,2023-08-04,7,1.85,Y,173
12021,10,3,Cable Pulling,Electrical,2022-08-20,2022-09-12,23,1.83,Y,330
12022,10,1,Column Casting,Structural,2022-12-25,2023-01-24,30,1.96,Y,313
12023,10,2,Slab Shuttering and Pouring,Structural,2023-10-27,2023-11-26,30,2.69,Y,376
12024,10,2,Underground Drainage,Plumbing,2023-11-16,2023-12-07,21,0.49,Y,281
12025,10,1,Excavation for Foundations,Civil,2023-05-06,2023-06-14,39,2.89,N,93
12026,10,3,Column Casting,Structural,2023-03-24,2023-04-15,22,1.12,N,227
12027,10,3,Painting and Polishing,Finishing,2023-11-19,2023-12-18,29,1.26,N,270
12028,10,3,Slab Shuttering and Pouring,Structural,2023-06-21,2023-06-30,9,2.19,N,390
12029,10,4,Site Clearing and Grading,Civil,2022-07-24,2022-08-07,14,1.37,N,383
12030,10,4,Site Clearing and Grading,Civil,2022-08-27,2022-09-03,7,0.72,N,155
12031,10,2,Internal Road Works,Civil,2022-08-01,2022-08-28,27,1.91,Y,151
12032,10,2,Backfilling and Compaction,Civil,2023-04-20,2023-05-12,22,1.6,N,165
12033,10,4,Slab Shuttering and Pouring,Structural,2022-07-26,2022-08-16,21,0.58,Y,197
12034,10,2,Conduit Laying,Electrical,2023-09-23,2023-10-20,27,1.81,Y,75
12035,10,4,Painting and Polishing,Finishing,2023-10-15,2023-11-06,22,1.1,Y,396
12036,10,3,Column Casting,Structural,2023-09-16,2023-09-23,7,0.36,N,19
12037,10,2,Internal Plastering,Finishing,2023-07-24,2023-08-01,8,2.16,Y,109
12038,10,3,Beam Reinforcement Installation,Structural,2023-12-18,2024-01-27,40,2.59,N,494
12039,10,4,Cable Pulling,Electrical,2022-06-05,2022-06-29,24,1.29,Y,35
12040,10,4,Column Casting,Structural,2022-10-29,2022-11-08,10,2.15,N,92
12041,10,4,Cable Pulling,Electrical,2022-11-19,2022-12-06,17,1.57,N,63
12042,10,3,Floor Tiling,Finishing,2022-12-19,2023-01-16,28,1.93,N,168
12043,10,1,Slab Shuttering and Pouring,Structural,2023-12-08,2024-01-04,27,0.63,Y,248
12044,10,4,Slab Shuttering and Pouring,Structural,2022-12-27,2023-01-16,20,2.58,N,170
12045,10,3,Slab Shuttering and Pouring,Structural,2023-07-29,2023-08-09,11,1.53,Y,57
12046,10,3,Site Clearing and Grading,Civil,2023-08-23,2023-09-01,9,1.95,Y,294
12047,10,3,Site Clearing and Grading,Civil,2022-11-01,2022-11-12,11,2.37,Y,164
12048,10,3,Floor Tiling,Finishing,2023-11-09,2023-12-16,37,0.83,Y,127
12049,10,1,Backfilling and Compaction,Civil,2022-05-10,2022-05-31,21,2.8,Y,72
12050,10,4,Backfilling and Compaction,Civil,2023-05-31,2023-06-28,28,1.89,N,236
12051,10,3,Footing Reinforcement Fixing,Structural,2022-11-09,2022-12-12,33,1.03,Y,459
12052,10,4,Footing Reinforcement Fixing,Structural,2022-05-20,2022-06-23,34,0.77,Y,210
12053,10,3,Panel Installation,Electrical,2023-05-14,2023-06-23,40,1.63,Y,351
12054,10,1,Conduit Laying,Electrical,2023-07-23,2023-08-03,11,1.13,N,137
12055,10,2,Backfilling and Compaction,Civil,2023-12-04,2023-12-19,15,1.46,N,494
12056,10,1,Panel Installation,Electrical,2022-07-13,2022-08-09,27,2.38,Y,322
12057,10,1,Footing Reinforcement Fixing,Structural,2023-02-03,2023-03-05,30,1.48,Y,500
12058,10,4,Footing Reinforcement Fixing,Structural,2023-06-14,2023-06-28,14,0.93,Y,430
12059,10,1,Beam Reinforcement Installation,Structural,2023-09-30,2023-10-21,21,0.41,Y,100
12060,10,1,Slab Shuttering and Pouring,Structural,2023-04-30,2023-06-07,38,2.1,N,170
12061,10,2,Water Supply Line Installation,Plumbing,2023-07-17,2023-08-07,21,1.62,N,203
12062,10,2,Internal Plastering,Finishing,2023-03-13,2023-04-04,22,2.98,Y,469
12063,10,2,Underground Drainage,Plumbing,2023-10-04,2023-11-02,29,2.55,N,224
12064,10,3,Painting and Polishing,Finishing,2023-12-27,2024-01-24,28,0.82,Y,461
12065,10,1,Excavation for Foundations,Civil,2023-07-05,2023-07-23,18,1.96,N,363
12066,10,4,Backfilling and Compaction,Civil,2022-09-27,2022-10-10,13,2.68,Y,134
12067,10,2,Panel Installation,Electrical,2024-01-03,2024-01-25,22,2.29,N,59
12068,10,2,Beam Reinforcement Installation,Structural,2022-12-12,2023-01-12,31,1.17,Y,57
12069,10,4,Internal Plastering,Finishing,2023-05-31,2023-07-07,37,1.05,Y,384
12070,10,2,Footing Reinforcement Fixing,Structural,2022-06-11,2022-07-15,34,3.0,Y,49
12071,10,3,Slab Shuttering and Pouring,Structural,2023-10-05,2023-10-14,9,1.43,Y,335
12072,10,4,Beam Reinforcement Installation,Structural,2023-05-18,2023-06-16,29,0.48,N,325
12073,10,3,Internal Plastering,Finishing,2023-09-23,2023-10-17,24,1.17,N,267
12074,10,4,Excavation for Foundations,Civil,2023-01-22,2023-02-24,33,0.97,Y,354
12075,10,3,Beam Reinforcement Installation,Structural,2023-06-20,2023-07-23,33,1.7,Y,88
12076,10,1,Excavation for Foundations,Civil,2023-09-10,2023-09-27,17,0.97,Y,257
12077,10,3,Beam Reinforcement Installation,Structural,2023-05-08,2023-06-06,29,1.95,N,402
12078,10,4,Floor Tiling,Finishing,2022-05-01,2022-05-30,29,1.14,N,414
12079,10,4,Conduit Laying,Electrical,2022-05-16,2022-06-24,39,0.41,Y,420
12080,10,2,Underground Drainage,Plumbing,2023-12-17,2024-01-26,40,0.57,N,228
12081,10,4,Footing Reinforcement Fixing,Structural,2022-05-22,2022-06-06,15,1.32,N,421
12082,10,2,Internal Plastering,Finishing,2023-07-01,2023-07-08,7,3.0,Y,236
12083,10,4,Panel Installation,Electrical,2023-01-21,2023-02-13,23,0.49,N,500
12084,10,2,Footing Reinforcement Fixing,Structural,2022-08-03,2022-09-04,32,2.53,N,227
12085,10,2,Underground Drainage,Plumbing,2023-02-18,2023-03-03,13,2.26,Y,458
12086,10,4,Cable Pulling,Electrical,2022-10-14,2022-11-04,21,1.37,Y,446
12087,10,4,Panel Installation,Electrical,2022-11-06,2022-11-25,19,2.0,Y,179
12088,10,4,Footing Reinforcement Fixing,Structural,2023-05-14,2023-05-30,16,0.92,N,124
12089,10,4,Floor Tiling,Finishing,2022-11-06,2022-12-09,33,2.97,N,186
12090,10,1,Panel Installation,Electrical,2023-03-08,2023-03-29,21,2.26,N,303
12091,10,1,Panel Installation,Electrical,2023-01-11,2023-02-07,27,2.15,Y,444
12092,10,1,Painting and Polishing,Finishing,2023-08-31,2023-09-28,28,2.68,N,453
12093,10,3,Water Supply Line Installation,Plumbing,2022-06-05,2022-06-26,21,1.06,Y,203
12094,10,3,Water Supply Line Installation,Plumbing,2023-11-29,2024-01-06,38,0.8,Y,167
12095,10,3,Internal Road Works,Civil,2023-06-05,2023-07-05,30,2.44,N,201
12096,10,2,Cable Pulling,Electrical,2023-10-16,2023-11-03,18,1.58,N,274
12097,10,3,Underground Drainage,Plumbing,2023-05-08,2023-05-28,20,1.68,Y,292
12098,10,4,Internal Road Works,Civil,2023-10-21,2023-11-30,40,1.82,N,338
12099,10,3,Panel Installation,Electrical,2023-07-28,2023-09-05,39,1.67,Y,231
12100,10,1,Underground Drainage,Plumbing,2023-12-04,2024-01-12,39,2.58,N,248
12101,10,3,Cable Pulling,Electrical,2023-03-09,2023-03-18,9,1.59,N,165
12102,10,1,Painting and Polishing,Finishing,2023-10-25,2023-11-17,23,2.41,Y,57
12103,10,1,Painting and Polishing,Finishing,2023-02-08,2023-02-27,19,1.18,Y,345
12104,10,3,Slab Shuttering and Pouring,Structural,2023-04-03,2023-05-02,29,2.2,N,490
12105,10,2,Backfilling and Compaction,Civil,2022-06-15,2022-07-14,29,1.94,Y,285
12106,10,1,Water Supply Line Installation,Plumbing,2023-01-03,2023-02-06,34,2.86,N,78
12107,10,3,Floor Tiling,Finishing,2023-03-04,2023-04-02,29,1.02,N,258
12108,10,4,Water Supply Line Installation,Plumbing,2023-04-20,2023-05-10,20,1.04,Y,495
12109,10,2,Column Casting,Structural,2022-12-26,2023-01-25,30,0.75,Y,418
12110,10,4,Panel Installation,Electrical,2023-12-10,2024-01-02,23,0.68,N,228
12111,10,2,Panel Installation,Electrical,2023-07-15,2023-08-15,31,1.09,N,25
12112,10,4,Panel Installation,Electrical,2022-12-02,2023-01-07,36,1.55,Y,195
12113,10,1,Conduit Laying,Electrical,2023-08-06,2023-09-13,38,2.32,N,311
12114,10,1,Backfilling and Compaction,Civil,2022-09-04,2022-09-18,14,0.64,Y,418
12115,10,4,Panel Installation,Electrical,2023-01-27,2023-02-14,18,2.12,N,453
12116,10,1,Backfilling and Compaction,Civil,2022-08-26,2022-09-24,29,2.48,N,360
12117,10,1,Water Supply Line Installation,Plumbing,2023-05-06,2023-06-05,30,2.95,Y,313
12118,10,2,Cable Pulling,Electrical,2023-06-04,2023-06-15,11,1.71,N,386
12119,10,1,Painting and Polishing,Finishing,2022-09-06,2022-09-18,12,0.45,Y,114
12120,10,2,Excavation for Foundations,Civil,2023-06-29,2023-08-01,33,0.93,N,253
12121,10,2,Beam Reinforcement Installation,Structural,2022-06-03,2022-06-29,26,1.85,N,247
12122,10,4,Excavation for Foundations,Civil,2023-10-11,2023-11-04,24,1.92,N,217
12123,11,1,Floor Tiling,Finishing,2023-12-26,2024-01-06,11,0.63,N,44
12124,11,4,Internal Road Works,Civil,2023-04-16,2023-04-28,12,1.99,N,267
12125,11,1,Footing Reinforcement Fixing,Structural,2022-05-29,2022-06-06,8,1.66,Y,134
12126,11,1,Backfilling and Compaction,Civil,2023-12-06,2024-01-02,27,0.72,N,389
12127,11,1,Beam Reinforcement Installation,Structural,2023-01-15,2023-02-12,28,1.6,Y,230
12128,11,2,Underground Drainage,Plumbing,2022-06-20,2022-07-21,31,1.06,Y,123
12129,11,1,Painting and Polishing,Finishing,2023-06-13,2023-07-16,33,0.97,Y,56
12130,11,1,Column Casting,Structural,2023-06-21,2023-07-09,18,0.73,Y,152
12131,11,3,Internal Road Works,Civil,2022-09-30,2022-10-24,24,1.23,N,409
12132,11,3,Slab Shuttering and Pouring,Structural,2023-10-05,2023-11-10,36,2.81,N,335
12133,11,1,Underground Drainage,Plumbing,2023-02-18,2023-03-24,34,2.58,N,500
12134,11,2,Conduit Laying,Electrical,2022-11-27,2022-12-29,32,1.21,Y,337
12135,11,2,Panel Installation,Electrical,2023-12-18,2024-01-11,24,1.66,N,126
12136,11,1,Column Casting,Structural,2023-10-19,2023-11-01,13,0.55,Y,406
12137,11,2,Water Supply Line Installation,Plumbing,2023-06-28,2023-07-20,22,2.94,N,226
12138,11,2,Excavation for Foundations,Civil,2024-03-04,2024-04-08,35,1.89,N,335
12139,11,3,Column Casting,Structural,2022-06-11,2022-07-18,37,1.22,N,93
12140,11,1,Conduit Laying,Electrical,2023-07-21,2023-08-02,12,2.95,Y,64
12141,11,2,Cable Pulling,Electrical,2023-01-08,2023-01-26,18,0.51,N,468
12142,11,3,Excavation for Foundations,Civil,2023-07-12,2023-08-16,35,1.5,N,157
12143,11,4,Slab Shuttering and Pouring,Structural,2022-08-19,2022-09-26,38,1.42,N,379
12144,11,1,Backfilling and Compaction,Civil,2023-02-24,2023-03-29,33,0.45,N,57
12145,11,3,Excavation for Foundations,Civil,2023-03-17,2023-04-04,18,1.45,N,411
12146,11,4,Beam Reinforcement Installation,Structural,2023-07-20,2023-08-20,31,1.16,N,307
12147,11,1,Internal Plastering,Finishing,2023-10-24,2023-11-20,27,2.34,Y,380
12148,11,2,Conduit Laying,Electrical,2023-06-24,2023-07-20,26,2.39,Y,101
12149,11,1,Column Casting,Structural,2022-06-27,2022-07-07,10,2.78,N,491
12150,11,2,Excavation for Foundations,Civil,2023-08-14,2023-09-09,26,1.46,N,24
12151,11,1,Panel Installation,Electrical,2022-08-08,2022-09-11,34,2.29,Y,475
12152,11,4,Panel Installation,Electrical,2023-09-13,2023-10-04,21,1.76,N,176
12153,11,4,Cable Pulling,Electrical,2022-09-25,2022-10-16,21,1.35,Y,14
12154,11,3,Site Clearing and Grading,Civil,2022-12-14,2022-12-29,15,0.43,Y,102
12155,11,4,Underground Drainage,Plumbing,2023-08-09,2023-08-30,21,2.87,N,32
12156,11,3,Water Supply Line Installation,Plumbing,2022-05-18,2022-06-02,15,1.55,Y,188
12157,11,3,Internal Road Works,Civil,2022-08-02,2022-08-24,22,1.36,N,359
12158,11,4,Water Supply Line Installation,Plumbing,2023-01-20,2023-02-23,34,1.69,Y,380
12159,11,3,Internal Plastering,Finishing,2023-09-25,2023-10-13,18,2.32,N,418
12160,11,3,Painting and Polishing,Finishing,2024-01-29,2024-02-29,31,1.12,Y,475
12161,11,3,Beam Reinforcement Installation,Structural,2022-05-30,2022-06-11,12,0.85,N,149
12162,11,4,Beam Reinforcement Installation,Structural,2023-01-17,2023-02-07,21,0.7,N,98
12163,11,1,Excavation for Foundations,Civil,2023-10-07,2023-10-17,10,1.39,Y,463
12164,11,1,Panel Installation,Electrical,2023-08-29,2023-10-04,36,0.42,Y,484
12165,11,2,Footing Reinforcement Fixing,Structural,2024-01-14,2024-02-14,31,2.0,N,330
12166,11,4,Floor Tiling,Finishing,2022-05-02,2022-06-05,34,0.59,N,433
12167,11,3,Beam Reinforcement Installation,Structural,2023-07-25,2023-08-20,26,2.3,N,21
12168,11,4,Cable Pulling,Electrical,2024-02-01,2024-03-12,40,1.01,N,210
12169,11,4,Underground Drainage,Plumbing,2023-08-21,2023-09-09,19,2.35,N,327
12170,11,4,Footing Reinforcement Fixing,Structural,2023-02-27,2023-03-14,15,0.89,Y,364
12171,11,2,Excavation for Foundations,Civil,2022-10-04,2022-10-11,7,2.81,Y,265
12172,11,2,Cable Pulling,Electrical,2023-10-13,2023-10-26,13,1.17,Y,396
12173,11,1,Underground Drainage,Plumbing,2023-05-22,2023-06-10,19,1.34,N,426
12174,11,3,Excavation for Foundations,Civil,2022-05-07,2022-06-02,26,0.98,N,65
12175,11,1,Site Clearing and Grading,Civil,2023-06-02,2023-06-29,27,0.64,Y,257
12176,11,2,Floor Tiling,Finishing,2022-05-08,2022-05-26,18,0.68,Y,122
12177,11,3,Water Supply Line Installation,Plumbing,2023-11-01,2023-11-14,13,1.33,N,381
12178,11,3,Footing Reinforcement Fixing,Structural,2023-02-13,2023-03-23,38,1.86,N,43
12179,11,3,Internal Road Works,Civil,2022-08-23,2022-09-26,34,1.47,N,426
12180,11,2,Footing Reinforcement Fixing,Structural,2023-10-24,2023-11-11,18,0.91,N,187
12181,11,3,Footing Reinforcement Fixing,Structural,2022-09-07,2022-09-25,18,2.48,N,301
12182,11,2,Internal Plastering,Finishing,2023-02-28,2023-04-06,37,1.64,Y,473
12183,11,3,Conduit Laying,Electrical,2022-04-18,2022-05-23,35,0.54,Y,321
12184,11,2,Column Casting,Structural,2023-08-20,2023-09-03,14,0.92,N,279
12185,11,4,Underground Drainage,Plumbing,2023-04-16,2023-05-26,40,1.15,Y,470
12186,11,1,Internal Road Works,Civil,2022-06-10,2022-06-21,11,1.38,Y,222
12187,11,1,Floor Tiling,Finishing,2023-12-22,2024-01-08,17,1.69,N,199
12188,11,3,Underground Drainage,Plumbing,2022-12-08,2022-12-23,15,2.93,N,129
12189,11,1,Conduit Laying,Electrical,2022-06-08,2022-06-19,11,1.76,N,326
12190,11,2,Internal Plastering,Finishing,2022-08-25,2022-09-13,19,1.16,Y,315
12191,11,3,Conduit Laying,Electrical,2023-01-24,2023-02-26,33,2.84,Y,158
12192,11,1,Internal Plastering,Finishing,2023-04-26,2023-05-27,31,2.39,N,290
12193,11,4,Painting and Polishing,Finishing,2023-07-30,2023-09-02,34,1.41,N,173
12194,11,2,Internal Plastering,Finishing,2023-05-15,2023-06-01,17,0.32,Y,354
12195,11,3,Beam Reinforcement Installation,Structural,2023-02-11,2023-03-21,38,2.04,N,3
12196,11,1,Conduit Laying,Electrical,2022-07-16,2022-08-17,32,0.87,N,322
12197,11,3,Excavation for Foundations,Civil,2023-10-03,2023-10-19,16,0.54,N,382
12198,11,4,Panel Installation,Electrical,2022-09-12,2022-10-21,39,1.29,N,391
12199,11,4,Backfilling and Compaction,Civil,2023-07-24,2023-07-31,7,1.41,N,159
12200,11,3,Painting and Polishing,Finishing,2024-01-12,2024-02-07,26,1.68,N,57
12201,11,3,Conduit Laying,Electrical,2024-02-19,2024-03-15,25,1.64,Y,3
12202,11,3,Internal Plastering,Finishing,2023-12-07,2023-12-27,20,2.76,Y,109
12203,11,3,Painting and Polishing,Finishing,2022-08-16,2022-09-12,27,0.92,Y,346
12204,11,1,Column Casting,Structural,2022-08-20,2022-09-27,38,2.84,Y,392
12205,11,4,Footing Reinforcement Fixing,Structural,2023-12-30,2024-02-04,36,2.75,Y,74
12206,11,1,Underground Drainage,Plumbing,2023-05-12,2023-05-22,10,2.87,N,252
12207,11,2,Conduit Laying,Electrical,2022-12-01,2022-12-27,26,2.6,Y,90
12208,11,1,Painting and Polishing,Finishing,2022-05-07,2022-06-13,37,1.84,N,249
12209,11,4,Floor Tiling,Finishing,2022-12-09,2023-01-11,33,1.27,N,255
12210,11,1,Internal Plastering,Finishing,2023-11-29,2024-01-03,35,1.2,Y,172
12211,11,1,Panel Installation,Electrical,2022-09-26,2022-10-31,35,0.9,Y,405
12212,11,4,Beam Reinforcement Installation,Structural,2023-08-01,2023-08-22,21,2.02,N,378
12213,11,4,Site Clearing and Grading,Civil,2024-01-02,2024-02-07,36,1.09,Y,343
12214,11,3,Internal Plastering,Finishing,2023-05-20,2023-06-15,26,0.54,N,199
12215,11,4,Column Casting,Structural,2022-11-25,2022-12-04,9,1.47,Y,27
12216,11,3,Site Clearing and Grading,Civil,2022-10-26,2022-11-03,8,0.77,Y,141
12217,11,3,Panel Installation,Electrical,2023-07-13,2023-07-28,15,0.58,Y,432
12218,11,2,Footing Reinforcement Fixing,Structural,2023-11-30,2023-12-28,28,2.26,N,277
12219,11,1,Internal Plastering,Finishing,2022-07-28,2022-09-02,36,1.45,N,416
12220,11,1,Cable Pulling,Electrical,2022-10-26,2022-11-13,18,1.68,Y,168
12221,11,3,Water Supply Line Installation,Plumbing,2023-05-04,2023-06-07,34,1.23,N,50
12222,11,3,Slab Shuttering and Pouring,Structural,2022-04-25,2022-06-04,40,2.45,Y,111
12223,11,1,Underground Drainage,Plumbing,2023-03-06,2023-04-01,26,0.45,N,165
12224,11,4,Footing Reinforcement Fixing,Structural,2022-10-05,2022-10-13,8,2.0,N,227
12225,11,2,Internal Road Works,Civil,2022-06-25,2022-07-28,33,1.85,N,342
12226,11,2,Panel Installation,Electrical,2023-06-11,2023-07-21,40,2.76,N,119
12227,11,4,Conduit Laying,Electrical,2023-04-02,2023-04-26,24,2.22,Y,491
12228,11,1,Underground Drainage,Plumbing,2022-07-26,2022-09-04,40,0.98,Y,210
12229,11,2,Internal Road Works,Civil,2024-01-06,2024-02-05,30,0.79,N,462
12230,11,3,Water Supply Line Installation,Plumbing,2023-12-14,2023-12-23,9,1.93,N,423
12231,11,2,Painting and Polishing,Finishing,2022-05-07,2022-05-18,11,0.59,N,100
12232,11,2,Conduit Laying,Electrical,2023-03-19,2023-04-05,17,0.37,Y,225
12233,11,2,Panel Installation,Electrical,2022-05-28,2022-06-24,27,1.85,Y,100
12234,11,2,Cable Pulling,Electrical,2022-07-04,2022-08-02,29,2.98,N,331
12235,11,3,Excavation for Foundations,Civil,2022-12-16,2023-01-13,28,2.38,Y,449
12236,11,1,Backfilling and Compaction,Civil,2023-10-04,2023-10-14,10,1.51,Y,298
12237,11,1,Slab Shuttering and Pouring,Structural,2022-08-14,2022-09-12,29,1.2,N,18
12238,11,4,Excavation for Foundations,Civil,2024-01-28,2024-02-15,18,0.59,Y,167
12239,11,1,Underground Drainage,Plumbing,2023-10-31,2023-12-01,31,2.6,N,411
12240,11,4,Water Supply Line Installation,Plumbing,2023-11-13,2023-11-23,10,2.17,Y,7
12241,11,4,Column Casting,Structural,2023-10-19,2023-11-05,17,0.71,Y,445
12242,11,2,Water Supply Line Installation,Plumbing,2022-06-02,2022-06-13,11,2.28,Y,384
12243,11,4,Beam Reinforcement Installation,Structural,2023-04-09,2023-04-29,20,2.2,Y,390
12244,11,2,Backfilling and Compaction,Civil,2022-09-30,2022-10-15,15,2.15,N,175
12245,11,3,Underground Drainage,Plumbing,2022-12-05,2022-12-29,24,0.68,N,446
12246,11,3,Conduit Laying,Electrical,2022-10-21,2022-11-24,34,0.33,Y,185
12247,11,2,Floor Tiling,Finishing,2023-10-22,2023-11-14,23,0.32,Y,238
12248,11,3,Slab Shuttering and Pouring,Structural,2022-08-11,2022-08-29,18,0.94,N,454
12249,11,2,Floor Tiling,Finishing,2023-09-05,2023-09-28,23,0.32,Y,72
12250,11,1,Water Supply Line Installation,Plumbing,2023-03-13,2023-04-12,30,1.67,Y,458
12251,11,3,Underground Drainage,Plumbing,2022-05-19,2022-06-26,38,2.8,N,399
12252,11,2,Column Casting,Structural,2022-09-27,2022-10-15,18,2.96,N,361
12253,11,3,Cable Pulling,Electrical,2023-08-24,2023-09-07,14,2.97,Y,20
12254,11,4,Floor Tiling,Finishing,2023-12-09,2024-01-05,27,0.39,Y,357
12255,11,3,Panel Installation,Electrical,2023-02-07,2023-02-25,18,2.87,N,236
12256,11,4,Water Supply Line Installation,Plumbing,2022-04-16,2022-05-22,36,1.56,Y,146
12257,11,4,Floor Tiling,Finishing,2023-01-27,2023-02-24,28,0.77,N,383
12258,11,4,Site Clearing and Grading,Civil,2023-02-13,2023-03-11,26,0.89,N,402
12259,11,1,Internal Plastering,Finishing,2023-12-03,2023-12-24,21,1.74,N,171
12260,11,3,Backfilling and Compaction,Civil,2023-09-10,2023-10-14,34,2.97,Y,306
12261,11,4,Conduit Laying,Electrical,2023-06-17,2023-06-29,12,0.33,N,105
12262,11,3,Internal Road Works,Civil,2023-08-09,2023-09-12,34,2.88,N,245
12263,11,1,Footing Reinforcement Fixing,Structural,2022-06-26,2022-07-03,7,0.48,N,227
12264,11,4,Internal Plastering,Finishing,2023-09-30,2023-10-26,26,2.33,Y,341
12265,11,3,Water Supply Line Installation,Plumbing,2022-09-26,2022-10-11,15,1.18,Y,489
12266,11,1,Slab Shuttering and Pouring,Structural,2023-03-29,2023-04-06,8,1.56,Y,14
12267,11,3,Backfilling and Compaction,Civil,2023-01-08,2023-02-08,31,2.91,N,354
12268,11,2,Site Clearing and Grading,Civil,2024-02-12,2024-03-04,21,1.67,N,265
12269,11,1,Footing Reinforcement Fixing,Structural,2022-05-05,2022-05-23,18,2.17,Y,435
12270,11,4,Cable Pulling,Electrical,2022-09-18,2022-09-29,11,1.88,N,157
12271,11,2,Underground Drainage,Plumbing,2023-12-02,2023-12-26,24,1.43,N,39
12272,11,2,Underground Drainage,Plumbing,2023-02-11,2023-03-22,39,2.63,N,275
12273,11,4,Panel Installation,Electrical,2023-08-04,2023-09-02,29,1.36,N,405
12274,11,3,Water Supply Line Installation,Plumbing,2022-07-26,2022-08-20,25,1.34,Y,71
12275,11,3,Internal Road Works,Civil,2022-06-17,2022-07-14,27,1.16,Y,258
12276,11,3,Slab Shuttering and Pouring,Structural,2023-10-08,2023-10-27,19,2.68,Y,142
12277,11,1,Cable Pulling,Electrical,2023-06-10,2023-06-25,15,1.13,N,486
12278,11,3,Internal Road Works,Civil,2023-11-02,2023-11-19,17,2.06,N,499
12279,11,4,Water Supply Line Installation,Plumbing,2023-04-20,2023-05-01,11,2.61,N,285
12280,11,4,Excavation for Foundations,Civil,2023-04-07,2023-04-30,23,1.85,N,407
12281,11,1,Painting and Polishing,Finishing,2023-08-05,2023-08-28,23,2.57,Y,154
12282,11,4,Excavation for Foundations,Civil,2022-05-29,2022-06-22,24,1.01,N,99
12283,11,1,Water Supply Line Installation,Plumbing,2022-11-30,2022-12-10,10,2.66,N,189
12284,11,3,Footing Reinforcement Fixing,Structural,2022-05-15,2022-06-05,21,1.15,N,427
12285,11,3,Beam Reinforcement Installation,Structural,2024-01-21,2024-02-26,36,1.87,N,281
12286,11,3,Column Casting,Structural,2024-01-11,2024-01-22,11,1.74,N,466
12287,11,4,Painting and Polishing,Finishing,2022-09-19,2022-10-11,22,2.02,N,120
12288,11,3,Conduit Laying,Electrical,2022-05-27,2022-06-27,31,1.01,Y,484
12289,11,3,Water Supply Line Installation,Plumbing,2022-07-14,2022-08-12,29,0.59,N,109
12290,11,4,Water Supply Line Installation,Plumbing,2024-02-08,2024-03-05,26,2.66,Y,469
12291,11,3,Floor Tiling,Finishing,2022-07-23,2022-08-19,27,1.86,Y,410
12292,11,3,Internal Road Works,Civil,2022-09-06,2022-10-16,40,2.13,Y,150
12293,11,3,Footing Reinforcement Fixing,Structural,2023-05-15,2023-06-04,20,2.39,N,76
12294,11,3,Cable Pulling,Electrical,2023-02-10,2023-03-09,27,2.69,Y,31
12295,11,4,Panel Installation,Electrical,2023-04-07,2023-05-09,32,2.47,N,359
12296,11,2,Column Casting,Structural,2023-08-12,2023-09-13,32,0.87,N,333
12297,11,4,Panel Installation,Electrical,2023-08-23,2023-09-28,36,2.79,Y,205
12298,11,1,Footing Reinforcement Fixing,Structural,2023-12-13,2023-12-25,12,2.94,N,260
12299,11,1,Panel Installation,Electrical,2023-03-21,2023-03-31,10,0.85,N,456
12300,11,1,Painting and Polishing,Finishing,2022-11-22,2022-12-06,14,1.11,Y,269
12301,11,4,Slab Shuttering and Pouring,Structural,2023-03-20,2023-04-20,31,1.87,N,112
12302,11,1,Slab Shuttering and Pouring,Structural,2023-12-08,2024-01-08,31,2.57,Y,337
12303,11,4,Conduit Laying,Electrical,2023-11-26,2023-12-24,28,1.41,N,300
12304,11,4,Beam Reinforcement Installation,Structural,2023-02-23,2023-03-05,10,1.06,Y,97
12305,11,3,Panel Installation,Electrical,2023-09-01,2023-09-28,27,0.56,Y,120
12306,11,2,Panel Installation,Electrical,2023-04-18,2023-05-12,24,0.46,Y,381
12307,11,1,Internal Plastering,Finishing,2022-12-25,2023-02-01,38,2.2,N,302
12308,11,2,Painting and Polishing,Finishing,2024-02-06,2024-02-28,22,0.42,N,34
12309,11,2,Water Supply Line Installation,Plumbing,2024-02-19,2024-03-12,22,1.77,N,323
12310,11,3,Backfilling and Compaction,Civil,2023-05-31,2023-06-23,23,0.91,N,65
12311,11,1,Conduit Laying,Electrical,2023-12-21,2024-01-08,18,1.67,N,235
12312,11,3,Conduit Laying,Electrical,2023-08-24,2023-09-23,30,2.93,Y,102
12313,11,4,Internal Plastering,Finishing,2023-09-13,2023-09-29,16,2.51,N,228
12314,11,1,Water Supply Line Installation,Plumbing,2022-12-19,2023-01-22,34,1.8,N,102
12315,11,2,Underground Drainage,Plumbing,2022-11-16,2022-12-13,27,0.78,Y,86
12316,11,4,Underground Drainage,Plumbing,2022-06-09,2022-07-19,40,1.08,Y,248
12317,11,1,Underground Drainage,Plumbing,2023-03-20,2023-04-28,39,0.56,Y,147
12318,11,3,Water Supply Line Installation,Plumbing,2023-04-14,2023-05-10,26,1.0,Y,274
12319,11,1,Water Supply Line Installation,Plumbing,2023-01-02,2023-01-09,7,1.32,N,221
12320,11,4,Underground Drainage,Plumbing,2022-05-30,2022-07-09,40,2.59,Y,277
12321,11,4,Internal Road Works,Civil,2023-10-27,2023-11-27,31,2.49,Y,335
12322,11,4,Slab Shuttering and Pouring,Structural,2023-01-06,2023-01-18,12,0.92,N,260
12323,11,2,Excavation for Foundations,Civil,2022-12-08,2022-12-15,7,0.48,N,346
12324,11,1,Floor Tiling,Finishing,2022-04-27,2022-05-19,22,1.23,Y,328
12325,11,3,Cable Pulling,Electrical,2023-06-10,2023-06-23,13,1.55,Y,19
12326,11,1,Water Supply Line Installation,Plumbing,2023-08-06,2023-08-18,12,1.24,N,46
12327,11,3,Backfilling and Compaction,Civil,2023-05-09,2023-06-01,23,0.82,N,245
12328,11,1,Internal Road Works,Civil,2024-03-04,2024-03-31,27,2.35,N,124
12329,11,4,Internal Road Works,Civil,2023-11-30,2023-12-07,7,2.15,N,28
12330,11,3,Cable Pulling,Electrical,2022-05-01,2022-05-23,22,1.85,Y,25
12331,11,2,Column Casting,Structural,2023-03-16,2023-03-29,13,2.76,N,15
12332,11,4,Underground Drainage,Plumbing,2023-11-19,2023-12-29,40,0.53,N,16
12333,11,3,Site Clearing and Grading,Civil,2022-05-02,2022-06-04,33,2.34,N,459
12334,11,4,Painting and Polishing,Finishing,2023-08-13,2023-09-14,32,1.89,Y,484
12335,11,1,Cable Pulling,Electrical,2022-05-05,2022-05-13,8,1.77,N,165
12336,11,2,Footing Reinforcement Fixing,Structural,2022-09-17,2022-10-06,19,1.43,N,236
12337,11,1,Underground Drainage,Plumbing,2022-06-25,2022-07-20,25,2.73,Y,68
12338,11,2,Excavation for Foundations,Civil,2022-11-26,2022-12-13,17,0.83,N,125
12339,11,4,Floor Tiling,Finishing,2022-12-09,2023-01-16,38,2.8,Y,99
12340,12,2,Beam Reinforcement Installation,Structural,2022-09-23,2022-10-05,12,1.03,Y,81
12341,12,3,Backfilling and Compaction,Civil,2023-12-26,2024-01-13,18,1.35,Y,455
12342,12,2,Column Casting,Structural,2024-05-04,2024-05-29,25,2.17,Y,182
12343,12,2,Underground Drainage,Plumbing,2024-05-28,2024-06-18,21,1.72,N,216
12344,12,2,Underground Drainage,Plumbing,2022-11-03,2022-11-10,7,1.25,Y,230
12345,12,3,Panel Installation,Electrical,2022-08-03,2022-09-09,37,1.37,N,192
12346,12,1,Floor Tiling,Finishing,2022-06-27,2022-07-20,23,0.97,Y,448
12347,12,2,Panel Installation,Electrical,2022-11-30,2022-12-29,29,1.1,N,113
12348,12,2,Internal Plastering,Finishing,2022-12-04,2022-12-30,26,1.43,Y,484
12349,12,1,Internal Road Works,Civil,2022-06-21,2022-07-02,11,2.94,Y,492
12350,12,1,Water Supply Line Installation,Plumbing,2024-05-18,2024-06-20,33,0.92,Y,280
12351,12,3,Panel Installation,Electrical,2023-01-02,2023-02-11,40,0.79,N,161
12352,12,3,Slab Shuttering and Pouring,Structural,2023-12-28,2024-01-23,26,2.33,N,345
12353,12,2,Panel Installation,Electrical,2023-02-03,2023-02-23,20,2.39,Y,483
12354,12,4,Floor Tiling,Finishing,2022-04-06,2022-05-08,32,2.37,N,44
12355,12,1,Underground Drainage,Plumbing,2023-05-23,2023-06-25,33,1.26,N,124
12356,12,4,Backfilling and Compaction,Civil,2024-05-01,2024-05-22,21,2.38,Y,87
12357,12,1,Conduit Laying,Electrical,2023-08-18,2023-09-05,18,1.8,N,27
12358,12,4,Footing Reinforcement Fixing,Structural,2023-05-22,2023-06-22,31,1.75,N,119
12359,12,1,Cable Pulling,Electrical,2022-08-06,2022-09-14,39,0.57,N,363
12360,12,4,Painting and Polishing,Finishing,2022-10-13,2022-10-30,17,2.25,N,249
12361,12,4,Excavation for Foundations,Civil,2022-07-20,2022-08-23,34,0.76,N,276
12362,12,4,Panel Installation,Electrical,2022-09-25,2022-10-11,16,2.48,Y,17
12363,12,1,Beam Reinforcement Installation,Structural,2022-06-25,2022-08-02,38,2.26,Y,372
12364,12,2,Footing Reinforcement Fixing,Structural,2022-11-02,2022-11-21,19,2.0,N,439
12365,12,3,Cable Pulling,Electrical,2023-02-16,2023-03-24,36,0.82,Y,137
12366,12,3,Column Casting,Structural,2023-11-16,2023-12-19,33,2.51,Y,144
12367,12,3,Internal Plastering,Finishing,2024-04-22,2024-05-13,21,0.62,Y,492
12368,12,3,Beam Reinforcement Installation,Structural,2023-08-25,2023-10-04,40,2.99,Y,372
12369,12,4,Floor Tiling,Finishing,2024-01-22,2024-02-09,18,2.53,N,404
12370,12,4,Water Supply Line Installation,Plumbing,2023-03-29,2023-04-13,15,2.92,N,225
12371,12,4,Backfilling and Compaction,Civil,2022-04-23,2022-05-04,11,1.51,Y,251
12372,12,4,Panel Installation,Electrical,2022-04-09,2022-04-29,20,0.78,Y,138
12373,12,4,Site Clearing and Grading,Civil,2024-02-24,2024-03-15,20,2.12,Y,254
12374,12,3,Footing Reinforcement Fixing,Structural,2024-03-29,2024-05-02,34,1.39,Y,481
12375,12,2,Water Supply Line Installation,Plumbing,2023-10-09,2023-10-31,22,0.34,N,288
12376,12,2,Cable Pulling,Electrical,2023-05-15,2023-05-27,12,2.27,N,380
12377,12,4,Underground Drainage,Plumbing,2023-05-17,2023-06-07,21,2.46,Y,136
12378,12,2,Floor Tiling,Finishing,2024-03-15,2024-04-06,22,0.88,N,299
12379,12,1,Underground Drainage,Plumbing,2022-07-13,2022-08-12,30,2.4,N,252
12380,12,4,Water Supply Line Installation,Plumbing,2022-07-07,2022-07-15,8,2.36,N,321
12381,12,2,Water Supply Line Installation,Plumbing,2023-10-28,2023-11-24,27,1.61,Y,21
12382,12,3,Cable Pulling,Electrical,2023-02-10,2023-03-06,24,0.88,Y,188
12383,12,4,Panel Installation,Electrical,2022-07-20,2022-08-10,21,2.87,Y,297
12384,12,3,Cable Pulling,Electrical,2024-04-14,2024-05-16,32,1.66,Y,193
12385,12,2,Column Casting,Structural,2024-03-12,2024-03-30,18,2.1,Y,449
12386,12,1,Backfilling and Compaction,Civil,2023-02-25,2023-03-22,25,1.76,N,456
12387,12,2,Internal Plastering,Finishing,2022-12-17,2023-01-23,37,2.36,Y,265
12388,12,3,Footing Reinforcement Fixing,Structural,2022-07-03,2022-07-20,17,1.04,Y,267
12389,12,3,Floor Tiling,Finishing,2022-11-10,2022-12-07,27,1.27,Y,330
12390,12,3,Column Casting,Structural,2024-03-19,2024-04-25,37,2.81,Y,403
12391,12,3,Beam Reinforcement Installation,Structural,2023-01-15,2023-02-07,23,2.16,N,370
12392,12,4,Underground Drainage,Plumbing,2023-10-28,2023-11-29,32,1.28,Y,156
12393,12,4,Column Casting,Structural,2023-03-23,2023-04-03,11,1.78,N,134
12394,12,2,Footing Reinforcement Fixing,Structural,2022-08-28,2022-09-16,19,0.72,Y,491
12395,12,4,Footing Reinforcement Fixing,Structural,2022-09-14,2022-10-01,17,2.18,N,147
12396,12,3,Slab Shuttering and Pouring,Structural,2023-07-30,2023-09-07,39,1.4,N,99
12397,12,4,Beam Reinforcement Installation,Structural,2023-11-25,2023-12-29,34,0.83,N,179
12398,12,3,Water Supply Line Installation,Plumbing,2022-09-14,2022-10-07,23,2.36,N,472
12399,12,4,Conduit Laying,Electrical,2023-02-08,2023-02-22,14,3.0,N,158
12400,12,4,Excavation for Foundations,Civil,2023-11-11,2023-12-09,28,2.09,Y,414
12401,12,1,Excavation for Foundations,Civil,2022-05-17,2022-06-05,19,1.6,Y,256
12402,12,1,Underground Drainage,Plumbing,2024-03-03,2024-03-18,15,1.69,N,390
12403,12,1,Column Casting,Structural,2022-09-23,2022-10-16,23,1.54,N,146
12404,12,3,Conduit Laying,Electrical,2023-10-20,2023-10-28,8,2.22,Y,378
12405,12,4,Underground Drainage,Plumbing,2022-10-23,2022-11-29,37,1.21,Y,272
12406,12,2,Excavation for Foundations,Civil,2023-01-15,2023-02-02,18,0.52,Y,496
12407,12,3,Panel Installation,Electrical,2022-12-10,2022-12-21,11,0.99,N,232
12408,12,4,Water Supply Line Installation,Plumbing,2023-02-10,2023-03-12,30,2.46,N,21
12409,12,4,Underground Drainage,Plumbing,2023-01-22,2023-02-20,29,2.94,N,133
12410,12,3,Backfilling and Compaction,Civil,2023-05-16,2023-06-18,33,1.11,Y,111
12411,12,4,Slab Shuttering and Pouring,Structural,2024-05-26,2024-06-15,20,2.09,N,294
12412,12,2,Painting and Polishing,Finishing,2022-10-19,2022-11-07,19,1.77,N,431
12413,12,2,Internal Plastering,Finishing,2024-05-06,2024-05-19,13,0.67,Y,330
12414,12,1,Site Clearing and Grading,Civil,2024-03-15,2024-04-07,23,2.23,Y,185
12415,12,3,Panel Installation,Electrical,2022-12-31,2023-02-04,35,0.6,N,352
12416,12,2,Painting and Polishing,Finishing,2023-04-20,2023-04-29,9,2.01,Y,171
12417,12,2,Painting and Polishing,Finishing,2022-05-09,2022-06-03,25,1.88,Y,197
12418,12,1,Beam Reinforcement Installation,Structural,2024-01-09,2024-01-20,11,2.97,Y,109
12419,12,2,Cable Pulling,Electrical,2022-04-15,2022-05-19,34,2.28,N,343
12420,12,4,Conduit Laying,Electrical,2023-09-27,2023-11-03,37,1.05,N,6
12421,12,2,Beam Reinforcement Installation,Structural,2023-03-25,2023-04-08,14,2.45,Y,101
12422,12,4,Backfilling and Compaction,Civil,2024-05-25,2024-06-20,26,0.33,Y,265
12423,12,1,Slab Shuttering and Pouring,Structural,2023-06-21,2023-07-11,20,1.96,Y,318
12424,12,2,Excavation for Foundations,Civil,2023-04-01,2023-04-25,24,0.81,Y,295
12425,12,3,Cable Pulling,Electrical,2022-05-19,2022-06-18,30,2.98,N,394
12426,12,3,Cable Pulling,Electrical,2023-07-02,2023-08-04,33,1.84,Y,156
12427,12,2,Floor Tiling,Finishing,2023-01-15,2023-02-10,26,2.7,Y,357
12428,12,2,Conduit Laying,Electrical,2023-07-13,2023-07-30,17,2.99,N,121
12429,12,1,Water Supply Line Installation,Plumbing,2022-08-03,2022-08-23,20,2.02,Y,439
12430,12,3,Panel Installation,Electrical,2023-02-03,2023-03-13,38,1.12,N,362
12431,12,1,Beam Reinforcement Installation,Structural,2023-05-21,2023-06-19,29,0.8,N,363
12432,12,4,Conduit Laying,Electrical,2023-03-10,2023-03-22,12,1.59,Y,429
12433,12,2,Internal Road Works,Civil,2024-02-19,2024-03-28,38,2.99,N,314
12434,12,1,Beam Reinforcement Installation,Structural,2023-02-27,2023-04-07,39,2.72,Y,89
12435,12,1,Site Clearing and Grading,Civil,2022-05-20,2022-06-21,32,2.3,Y,92
12436,12,2,Underground Drainage,Plumbing,2022-10-14,2022-11-11,28,2.69,Y,155
12437,12,4,Slab Shuttering and Pouring,Structural,2024-03-06,2024-03-17,11,1.28,Y,102
12438,12,3,Water Supply Line Installation,Plumbing,2022-05-08,2022-05-29,21,1.19,N,228
12439,12,3,Panel Installation,Electrical,2023-08-09,2023-09-08,30,1.65,N,72
12440,12,3,Underground Drainage,Plumbing,2023-05-01,2023-05-10,9,2.24,N,471
12441,12,2,Panel Installation,Electrical,2024-04-18,2024-05-18,30,1.76,N,54
12442,12,1,Beam Reinforcement Installation,Structural,2022-12-25,2023-01-29,35,2.78,Y,310
12443,12,1,Slab Shuttering and Pouring,Structural,2024-01-10,2024-02-02,23,2.55,N,167
12444,12,3,Internal Road Works,Civil,2022-07-16,2022-07-23,7,2.17,Y,439
12445,12,4,Painting and Polishing,Finishing,2023-07-12,2023-08-17,36,2.82,N,212
12446,12,2,Column Casting,Structural,2023-10-05,2023-11-10,36,1.13,Y,231
12447,12,4,Underground Drainage,Plumbing,2024-02-04,2024-02-11,7,2.58,N,5
12448,12,4,Internal Road Works,Civil,2024-01-25,2024-02-11,17,0.92,N,89
12449,12,1,Painting and Polishing,Finishing,2023-02-28,2023-03-18,18,2.79,N,1
12450,12,3,Underground Drainage,Plumbing,2023-09-15,2023-09-23,8,0.38,N,445
12451,12,4,Underground Drainage,Plumbing,2022-12-24,2023-01-09,16,2.13,Y,335
12452,12,2,Underground Drainage,Plumbing,2022-10-22,2022-11-13,22,1.18,Y,359
12453,12,1,Backfilling and Compaction,Civil,2024-04-10,2024-04-24,14,2.05,N,206
12454,12,3,Slab Shuttering and Pouring,Structural,2022-09-16,2022-09-23,7,0.41,N,200
12455,12,2,Internal Plastering,Finishing,2022-12-29,2023-01-09,11,2.19,Y,42
12456,12,4,Underground Drainage,Plumbing,2022-10-01,2022-11-07,37,2.88,Y,328
12457,12,1,Conduit Laying,Electrical,2024-01-02,2024-02-09,38,1.79,N,95
12458,12,3,Slab Shuttering and Pouring,Structural,2023-02-05,2023-02-27,22,2.9,Y,369
12459,12,1,Slab Shuttering and Pouring,Structural,2022-05-17,2022-06-01,15,1.69,N,285
12460,12,2,Footing Reinforcement Fixing,Structural,2022-11-18,2022-12-02,14,1.57,N,422
12461,12,4,Underground Drainage,Plumbing,2024-04-13,2024-05-16,33,2.64,Y,393
12462,12,2,Backfilling and Compaction,Civil,2024-02-19,2024-03-03,13,2.17,Y,43
12463,12,4,Floor Tiling,Finishing,2022-11-30,2022-12-16,16,1.75,N,474
12464,12,2,Backfilling and Compaction,Civil,2023-07-29,2023-08-23,25,0.37,N,57
12465,12,2,Conduit Laying,Electrical,2023-04-05,2023-04-28,23,1.07,Y,432
12466,12,2,Conduit Laying,Electrical,2023-05-28,2023-06-17,20,2.61,Y,455
12467,12,4,Internal Plastering,Finishing,2023-03-18,2023-04-11,24,2.09,Y,139
12468,12,2,Water Supply Line Installation,Plumbing,2023-07-14,2023-08-16,33,1.26,Y,443
12469,12,3,Internal Plastering,Finishing,2023-05-17,2023-06-25,39,2.4,Y,164
12470,12,1,Internal Plastering,Finishing,2023-02-25,2023-03-06,9,0.68,Y,286
12471,12,3,Cable Pulling,Electrical,2022-09-12,2022-09-21,9,1.67,Y,357
12472,12,1,Internal Road Works,Civil,2023-12-31,2024-01-07,7,1.35,Y,103
12473,12,4,Column Casting,Structural,2023-02-18,2023-03-11,21,1.25,N,76
12474,12,3,Cable Pulling,Electrical,2023-12-27,2024-01-05,9,2.0,Y,184
12475,12,4,Water Supply Line Installation,Plumbing,2023-11-05,2023-12-03,28,0.95,Y,297
12476,12,3,Painting and Polishing,Finishing,2024-03-26,2024-04-22,27,2.93,Y,329
12477,12,2,Panel Installation,Electrical,2023-05-02,2023-06-04,33,2.77,Y,255
12478,12,4,Internal Plastering,Finishing,2022-05-30,2022-07-07,38,2.61,Y,301
12479,12,1,Beam Reinforcement Installation,Structural,2022-08-31,2022-10-08,38,0.79,Y,224
12480,12,3,Conduit Laying,Electrical,2024-04-02,2024-05-07,35,1.61,N,286
12481,12,4,Painting and Polishing,Finishing,2023-12-22,2024-01-22,31,1.45,Y,301
12482,12,3,Cable Pulling,Electrical,2024-03-20,2024-03-31,11,2.16,Y,103
12483,12,2,Underground Drainage,Plumbing,2024-03-06,2024-03-19,13,0.75,Y,275
12484,12,2,Cable Pulling,Electrical,2024-03-12,2024-04-15,34,1.04,N,457
12485,12,3,Floor Tiling,Finishing,2023-10-01,2023-10-21,20,0.61,Y,134
12486,12,4,Underground Drainage,Plumbing,2024-05-25,2024-06-19,25,1.69,Y,158
12487,12,2,Panel Installation,Electrical,2022-04-29,2022-05-13,14,1.32,N,445
12488,12,3,Internal Plastering,Finishing,2024-01-23,2024-02-18,26,0.61,N,52
12489,12,4,Water Supply Line Installation,Plumbing,2023-07-20,2023-08-21,32,2.3,Y,327
12490,12,1,Panel Installation,Electrical,2022-04-03,2022-05-13,40,1.26,N,422
12491,12,2,Backfilling and Compaction,Civil,2022-12-20,2023-01-11,22,1.3,N,198
12492,12,2,Site Clearing and Grading,Civil,2023-11-03,2023-11-13,10,2.12,Y,216
12493,12,4,Footing Reinforcement Fixing,Structural,2023-04-08,2023-04-21,13,2.16,N,261
12494,12,1,Water Supply Line Installation,Plumbing,2022-07-30,2022-08-15,16,1.41,Y,483
12495,12,4,Painting and Polishing,Finishing,2022-12-13,2023-01-04,22,1.07,Y,366
12496,12,1,Cable Pulling,Electrical,2022-08-03,2022-08-14,11,1.8,Y,440
12497,12,3,Water Supply Line Installation,Plumbing,2022-09-09,2022-10-11,32,2.41,Y,493
12498,12,4,Beam Reinforcement Installation,Structural,2023-04-01,2023-04-08,7,2.56,Y,157
12499,12,3,Beam Reinforcement Installation,Structural,2024-03-17,2024-04-19,33,0.72,Y,432
12500,12,2,Excavation for Foundations,Civil,2022-08-29,2022-09-17,19,2.66,Y,341
12501,12,3,Painting and Polishing,Finishing,2022-06-15,2022-06-24,9,1.96,N,185
12502,12,4,Slab Shuttering and Pouring,Structural,2023-04-16,2023-05-21,35,1.89,Y,277
12503,12,4,Slab Shuttering and Pouring,Structural,2023-09-14,2023-10-10,26,2.79,N,53
12504,12,4,Cable Pulling,Electrical,2023-11-09,2023-11-20,11,2.0,Y,47
12505,12,3,Conduit Laying,Electrical,2024-01-16,2024-02-07,22,1.23,N,219
12506,12,3,Panel Installation,Electrical,2022-11-14,2022-12-20,36,2.57,Y,35
12507,12,4,Cable Pulling,Electrical,2022-11-27,2022-12-06,9,2.75,N,246
12508,12,1,Water Supply Line Installation,Plumbing,2023-07-11,2023-07-29,18,2.6,Y,58
12509,12,1,Conduit Laying,Electrical,2023-09-12,2023-10-04,22,2.38,N,167
12510,12,4,Painting and Polishing,Finishing,2023-12-02,2024-01-07,36,0.85,N,221
12511,12,1,Internal Plastering,Finishing,2023-12-18,2024-01-07,20,1.93,Y,472
12512,12,3,Internal Plastering,Finishing,2022-10-04,2022-10-13,9,1.91,Y,215
12513,12,2,Underground Drainage,Plumbing,2024-04-26,2024-05-21,25,0.74,N,241
12514,12,4,Water Supply Line Installation,Plumbing,2024-04-20,2024-05-09,19,1.56,Y,452
12515,12,2,Floor Tiling,Finishing,2023-05-09,2023-05-29,20,2.33,N,143
12516,12,1,Excavation for Foundations,Civil,2022-08-18,2022-09-05,18,2.13,N,134
12517,12,4,Conduit Laying,Electrical,2022-09-20,2022-10-02,12,2.03,N,155
12518,12,2,Conduit Laying,Electrical,2022-11-05,2022-12-13,38,0.62,Y,473
12519,12,3,Internal Plastering,Finishing,2023-05-15,2023-06-09,25,0.97,N,411
12520,12,2,Internal Plastering,Finishing,2022-09-14,2022-09-22,8,2.19,Y,482
12521,12,4,Backfilling and Compaction,Civil,2024-05-09,2024-06-10,32,0.79,N,305
12522,12,4,Underground Drainage,Plumbing,2022-12-14,2023-01-10,27,0.51,N,45
12523,12,2,Floor Tiling,Finishing,2022-12-02,2023-01-08,37,2.12,N,107
12524,12,2,Site Clearing and Grading,Civil,2022-08-20,2022-09-22,33,2.78,N,295
12525,12,4,Underground Drainage,Plumbing,2022-04-28,2022-05-23,25,1.12,Y,460
12526,12,3,Cable Pulling,Electrical,2024-05-08,2024-06-10,33,1.86,Y,404
12527,12,2,Water Supply Line Installation,Plumbing,2023-09-03,2023-09-28,25,2.86,Y,134
12528,12,2,Footing Reinforcement Fixing,Structural,2023-04-18,2023-05-05,17,0.54,N,212
12529,12,3,Panel Installation,Electrical,2023-03-21,2023-04-10,20,1.86,N,25
12530,13,4,Internal Plastering,Finishing,2022-11-23,2022-12-11,18,1.31,N,132
12531,13,2,Water Supply Line Installation,Plumbing,2023-07-12,2023-08-12,31,1.56,N,205
12532,13,2,Water Supply Line Installation,Plumbing,2022-12-25,2023-01-11,17,2.93,N,343
12533,13,4,Slab Shuttering and Pouring,Structural,2022-03-09,2022-04-14,36,2.42,N,484
12534,13,3,Footing Reinforcement Fixing,Structural,2022-04-05,2022-04-16,11,0.66,N,441
12535,13,2,Site Clearing and Grading,Civil,2022-09-02,2022-09-16,14,0.6,Y,466
12536,13,4,Slab Shuttering and Pouring,Structural,2022-12-09,2022-12-23,14,1.09,Y,99
12537,13,3,Underground Drainage,Plumbing,2022-06-09,2022-07-08,29,2.57,Y,429
12538,13,3,Floor Tiling,Finishing,2023-08-01,2023-08-27,26,0.51,N,82
12539,13,2,Underground Drainage,Plumbing,2023-01-12,2023-02-19,38,2.34,Y,72
12540,13,1,Water Supply Line Installation,Plumbing,2023-05-24,2023-06-12,19,0.44,N,429
12541,13,3,Floor Tiling,Finishing,2023-08-03,2023-08-24,21,2.64,N,74
12542,13,3,Backfilling and Compaction,Civil,2023-08-03,2023-09-03,31,2.9,N,374
12543,13,2,Underground Drainage,Plumbing,2022-07-07,2022-08-04,28,2.42,N,377
12544,13,4,Floor Tiling,Finishing,2022-07-28,2022-08-14,17,2.32,N,70
12545,13,2,Beam Reinforcement Installation,Structural,2022-05-15,2022-06-03,19,2.36,N,189
12546,13,3,Floor Tiling,Finishing,2023-07-07,2023-08-05,29,0.61,Y,208
12547,13,1,Panel Installation,Electrical,2022-07-09,2022-08-04,26,0.91,Y,428
12548,13,2,Excavation for Foundations,Civil,2022-10-11,2022-11-11,31,2.98,Y,13
12549,13,3,Underground Drainage,Plumbing,2023-09-06,2023-10-04,28,2.2,Y,408
12550,13,2,Slab Shuttering and Pouring,Structural,2023-02-14,2023-02-22,8,1.6,Y,342
12551,13,1,Excavation for Foundations,Civil,2023-05-01,2023-05-11,10,1.51,Y,197
12552,13,2,Panel Installation,Electrical,2023-08-18,2023-08-28,10,2.83,Y,105
12553,13,3,Underground Drainage,Plumbing,2022-07-11,2022-08-18,38,2.74,Y,477
12554,13,2,Water Supply Line Installation,Plumbing,2022-05-15,2022-06-16,32,2.58,N,359
12555,13,3,Underground Drainage,Plumbing,2023-04-15,2023-05-10,25,0.41,N,237
12556,13,1,Internal Plastering,Finishing,2023-06-15,2023-07-02,17,1.62,N,301
12557,13,3,Water Supply Line Installation,Plumbing,2022-12-22,2023-01-28,37,2.41,Y,157
12558,13,4,Underground Drainage,Plumbing,2023-02-20,2023-03-17,25,2.85,N,396
12559,13,1,Internal Plastering,Finishing,2022-12-27,2023-01-23,27,0.95,N,434
12560,13,3,Conduit Laying,Electrical,2023-08-03,2023-08-18,15,2.25,N,498
12561,13,4,Internal Plastering,Finishing,2022-11-01,2022-12-10,39,0.87,N,268
12562,13,2,Slab Shuttering and Pouring,Structural,2023-08-07,2023-09-10,34,1.14,N,484
12563,13,3,Excavation for Foundations,Civil,2022-08-08,2022-09-05,28,2.14,Y,366
12564,13,2,Excavation for Foundations,Civil,2022-10-18,2022-11-08,21,1.53,N,285
12565,13,4,Beam Reinforcement Installation,Structural,2023-04-09,2023-04-30,21,1.51,N,397
12566,13,1,Internal Road Works,Civil,2023-03-09,2023-04-11,33,1.21,Y,165
12567,13,2,Excavation for Foundations,Civil,2022-03-25,2022-04-21,27,2.17,Y,272
12568,13,3,Underground Drainage,Plumbing,2022-08-12,2022-08-21,9,0.33,Y,194
12569,13,3,Underground Drainage,Plumbing,2022-07-02,2022-07-24,22,2.99,N,87
12570,13,3,Internal Road Works,Civil,2022-12-30,2023-01-10,11,2.91,Y,276
12571,13,1,Site Clearing and Grading,Civil,2023-09-22,2023-10-02,10,2.23,Y,255
12572,13,1,Internal Plastering,Finishing,2023-02-18,2023-03-12,22,2.79,Y,47
12573,13,1,Column Casting,Structural,2022-11-12,2022-12-12,30,2.71,N,492
12574,13,1,Water Supply Line Installation,Plumbing,2022-07-12,2022-07-29,17,2.22,Y,437
12575,13,3,Conduit Laying,Electrical,2023-05-07,2023-06-05,29,2.01,Y,419
12576,13,2,Backfilling and Compaction,Civil,2022-09-25,2022-10-29,34,0.64,N,60
12577,13,1,Excavation for Foundations,Civil,2022-06-19,2022-07-29,40,1.45,Y,203
12578,13,3,Conduit Laying,Electrical,2023-07-06,2023-07-24,18,0.5,Y,219
12579,13,3,Conduit Laying,Electrical,2023-06-03,2023-06-17,14,2.32,Y,498
12580,13,1,Underground Drainage,Plumbing,2022-04-19,2022-05-25,36,2.76,N,421
12581,13,1,Floor Tiling,Finishing,2022-05-02,2022-05-30,28,2.48,N,419
12582,13,2,Beam Reinforcement Installation,Structural,2022-03-10,2022-03-20,10,2.66,Y,387
12583,13,4,Internal Road Works,Civil,2023-03-23,2023-04-10,18,0.42,Y,176
12584,13,1,Water Supply Line Installation,Plumbing,2022-06-04,2022-06-25,21,2.31,N,377
12585,13,4,Internal Road Works,Civil,2022-06-30,2022-07-15,15,1.03,Y,2
12586,13,1,Slab Shuttering and Pouring,Structural,2023-01-09,2023-01-27,18,0.34,N,316
12587,13,4,Panel Installation,Electrical,2022-07-13,2022-07-31,18,0.94,Y,385
12588,13,1,Internal Plastering,Finishing,2023-02-22,2023-03-18,24,2.27,Y,311
12589,13,1,Slab Shuttering and Pouring,Structural,2022-10-05,2022-11-05,31,2.89,N,373
12590,13,3,Water Supply Line Installation,Plumbing,2023-06-19,2023-07-27,38,2.37,Y,19
12591,13,1,Column Casting,Structural,2022-07-24,2022-08-12,19,2.4,N,148
12592,13,1,Internal Plastering,Finishing,2023-08-16,2023-09-24,39,1.02,Y,429
12593,13,3,Panel Installation,Electrical,2023-01-05,2023-02-01,27,1.31,Y,203
12594,13,2,Underground Drainage,Plumbing,2022-08-01,2022-09-06,36,2.9,N,253
12595,13,1,Conduit Laying,Electrical,2023-07-27,2023-08-18,22,1.37,N,426
12596,13,1,Floor Tiling,Finishing,2022-07-06,2022-08-06,31,2.97,N,304
12597,13,4,Backfilling and Compaction,Civil,2023-05-31,2023-06-12,12,2.75,Y,42
12598,13,3,Column Casting,Structural,2023-01-26,2023-02-13,18,2.64,Y,301
12599,13,1,Water Supply Line Installation,Plumbing,2022-09-27,2022-10-20,23,1.95,Y,2
12600,13,4,Backfilling and Compaction,Civil,2022-08-07,2022-09-16,40,2.78,N,20
12601,13,1,Floor Tiling,Finishing,2023-10-12,2023-11-08,27,2.33,N,343
12602,13,4,Internal Plastering,Finishing,2022-06-04,2022-07-12,38,0.37,N,496
12603,13,4,Internal Plastering,Finishing,2023-09-30,2023-11-04,35,2.46,Y,275
12604,13,1,Floor Tiling,Finishing,2023-09-14,2023-09-23,9,2.94,Y,116
12605,13,3,Underground Drainage,Plumbing,2023-09-02,2023-10-10,38,2.1,Y,140
12606,13,1,Footing Reinforcement Fixing,Structural,2022-06-09,2022-06-17,8,0.8,N,438
12607,13,1,Cable Pulling,Electrical,2022-07-14,2022-08-12,29,1.92,N,101
12608,13,3,Painting and Polishing,Finishing,2022-11-02,2022-11-21,19,2.63,Y,249
12609,13,3,Excavation for Foundations,Civil,2023-03-29,2023-04-13,15,2.98,N,495
12610,13,1,Panel Installation,Electrical,2022-06-02,2022-06-27,25,2.73,Y,149
12611,13,3,Floor Tiling,Finishing,2023-01-09,2023-02-06,28,1.99,Y,451
12612,13,4,Floor Tiling,Finishing,2023-09-09,2023-09-21,12,2.81,N,188
12613,13,2,Backfilling and Compaction,Civil,2022-07-05,2022-08-07,33,2.94,Y,482
12614,13,3,Cable Pulling,Electrical,2023-07-24,2023-08-21,28,2.72,Y,186
12615,13,4,Water Supply Line Installation,Plumbing,2022-08-03,2022-09-06,34,0.34,N,226
12616,13,1,Column Casting,Structural,2022-06-12,2022-06-19,7,0.44,N,303
12617,13,2,Painting and Polishing,Finishing,2023-02-23,2023-03-22,27,1.32,Y,469
12618,13,4,Conduit Laying,Electrical,2023-03-14,2023-04-05,22,2.94,Y,309
12619,13,1,Water Supply Line Installation,Plumbing,2022-08-13,2022-08-22,9,1.27,N,419
12620,13,2,Beam Reinforcement Installation,Structural,2022-04-02,2022-04-17,15,2.08,N,40
12621,13,1,Painting and Polishing,Finishing,2022-10-19,2022-11-24,36,0.5,N,151
12622,13,3,Slab Shuttering and Pouring,Structural,2023-04-29,2023-06-07,39,1.89,Y,207
12623,13,4,Cable Pulling,Electrical,2023-08-07,2023-08-28,21,2.0,N,430
12624,13,1,Internal Road Works,Civil,2022-06-18,2022-07-20,32,2.6,N,11
12625,13,3,Column Casting,Structural,2022-04-16,2022-04-24,8,1.23,N,402
12626,13,3,Beam Reinforcement Installation,Structural,2023-06-19,2023-06-30,11,2.67,Y,318
12627,13,3,Panel Installation,Electrical,2022-09-20,2022-10-15,25,2.62,N,247
12628,13,2,Slab Shuttering and Pouring,Structural,2023-06-04,2023-07-11,37,0.61,N,482
12629,13,4,Underground Drainage,Plumbing,2023-05-21,2023-06-09,19,0.4,N,395
12630,13,4,Internal Plastering,Finishing,2022-08-11,2022-08-28,17,0.98,Y,324
12631,13,3,Internal Road Works,Civil,2022-08-19,2022-09-02,14,2.06,N,16
12632,13,4,Backfilling and Compaction,Civil,2023-02-23,2023-03-20,25,1.93,N,124
12633,13,1,Footing Reinforcement Fixing,Structural,2023-10-10,2023-10-20,10,0.85,N,250
12634,13,3,Slab Shuttering and Pouring,Structural,2022-10-16,2022-11-16,31,2.97,Y,261
12635,13,4,Underground Drainage,Plumbing,2023-07-10,2023-08-16,37,0.66,N,386
12636,13,1,Backfilling and Compaction,Civil,2022-05-23,2022-07-02,40,2.17,N,328
12637,13,2,Column Casting,Structural,2022-05-16,2022-06-18,33,2.97,N,66
12638,13,2,Conduit Laying,Electrical,2022-08-07,2022-09-13,37,2.46,Y,5
12639,13,3,Water Supply Line Installation,Plumbing,2023-06-25,2023-08-02,38,2.64,N,99
12640,13,4,Excavation for Foundations,Civil,2023-03-20,2023-04-04,15,0.37,N,145
12641,13,1,Underground Drainage,Plumbing,2023-07-13,2023-07-27,14,2.53,Y,116
12642,13,2,Painting and Polishing,Finishing,2023-01-06,2023-01-27,21,2.81,N,374
12643,13,4,Slab Shuttering and Pouring,Structural,2022-09-03,2022-10-06,33,2.69,Y,175
12644,13,2,Floor Tiling,Finishing,2022-08-15,2022-08-29,14,1.79,Y,47
12645,13,4,Floor Tiling,Finishing,2022-06-23,2022-07-20,27,1.34,N,284
12646,13,1,Footing Reinforcement Fixing,Structural,2023-03-05,2023-03-15,10,2.66,N,355
12647,13,1,Water Supply Line Installation,Plumbing,2022-10-10,2022-11-13,34,1.97,N,346
12648,13,4,Conduit Laying,Electrical,2023-02-04,2023-03-09,33,1.83,N,153
12649,13,3,Underground Drainage,Plumbing,2023-02-12,2023-02-26,14,0.81,Y,432
12650,13,1,Slab Shuttering and Pouring,Structural,2023-01-24,2023-02-10,17,0.84,N,73
12651,13,1,Panel Installation,Electrical,2022-09-08,2022-09-21,13,1.09,N,57
12652,13,2,Conduit Laying,Electrical,2022-09-15,2022-10-17,32,1.22,Y,68
12653,13,3,Conduit Laying,Electrical,2022-09-09,2022-10-05,26,0.9,N,468
12654,13,1,Water Supply Line Installation,Plumbing,2022-05-06,2022-06-07,32,2.11,Y,43
12655,13,2,Floor Tiling,Finishing,2022-06-02,2022-06-26,24,2.09,Y,441
12656,13,3,Internal Plastering,Finishing,2023-03-06,2023-04-02,27,2.0,Y,96
12657,13,3,Backfilling and Compaction,Civil,2022-12-13,2023-01-04,22,1.25,Y,165
12658,13,4,Painting and Polishing,Finishing,2022-08-01,2022-09-10,40,1.0,N,390
12659,13,3,Excavation for Foundations,Civil,2023-03-28,2023-05-02,35,0.61,N,20
12660,13,1,Excavation for Foundations,Civil,2023-10-09,2023-10-27,18,2.46,N,147
12661,13,3,Backfilling and Compaction,Civil,2023-08-24,2023-09-20,27,0.87,N,152
12662,13,3,Underground Drainage,Plumbing,2022-08-02,2022-08-31,29,1.12,N,348
12663,13,2,Slab Shuttering and Pouring,Structural,2022-07-27,2022-09-01,36,0.42,Y,297
12664,13,2,Slab Shuttering and Pouring,Structural,2022-07-01,2022-08-09,39,1.63,Y,114
12665,13,2,Panel Installation,Electrical,2023-07-26,2023-08-18,23,2.15,N,263
12666,13,1,Conduit Laying,Electrical,2022-12-03,2022-12-18,15,2.35,Y,300
12667,13,3,Underground Drainage,Plumbing,2023-02-06,2023-03-04,26,1.44,N,120
12668,13,4,Internal Road Works,Civil,2023-01-30,2023-02-27,28,0.71,N,105
12669,13,1,Excavation for Foundations,Civil,2023-01-03,2023-01-13,10,2.7,Y,143
12670,13,2,Painting and Polishing,Finishing,2022-09-09,2022-10-05,26,1.57,Y,394
12671,13,4,Water Supply Line Installation,Plumbing,2023-02-06,2023-02-28,22,2.66,Y,54
12672,13,1,Internal Road Works,Civil,2023-07-14,2023-08-17,34,0.68,N,145
12673,13,2,Floor Tiling,Finishing,2023-04-15,2023-04-24,9,0.48,Y,1
12674,13,3,Footing Reinforcement Fixing,Structural,2023-06-26,2023-07-15,19,2.43,N,224
12675,13,2,Backfilling and Compaction,Civil,2022-12-27,2023-01-22,26,2.44,N,392
12676,13,2,Cable Pulling,Electrical,2023-05-20,2023-05-27,7,1.88,N,57
12677,13,4,Underground Drainage,Plumbing,2022-07-25,2022-08-27,33,0.97,Y,221
12678,13,4,Slab Shuttering and Pouring,Structural,2022-05-08,2022-06-15,38,2.02,N,466
12679,13,4,Internal Road Works,Civil,2023-02-26,2023-03-09,11,1.39,N,345
12680,13,2,Cable Pulling,Electrical,2022-07-06,2022-08-11,36,0.4,N,330
12681,13,1,Cable Pulling,Electrical,2023-04-07,2023-04-15,8,0.41,Y,34
12682,13,2,Internal Plastering,Finishing,2022-12-14,2023-01-05,22,1.84,Y,353
12683,13,2,Panel Installation,Electrical,2023-06-30,2023-07-31,31,2.73,N,173
12684,13,3,Footing Reinforcement Fixing,Structural,2022-12-05,2023-01-14,40,1.89,Y,486
12685,13,3,Floor Tiling,Finishing,2022-07-01,2022-07-14,13,2.84,Y,37
12686,13,3,Panel Installation,Electrical,2023-02-03,2023-02-24,21,1.89,Y,424
12687,13,2,Internal Plastering,Finishing,2023-03-19,2023-04-27,39,1.77,Y,446
12688,13,3,Internal Plastering,Finishing,2022-08-04,2022-08-14,10,2.14,N,89
12689,13,2,Footing Reinforcement Fixing,Structural,2022-07-27,2022-08-07,11,1.06,Y,219
12690,13,3,Underground Drainage,Plumbing,2023-09-06,2023-09-16,10,0.73,N,4
12691,13,4,Slab Shuttering and Pouring,Structural,2022-07-14,2022-07-27,13,1.46,N,256
12692,13,3,Cable Pulling,Electrical,2023-02-26,2023-04-07,40,0.86,N,414
12693,13,2,Internal Plastering,Finishing,2023-02-17,2023-03-25,36,2.3,N,339
12694,13,1,Internal Road Works,Civil,2023-01-25,2023-02-09,15,1.39,Y,261
12695,13,1,Internal Plastering,Finishing,2023-08-27,2023-09-20,24,1.03,Y,350
12696,13,1,Internal Plastering,Finishing,2022-07-27,2022-08-11,15,1.35,Y,34
12697,13,2,Excavation for Foundations,Civil,2023-08-26,2023-09-27,32,1.17,Y,349
12698,13,3,Footing Reinforcement Fixing,Structural,2022-06-02,2022-07-03,31,2.39,N,357
12699,13,3,Floor Tiling,Finishing,2022-04-11,2022-05-16,35,1.57,Y,241
12700,13,4,Underground Drainage,Plumbing,2022-10-31,2022-11-29,29,1.73,N,246
12701,13,2,Footing Reinforcement Fixing,Structural,2022-07-25,2022-08-06,12,0.85,Y,292
12702,13,4,Internal Plastering,Finishing,2022-04-16,2022-05-25,39,0.33,Y,80
12703,13,3,Site Clearing and Grading,Civil,2023-08-21,2023-09-23,33,2.78,N,173
12704,13,4,Footing Reinforcement Fixing,Structural,2022-03-12,2022-04-09,28,0.9,Y,337
12705,13,4,Footing Reinforcement Fixing,Structural,2022-10-30,2022-12-05,36,2.57,Y,254
12706,13,2,Slab Shuttering and Pouring,Structural,2023-01-05,2023-01-23,18,2.57,Y,302
12707,13,3,Water Supply Line Installation,Plumbing,2023-03-30,2023-05-06,37,0.35,N,165
12708,13,3,Beam Reinforcement Installation,Structural,2022-09-15,2022-09-24,9,0.56,N,47
12709,13,4,Footing Reinforcement Fixing,Structural,2023-10-11,2023-11-15,35,2.74,N,275
12710,13,4,Excavation for Foundations,Civil,2022-10-15,2022-10-27,12,1.35,Y,286
12711,13,2,Beam Reinforcement Installation,Structural,2023-04-20,2023-05-01,11,1.95,N,409
12712,13,1,Water Supply Line Installation,Plumbing,2022-09-11,2022-09-20,9,1.83,N,294
12713,13,4,Slab Shuttering and Pouring,Structural,2023-05-06,2023-05-31,25,2.02,Y,231
12714,13,4,Footing Reinforcement Fixing,Structural,2022-12-27,2023-02-04,39,2.66,Y,364
12715,13,1,Beam Reinforcement Installation,Structural,2023-01-11,2023-01-23,12,2.02,Y,190
12716,13,1,Beam Reinforcement Installation,Structural,2023-09-02,2023-09-12,10,1.59,Y,449
12717,13,2,Panel Installation,Electrical,2022-03-09,2022-04-14,36,1.48,N,153
12718,13,1,Water Supply Line Installation,Plumbing,2022-08-10,2022-08-19,9,1.99,N,20
12719,13,2,Conduit Laying,Electrical,2023-04-01,2023-05-07,36,1.32,N,386
12720,13,4,Footing Reinforcement Fixing,Structural,2022-12-31,2023-02-05,36,1.26,Y,37
12721,13,2,Cable Pulling,Electrical,2023-09-11,2023-10-06,25,2.89,Y,89
12722,13,1,Conduit Laying,Electrical,2022-09-06,2022-09-20,14,2.46,N,47
12723,13,2,Internal Plastering,Finishing,2023-02-13,2023-02-24,11,2.73,Y,495
12724,13,2,Beam Reinforcement Installation,Structural,2023-09-18,2023-10-01,13,1.27,Y,383
12725,13,2,Internal Road Works,Civil,2022-10-31,2022-11-29,29,1.23,N,211
12726,13,4,Underground Drainage,Plumbing,2022-08-22,2022-08-29,7,0.85,N,241
12727,13,2,Panel Installation,Electrical,2022-11-25,2023-01-01,37,3.0,N,451
12728,13,3,Water Supply Line Installation,Plumbing,2023-08-12,2023-08-25,13,1.39,N,462
12729,13,4,Column Casting,Structural,2022-10-12,2022-10-20,8,1.89,N,457
12730,13,3,Column Casting,Structural,2023-01-12,2023-02-08,27,1.18,N,496
12731,13,2,Internal Plastering,Finishing,2023-10-02,2023-10-30,28,2.44,Y,156
12732,13,3,Underground Drainage,Plumbing,2023-01-16,2023-01-28,12,1.41,Y,143
12733,13,2,Underground Drainage,Plumbing,2023-06-25,2023-07-07,12,2.72,N,357
12734,13,2,Internal Plastering,Finishing,2022-07-21,2022-08-25,35,2.75,N,28
12735,13,4,Column Casting,Structural,2023-06-29,2023-07-21,22,2.31,Y,370
12736,13,4,Column Casting,Structural,2023-10-05,2023-11-12,38,0.3,N,68
12737,13,1,Cable Pulling,Electrical,2023-08-10,2023-08-29,19,1.72,Y,435
12738,13,4,Underground Drainage,Plumbing,2022-12-18,2022-12-31,13,2.04,Y,295
12739,14,3,Backfilling and Compaction,Civil,2024-04-26,2024-06-05,40,2.09,Y,8
12740,14,4,Panel Installation,Electrical,2024-01-23,2024-03-02,39,2.28,Y,494
12741,14,2,Slab Shuttering and Pouring,Structural,2023-10-09,2023-10-26,17,1.86,Y,245
12742,14,1,Backfilling and Compaction,Civil,2024-02-16,2024-03-16,29,0.73,N,285
12743,14,1,Underground Drainage,Plumbing,2023-12-06,2023-12-20,14,0.44,N,417
12744,14,2,Slab Shuttering and Pouring,Structural,2023-10-28,2023-12-04,37,1.2,Y,404
12745,14,2,Internal Plastering,Finishing,2024-01-21,2024-02-03,13,0.38,N,33
12746,14,3,Water Supply Line Installation,Plumbing,2024-09-13,2024-09-26,13,2.77,Y,119
12747,14,3,Floor Tiling,Finishing,2024-02-15,2024-03-12,26,2.71,Y,488
12748,14,3,Underground Drainage,Plumbing,2023-01-03,2023-01-23,20,2.22,N,397
12749,14,3,Column Casting,Structural,2023-11-25,2023-12-21,26,1.15,N,478
12750,14,4,Beam Reinforcement Installation,Structural,2023-07-04,2023-07-23,19,0.62,N,125
12751,14,2,Site Clearing and Grading,Civil,2023-10-15,2023-11-20,36,1.98,N,68
12752,14,2,Column Casting,Structural,2024-07-17,2024-07-27,10,2.36,Y,35
12753,14,3,Cable Pulling,Electrical,2024-02-17,2024-03-03,15,2.78,Y,190
12754,14,1,Backfilling and Compaction,Civil,2023-04-05,2023-04-21,16,0.48,N,251
12755,14,2,Column Casting,Structural,2024-02-12,2024-02-25,13,1.62,Y,18
12756,14,1,Footing Reinforcement Fixing,Structural,2023-08-04,2023-09-10,37,2.41,Y,162
12757,14,1,Floor Tiling,Finishing,2024-01-19,2024-02-04,16,0.88,N,412
12758,14,4,Internal Road Works,Civil,2022-12-08,2023-01-16,39,0.79,Y,264
12759,14,4,Water Supply Line Installation,Plumbing,2022-12-15,2022-12-22,7,1.44,Y,442
12760,14,1,Internal Plastering,Finishing,2022-12-20,2023-01-08,19,0.52,Y,321
12761,14,1,Floor Tiling,Finishing,2024-04-01,2024-04-20,19,1.22,Y,89
12762,14,1,Internal Plastering,Finishing,2023-04-17,2023-04-26,9,1.3,Y,304
12763,14,1,Column Casting,Structural,2024-04-05,2024-04-17,12,0.43,Y,431
12764,14,4,Underground Drainage,Plumbing,2022-08-30,2022-09-07,8,2.71,N,225
12765,14,3,Painting and Polishing,Finishing,2024-03-29,2024-04-18,20,1.04,N,481
12766,14,3,Water Supply Line Installation,Plumbing,2023-12-18,2024-01-27,40,1.21,N,495
12767,14,3,Cable Pulling,Electrical,2023-02-17,2023-03-25,36,1.53,N,408
12768,14,4,Water Supply Line Installation,Plumbing,2024-08-09,2024-09-17,39,2.55,N,97
12769,14,2,Footing Reinforcement Fixing,Structural,2023-10-11,2023-11-16,36,1.84,N,386
12770,14,3,Cable Pulling,Electrical,2024-09-05,2024-09-26,21,2.73,Y,6
12771,14,4,Conduit Laying,Electrical,2024-01-29,2024-02-09,11,1.31,Y,97
12772,14,1,Internal Plastering,Finishing,2022-09-05,2022-09-12,7,1.59,Y,31
12773,14,2,Internal Road Works,Civil,2024-08-27,2024-10-04,38,2.6,N,448
12774,14,3,Internal Road Works,Civil,2022-08-27,2022-09-09,13,1.01,N,262
12775,14,4,Water Supply Line Installation,Plumbing,2024-05-21,2024-06-21,31,0.35,Y,270
12776,14,2,Floor Tiling,Finishing,2024-04-07,2024-05-11,34,2.42,N,218
12777,14,4,Cable Pulling,Electrical,2024-06-17,2024-06-29,12,1.06,Y,179
12778,14,1,Column Casting,Structural,2024-06-20,2024-07-15,25,1.66,N,374
12779,14,2,Panel Installation,Electrical,2023-12-31,2024-01-18,18,0.48,Y,219
12780,14,2,Panel Installation,Electrical,2023-08-28,2023-09-25,28,1.58,Y,470
12781,14,3,Beam Reinforcement Installation,Structural,2022-08-10,2022-08-18,8,0.81,Y,202
12782,14,2,Internal Plastering,Finishing,2023-01-15,2023-01-31,16,0.35,N,288
12783,14,3,Excavation for Foundations,Civil,2024-09-10,2024-10-20,40,1.17,N,244
12784,14,1,Excavation for Foundations,Civil,2024-01-08,2024-02-07,30,2.14,N,190
12785,14,3,Water Supply Line Installation,Plumbing,2022-11-18,2022-12-09,21,1.24,Y,325
12786,14,1,Painting and Polishing,Finishing,2023-07-16,2023-08-20,35,1.53,N,119
12787,14,3,Water Supply Line Installation,Plumbing,2023-06-27,2023-07-23,26,2.39,N,441
12788,14,4,Water Supply Line Installation,Plumbing,2022-09-16,2022-09-29,13,2.11,Y,462
12789,14,1,Backfilling and Compaction,Civil,2024-04-01,2024-05-04,33,0.4,Y,338
12790,14,3,Backfilling and Compaction,Civil,2023-11-15,2023-12-13,28,2.44,Y,2
12791,14,3,Panel Installation,Electrical,2023-06-07,2023-07-04,27,1.82,N,199
12792,14,1,Footing Reinforcement Fixing,Structural,2023-01-22,2023-02-25,34,0.56,N,252
12793,14,3,Column Casting,Structural,2023-02-14,2023-03-19,33,0.98,N,238
12794,14,2,Water Supply Line Installation,Plumbing,2024-05-24,2024-06-27,34,1.72,Y,90
12795,14,4,Panel Installation,Electrical,2023-01-20,2023-02-14,25,0.71,N,398
12796,14,4,Site Clearing and Grading,Civil,2024-08-31,2024-10-09,39,0.57,Y,486
12797,14,1,Internal Road Works,Civil,2022-12-13,2022-12-27,14,2.21,N,366
12798,14,4,Internal Road Works,Civil,2023-04-20,2023-05-19,29,1.41,Y,311
12799,14,4,Footing Reinforcement Fixing,Structural,2023-10-06,2023-10-15,9,1.74,Y,116
12800,14,2,Water Supply Line Installation,Plumbing,2023-06-10,2023-06-22,12,1.55,Y,275
12801,14,2,Footing Reinforcement Fixing,Structural,2022-12-05,2023-01-05,31,2.65,Y,416
12802,14,3,Cable Pulling,Electrical,2023-11-27,2023-12-18,21,0.35,N,37
12803,14,4,Panel Installation,Electrical,2023-11-21,2023-12-12,21,2.87,N,266
12804,14,4,Site Clearing and Grading,Civil,2023-08-15,2023-08-27,12,1.16,Y,198
12805,14,3,Panel Installation,Electrical,2024-02-25,2024-03-05,9,2.34,Y,41
12806,14,4,Column Casting,Structural,2022-12-23,2023-01-31,39,1.7,Y,7
12807,14,1,Slab Shuttering and Pouring,Structural,2023-04-18,2023-04-27,9,2.05,N,307
12808,14,3,Backfilling and Compaction,Civil,2022-10-07,2022-11-01,25,1.41,N,230
12809,14,4,Floor Tiling,Finishing,2023-01-11,2023-01-28,17,1.88,Y,373
12810,14,1,Backfilling and Compaction,Civil,2023-02-16,2023-02-28,12,0.77,N,370
12811,14,1,Water Supply Line Installation,Plumbing,2023-12-16,2024-01-12,27,1.38,N,166
12812,14,1,Painting and Polishing,Finishing,2024-07-15,2024-08-21,37,2.83,N,365
12813,14,1,Backfilling and Compaction,Civil,2022-09-17,2022-10-01,14,1.08,Y,374
12814,14,3,Floor Tiling,Finishing,2022-10-05,2022-11-13,39,1.84,N,316
12815,14,1,Internal Plastering,Finishing,2024-08-27,2024-10-01,35,0.99,Y,369
12816,14,2,Underground Drainage,Plumbing,2024-04-09,2024-04-20,11,2.43,N,25
12817,14,4,Floor Tiling,Finishing,2023-12-30,2024-01-14,15,2.67,N,456
12818,14,2,Footing Reinforcement Fixing,Structural,2023-08-04,2023-09-08,35,1.75,N,112
12819,14,1,Internal Plastering,Finishing,2023-06-28,2023-07-07,9,2.04,Y,500
12820,14,2,Beam Reinforcement Installation,Structural,2023-10-13,2023-10-22,9,2.68,N,48
12821,14,1,Painting and Polishing,Finishing,2023-08-23,2023-09-18,26,1.69,Y,327
12822,14,1,Underground Drainage,Plumbing,2024-07-26,2024-08-16,21,1.41,N,109
12823,14,1,Excavation for Foundations,Civil,2024-02-02,2024-03-06,33,0.98,Y,112
12824,14,4,Footing Reinforcement Fixing,Structural,2024-06-17,2024-07-08,21,1.34,N,84
12825,14,2,Internal Plastering,Finishing,2022-12-10,2023-01-18,39,0.54,Y,20
12826,14,2,Floor Tiling,Finishing,2023-03-30,2023-04-26,27,2.74,Y,127
12827,14,4,Backfilling and Compaction,Civil,2023-09-18,2023-10-19,31,1.62,Y,156
12828,14,3,Column Casting,Structural,2024-02-24,2024-03-08,13,1.72,N,159
12829,14,1,Cable Pulling,Electrical,2023-01-03,2023-01-24,21,2.32,Y,483
12830,14,1,Panel Installation,Electrical,2023-01-07,2023-02-12,36,1.63,N,385
12831,14,1,Slab Shuttering and Pouring,Structural,2023-05-13,2023-06-22,40,1.49,Y,26
12832,14,1,Internal Plastering,Finishing,2023-01-20,2023-02-24,35,2.62,N,60
12833,14,4,Underground Drainage,Plumbing,2023-08-16,2023-09-06,21,1.96,N,56
12834,14,4,Floor Tiling,Finishing,2024-04-30,2024-05-17,17,2.37,Y,131
12835,14,2,Underground Drainage,Plumbing,2024-05-15,2024-06-22,38,0.73,N,424
12836,14,1,Water Supply Line Installation,Plumbing,2023-05-17,2023-06-19,33,2.64,Y,471
12837,14,3,Internal Plastering,Finishing,2022-12-04,2022-12-20,16,1.99,Y,21
12838,14,1,Site Clearing and Grading,Civil,2022-08-11,2022-09-02,22,3.0,N,439
12839,14,4,Backfilling and Compaction,Civil,2023-04-30,2023-06-02,33,1.93,Y,241
12840,14,4,Internal Plastering,Finishing,2023-07-03,2023-07-11,8,2.54,Y,283
12841,14,4,Water Supply Line Installation,Plumbing,2023-05-24,2023-06-06,13,2.8,N,142
12842,14,4,Panel Installation,Electrical,2023-04-13,2023-05-01,18,1.97,Y,49
12843,14,3,Panel Installation,Electrical,2023-11-14,2023-12-17,33,0.86,N,422
12844,14,2,Painting and Polishing,Finishing,2023-04-30,2023-05-11,11,1.82,Y,95
12845,14,4,Conduit Laying,Electrical,2024-08-03,2024-08-28,25,2.24,N,499
12846,14,1,Cable Pulling,Electrical,2023-04-03,2023-04-16,13,1.52,Y,453
12847,14,2,Backfilling and Compaction,Civil,2023-06-27,2023-07-29,32,2.53,N,157
12848,14,3,Underground Drainage,Plumbing,2023-03-24,2023-04-10,17,0.99,N,25
12849,14,4,Conduit Laying,Electrical,2023-04-30,2023-05-20,20,1.64,N,62
12850,14,1,Underground Drainage,Plumbing,2022-11-04,2022-11-18,14,1.57,N,362
12851,14,2,Cable Pulling,Electrical,2023-07-20,2023-08-11,22,1.36,N,177
12852,14,4,Slab Shuttering and Pouring,Structural,2023-12-04,2024-01-06,33,1.73,Y,9
12853,14,4,Underground Drainage,Plumbing,2023-08-10,2023-08-21,11,1.83,N,19
12854,14,4,Internal Plastering,Finishing,2022-11-20,2022-11-27,7,2.51,N,352
12855,14,2,Excavation for Foundations,Civil,2022-11-10,2022-11-21,11,2.54,Y,60
12856,14,3,Column Casting,Structural,2024-04-08,2024-05-12,34,1.3,N,107
12857,14,1,Excavation for Foundations,Civil,2022-10-04,2022-10-14,10,1.93,N,394
12858,14,2,Floor Tiling,Finishing,2023-08-06,2023-08-30,24,1.86,Y,305
12859,14,4,Slab Shuttering and Pouring,Structural,2024-08-04,2024-08-25,21,2.26,Y,26
12860,14,2,Water Supply Line Installation,Plumbing,2024-08-04,2024-09-07,34,2.75,N,432
12861,14,4,Painting and Polishing,Finishing,2024-08-07,2024-08-14,7,0.46,N,164
12862,14,2,Site Clearing and Grading,Civil,2024-01-11,2024-01-25,14,1.6,Y,154
12863,14,1,Underground Drainage,Plumbing,2024-03-15,2024-04-09,25,1.42,Y,358
12864,14,4,Footing Reinforcement Fixing,Structural,2023-06-23,2023-07-12,19,2.07,Y,373
12865,14,1,Footing Reinforcement Fixing,Structural,2024-09-06,2024-09-23,17,2.25,N,491
12866,14,2,Underground Drainage,Plumbing,2024-05-30,2024-06-12,13,0.66,Y,356
12867,14,2,Floor Tiling,Finishing,2024-03-15,2024-04-07,23,1.23,N,461
12868,14,2,Site Clearing and Grading,Civil,2023-04-29,2023-05-10,11,0.34,N,148
12869,14,2,Underground Drainage,Plumbing,2023-11-21,2023-12-29,38,0.78,N,11
12870,14,1,Column Casting,Structural,2023-07-21,2023-08-23,33,2.07,N,486
12871,14,1,Painting and Polishing,Finishing,2023-07-06,2023-07-19,13,0.52,Y,469
12872,14,4,Painting and Polishing,Finishing,2022-11-15,2022-12-22,37,1.5,N,161
12873,14,3,Floor Tiling,Finishing,2024-07-26,2024-08-25,30,2.78,N,433
12874,14,3,Internal Road Works,Civil,2024-09-05,2024-09-22,17,2.33,Y,188
12875,14,1,Conduit Laying,Electrical,2023-03-30,2023-04-07,8,1.89,Y,314
12876,14,3,Cable Pulling,Electrical,2022-09-29,2022-11-06,38,1.77,Y,172
12877,14,3,Water Supply Line Installation,Plumbing,2024-05-29,2024-07-07,39,2.32,N,84
12878,14,4,Site Clearing and Grading,Civil,2023-12-17,2024-01-02,16,0.75,N,175
12879,14,2,Floor Tiling,Finishing,2023-09-27,2023-10-30,33,0.73,Y,378
12880,14,1,Internal Road Works,Civil,2023-01-22,2023-02-28,37,1.33,N,405
12881,14,3,Column Casting,Structural,2022-08-26,2022-10-01,36,2.97,Y,420
12882,14,3,Footing Reinforcement Fixing,Structural,2023-03-27,2023-04-29,33,1.32,Y,42
12883,14,3,Internal Plastering,Finishing,2024-03-20,2024-04-12,23,0.41,Y,253
12884,14,1,Excavation for Foundations,Civil,2023-08-16,2023-08-30,14,1.92,N,308
12885,14,3,Site Clearing and Grading,Civil,2024-09-01,2024-10-11,40,2.74,N,414
12886,14,2,Panel Installation,Electrical,2023-03-20,2023-04-25,36,0.66,Y,324
12887,14,2,Conduit Laying,Electrical,2023-04-12,2023-05-09,27,0.99,N,332
12888,14,1,Excavation for Foundations,Civil,2023-06-03,2023-06-26,23,2.72,N,108
12889,14,4,Site Clearing and Grading,Civil,2023-03-19,2023-04-07,19,0.38,Y,323
12890,14,4,Internal Plastering,Finishing,2022-10-23,2022-11-13,21,1.12,N,99
12891,14,3,Panel Installation,Electrical,2024-01-14,2024-01-25,11,2.53,N,371
12892,14,4,Underground Drainage,Plumbing,2023-12-04,2023-12-29,25,1.57,Y,376
12893,14,4,Cable Pulling,Electrical,2024-08-26,2024-10-04,39,0.47,Y,442
12894,14,3,Internal Plastering,Finishing,2022-12-25,2023-02-02,39,2.21,Y,485
12895,14,2,Water Supply Line Installation,Plumbing,2023-04-29,2023-05-13,14,1.36,Y,186
12896,14,2,Underground Drainage,Plumbing,2023-12-29,2024-02-02,35,1.22,N,273
12897,14,4,Backfilling and Compaction,Civil,2023-08-13,2023-09-13,31,2.7,N,382
12898,14,4,Beam Reinforcement Installation,Structural,2024-06-02,2024-06-10,8,1.28,N,143
12899,14,2,Underground Drainage,Plumbing,2024-08-28,2024-09-16,19,1.24,Y,172
12900,14,4,Underground Drainage,Plumbing,2023-01-29,2023-03-04,34,2.47,N,30
12901,14,3,Column Casting,Structural,2024-08-02,2024-08-31,29,1.89,Y,133
12902,14,1,Slab Shuttering and Pouring,Structural,2022-11-10,2022-12-05,25,2.65,Y,349
12903,14,1,Internal Road Works,Civil,2024-03-18,2024-03-25,7,1.77,Y,157
12904,14,3,Water Supply Line Installation,Plumbing,2022-11-15,2022-11-28,13,0.38,Y,28
12905,14,2,Backfilling and Compaction,Civil,2023-12-23,2024-01-08,16,1.53,Y,288
12906,14,3,Excavation for Foundations,Civil,2023-11-15,2023-12-21,36,2.99,Y,313
12907,14,4,Slab Shuttering and Pouring,Structural,2023-12-10,2023-12-24,14,1.4,N,53
12908,14,4,Conduit Laying,Electrical,2023-08-20,2023-09-02,13,0.79,N,77
12909,14,1,Slab Shuttering and Pouring,Structural,2024-03-16,2024-04-23,38,2.99,Y,270
12910,14,1,Water Supply Line Installation,Plumbing,2023-07-09,2023-07-30,21,1.57,N,415
12911,14,2,Slab Shuttering and Pouring,Structural,2022-07-21,2022-08-15,25,0.48,Y,43
12912,14,1,Cable Pulling,Electrical,2024-05-02,2024-05-22,20,1.74,Y,429
12913,14,1,Slab Shuttering and Pouring,Structural,2023-10-22,2023-11-11,20,0.55,N,118
12914,14,1,Footing Reinforcement Fixing,Structural,2023-07-18,2023-07-26,8,0.57,N,486
12915,14,4,Excavation for Foundations,Civil,2023-05-12,2023-06-18,37,1.11,N,254
12916,14,4,Underground Drainage,Plumbing,2022-10-17,2022-11-26,40,0.45,Y,348
12917,14,2,Beam Reinforcement Installation,Structural,2023-03-15,2023-03-30,15,2.31,Y,443
12918,14,1,Excavation for Foundations,Civil,2022-09-17,2022-10-09,22,2.93,N,294
12919,14,4,Beam Reinforcement Installation,Structural,2024-05-11,2024-06-16,36,2.7,N,361
12920,14,1,Underground Drainage,Plumbing,2023-10-19,2023-10-29,10,2.38,Y,449
12921,14,3,Underground Drainage,Plumbing,2023-07-20,2023-08-22,33,2.52,N,496
12922,14,3,Painting and Polishing,Finishing,2024-03-26,2024-04-09,14,0.67,N,20
12923,14,3,Floor Tiling,Finishing,2022-09-12,2022-09-22,10,2.87,N,206
12924,14,2,Internal Road Works,Civil,2023-03-05,2023-03-29,24,2.43,Y,249
12925,14,1,Column Casting,Structural,2022-12-31,2023-02-03,34,2.23,N,380
12926,14,4,Painting and Polishing,Finishing,2023-10-18,2023-10-31,13,0.82,Y,71
12927,14,1,Panel Installation,Electrical,2023-11-12,2023-12-14,32,2.8,N,183
12928,14,4,Site Clearing and Grading,Civil,2024-01-27,2024-02-05,9,1.29,N,128
12929,14,2,Internal Road Works,Civil,2023-07-10,2023-08-18,39,2.84,N,81
12930,14,2,Footing Reinforcement Fixing,Structural,2023-07-30,2023-09-01,33,1.99,N,345
12931,14,2,Backfilling and Compaction,Civil,2024-05-05,2024-06-13,39,1.03,N,11
12932,14,1,Water Supply Line Installation,Plumbing,2024-06-14,2024-07-10,26,0.63,Y,97
12933,14,2,Floor Tiling,Finishing,2024-06-13,2024-07-12,29,1.07,N,76
12934,14,2,Backfilling and Compaction,Civil,2024-07-16,2024-07-29,13,2.1,N,118
12935,14,3,Underground Drainage,Plumbing,2024-03-26,2024-04-20,25,2.9,N,227
12936,14,2,Slab Shuttering and Pouring,Structural,2023-09-13,2023-10-22,39,0.49,Y,223
12937,14,2,Water Supply Line Installation,Plumbing,2023-08-07,2023-09-13,37,2.04,Y,164
12938,14,1,Underground Drainage,Plumbing,2023-04-20,2023-05-07,17,2.13,N,78
12939,15,3,Beam Reinforcement Installation,Structural,2023-08-26,2023-10-03,38,1.85,N,159
12940,15,3,Underground Drainage,Plumbing,2023-06-15,2023-07-21,36,0.55,Y,343
12941,15,4,Floor Tiling,Finishing,2022-11-15,2022-12-17,32,0.55,N,341
12942,15,1,Excavation for Foundations,Civil,2022-05-31,2022-07-03,33,2.77,Y,424
12943,15,4,Water Supply Line Installation,Plumbing,2023-03-30,2023-04-14,15,1.17,Y,388
12944,15,2,Water Supply Line Installation,Plumbing,2023-10-12,2023-11-03,22,2.08,Y,157
12945,15,1,Backfilling and Compaction,Civil,2022-03-02,2022-03-25,23,1.32,N,200
12946,15,4,Floor Tiling,Finishing,2023-09-25,2023-10-13,18,0.93,Y,10
12947,15,1,Painting and Polishing,Finishing,2022-02-27,2022-03-10,11,1.16,Y,264
12948,15,4,Underground Drainage,Plumbing,2022-08-25,2022-09-09,15,2.71,Y,328
12949,15,4,Floor Tiling,Finishing,2023-04-30,2023-06-03,34,2.2,Y,280
12950,15,3,Panel Installation,Electrical,2023-11-11,2023-11-18,7,2.88,Y,251
12951,15,3,Water Supply Line Installation,Plumbing,2023-06-05,2023-06-14,9,0.46,N,28
12952,15,3,Painting and Polishing,Finishing,2023-02-25,2023-04-06,40,2.57,N,158
12953,15,2,Painting and Polishing,Finishing,2023-08-25,2023-09-17,23,0.52,N,136
12954,15,2,Internal Plastering,Finishing,2022-09-20,2022-10-19,29,1.85,N,384
12955,15,4,Underground Drainage,Plumbing,2022-05-01,2022-05-13,12,1.2,N,156
12956,15,2,Slab Shuttering and Pouring,Structural,2023-04-23,2023-05-22,29,0.84,N,110
12957,15,4,Conduit Laying,Electrical,2023-03-28,2023-04-10,13,1.13,N,20
12958,15,3,Slab Shuttering and Pouring,Structural,2023-01-30,2023-02-20,21,2.78,N,433
12959,15,2,Internal Road Works,Civil,2022-12-31,2023-01-26,26,2.23,Y,24
12960,15,2,Internal Plastering,Finishing,2023-09-19,2023-10-09,20,1.88,N,266
12961,15,3,Water Supply Line Installation,Plumbing,2022-04-22,2022-05-10,18,2.69,N,166
12962,15,3,Slab Shuttering and Pouring,Structural,2023-06-16,2023-07-25,39,0.83,Y,272
12963,15,3,Underground Drainage,Plumbing,2023-02-05,2023-02-16,11,1.67,Y,346
12964,15,3,Backfilling and Compaction,Civil,2023-01-25,2023-02-01,7,1.93,N,83
12965,15,3,Internal Plastering,Finishing,2023-04-28,2023-05-31,33,1.54,N,326
12966,15,4,Cable Pulling,Electrical,2023-10-16,2023-11-14,29,0.89,N,348
12967,15,3,Internal Plastering,Finishing,2023-06-06,2023-06-30,24,1.85,N,407
12968,15,3,Internal Plastering,Finishing,2023-05-02,2023-05-23,21,2.64,Y,128
12969,15,2,Footing Reinforcement Fixing,Structural,2022-03-18,2022-04-22,35,2.01,N,448
12970,15,4,Excavation for Foundations,Civil,2022-09-23,2022-10-05,12,0.8,N,166
12971,15,1,Backfilling and Compaction,Civil,2023-04-26,2023-05-28,32,2.94,Y,80
12972,15,1,Water Supply Line Installation,Plumbing,2023-09-25,2023-10-07,12,2.59,N,18
12973,15,1,Site Clearing and Grading,Civil,2023-10-18,2023-11-06,19,2.35,Y,27
12974,15,4,Conduit Laying,Electrical,2023-06-25,2023-07-22,27,1.74,Y,316
12975,15,2,Site Clearing and Grading,Civil,2023-06-29,2023-08-01,33,2.05,Y,314
12976,15,1,Slab Shuttering and Pouring,Structural,2023-02-13,2023-02-21,8,2.44,N,237
12977,15,4,Beam Reinforcement Installation,Structural,2023-03-03,2023-03-19,16,1.86,Y,157
12978,15,1,Water Supply Line Installation,Plumbing,2023-01-10,2023-02-10,31,0.62,N,367
12979,15,4,Floor Tiling,Finishing,2022-04-12,2022-05-07,25,0.47,N,291
12980,15,3,Conduit Laying,Electrical,2023-10-16,2023-11-21,36,0.52,N,234
12981,15,4,Panel Installation,Electrical,2022-12-26,2023-01-09,14,0.44,Y,79
12982,15,1,Excavation for Foundations,Civil,2022-03-31,2022-04-07,7,2.35,N,386
12983,15,3,Footing Reinforcement Fixing,Structural,2022-04-17,2022-05-10,23,2.19,N,23
12984,15,3,Conduit Laying,Electrical,2023-12-07,2024-01-02,26,1.61,N,66
12985,15,4,Cable Pulling,Electrical,2023-05-04,2023-05-31,27,2.52,N,275
12986,15,4,Slab Shuttering and Pouring,Structural,2023-06-21,2023-07-09,18,2.81,N,241
12987,15,4,Internal Road Works,Civil,2022-05-16,2022-06-15,30,2.16,N,44
12988,15,2,Painting and Polishing,Finishing,2023-08-13,2023-09-06,24,1.11,Y,450
12989,15,4,Footing Reinforcement Fixing,Structural,2022-12-26,2023-01-17,22,2.42,Y,459
12990,15,1,Internal Road Works,Civil,2022-10-10,2022-11-19,40,2.51,Y,104
12991,15,4,Column Casting,Structural,2022-07-15,2022-07-23,8,0.4,N,302
12992,15,4,Underground Drainage,Plumbing,2022-11-18,2022-12-25,37,1.36,Y,243
12993,15,1,Beam Reinforcement Installation,Structural,2023-11-02,2023-11-17,15,1.5,Y,449
12994,15,2,Conduit Laying,Electrical,2022-04-21,2022-05-28,37,1.64,Y,333
12995,15,2,Water Supply Line Installation,Plumbing,2022-03-09,2022-04-06,28,0.89,Y,159
12996,15,3,Internal Plastering,Finishing,2022-06-27,2022-07-08,11,1.3,Y,450
12997,15,3,Underground Drainage,Plumbing,2023-07-01,2023-07-13,12,0.7,Y,70
12998,15,1,Floor Tiling,Finishing,2022-08-06,2022-09-06,31,1.75,Y,358
12999,15,4,Internal Plastering,Finishing,2022-03-17,2022-04-10,24,1.46,N,497
13000,15,1,Cable Pulling,Electrical,2023-06-18,2023-07-23,35,0.36,Y,312
13001,15,4,Cable Pulling,Electrical,2022-11-07,2022-12-16,39,0.78,N,50
13002,15,4,Underground Drainage,Plumbing,2022-11-17,2022-12-11,24,1.11,Y,445
13003,15,4,Footing Reinforcement Fixing,Structural,2023-05-15,2023-05-31,16,1.17,Y,129
13004,15,3,Underground Drainage,Plumbing,2023-03-31,2023-04-08,8,1.96,N,43
13005,15,1,Footing Reinforcement Fixing,Structural,2023-03-01,2023-03-21,20,2.36,Y,59
13006,15,2,Slab Shuttering and Pouring,Structural,2023-06-10,2023-06-23,13,0.63,N,252
13007,15,4,Floor Tiling,Finishing,2023-04-22,2023-05-05,13,2.26,N,338
13008,15,2,Panel Installation,Electrical,2023-10-21,2023-11-07,17,0.95,Y,198
13009,15,1,Panel Installation,Electrical,2023-05-09,2023-05-24,15,2.81,Y,162
13010,15,3,Backfilling and Compaction,Civil,2022-04-10,2022-04-25,15,0.82,N,71
13011,15,3,Excavation for Foundations,Civil,2022-06-09,2022-07-05,26,1.47,Y,251
13012,15,1,Cable Pulling,Electrical,2023-12-06,2024-01-10,35,0.51,N,137
13013,15,1,Panel Installation,Electrical,2022-07-19,2022-08-23,35,1.32,N,179
13014,15,3,Cable Pulling,Electrical,2023-08-02,2023-09-08,37,2.62,N,115
13015,15,4,Water Supply Line Installation,Plumbing,2023-07-02,2023-07-24,22,1.23,N,112
13016,15,2,Excavation for Foundations,Civil,2023-07-26,2023-08-05,10,0.59,Y,102
13017,15,1,Slab Shuttering and Pouring,Structural,2023-09-12,2023-10-02,20,2.68,Y,38
13018,15,1,Floor Tiling,Finishing,2023-06-19,2023-07-06,17,2.42,Y,494
13019,15,3,Beam Reinforcement Installation,Structural,2022-08-20,2022-09-01,12,1.8,Y,456
13020,15,3,Water Supply Line Installation,Plumbing,2022-03-10,2022-04-17,38,0.7,Y,209
13021,15,4,Underground Drainage,Plumbing,2023-01-20,2023-02-12,23,1.81,Y,350
13022,15,1,Water Supply Line Installation,Plumbing,2023-02-09,2023-03-01,20,0.96,Y,379
13023,15,2,Water Supply Line Installation,Plumbing,2022-11-16,2022-12-11,25,2.21,N,240
13024,15,4,Internal Plastering,Finishing,2022-04-06,2022-05-02,26,0.58,Y,372
13025,15,1,Conduit Laying,Electrical,2023-05-18,2023-06-21,34,1.16,Y,142
13026,15,4,Cable Pulling,Electrical,2022-05-06,2022-05-27,21,2.73,N,446
13027,15,3,Column Casting,Structural,2022-06-01,2022-06-10,9,2.89,N,188
13028,15,4,Panel Installation,Electrical,2023-06-27,2023-07-15,18,1.67,N,316
13029,15,1,Internal Plastering,Finishing,2023-07-25,2023-08-30,36,1.92,Y,333
13030,15,1,Backfilling and Compaction,Civil,2023-02-10,2023-03-22,40,1.13,N,111
13031,15,3,Water Supply Line Installation,Plumbing,2023-10-04,2023-10-24,20,2.96,Y,134
13032,15,3,Beam Reinforcement Installation,Structural,2022-02-26,2022-03-13,15,0.85,Y,365
13033,15,3,Internal Plastering,Finishing,2022-04-14,2022-04-26,12,2.58,N,477
13034,15,2,Underground Drainage,Plumbing,2022-10-25,2022-11-20,26,2.4,Y,240
13035,15,2,Panel Installation,Electrical,2023-07-13,2023-07-25,12,1.03,Y,345
13036,15,4,Internal Road Works,Civil,2023-04-19,2023-05-13,24,1.74,Y,220
13037,15,3,Slab Shuttering and Pouring,Structural,2023-07-28,2023-08-25,28,2.79,Y,26
13038,15,1,Underground Drainage,Plumbing,2023-02-11,2023-03-13,30,2.16,Y,274
13039,15,1,Cable Pulling,Electrical,2022-11-07,2022-12-16,39,1.64,Y,144
13040,15,1,Slab Shuttering and Pouring,Structural,2023-10-18,2023-10-31,13,2.5,Y,419
13041,15,2,Underground Drainage,Plumbing,2023-01-29,2023-02-13,15,1.92,Y,480
13042,15,4,Water Supply Line Installation,Plumbing,2022-04-02,2022-05-06,34,2.68,N,84
13043,15,4,Underground Drainage,Plumbing,2023-10-22,2023-11-30,39,1.46,N,114
13044,15,1,Floor Tiling,Finishing,2022-04-10,2022-05-17,37,0.63,N,183
13045,15,3,Floor Tiling,Finishing,2023-01-29,2023-02-09,11,1.42,N,292
13046,15,2,Panel Installation,Electrical,2023-12-14,2024-01-19,36,0.51,N,323
13047,15,1,Backfilling and Compaction,Civil,2022-09-16,2022-10-23,37,1.61,Y,327
13048,15,1,Conduit Laying,Electrical,2023-11-05,2023-11-13,8,0.61,N,421
13049,15,2,Water Supply Line Installation,Plumbing,2022-03-24,2022-04-26,33,2.59,N,389
13050,15,1,Underground Drainage,Plumbing,2023-05-02,2023-06-08,37,0.63,Y,209
13051,15,4,Footing Reinforcement Fixing,Structural,2023-04-06,2023-05-06,30,2.68,N,318
13052,15,3,Internal Plastering,Finishing,2022-09-22,2022-10-16,24,2.92,Y,424
13053,15,3,Slab Shuttering and Pouring,Structural,2022-09-16,2022-09-27,11,2.48,Y,482
13054,15,3,Backfilling and Compaction,Civil,2022-10-23,2022-11-01,9,0.85,Y,262
13055,15,4,Cable Pulling,Electrical,2023-03-26,2023-05-04,39,1.58,N,224
13056,15,3,Cable Pulling,Electrical,2023-05-05,2023-05-13,8,2.72,Y,376
13057,15,1,Slab Shuttering and Pouring,Structural,2022-12-06,2023-01-05,30,0.74,Y,174
13058,15,4,Slab Shuttering and Pouring,Structural,2023-10-17,2023-11-20,34,1.25,Y,151
13059,15,4,Water Supply Line Installation,Plumbing,2022-05-17,2022-05-28,11,2.48,N,373
13060,15,3,Internal Plastering,Finishing,2023-09-11,2023-10-07,26,1.25,N,392
13061,15,2,Painting and Polishing,Finishing,2023-09-07,2023-09-23,16,1.8,Y,402
13062,15,1,Underground Drainage,Plumbing,2023-03-17,2023-04-07,21,0.77,N,77
13063,15,2,Backfilling and Compaction,Civil,2022-03-25,2022-04-18,24,0.34,Y,360
13064,15,2,Internal Road Works,Civil,2023-10-31,2023-11-19,19,1.1,N,362
13065,15,2,Underground Drainage,Plumbing,2023-09-16,2023-10-03,17,2.38,Y,413
13066,15,1,Painting and Polishing,Finishing,2023-01-07,2023-02-12,36,0.45,Y,249
13067,15,2,Water Supply Line Installation,Plumbing,2023-06-26,2023-07-21,25,2.25,N,68
13068,15,1,Conduit Laying,Electrical,2023-11-27,2023-12-19,22,0.7,Y,76
13069,15,1,Excavation for Foundations,Civil,2022-09-09,2022-09-25,16,2.62,Y,444
13070,15,3,Painting and Polishing,Finishing,2023-05-28,2023-06-24,27,1.66,Y,37
13071,15,4,Water Supply Line Installation,Plumbing,2022-10-11,2022-11-07,27,2.75,Y,232
13072,15,4,Excavation for Foundations,Civil,2023-01-28,2023-02-04,7,2.08,N,357
13073,15,4,Beam Reinforcement Installation,Structural,2022-09-21,2022-10-28,37,0.98,Y,450
13074,15,2,Underground Drainage,Plumbing,2022-11-17,2022-12-09,22,0.62,N,231
13075,15,4,Backfilling and Compaction,Civil,2023-03-09,2023-04-17,39,1.64,N,103
13076,15,4,Water Supply Line Installation,Plumbing,2022-07-04,2022-07-11,7,1.33,Y,93
13077,15,1,Footing Reinforcement Fixing,Structural,2022-10-18,2022-11-26,39,1.29,N,470
13078,15,3,Painting and Polishing,Finishing,2023-02-03,2023-02-17,14,0.56,N,172
13079,15,4,Footing Reinforcement Fixing,Structural,2023-04-17,2023-05-03,16,2.37,N,93
13080,15,4,Panel Installation,Electrical,2022-12-08,2022-12-16,8,0.65,N,311
13081,15,1,Conduit Laying,Electrical,2022-07-09,2022-08-05,27,1.95,Y,30
13082,15,2,Conduit Laying,Electrical,2022-03-13,2022-03-31,18,2.07,Y,200
13083,15,1,Internal Plastering,Finishing,2022-04-17,2022-05-09,22,2.82,N,132
13084,15,1,Internal Plastering,Finishing,2023-06-02,2023-06-23,21,2.99,Y,326
13085,15,4,Slab Shuttering and Pouring,Structural,2023-07-19,2023-08-10,22,0.88,Y,160
13086,15,1,Excavation for Foundations,Civil,2022-12-12,2022-12-29,17,2.16,Y,211
13087,15,4,Underground Drainage,Plumbing,2023-01-11,2023-01-28,17,0.54,N,427
13088,15,3,Column Casting,Structural,2023-11-17,2023-12-19,32,1.23,Y,66
13089,15,1,Excavation for Foundations,Civil,2022-04-18,2022-05-28,40,2.26,Y,72
13090,15,3,Internal Road Works,Civil,2023-05-07,2023-05-23,16,0.53,N,452
13091,15,3,Slab Shuttering and Pouring,Structural,2022-03-13,2022-03-28,15,0.63,N,361
13092,15,2,Internal Plastering,Finishing,2023-04-13,2023-05-06,23,2.96,N,340
13093,15,2,Water Supply Line Installation,Plumbing,2022-12-05,2023-01-14,40,1.16,N,496
13094,15,3,Footing Reinforcement Fixing,Structural,2023-11-28,2023-12-08,10,1.85,Y,472
13095,15,2,Conduit Laying,Electrical,2023-08-22,2023-09-21,30,2.21,Y,136
13096,15,3,Internal Plastering,Finishing,2023-12-01,2024-01-05,35,1.25,Y,234
13097,15,4,Backfilling and Compaction,Civil,2023-05-17,2023-06-21,35,1.05,N,262
13098,15,4,Excavation for Foundations,Civil,2023-06-10,2023-06-17,7,2.33,Y,86
13099,15,4,Backfilling and Compaction,Civil,2022-07-03,2022-08-02,30,1.0,N,380
13100,15,4,Panel Installation,Electrical,2023-06-12,2023-07-18,36,0.81,Y,145
13101,15,4,Water Supply Line Installation,Plumbing,2022-12-07,2022-12-29,22,2.04,N,334
13102,15,2,Painting and Polishing,Finishing,2023-01-31,2023-02-20,20,2.15,Y,458
13103,15,3,Cable Pulling,Electrical,2022-12-03,2023-01-05,33,2.09,N,219
13104,15,3,Painting and Polishing,Finishing,2022-10-19,2022-11-12,24,0.94,N,490
13105,15,1,Site Clearing and Grading,Civil,2022-03-30,2022-04-26,27,0.67,Y,28
13106,15,2,Panel Installation,Electrical,2023-02-18,2023-03-03,13,2.16,N,190
13107,15,3,Water Supply Line Installation,Plumbing,2023-12-11,2023-12-27,16,2.24,N,289
13108,15,1,Beam Reinforcement Installation,Structural,2023-09-25,2023-10-17,22,2.99,N,351
13109,15,3,Slab Shuttering and Pouring,Structural,2023-05-29,2023-06-14,16,1.59,N,35
13110,15,1,Internal Plastering,Finishing,2023-12-12,2024-01-18,37,1.0,Y,318
13111,15,4,Water Supply Line Installation,Plumbing,2023-06-19,2023-07-21,32,0.39,Y,472
13112,15,3,Conduit Laying,Electrical,2023-07-30,2023-08-30,31,1.78,Y,257
13113,15,1,Floor Tiling,Finishing,2022-03-11,2022-03-30,19,1.46,N,35
13114,15,4,Panel Installation,Electrical,2023-12-17,2023-12-31,14,1.17,Y,130
13115,15,4,Beam Reinforcement Installation,Structural,2022-12-21,2023-01-17,27,1.25,N,212
13116,15,1,Conduit Laying,Electrical,2022-07-11,2022-08-18,38,0.62,Y,291
13117,15,4,Underground Drainage,Plumbing,2023-04-02,2023-04-27,25,0.35,Y,193
13118,15,3,Excavation for Foundations,Civil,2022-03-09,2022-04-06,28,0.99,N,184
13119,15,3,Site Clearing and Grading,Civil,2023-07-19,2023-08-02,14,0.74,Y,46
13120,15,4,Water Supply Line Installation,Plumbing,2023-03-29,2023-04-24,26,0.44,N,259
13121,16,2,Footing Reinforcement Fixing,Structural,2023-06-13,2023-07-03,20,1.02,N,68
13122,16,3,Painting and Polishing,Finishing,2023-02-28,2023-04-02,33,1.45,N,137
13123,16,3,Excavation for Foundations,Civil,2022-12-17,2023-01-12,26,2.37,Y,431
13124,16,3,Slab Shuttering and Pouring,Structural,2023-04-01,2023-04-18,17,3.0,Y,216
13125,16,2,Floor Tiling,Finishing,2022-10-10,2022-11-15,36,2.02,Y,6
13126,16,2,Site Clearing and Grading,Civil,2023-02-08,2023-03-15,35,1.87,N,331
13127,16,3,Excavation for Foundations,Civil,2023-03-12,2023-04-05,24,1.65,N,98
13128,16,1,Backfilling and Compaction,Civil,2023-08-03,2023-08-21,18,0.93,Y,20
13129,16,1,Site Clearing and Grading,Civil,2022-08-06,2022-09-12,37,1.72,Y,352
13130,16,4,Underground Drainage,Plumbing,2022-08-21,2022-09-23,33,2.49,Y,479
13131,16,2,Underground Drainage,Plumbing,2023-03-16,2023-04-20,35,2.34,Y,468
13132,16,4,Painting and Polishing,Finishing,2023-08-15,2023-09-11,27,1.71,N,400
13133,16,3,Backfilling and Compaction,Civil,2022-09-05,2022-10-12,37,2.35,N,260
13134,16,2,Conduit Laying,Electrical,2023-06-02,2023-06-18,16,2.2,Y,131
13135,16,3,Site Clearing and Grading,Civil,2023-02-09,2023-02-26,17,2.91,Y,346
13136,16,2,Water Supply Line Installation,Plumbing,2023-07-21,2023-08-24,34,0.63,N,127
13137,16,3,Painting and Polishing,Finishing,2022-12-31,2023-01-15,15,0.54,Y,182
13138,16,3,Footing Reinforcement Fixing,Structural,2023-06-07,2023-07-06,29,1.76,N,311
13139,16,1,Cable Pulling,Electrical,2022-11-12,2022-12-18,36,1.28,Y,142
13140,16,2,Underground Drainage,Plumbing,2023-01-01,2023-02-08,38,0.55,Y,338
13141,16,1,Site Clearing and Grading,Civil,2022-07-13,2022-08-01,19,2.59,Y,25
13142,16,1,Internal Plastering,Finishing,2022-12-08,2022-12-20,12,2.15,Y,421
13143,16,3,Floor Tiling,Finishing,2023-04-19,2023-05-21,32,1.8,Y,169
13144,16,1,Internal Plastering,Finishing,2022-06-20,2022-07-19,29,0.51,N,494
13145,16,3,Painting and Polishing,Finishing,2023-07-18,2023-08-08,21,1.73,Y,193
13146,16,4,Excavation for Foundations,Civil,2022-10-16,2022-11-12,27,0.56,Y,336
13147,16,3,Cable Pulling,Electrical,2023-03-21,2023-03-31,10,1.04,N,140
13148,16,4,Underground Drainage,Plumbing,2022-08-01,2022-09-09,39,0.57,N,496
13149,16,3,Internal Plastering,Finishing,2023-05-19,2023-06-15,27,0.74,N,21
13150,16,4,Conduit Laying,Electrical,2023-05-03,2023-05-20,17,2.73,N,468
13151,16,1,Painting and Polishing,Finishing,2022-11-28,2022-12-13,15,1.06,N,162
13152,16,2,Internal Plastering,Finishing,2022-11-21,2022-12-09,18,0.64,Y,289
13153,16,2,Underground Drainage,Plumbing,2022-10-14,2022-10-27,13,1.9,Y,123
13154,16,4,Water Supply Line Installation,Plumbing,2023-04-25,2023-05-12,17,2.03,N,211
13155,16,1,Cable Pulling,Electrical,2023-04-04,2023-04-16,12,1.46,N,295
13156,16,4,Column Casting,Structural,2022-06-09,2022-06-17,8,1.81,Y,449
13157,16,4,Beam Reinforcement Installation,Structural,2022-12-10,2023-01-06,27,2.02,Y,408
13158,16,1,Cable Pulling,Electrical,2022-12-14,2023-01-08,25,2.24,Y,376
13159,16,2,Internal Road Works,Civil,2023-01-04,2023-01-30,26,2.0,Y,43
13160,16,1,Excavation for Foundations,Civil,2023-03-14,2023-04-07,24,1.64,Y,239
13161,16,1,Conduit Laying,Electrical,2022-11-29,2023-01-02,34,2.4,Y,103
13162,16,2,Conduit Laying,Electrical,2022-11-25,2022-12-11,16,2.2,Y,85
13163,16,1,Underground Drainage,Plumbing,2023-01-17,2023-02-17,31,2.52,Y,410
13164,16,2,Painting and Polishing,Finishing,2022-11-12,2022-11-28,16,1.61,Y,135
13165,16,3,Footing Reinforcement Fixing,Structural,2023-06-26,2023-08-05,40,0.86,Y,299
13166,16,3,Cable Pulling,Electrical,2023-02-14,2023-03-16,30,2.97,N,157
13167,16,3,Internal Road Works,Civil,2022-06-07,2022-07-04,27,2.47,N,305
13168,16,1,Painting and Polishing,Finishing,2023-08-06,2023-09-03,28,2.24,Y,155
13169,16,3,Slab Shuttering and Pouring,Structural,2022-11-11,2022-12-11,30,2.98,N,126
13170,16,4,Column Casting,Structural,2022-06-15,2022-07-07,22,1.91,Y,411
13171,16,1,Panel Installation,Electrical,2023-08-09,2023-08-16,7,0.8,N,19
13172,16,1,Site Clearing and Grading,Civil,2022-06-17,2022-07-23,36,0.92,Y,350
13173,16,3,Underground Drainage,Plumbing,2023-05-22,2023-06-26,35,2.64,N,33
13174,16,2,Column Casting,Structural,2023-01-12,2023-01-23,11,2.65,Y,299
13175,16,3,Water Supply Line Installation,Plumbing,2023-07-30,2023-09-01,33,1.97,N,58
13176,16,4,Site Clearing and Grading,Civil,2022-09-23,2022-10-26,33,2.26,Y,111
13177,16,4,Internal Plastering,Finishing,2022-06-11,2022-07-14,33,1.06,N,42
13178,16,3,Beam Reinforcement Installation,Structural,2023-05-13,2023-05-25,12,0.54,N,280
13179,16,2,Underground Drainage,Plumbing,2023-05-05,2023-05-23,18,0.39,Y,496
13180,16,4,Excavation for Foundations,Civil,2023-03-26,2023-04-11,16,2.32,Y,37
13181,16,2,Cable Pulling,Electrical,2023-05-12,2023-06-17,36,1.29,Y,84
13182,16,1,Column Casting,Structural,2023-03-26,2023-04-13,18,2.8,Y,374
13183,16,1,Footing Reinforcement Fixing,Structural,2022-06-20,2022-06-30,10,2.79,N,471
13184,16,3,Internal Road Works,Civil,2023-01-27,2023-02-22,26,2.05,N,315
13185,16,3,Floor Tiling,Finishing,2022-09-19,2022-10-27,38,1.0,Y,401
13186,16,2,Internal Road Works,Civil,2023-03-31,2023-05-08,38,0.44,Y,371
13187,16,1,Painting and Polishing,Finishing,2023-08-01,2023-08-08,7,0.97,N,353
13188,16,3,Column Casting,Structural,2023-07-18,2023-08-01,14,2.46,Y,491
13189,16,3,Internal Plastering,Finishing,2022-11-19,2022-12-22,33,2.91,N,176
13190,16,1,Floor Tiling,Finishing,2022-08-17,2022-09-03,17,0.59,N,70
13191,16,2,Column Casting,Structural,2023-03-26,2023-04-09,14,2.64,N,142
13192,16,2,Painting and Polishing,Finishing,2022-12-06,2023-01-06,31,2.34,N,374
13193,16,3,Slab Shuttering and Pouring,Structural,2022-11-22,2022-12-12,20,1.67,Y,265
13194,16,2,Conduit Laying,Electrical,2023-07-24,2023-08-06,13,2.14,Y,86
13195,16,4,Underground Drainage,Plumbing,2022-09-27,2022-10-21,24,0.97,N,387
13196,16,4,Water Supply Line Installation,Plumbing,2023-02-14,2023-03-16,30,2.95,N,467
13197,16,3,Underground Drainage,Plumbing,2023-01-19,2023-02-15,27,0.72,Y,228
13198,16,2,Painting and Polishing,Finishing,2022-08-27,2022-09-11,15,1.61,Y,87
13199,16,4,Conduit Laying,Electrical,2023-02-15,2023-03-14,27,2.38,Y,191
13200,16,3,Internal Plastering,Finishing,2023-06-03,2023-06-24,21,2.68,Y,240
13201,16,1,Excavation for Foundations,Civil,2023-06-27,2023-07-09,12,1.17,N,135
13202,16,1,Painting and Polishing,Finishing,2022-06-18,2022-07-19,31,2.12,N,3
13203,16,2,Cable Pulling,Electrical,2023-01-26,2023-03-06,39,0.49,Y,170
13204,16,1,Conduit Laying,Electrical,2022-08-16,2022-09-16,31,0.38,Y,306
13205,16,3,Conduit Laying,Electrical,2022-12-28,2023-01-07,10,2.51,Y,194
13206,16,4,Beam Reinforcement Installation,Structural,2023-01-17,2023-01-27,10,0.45,N,93
13207,16,1,Underground Drainage,Plumbing,2022-07-21,2022-07-29,8,2.93,Y,290
13208,16,4,Underground Drainage,Plumbing,2023-03-18,2023-04-18,31,1.54,Y,189
13209,16,1,Water Supply Line Installation,Plumbing,2023-03-22,2023-04-21,30,1.38,N,174
13210,16,2,Underground Drainage,Plumbing,2022-12-14,2023-01-05,22,0.87,Y,225
13211,16,4,Floor Tiling,Finishing,2023-05-07,2023-05-27,20,2.08,N,189
13212,16,4,Panel Installation,Electrical,2023-03-15,2023-03-29,14,1.32,Y,334
13213,16,1,Backfilling and Compaction,Civil,2023-08-30,2023-09-24,25,2.85,N,356
13214,16,4,Internal Road Works,Civil,2023-05-06,2023-06-12,37,1.21,Y,82
13215,16,2,Cable Pulling,Electrical,2023-01-21,2023-02-19,29,2.2,Y,288
13216,16,3,Underground Drainage,Plumbing,2023-02-01,2023-02-25,24,1.41,N,378
13217,16,1,Floor Tiling,Finishing,2022-11-18,2022-12-19,31,1.39,Y,228
13218,16,3,Excavation for Foundations,Civil,2023-05-15,2023-06-03,19,0.79,Y,95
13219,16,2,Floor Tiling,Finishing,2023-07-23,2023-08-17,25,2.84,Y,471
13220,16,4,Site Clearing and Grading,Civil,2023-08-16,2023-09-11,26,2.29,Y,287
13221,16,2,Conduit Laying,Electrical,2022-11-21,2022-12-12,21,1.37,Y,260
13222,16,1,Underground Drainage,Plumbing,2022-06-08,2022-06-15,7,2.05,N,400
13223,16,4,Cable Pulling,Electrical,2023-01-07,2023-02-08,32,2.96,Y,297
13224,16,1,Excavation for Foundations,Civil,2023-08-27,2023-09-16,20,1.33,N,379
13225,16,4,Excavation for Foundations,Civil,2023-02-02,2023-02-12,10,1.58,N,47
13226,16,1,Panel Installation,Electrical,2023-03-29,2023-04-20,22,0.62,Y,261
13227,16,1,Internal Plastering,Finishing,2023-05-13,2023-06-08,26,0.72,N,52
13228,16,1,Beam Reinforcement Installation,Structural,2023-05-19,2023-06-20,32,2.62,N,165
13229,16,4,Footing Reinforcement Fixing,Structural,2023-06-06,2023-07-06,30,0.88,Y,209
13230,16,3,Slab Shuttering and Pouring,Structural,2023-03-29,2023-04-17,19,0.97,Y,114
13231,16,4,Floor Tiling,Finishing,2023-07-21,2023-08-08,18,0.78,N,115
13232,16,3,Conduit Laying,Electrical,2022-11-22,2022-12-11,19,0.34,Y,118
13233,16,3,Beam Reinforcement Installation,Structural,2022-12-08,2023-01-06,29,2.87,Y,40
13234,16,4,Site Clearing and Grading,Civil,2023-01-02,2023-01-18,16,1.22,N,435
13235,16,4,Water Supply Line Installation,Plumbing,2022-08-20,2022-09-08,19,2.9,Y,118
13236,16,2,Internal Plastering,Finishing,2022-08-15,2022-08-23,8,0.79,N,85
13237,16,3,Excavation for Foundations,Civil,2022-10-14,2022-10-21,7,0.31,N,44
13238,16,2,Underground Drainage,Plumbing,2023-07-22,2023-08-26,35,2.15,Y,119
13239,16,1,Site Clearing and Grading,Civil,2023-05-21,2023-06-29,39,0.6,N,274
13240,16,2,Slab Shuttering and Pouring,Structural,2023-07-22,2023-08-10,19,2.12,N,90
13241,16,1,Column Casting,Structural,2022-07-30,2022-08-17,18,2.24,N,493
13242,16,1,Conduit Laying,Electrical,2023-02-06,2023-02-26,20,1.09,N,327
13243,16,3,Conduit Laying,Electrical,2022-11-22,2022-12-27,35,0.66,Y,94
13244,16,4,Excavation for Foundations,Civil,2023-01-07,2023-01-17,10,1.48,N,403
13245,16,4,Panel Installation,Electrical,2022-12-22,2023-01-09,18,1.23,N,434
13246,16,3,Floor Tiling,Finishing,2023-06-06,2023-06-14,8,0.75,Y,188
13247,16,2,Internal Plastering,Finishing,2023-08-04,2023-08-26,22,1.83,N,260
13248,16,2,Column Casting,Structural,2022-10-22,2022-12-01,40,1.22,Y,29
13249,16,1,Painting and Polishing,Finishing,2022-07-12,2022-08-03,22,0.76,Y,31
13250,16,3,Conduit Laying,Electrical,2023-04-12,2023-04-25,13,2.51,N,82
13251,16,2,Footing Reinforcement Fixing,Structural,2022-09-13,2022-10-18,35,2.04,N,122
13252,16,1,Excavation for Foundations,Civil,2023-09-02,2023-09-29,27,2.86,Y,381
13253,16,1,Floor Tiling,Finishing,2023-02-04,2023-02-11,7,1.08,N,286
13254,16,2,Beam Reinforcement Installation,Structural,2022-07-14,2022-08-13,30,1.13,Y,75
13255,16,1,Beam Reinforcement Installation,Structural,2023-05-01,2023-05-12,11,2.79,Y,210
13256,16,1,Water Supply Line Installation,Plumbing,2022-06-07,2022-07-02,25,2.72,Y,472
13257,16,4,Slab Shuttering and Pouring,Structural,2022-09-28,2022-10-30,32,0.72,Y,236
13258,16,1,Panel Installation,Electrical,2023-09-01,2023-10-03,32,2.32,N,225
13259,16,4,Water Supply Line Installation,Plumbing,2023-07-11,2023-08-05,25,0.46,N,484
13260,16,3,Column Casting,Structural,2022-10-30,2022-11-10,11,2.09,Y,153
13261,16,2,Beam Reinforcement Installation,Structural,2023-05-02,2023-05-21,19,2.47,N,461
13262,16,2,Conduit Laying,Electrical,2023-04-26,2023-05-09,13,2.16,Y,280
13263,16,3,Backfilling and Compaction,Civil,2023-01-14,2023-01-26,12,1.11,N,384
13264,16,2,Underground Drainage,Plumbing,2022-12-01,2022-12-11,10,1.54,N,315
13265,16,2,Water Supply Line Installation,Plumbing,2022-08-25,2022-09-08,14,1.84,Y,292
13266,16,4,Painting and Polishing,Finishing,2023-01-23,2023-02-12,20,0.95,N,378
13267,16,3,Beam Reinforcement Installation,Structural,2023-07-26,2023-09-03,39,2.88,Y,441
13268,16,4,Painting and Polishing,Finishing,2023-01-07,2023-02-12,36,0.98,N,74
13269,16,2,Water Supply Line Installation,Plumbing,2022-10-20,2022-11-22,33,0.54,Y,87
13270,16,4,Water Supply Line Installation,Plumbing,2022-11-11,2022-11-28,17,2.34,N,288
13271,16,4,Conduit Laying,Electrical,2023-08-30,2023-09-08,9,2.54,Y,62
13272,16,4,Underground Drainage,Plumbing,2023-02-15,2023-03-07,20,2.59,Y,494
13273,16,2,Water Supply Line Installation,Plumbing,2022-06-12,2022-06-27,15,2.9,Y,423
13274,16,4,Conduit Laying,Electrical,2023-05-29,2023-06-30,32,1.68,Y,448
13275,16,3,Beam Reinforcement Installation,Structural,2022-09-14,2022-10-06,22,2.12,N,491
13276,16,2,Internal Plastering,Finishing,2023-01-26,2023-02-13,18,0.77,N,14
13277,16,1,Water Supply Line Installation,Plumbing,2022-10-19,2022-10-31,12,1.66,N,300
13278,16,3,Column Casting,Structural,2022-12-02,2022-12-27,25,0.51,Y,195
13279,16,1,Painting and Polishing,Finishing,2022-10-07,2022-11-01,25,2.53,Y,263
13280,16,1,Conduit Laying,Electrical,2023-07-12,2023-07-24,12,1.67,Y,204
13281,16,3,Panel Installation,Electrical,2023-06-30,2023-07-22,22,2.67,Y,187
13282,16,1,Floor Tiling,Finishing,2022-07-17,2022-08-16,30,1.55,N,16
13283,16,3,Underground Drainage,Plumbing,2023-01-28,2023-02-22,25,2.02,N,17
13284,16,1,Floor Tiling,Finishing,2023-02-13,2023-03-01,16,2.28,Y,409
13285,16,4,Column Casting,Structural,2023-05-05,2023-05-22,17,0.47,N,434
13286,16,3,Underground Drainage,Plumbing,2023-03-08,2023-03-28,20,1.79,N,382
13287,16,3,Water Supply Line Installation,Plumbing,2023-09-01,2023-09-20,19,0.74,Y,353
13288,16,2,Site Clearing and Grading,Civil,2023-06-23,2023-07-11,18,1.68,N,212
13289,16,4,Floor Tiling,Finishing,2022-12-14,2023-01-03,20,2.19,N,289
13290,16,2,Site Clearing and Grading,Civil,2022-12-17,2023-01-17,31,1.81,N,124
13291,16,1,Beam Reinforcement Installation,Structural,2023-08-07,2023-09-05,29,0.49,Y,299
13292,16,2,Painting and Polishing,Finishing,2022-07-22,2022-08-26,35,2.84,Y,321
13293,16,1,Beam Reinforcement Installation,Structural,2023-05-31,2023-07-08,38,0.46,Y,480
13294,16,3,Column Casting,Structural,2022-06-23,2022-08-01,39,1.92,N,357
13295,16,1,Excavation for Foundations,Civil,2022-08-19,2022-09-24,36,2.69,Y,378
13296,16,4,Water Supply Line Installation,Plumbing,2023-08-24,2023-09-06,13,0.44,Y,141
13297,16,4,Cable Pulling,Electrical,2023-03-28,2023-05-03,36,2.09,N,168
13298,16,3,Internal Plastering,Finishing,2023-02-03,2023-02-24,21,2.49,Y,5
13299,16,2,Floor Tiling,Finishing,2022-10-19,2022-11-18,30,1.01,N,138
13300,16,3,Painting and Polishing,Finishing,2022-07-14,2022-08-18,35,2.28,Y,20
13301,16,3,Conduit Laying,Electrical,2023-01-15,2023-02-23,39,1.49,N,52
13302,16,4,Conduit Laying,Electrical,2023-03-14,2023-04-23,40,1.48,N,434
13303,16,3,Beam Reinforcement Installation,Structural,2023-07-06,2023-07-13,7,0.69,Y,167
13304,16,2,Underground Drainage,Plumbing,2023-03-25,2023-04-28,34,1.41,Y,69
13305,16,4,Water Supply Line Installation,Plumbing,2023-02-14,2023-03-11,25,1.02,N,379
13306,16,4,Conduit Laying,Electrical,2022-07-08,2022-07-27,19,0.64,Y,296
13307,16,3,Floor Tiling,Finishing,2023-04-10,2023-04-23,13,0.68,Y,222
13308,16,2,Excavation for Foundations,Civil,2023-08-06,2023-08-27,21,0.53,N,160
13309,16,3,Internal Plastering,Finishing,2022-08-15,2022-09-01,17,2.76,N,36
13310,16,2,Internal Road Works,Civil,2023-07-16,2023-08-18,33,1.84,Y,424
13311,16,3,Underground Drainage,Plumbing,2022-12-24,2023-01-02,9,1.68,N,369
13312,16,4,Painting and Polishing,Finishing,2022-06-14,2022-06-25,11,1.05,N,275
13313,16,3,Beam Reinforcement Installation,Structural,2023-03-20,2023-04-14,25,2.65,N,201
13314,16,3,Floor Tiling,Finishing,2022-07-04,2022-07-13,9,2.69,Y,430
13315,16,1,Painting and Polishing,Finishing,2022-06-10,2022-07-03,23,0.98,N,484
13316,16,4,Conduit Laying,Electrical,2022-09-26,2022-10-04,8,0.76,N,189
13317,16,2,Floor Tiling,Finishing,2022-07-12,2022-07-20,8,1.38,N,124
13318,16,1,Beam Reinforcement Installation,Structural,2022-07-06,2022-07-21,15,1.34,N,141
13319,16,4,Panel Installation,Electrical,2022-06-14,2022-06-30,16,1.04,Y,269
13320,16,1,Footing Reinforcement Fixing,Structural,2023-05-10,2023-06-07,28,0.9,Y,373
13321,16,2,Footing Reinforcement Fixing,Structural,2023-04-18,2023-05-05,17,1.14,N,367
13322,16,1,Water Supply Line Installation,Plumbing,2023-05-22,2023-05-30,8,2.16,N,28
13323,16,3,Water Supply Line Installation,Plumbing,2022-06-27,2022-07-28,31,1.26,N,473
13324,16,4,Backfilling and Compaction,Civil,2022-10-23,2022-11-28,36,0.83,N,246
13325,16,2,Water Supply Line Installation,Plumbing,2023-02-18,2023-03-18,28,0.45,N,211
13326,16,2,Column Casting,Structural,2022-06-09,2022-06-19,10,1.1,N,189
13327,16,2,Site Clearing and Grading,Civil,2023-09-01,2023-09-16,15,1.88,N,371
13328,16,2,Backfilling and Compaction,Civil,2023-08-16,2023-09-23,38,0.96,N,95
13329,16,4,Painting and Polishing,Finishing,2022-11-26,2022-12-11,15,0.85,N,387
13330,16,4,Underground Drainage,Plumbing,2022-09-08,2022-10-11,33,0.94,Y,479
13331,16,4,Floor Tiling,Finishing,2023-03-18,2023-04-08,21,1.58,Y,407
13332,16,4,Backfilling and Compaction,Civil,2022-06-19,2022-07-08,19,2.0,N,6
13333,16,2,Column Casting,Structural,2023-02-13,2023-03-22,37,1.6,N,357
13334,16,3,Column Casting,Structural,2022-08-08,2022-09-13,36,0.61,Y,232
13335,16,3,Painting and Polishing,Finishing,2022-08-11,2022-08-27,16,0.32,N,470
13336,17,3,Underground Drainage,Plumbing,2023-02-23,2023-04-04,40,2.88,N,317
13337,17,4,Site Clearing and Grading,Civil,2022-09-24,2022-10-14,20,2.84,Y,141
13338,17,4,Cable Pulling,Electrical,2023-05-15,2023-06-08,24,2.06,Y,341
13339,17,1,Floor Tiling,Finishing,2022-09-10,2022-10-16,36,0.31,N,214
13340,17,2,Floor Tiling,Finishing,2022-05-06,2022-06-15,40,2.69,N,47
13341,17,4,Footing Reinforcement Fixing,Structural,2022-11-28,2023-01-05,38,2.49,N,212
13342,17,2,Panel Installation,Electrical,2023-02-07,2023-02-26,19,0.62,N,246
13343,17,4,Internal Plastering,Finishing,2022-11-22,2022-12-04,12,1.25,N,320
13344,17,4,Painting and Polishing,Finishing,2022-03-23,2022-03-30,7,2.42,N,142
13345,17,1,Beam Reinforcement Installation,Structural,2023-02-07,2023-03-11,32,1.86,Y,478
13346,17,3,Panel Installation,Electrical,2022-06-08,2022-06-24,16,0.98,N,61
13347,17,4,Floor Tiling,Finishing,2023-04-03,2023-04-10,7,2.01,N,324
13348,17,1,Cable Pulling,Electrical,2022-12-08,2022-12-17,9,2.67,N,40
13349,17,1,Conduit Laying,Electrical,2022-05-20,2022-06-19,30,1.7,Y,182
13350,17,2,Underground Drainage,Plumbing,2022-04-21,2022-05-12,21,1.48,Y,287
13351,17,3,Underground Drainage,Plumbing,2022-05-31,2022-06-09,9,2.27,Y,245
13352,17,3,Conduit Laying,Electrical,2022-03-31,2022-04-13,13,1.02,N,16
13353,17,4,Conduit Laying,Electrical,2023-02-27,2023-04-05,37,0.99,Y,406
13354,17,4,Water Supply Line Installation,Plumbing,2023-04-22,2023-05-16,24,2.95,N,306
13355,17,4,Site Clearing and Grading,Civil,2023-03-16,2023-04-19,34,1.95,N,166
13356,17,1,Excavation for Foundations,Civil,2023-06-06,2023-06-18,12,1.28,Y,18
13357,17,4,Floor Tiling,Finishing,2022-05-28,2022-06-12,15,2.04,Y,411
13358,17,3,Floor Tiling,Finishing,2022-09-28,2022-10-11,13,1.95,Y,84
13359,17,2,Floor Tiling,Finishing,2023-05-08,2023-05-19,11,0.61,Y,378
13360,17,1,Internal Plastering,Finishing,2022-02-15,2022-03-17,30,1.66,Y,12
13361,17,3,Beam Reinforcement Installation,Structural,2022-05-31,2022-06-11,11,1.09,N,379
13362,17,4,Cable Pulling,Electrical,2023-05-04,2023-06-08,35,0.31,Y,427
13363,17,4,Conduit Laying,Electrical,2023-02-18,2023-03-11,21,2.28,Y,53
13364,17,4,Site Clearing and Grading,Civil,2023-02-14,2023-03-15,29,2.04,N,16
13365,17,1,Conduit Laying,Electrical,2022-09-26,2022-10-24,28,2.92,N,192
13366,17,3,Floor Tiling,Finishing,2022-08-11,2022-08-26,15,1.88,N,433
13367,17,4,Water Supply Line Installation,Plumbing,2022-03-04,2022-03-12,8,2.59,N,226
13368,17,3,Panel Installation,Electrical,2022-09-15,2022-09-26,11,0.55,Y,298
13369,17,1,Floor Tiling,Finishing,2022-03-20,2022-04-21,32,1.95,Y,157
13370,17,3,Internal Road Works,Civil,2023-05-17,2023-06-20,34,2.23,N,358
13371,17,4,Water Supply Line Installation,Plumbing,2023-05-01,2023-06-09,39,2.11,N,448
13372,17,1,Footing Reinforcement Fixing,Structural,2022-07-29,2022-08-10,12,2.91,N,352
13373,17,2,Slab Shuttering and Pouring,Structural,2023-05-05,2023-06-02,28,1.62,N,132
13374,17,1,Cable Pulling,Electrical,2023-01-25,2023-03-01,35,2.71,Y,13
13375,17,4,Painting and Polishing,Finishing,2022-07-09,2022-08-07,29,2.25,Y,280
13376,17,2,Cable Pulling,Electrical,2023-01-26,2023-02-19,24,0.59,Y,126
13377,17,3,Panel Installation,Electrical,2022-07-11,2022-07-23,12,2.6,Y,211
13378,17,4,Backfilling and Compaction,Civil,2022-07-07,2022-08-06,30,0.62,N,476
13379,17,3,Painting and Polishing,Finishing,2023-06-13,2023-07-03,20,0.4,N,403
13380,17,4,Panel Installation,Electrical,2022-05-11,2022-05-21,10,1.02,Y,231
13381,17,1,Beam Reinforcement Installation,Structural,2022-12-05,2023-01-11,37,1.82,N,475
13382,17,3,Site Clearing and Grading,Civil,2023-04-16,2023-05-19,33,0.39,Y,111
13383,17,4,Internal Plastering,Finishing,2022-06-22,2022-07-12,20,1.97,N,40
13384,17,1,Footing Reinforcement Fixing,Structural,2022-11-13,2022-12-20,37,2.18,Y,479
13385,17,2,Cable Pulling,Electrical,2023-03-30,2023-05-09,40,1.28,N,458
13386,17,2,Beam Reinforcement Installation,Structural,2023-03-14,2023-04-10,27,2.55,Y,267
13387,17,3,Site Clearing and Grading,Civil,2022-04-15,2022-05-09,24,2.96,N,429
13388,17,2,Site Clearing and Grading,Civil,2023-02-02,2023-03-10,36,0.92,N,310
13389,17,1,Underground Drainage,Plumbing,2022-08-05,2022-09-05,31,1.21,N,57
13390,17,3,Water Supply Line Installation,Plumbing,2022-09-12,2022-09-26,14,1.96,Y,458
13391,17,1,Painting and Polishing,Finishing,2022-06-08,2022-07-06,28,1.93,Y,22
13392,17,1,Site Clearing and Grading,Civil,2022-07-18,2022-08-21,34,1.63,N,239
13393,17,4,Internal Road Works,Civil,2022-04-08,2022-05-18,40,2.73,N,74
13394,17,2,Water Supply Line Installation,Plumbing,2023-04-26,2023-06-01,36,1.24,Y,366
13395,17,1,Site Clearing and Grading,Civil,2022-04-10,2022-04-23,13,2.35,Y,205
13396,17,3,Excavation for Foundations,Civil,2022-12-08,2022-12-16,8,0.4,Y,422
13397,17,2,Site Clearing and Grading,Civil,2022-04-10,2022-05-08,28,1.32,Y,12
13398,17,1,Floor Tiling,Finishing,2022-03-30,2022-04-13,14,1.55,Y,464
13399,17,3,Floor Tiling,Finishing,2023-06-08,2023-06-19,11,0.83,Y,46
13400,17,3,Footing Reinforcement Fixing,Structural,2022-12-29,2023-01-30,32,0.31,N,37
13401,17,2,Water Supply Line Installation,Plumbing,2022-03-03,2022-03-30,27,1.75,Y,16
13402,17,2,Site Clearing and Grading,Civil,2023-01-31,2023-02-14,14,1.55,Y,377
13403,17,2,Excavation for Foundations,Civil,2022-11-26,2023-01-04,39,1.26,N,28
13404,17,2,Internal Plastering,Finishing,2023-04-20,2023-05-30,40,1.08,Y,269
13405,17,2,Excavation for Foundations,Civil,2022-02-04,2022-02-20,16,1.09,Y,379
13406,17,2,Cable Pulling,Electrical,2022-10-22,2022-11-21,30,0.97,Y,426
13407,17,2,Column Casting,Structural,2023-03-12,2023-04-07,26,1.87,N,192
13408,17,1,Water Supply Line Installation,Plumbing,2023-03-24,2023-04-25,32,1.88,N,383
13409,17,1,Column Casting,Structural,2022-04-09,2022-05-05,26,0.32,Y,359
13410,17,4,Footing Reinforcement Fixing,Structural,2023-03-05,2023-04-03,29,1.41,Y,229
13411,17,1,Column Casting,Structural,2023-04-29,2023-05-18,19,1.36,Y,104
13412,17,4,Site Clearing and Grading,Civil,2022-02-24,2022-03-21,25,0.78,N,315
13413,17,3,Floor Tiling,Finishing,2023-02-18,2023-03-08,18,1.39,N,73
13414,17,2,Cable Pulling,Electrical,2023-04-23,2023-05-20,27,1.43,Y,399
13415,17,4,Internal Road Works,Civil,2022-09-10,2022-09-30,20,2.44,Y,103
13416,17,2,Slab Shuttering and Pouring,Structural,2023-01-06,2023-01-29,23,0.83,Y,137
13417,17,2,Conduit Laying,Electrical,2023-03-17,2023-04-26,40,2.54,Y,460
13418,17,3,Backfilling and Compaction,Civil,2022-10-07,2022-11-06,30,2.97,Y,348
13419,17,1,Water Supply Line Installation,Plumbing,2022-12-08,2022-12-27,19,1.83,N,380
13420,17,4,Conduit Laying,Electrical,2022-10-15,2022-11-15,31,0.72,N,353
13421,17,2,Excavation for Foundations,Civil,2022-05-09,2022-06-04,26,0.32,N,37
13422,17,3,Site Clearing and Grading,Civil,2023-04-06,2023-05-03,27,1.99,N,366
13423,17,1,Water Supply Line Installation,Plumbing,2023-01-24,2023-02-04,11,0.58,Y,188
13424,17,4,Water Supply Line Installation,Plumbing,2022-05-08,2022-05-22,14,2.61,N,321
13425,17,4,Beam Reinforcement Installation,Structural,2022-08-13,2022-09-06,24,2.6,N,271
13426,17,3,Backfilling and Compaction,Civil,2022-03-03,2022-04-11,39,2.42,N,433
13427,17,2,Water Supply Line Installation,Plumbing,2022-06-25,2022-07-16,21,1.92,Y,469
13428,17,2,Backfilling and Compaction,Civil,2022-11-16,2022-12-10,24,1.19,Y,458
13429,17,2,Internal Road Works,Civil,2023-04-28,2023-05-23,25,2.71,Y,458
13430,17,1,Internal Plastering,Finishing,2023-04-01,2023-05-06,35,1.14,Y,123
13431,17,1,Backfilling and Compaction,Civil,2023-01-17,2023-02-08,22,2.94,N,91
13432,17,4,Conduit Laying,Electrical,2022-05-25,2022-06-23,29,0.77,Y,359
13433,17,4,Painting and Polishing,Finishing,2022-06-12,2022-06-23,11,2.53,Y,202
13434,17,2,Internal Road Works,Civil,2022-09-12,2022-10-20,38,2.95,Y,378
13435,17,3,Floor Tiling,Finishing,2022-12-19,2023-01-01,13,2.9,Y,359
13436,17,1,Beam Reinforcement Installation,Structural,2023-05-01,2023-05-28,27,1.32,Y,61
13437,17,3,Backfilling and Compaction,Civil,2022-08-22,2022-09-24,33,1.42,N,105
13438,17,3,Floor Tiling,Finishing,2023-05-30,2023-06-28,29,0.59,N,215
13439,17,1,Water Supply Line Installation,Plumbing,2023-03-13,2023-03-21,8,1.73,Y,173
13440,17,2,Excavation for Foundations,Civil,2022-12-22,2023-01-05,14,2.02,N,375
13441,17,3,Cable Pulling,Electrical,2022-12-25,2023-01-11,17,2.45,N,116
13442,17,2,Column Casting,Structural,2022-11-29,2022-12-06,7,2.34,Y,78
13443,17,1,Conduit Laying,Electrical,2023-05-11,2023-06-11,31,1.77,Y,493
13444,17,3,Internal Road Works,Civil,2022-09-04,2022-09-19,15,1.83,Y,369
13445,17,1,Conduit Laying,Electrical,2022-10-28,2022-12-04,37,1.24,Y,221
13446,17,1,Floor Tiling,Finishing,2022-12-22,2022-12-29,7,1.72,Y,29
13447,17,1,Internal Plastering,Finishing,2022-11-18,2022-12-22,34,0.96,Y,73
13448,17,1,Internal Road Works,Civil,2023-02-23,2023-03-31,36,2.18,N,171
13449,17,4,Footing Reinforcement Fixing,Structural,2022-12-26,2023-01-16,21,2.39,Y,438
13450,17,1,Beam Reinforcement Installation,Structural,2022-12-27,2023-02-05,40,1.2,Y,71
13451,17,2,Internal Road Works,Civil,2022-08-28,2022-10-01,34,2.53,N,289
13452,17,3,Underground Drainage,Plumbing,2022-04-05,2022-05-12,37,0.72,N,103
13453,17,2,Column Casting,Structural,2022-08-03,2022-09-06,34,0.8,N,102
13454,17,4,Cable Pulling,Electrical,2023-05-05,2023-05-25,20,2.75,N,461
13455,17,1,Internal Road Works,Civil,2022-10-18,2022-10-25,7,1.86,Y,362
13456,17,4,Water Supply Line Installation,Plumbing,2022-04-22,2022-05-29,37,0.97,N,257
13457,17,1,Internal Road Works,Civil,2023-04-23,2023-05-21,28,1.46,Y,467
13458,17,1,Painting and Polishing,Finishing,2023-03-09,2023-04-14,36,1.01,N,81
13459,17,2,Backfilling and Compaction,Civil,2022-07-10,2022-08-02,23,1.7,N,357
13460,17,4,Column Casting,Structural,2022-11-18,2022-12-02,14,1.55,Y,252
13461,17,1,Panel Installation,Electrical,2023-04-24,2023-05-31,37,0.39,N,124
13462,17,4,Internal Road Works,Civil,2022-06-21,2022-06-28,7,0.4,Y,209
13463,17,1,Underground Drainage,Plumbing,2022-03-21,2022-04-05,15,2.32,Y,160
13464,17,3,Cable Pulling,Electrical,2022-02-07,2022-03-11,32,2.77,Y,343
13465,17,4,Water Supply Line Installation,Plumbing,2022-11-02,2022-11-17,15,0.65,N,58
13466,17,4,Internal Plastering,Finishing,2023-02-16,2023-03-21,33,1.93,Y,181
13467,17,3,Cable Pulling,Electrical,2022-08-03,2022-08-23,20,2.69,Y,320
13468,17,1,Site Clearing and Grading,Civil,2022-04-14,2022-05-09,25,1.59,N,151
13469,17,3,Internal Road Works,Civil,2022-04-05,2022-04-12,7,2.46,Y,337
13470,17,3,Cable Pulling,Electrical,2023-05-05,2023-05-18,13,1.64,Y,121
13471,17,1,Site Clearing and Grading,Civil,2022-02-17,2022-03-28,39,2.68,Y,188
13472,17,4,Column Casting,Structural,2023-01-10,2023-02-06,27,1.16,Y,250
13473,17,1,Panel Installation,Electrical,2022-08-29,2022-09-20,22,1.08,Y,231
13474,17,2,Underground Drainage,Plumbing,2023-05-15,2023-06-19,35,0.55,N,498
13475,17,4,Excavation for Foundations,Civil,2022-09-08,2022-09-23,15,2.88,N,121
13476,17,1,Painting and Polishing,Finishing,2022-10-13,2022-11-01,19,1.52,N,84
13477,17,1,Water Supply Line Installation,Plumbing,2022-10-03,2022-10-31,28,0.63,N,453
13478,17,4,Floor Tiling,Finishing,2023-05-17,2023-05-24,7,1.84,Y,255
13479,17,3,Site Clearing and Grading,Civil,2023-04-15,2023-05-16,31,1.82,Y,344
13480,17,3,Painting and Polishing,Finishing,2022-10-29,2022-11-28,30,0.75,Y,108
13481,17,1,Excavation for Foundations,Civil,2022-06-03,2022-07-13,40,2.27,Y,212
13482,17,4,Conduit Laying,Electrical,2023-02-18,2023-03-29,39,2.93,N,109
13483,17,2,Backfilling and Compaction,Civil,2023-02-16,2023-03-08,20,0.43,N,446
13484,17,3,Site Clearing and Grading,Civil,2022-06-25,2022-07-15,20,1.4,N,136
13485,17,1,Panel Installation,Electrical,2022-07-03,2022-07-30,27,2.61,N,20
13486,17,3,Panel Installation,Electrical,2023-04-11,2023-05-05,24,2.79,Y,394
13487,17,2,Underground Drainage,Plumbing,2022-11-12,2022-11-19,7,2.74,Y,473
13488,17,3,Water Supply Line Installation,Plumbing,2022-11-26,2022-12-31,35,2.42,Y,398
13489,17,3,Beam Reinforcement Installation,Structural,2023-01-18,2023-02-24,37,1.9,N,331
13490,17,2,Slab Shuttering and Pouring,Structural,2022-08-30,2022-09-16,17,2.35,N,42
13491,17,3,Painting and Polishing,Finishing,2023-06-15,2023-07-20,35,2.67,N,348
13492,17,3,Floor Tiling,Finishing,2022-06-02,2022-06-23,21,1.92,Y,215
13493,17,2,Underground Drainage,Plumbing,2022-09-25,2022-10-25,30,0.51,Y,218
13494,17,1,Beam Reinforcement Installation,Structural,2022-06-14,2022-06-29,15,2.93,N,399
13495,17,1,Cable Pulling,Electrical,2022-09-13,2022-09-22,9,0.9,N,387
13496,17,1,Floor Tiling,Finishing,2023-02-23,2023-03-02,7,0.38,Y,437
13497,17,1,Column Casting,Structural,2022-06-23,2022-07-20,27,1.87,Y,111
13498,17,2,Floor Tiling,Finishing,2022-12-24,2023-01-05,12,2.46,Y,223
13499,17,3,Backfilling and Compaction,Civil,2023-06-04,2023-07-04,30,2.78,N,349
13500,17,4,Underground Drainage,Plumbing,2022-03-06,2022-04-15,40,1.48,N,182
13501,18,3,Site Clearing and Grading,Civil,2023-03-14,2023-04-20,37,1.28,N,165
13502,18,4,Excavation for Foundations,Civil,2023-07-20,2023-08-11,22,1.34,N,132
13503,18,2,Site Clearing and Grading,Civil,2024-05-01,2024-05-14,13,0.93,Y,325
13504,18,4,Painting and Polishing,Finishing,2023-01-30,2023-03-01,30,0.33,Y,329
13505,18,3,Slab Shuttering and Pouring,Structural,2024-03-03,2024-03-16,13,2.21,Y,344
13506,18,4,Excavation for Foundations,Civil,2023-09-13,2023-10-23,40,0.76,N,261
13507,18,1,Footing Reinforcement Fixing,Structural,2023-04-15,2023-05-05,20,0.55,N,191
13508,18,4,Backfilling and Compaction,Civil,2023-11-28,2023-12-25,27,0.59,Y,232
13509,18,1,Underground Drainage,Plumbing,2024-02-01,2024-02-14,13,0.62,N,135
13510,18,1,Footing Reinforcement Fixing,Structural,2022-12-11,2023-01-10,30,1.15,Y,206
13511,18,2,Footing Reinforcement Fixing,Structural,2024-03-15,2024-04-06,22,2.89,N,465
13512,18,4,Internal Plastering,Finishing,2024-01-02,2024-01-19,17,1.49,Y,105
13513,18,1,Underground Drainage,Plumbing,2023-08-14,2023-09-19,36,2.36,Y,242
13514,18,4,Floor Tiling,Finishing,2023-03-25,2023-04-22,28,0.94,Y,482
13515,18,1,Internal Plastering,Finishing,2022-06-21,2022-06-29,8,2.22,N,93
13516,18,3,Backfilling and Compaction,Civil,2024-01-26,2024-03-05,39,2.13,Y,443
13517,18,3,Panel Installation,Electrical,2023-04-08,2023-05-03,25,1.65,Y,231
13518,18,1,Cable Pulling,Electrical,2024-02-17,2024-03-04,16,1.35,N,233
13519,18,4,Conduit Laying,Electrical,2023-06-08,2023-07-08,30,2.33,Y,446
13520,18,1,Backfilling and Compaction,Civil,2023-04-11,2023-05-09,28,0.65,N,363
13521,18,3,Floor Tiling,Finishing,2023-02-27,2023-03-20,21,2.81,N,391
13522,18,1,Beam Reinforcement Installation,Structural,2024-02-12,2024-03-11,28,1.73,N,434
13523,18,4,Panel Installation,Electrical,2022-05-07,2022-06-01,25,2.23,N,446
13524,18,1,Column Casting,Structural,2023-08-02,2023-08-15,13,1.72,N,119
13525,18,2,Water Supply Line Installation,Plumbing,2022-11-12,2022-12-19,37,0.35,Y,410
13526,18,4,Painting and Polishing,Finishing,2022-05-16,2022-06-11,26,2.83,Y,396
13527,18,1,Internal Plastering,Finishing,2024-02-21,2024-03-31,39,2.5,Y,59
13528,18,4,Beam Reinforcement Installation,Structural,2023-01-17,2023-02-26,40,1.97,Y,79
13529,18,4,Water Supply Line Installation,Plumbing,2024-05-14,2024-05-24,10,1.6,N,194
13530,18,1,Panel Installation,Electrical,2022-09-12,2022-09-22,10,0.56,N,205
13531,18,3,Underground Drainage,Plumbing,2024-04-28,2024-05-19,21,1.05,N,476
13532,18,4,Floor Tiling,Finishing,2022-05-19,2022-06-16,28,2.62,N,365
13533,18,2,Column Casting,Structural,2022-09-09,2022-10-02,23,0.42,N,420
13534,18,2,Painting and Polishing,Finishing,2023-04-19,2023-05-02,13,2.55,N,342
13535,18,3,Beam Reinforcement Installation,Structural,2022-06-05,2022-06-16,11,1.54,N,131
13536,18,3,Backfilling and Compaction,Civil,2023-10-10,2023-10-27,17,0.91,N,492
13537,18,3,Site Clearing and Grading,Civil,2023-12-21,2024-01-28,38,2.85,N,46
13538,18,3,Beam Reinforcement Installation,Structural,2022-06-11,2022-06-23,12,0.37,N,211
13539,18,4,Cable Pulling,Electrical,2024-06-10,2024-07-19,39,0.97,Y,414
13540,18,4,Underground Drainage,Plumbing,2022-12-31,2023-01-23,23,1.74,N,320
13541,18,4,Column Casting,Structural,2024-04-18,2024-05-20,32,1.84,N,148
13542,18,3,Column Casting,Structural,2022-08-03,2022-08-29,26,1.25,N,83
13543,18,1,Beam Reinforcement Installation,Structural,2023-02-05,2023-03-03,26,1.69,N,427
13544,18,4,Slab Shuttering and Pouring,Structural,2022-08-13,2022-09-22,40,2.8,N,272
13545,18,2,Internal Plastering,Finishing,2024-04-27,2024-05-17,20,0.84,Y,473
13546,18,1,Site Clearing and Grading,Civil,2023-09-29,2023-10-31,32,0.78,Y,452
13547,18,3,Site Clearing and Grading,Civil,2024-01-17,2024-01-29,12,2.95,N,201
13548,18,4,Cable Pulling,Electrical,2022-07-10,2022-08-05,26,1.88,N,41
13549,18,2,Panel Installation,Electrical,2022-09-20,2022-10-22,32,1.43,Y,256
13550,18,2,Column Casting,Structural,2022-10-02,2022-10-24,22,2.16,N,282
13551,18,4,Floor Tiling,Finishing,2022-08-07,2022-09-09,33,1.12,Y,251
13552,18,3,Internal Road Works,Civil,2022-12-02,2022-12-21,19,3.0,N,349
13553,18,2,Painting and Polishing,Finishing,2023-06-08,2023-07-05,27,1.83,Y,288
13554,18,2,Underground Drainage,Plumbing,2023-11-20,2023-12-28,38,0.71,Y,214
13555,18,1,Water Supply Line Installation,Plumbing,2023-01-14,2023-02-03,20,0.47,N,428
13556,18,3,Internal Road Works,Civil,2023-08-11,2023-08-30,19,0.75,N,486
13557,18,2,Panel Installation,Electrical,2024-06-26,2024-07-28,32,1.14,N,395
13558,18,2,Excavation for Foundations,Civil,2023-06-18,2023-06-26,8,0.86,Y,64
13559,18,2,Excavation for Foundations,Civil,2024-01-19,2024-01-27,8,0.88,Y,169
13560,18,3,Underground Drainage,Plumbing,2023-05-08,2023-05-31,23,0.53,N,165
13561,18,2,Panel Installation,Electrical,2022-05-31,2022-07-10,40,2.41,Y,232
13562,18,2,Underground Drainage,Plumbing,2023-12-13,2023-12-22,9,0.64,Y,402
13563,18,2,Cable Pulling,Electrical,2022-11-19,2022-11-29,10,0.46,Y,105
13564,18,2,Floor Tiling,Finishing,2024-05-23,2024-05-31,8,2.9,N,258
13565,18,4,Internal Road Works,Civil,2022-12-09,2022-12-17,8,1.9,Y,212
13566,18,4,Backfilling and Compaction,Civil,2022-10-06,2022-11-02,27,1.24,Y,207
13567,18,4,Painting and Polishing,Finishing,2022-08-08,2022-08-29,21,0.9,N,268
13568,18,4,Panel Installation,Electrical,2023-01-07,2023-02-14,38,1.9,N,289
13569,18,4,Column Casting,Structural,2022-09-18,2022-09-26,8,2.95,Y,108
13570,18,1,Underground Drainage,Plumbing,2023-12-13,2024-01-04,22,2.68,Y,158
13571,18,1,Slab Shuttering and Pouring,Structural,2024-01-22,2024-02-03,12,2.82,Y,261
13572,18,1,Site Clearing and Grading,Civil,2023-10-20,2023-10-28,8,0.99,N,32
13573,18,4,Panel Installation,Electrical,2023-04-27,2023-05-29,32,0.85,Y,171
13574,18,4,Underground Drainage,Plumbing,2023-12-12,2023-12-25,13,1.47,Y,431
13575,18,2,Underground Drainage,Plumbing,2024-05-06,2024-06-08,33,1.37,Y,121
13576,18,4,Footing Reinforcement Fixing,Structural,2024-01-04,2024-01-26,22,0.72,N,357
13577,18,1,Conduit Laying,Electrical,2023-08-12,2023-08-31,19,2.51,N,447
13578,18,4,Underground Drainage,Plumbing,2023-09-18,2023-10-11,23,1.95,Y,322
13579,18,3,Painting and Polishing,Finishing,2023-01-09,2023-02-18,40,1.65,N,440
13580,18,1,Conduit Laying,Electrical,2022-05-31,2022-06-13,13,1.64,Y,90
13581,18,4,Underground Drainage,Plumbing,2023-09-11,2023-10-09,28,1.66,N,115
13582,18,3,Painting and Polishing,Finishing,2023-08-18,2023-08-26,8,1.45,Y,387
13583,18,3,Excavation for Foundations,Civil,2022-07-10,2022-08-17,38,1.69,Y,409
13584,18,4,Underground Drainage,Plumbing,2022-09-22,2022-10-29,37,2.35,Y,17
13585,18,4,Beam Reinforcement Installation,Structural,2024-03-21,2024-04-01,11,2.3,Y,457
13586,18,3,Floor Tiling,Finishing,2023-11-08,2023-12-09,31,1.81,Y,479
13587,18,1,Conduit Laying,Electrical,2024-02-26,2024-03-12,15,0.33,Y,342
13588,18,1,Backfilling and Compaction,Civil,2024-01-24,2024-02-16,23,2.98,Y,130
13589,18,1,Internal Road Works,Civil,2022-10-18,2022-11-15,28,2.38,Y,168
13590,18,4,Water Supply Line Installation,Plumbing,2022-06-24,2022-07-14,20,1.8,Y,389
13591,18,2,Underground Drainage,Plumbing,2024-01-11,2024-02-14,34,1.25,Y,40
13592,18,1,Backfilling and Compaction,Civil,2024-04-28,2024-06-01,34,1.82,N,187
13593,18,1,Internal Plastering,Finishing,2023-08-27,2023-09-26,30,1.88,N,269
13594,18,1,Water Supply Line Installation,Plumbing,2023-04-02,2023-04-19,17,2.78,N,152
13595,18,2,Underground Drainage,Plumbing,2024-02-16,2024-02-27,11,1.9,Y,368
13596,18,1,Internal Plastering,Finishing,2024-06-03,2024-06-12,9,2.22,Y,232
13597,18,4,Backfilling and Compaction,Civil,2022-10-30,2022-11-22,23,2.24,N,416
13598,18,1,Excavation for Foundations,Civil,2022-09-28,2022-10-18,20,1.78,Y,269
13599,18,2,Conduit Laying,Electrical,2023-10-08,2023-10-23,15,0.68,Y,495
13600,18,4,Backfilling and Compaction,Civil,2023-06-08,2023-07-14,36,1.19,N,145
13601,18,3,Painting and Polishing,Finishing,2023-12-04,2023-12-18,14,1.41,N,193
13602,18,1,Floor Tiling,Finishing,2022-05-04,2022-05-27,23,0.5,N,107
13603,18,4,Internal Road Works,Civil,2023-11-25,2023-12-19,24,2.06,N,121
13604,18,4,Backfilling and Compaction,Civil,2022-09-09,2022-10-18,39,1.63,N,134
13605,18,2,Floor Tiling,Finishing,2022-10-28,2022-11-26,29,1.14,Y,293
13606,18,1,Water Supply Line Installation,Plumbing,2024-06-03,2024-06-20,17,2.65,Y,72
13607,18,4,Conduit Laying,Electrical,2022-08-31,2022-10-03,33,1.24,N,65
13608,18,1,Panel Installation,Electrical,2022-12-05,2022-12-31,26,0.74,N,199
13609,18,1,Column Casting,Structural,2024-06-26,2024-07-08,12,0.44,N,477
13610,18,2,Underground Drainage,Plumbing,2022-09-30,2022-10-16,16,2.11,N,401
13611,18,3,Internal Road Works,Civil,2023-03-03,2023-03-29,26,1.85,Y,206
13612,18,2,Water Supply Line Installation,Plumbing,2022-06-20,2022-07-05,15,2.93,Y,38
13613,18,1,Footing Reinforcement Fixing,Structural,2024-06-14,2024-06-26,12,1.74,N,158
13614,18,3,Painting and Polishing,Finishing,2022-11-07,2022-12-15,38,0.69,N,57
13615,18,4,Internal Plastering,Finishing,2024-04-17,2024-05-01,14,2.0,N,175
13616,18,2,Column Casting,Structural,2024-03-01,2024-03-10,9,0.97,Y,470
13617,18,4,Internal Road Works,Civil,2022-06-04,2022-07-12,38,0.4,N,370
13618,18,1,Underground Drainage,Plumbing,2023-02-22,2023-03-01,7,0.67,Y,235
13619,18,3,Underground Drainage,Plumbing,2023-03-16,2023-04-24,39,1.88,N,280
13620,18,4,Panel Installation,Electrical,2023-03-07,2023-03-25,18,2.19,N,135
13621,18,2,Cable Pulling,Electrical,2023-01-17,2023-02-25,39,1.5,Y,223
13622,18,1,Column Casting,Structural,2024-03-17,2024-04-21,35,1.5,N,188
13623,18,4,Painting and Polishing,Finishing,2022-05-03,2022-05-22,19,1.88,N,249
13624,18,1,Column Casting,Structural,2023-08-12,2023-08-29,17,0.38,Y,190
13625,18,2,Water Supply Line Installation,Plumbing,2024-07-01,2024-07-17,16,2.66,N,427
13626,18,1,Internal Plastering,Finishing,2023-10-29,2023-11-07,9,1.46,Y,469
13627,18,2,Floor Tiling,Finishing,2023-08-27,2023-10-04,38,2.86,N,184
13628,18,4,Conduit Laying,Electrical,2022-09-18,2022-09-25,7,1.43,Y,378
13629,18,4,Cable Pulling,Electrical,2023-03-04,2023-03-14,10,0.49,N,183
13630,18,2,Beam Reinforcement Installation,Structural,2024-02-10,2024-03-14,33,1.65,Y,127
13631,18,1,Backfilling and Compaction,Civil,2023-01-26,2023-03-06,39,1.21,Y,379
13632,18,4,Internal Road Works,Civil,2023-05-16,2023-06-23,38,1.15,N,119
13633,18,2,Column Casting,Structural,2024-06-11,2024-06-23,12,2.11,N,449
13634,18,1,Conduit Laying,Electrical,2024-04-16,2024-05-19,33,2.67,Y,451
13635,18,2,Floor Tiling,Finishing,2022-08-06,2022-09-09,34,1.36,Y,314
13636,18,3,Cable Pulling,Electrical,2023-07-02,2023-07-18,16,0.68,N,21
13637,18,4,Panel Installation,Electrical,2023-10-07,2023-11-14,38,0.82,N,340
13638,18,3,Cable Pulling,Electrical,2024-01-01,2024-01-29,28,0.56,N,317
13639,18,4,Slab Shuttering and Pouring,Structural,2023-11-26,2023-12-10,14,0.84,Y,326
13640,18,4,Conduit Laying,Electrical,2023-07-04,2023-07-15,11,1.19,N,205
13641,18,2,Painting and Polishing,Finishing,2024-03-07,2024-03-30,23,2.83,N,443
13642,18,2,Floor Tiling,Finishing,2022-12-23,2023-01-16,24,0.6,Y,75
13643,18,3,Underground Drainage,Plumbing,2022-06-17,2022-06-30,13,0.56,N,265
13644,18,3,Floor Tiling,Finishing,2024-06-12,2024-07-06,24,0.94,Y,22
13645,18,1,Internal Road Works,Civil,2022-11-23,2022-12-12,19,2.72,N,37
13646,18,3,Internal Plastering,Finishing,2022-12-23,2023-01-05,13,3.0,N,440
13647,18,1,Floor Tiling,Finishing,2024-07-01,2024-07-26,25,0.38,N,58
13648,18,1,Floor Tiling,Finishing,2023-04-15,2023-05-16,31,1.29,Y,232
13649,18,4,Slab Shuttering and Pouring,Structural,2023-10-17,2023-10-28,11,2.98,Y,68
13650,18,4,Panel Installation,Electrical,2023-11-22,2023-12-11,19,2.54,Y,49
13651,18,2,Water Supply Line Installation,Plumbing,2024-05-23,2024-06-14,22,1.11,Y,356
13652,18,1,Internal Road Works,Civil,2023-11-17,2023-12-22,35,2.76,Y,363
13653,18,1,Site Clearing and Grading,Civil,2023-02-28,2023-04-08,39,0.44,Y,352
13654,18,3,Panel Installation,Electrical,2022-08-27,2022-09-04,8,2.28,Y,71
13655,18,1,Water Supply Line Installation,Plumbing,2022-08-31,2022-09-24,24,1.12,Y,46
13656,18,3,Internal Plastering,Finishing,2022-06-29,2022-07-23,24,1.23,N,276
13657,18,1,Slab Shuttering and Pouring,Structural,2022-12-25,2023-01-15,21,1.98,Y,370
13658,18,3,Cable Pulling,Electrical,2023-09-22,2023-10-23,31,2.91,N,309
13659,18,4,Panel Installation,Electrical,2023-03-03,2023-04-09,37,2.05,Y,82
13660,18,1,Cable Pulling,Electrical,2023-10-25,2023-11-17,23,2.78,N,437
13661,18,4,Painting and Polishing,Finishing,2022-08-28,2022-09-12,15,0.91,Y,118
13662,18,2,Underground Drainage,Plumbing,2023-02-21,2023-03-02,9,0.36,N,57
13663,18,2,Conduit Laying,Electrical,2022-09-30,2022-10-17,17,2.9,Y,305
13664,18,1,Internal Road Works,Civil,2024-01-22,2024-01-31,9,0.89,N,393
13665,18,2,Water Supply Line Installation,Plumbing,2022-09-15,2022-10-11,26,2.1,N,41
13666,18,4,Floor Tiling,Finishing,2023-01-01,2023-01-26,25,0.61,N,439
13667,18,3,Underground Drainage,Plumbing,2023-03-22,2023-04-14,23,1.37,Y,178
13668,18,1,Painting and Polishing,Finishing,2024-05-24,2024-07-03,40,1.22,N,1
13669,18,3,Water Supply Line Installation,Plumbing,2023-01-28,2023-03-04,35,2.09,N,378
13670,18,1,Painting and Polishing,Finishing,2022-07-13,2022-08-02,20,1.0,N,103
13671,18,4,Water Supply Line Installation,Plumbing,2022-12-31,2023-01-22,22,0.75,Y,105
13672,18,2,Internal Road Works,Civil,2023-10-01,2023-10-23,22,2.91,Y,447
13673,18,4,Water Supply Line Installation,Plumbing,2023-08-09,2023-08-23,14,1.22,Y,140
13674,18,4,Painting and Polishing,Finishing,2024-05-28,2024-06-14,17,1.59,N,148
13675,18,2,Excavation for Foundations,Civil,2023-02-17,2023-03-04,15,1.33,Y,390
13676,18,4,Footing Reinforcement Fixing,Structural,2022-11-14,2022-12-24,40,1.51,Y,246
13677,18,1,Footing Reinforcement Fixing,Structural,2022-08-20,2022-09-03,14,2.22,Y,118
13678,18,2,Cable Pulling,Electrical,2023-10-05,2023-10-19,14,1.04,Y,84
13679,18,1,Excavation for Foundations,Civil,2022-07-02,2022-07-20,18,2.18,N,359
13680,18,3,Conduit Laying,Electrical,2023-04-12,2023-05-22,40,1.78,Y,280
13681,18,1,Slab Shuttering and Pouring,Structural,2022-09-09,2022-10-07,28,0.31,Y,69
13682,18,3,Internal Road Works,Civil,2024-03-23,2024-04-28,36,1.79,N,284
13683,18,3,Column Casting,Structural,2022-12-26,2023-01-17,22,2.62,Y,203
13684,18,3,Panel Installation,Electrical,2023-02-18,2023-02-25,7,2.76,Y,143
13685,18,1,Floor Tiling,Finishing,2023-10-09,2023-11-06,28,2.57,N,326
13686,18,4,Panel Installation,Electrical,2022-07-04,2022-08-11,38,1.14,N,43
13687,18,2,Painting and Polishing,Finishing,2023-02-19,2023-03-20,29,1.53,N,433
13688,18,2,Conduit Laying,Electrical,2023-06-24,2023-08-03,40,1.02,Y,73
13689,18,4,Column Casting,Structural,2023-10-06,2023-10-28,22,2.21,Y,163
13690,18,2,Underground Drainage,Plumbing,2024-04-30,2024-05-10,10,2.5,N,190
13691,18,1,Excavation for Foundations,Civil,2022-10-26,2022-11-14,19,2.69,Y,482
13692,18,4,Panel Installation,Electrical,2023-04-12,2023-05-17,35,0.34,Y,263
13693,18,4,Site Clearing and Grading,Civil,2022-10-22,2022-10-29,7,0.64,N,262
13694,18,3,Slab Shuttering and Pouring,Structural,2023-11-19,2023-11-29,10,1.11,Y,223
13695,18,1,Painting and Polishing,Finishing,2022-08-22,2022-09-01,10,0.67,Y,304
13696,18,2,Painting and Polishing,Finishing,2023-03-06,2023-03-19,13,1.52,Y,318
13697,18,1,Slab Shuttering and Pouring,Structural,2022-07-26,2022-08-29,34,2.34,N,160
13698,18,2,Floor Tiling,Finishing,2022-09-15,2022-10-02,17,2.65,Y,100
13699,18,1,Cable Pulling,Electrical,2022-06-09,2022-07-12,33,2.52,Y,331
13700,18,2,Site Clearing and Grading,Civil,2024-04-25,2024-05-26,31,2.05,N,387
13701,18,3,Water Supply Line Installation,Plumbing,2024-04-13,2024-05-01,18,1.15,N,89
13702,18,3,Internal Plastering,Finishing,2023-11-09,2023-12-05,26,2.19,N,86
13703,18,2,Panel Installation,Electrical,2024-04-10,2024-04-17,7,1.45,N,316
13704,18,4,Conduit Laying,Electrical,2022-06-27,2022-07-23,26,1.95,Y,276
13705,18,2,Underground Drainage,Plumbing,2023-03-20,2023-04-25,36,1.39,Y,311
13706,18,1,Excavation for Foundations,Civil,2023-02-08,2023-03-01,21,1.77,Y,102
13707,18,1,Excavation for Foundations,Civil,2023-08-28,2023-09-25,28,0.71,N,370
13708,18,2,Beam Reinforcement Installation,Structural,2023-07-20,2023-08-09,20,1.04,N,212
13709,18,1,Underground Drainage,Plumbing,2024-03-04,2024-03-17,13,1.81,Y,366
13710,18,3,Water Supply Line Installation,Plumbing,2022-11-29,2023-01-01,33,2.21,N,457
13711,18,2,Internal Plastering,Finishing,2024-04-18,2024-05-13,25,2.89,N,235
13712,18,1,Conduit Laying,Electrical,2023-09-01,2023-09-12,11,0.89,Y,352
13713,18,3,Underground Drainage,Plumbing,2023-10-06,2023-11-02,27,2.11,N,238
13714,18,4,Water Supply Line Installation,Plumbing,2023-06-21,2023-06-30,9,2.14,Y,428
13715,18,3,Conduit Laying,Electrical,2022-06-17,2022-06-29,12,2.66,N,39
13716,18,3,Panel Installation,Electrical,2023-11-22,2023-12-02,10,0.38,Y,356
13717,18,1,Cable Pulling,Electrical,2023-05-08,2023-05-25,17,2.57,Y,276
13718,18,4,Painting and Polishing,Finishing,2023-02-03,2023-03-07,32,1.42,N,263
13719,18,2,Floor Tiling,Finishing,2023-11-20,2023-12-04,14,2.83,Y,402
13720,18,1,Backfilling and Compaction,Civil,2023-04-13,2023-05-11,28,1.45,N,357
13721,18,1,Floor Tiling,Finishing,2023-04-12,2023-05-07,25,1.04,Y,246
13722,18,1,Beam Reinforcement Installation,Structural,2024-03-22,2024-04-20,29,0.8,N,424
13723,18,3,Water Supply Line Installation,Plumbing,2024-06-25,2024-07-12,17,2.77,Y,186
13724,18,2,Cable Pulling,Electrical,2022-05-31,2022-07-04,34,0.88,N,429
13725,18,1,Footing Reinforcement Fixing,Structural,2023-06-10,2023-07-07,27,0.64,N,239
13726,18,1,Beam Reinforcement Installation,Structural,2023-11-11,2023-12-09,28,2.18,Y,273
13727,18,4,Site Clearing and Grading,Civil,2024-03-26,2024-04-17,22,1.33,N,271
13728,18,2,Beam Reinforcement Installation,Structural,2023-03-01,2023-03-24,23,1.21,Y,205
13729,18,3,Underground Drainage,Plumbing,2022-07-03,2022-07-19,16,2.03,N,241
13730,18,2,Water Supply Line Installation,Plumbing,2023-11-24,2023-12-04,10,2.15,Y,330
13731,18,4,Internal Plastering,Finishing,2023-05-18,2023-06-22,35,2.42,N,16
13732,18,1,Painting and Polishing,Finishing,2023-05-15,2023-05-28,13,0.9,N,108
13733,18,3,Cable Pulling,Electrical,2023-05-02,2023-05-11,9,1.91,N,369
13734,18,1,Footing Reinforcement Fixing,Structural,2023-12-18,2024-01-08,21,1.17,Y,232
13735,18,1,Underground Drainage,Plumbing,2022-09-30,2022-11-03,34,0.54,Y,120
13736,19,1,Excavation for Foundations,Civil,2023-08-31,2023-09-09,9,1.58,N,108
13737,19,3,Cable Pulling,Electrical,2022-08-09,2022-08-18,9,1.05,N,430
13738,19,4,Backfilling and Compaction,Civil,2023-11-17,2023-11-27,10,1.63,N,200
13739,19,3,Panel Installation,Electrical,2022-08-23,2022-09-27,35,2.36,N,375
13740,19,1,Footing Reinforcement Fixing,Structural,2023-11-27,2023-12-18,21,2.59,Y,492
13741,19,3,Cable Pulling,Electrical,2023-07-31,2023-09-06,37,2.08,N,475
13742,19,4,Painting and Polishing,Finishing,2023-01-11,2023-01-31,20,1.96,N,364
13743,19,1,Underground Drainage,Plumbing,2022-05-15,2022-06-10,26,2.24,Y,208
13744,19,4,Cable Pulling,Electrical,2023-07-28,2023-09-03,37,2.97,N,150
13745,19,4,Excavation for Foundations,Civil,2022-10-09,2022-11-18,40,0.86,N,188
13746,19,3,Underground Drainage,Plumbing,2023-02-22,2023-03-31,37,0.63,Y,329
13747,19,2,Underground Drainage,Plumbing,2023-03-28,2023-04-25,28,2.8,Y,161
13748,19,2,Footing Reinforcement Fixing,Structural,2023-04-12,2023-05-06,24,1.19,Y,197
13749,19,3,Site Clearing and Grading,Civil,2024-03-15,2024-04-05,21,1.15,Y,100
13750,19,2,Internal Plastering,Finishing,2024-03-02,2024-03-12,10,1.04,Y,241
13751,19,3,Column Casting,Structural,2023-02-27,2023-03-25,26,0.37,N,222
13752,19,1,Underground Drainage,Plumbing,2023-02-11,2023-02-25,14,0.72,N,292
13753,19,2,Footing Reinforcement Fixing,Structural,2023-12-09,2023-12-29,20,1.14,N,228
13754,19,4,Conduit Laying,Electrical,2023-06-25,2023-07-29,34,1.13,N,488
13755,19,1,Internal Road Works,Civil,2023-06-27,2023-07-09,12,1.27,N,101
13756,19,4,Backfilling and Compaction,Civil,2022-10-18,2022-11-10,23,1.29,N,149
13757,19,4,Site Clearing and Grading,Civil,2022-09-23,2022-10-16,23,0.95,N,13
13758,19,1,Column Casting,Structural,2022-12-14,2023-01-08,25,1.51,N,218
13759,19,2,Conduit Laying,Electrical,2022-11-05,2022-11-13,8,2.88,N,489
13760,19,1,Underground Drainage,Plumbing,2023-03-14,2023-04-18,35,2.72,Y,467
13761,19,2,Conduit Laying,Electrical,2022-09-19,2022-10-24,35,2.09,N,75
13762,19,1,Conduit Laying,Electrical,2023-10-29,2023-11-16,18,1.24,N,255
13763,19,4,Painting and Polishing,Finishing,2023-12-13,2024-01-07,25,1.48,N,252
13764,19,2,Backfilling and Compaction,Civil,2022-05-07,2022-05-18,11,2.98,Y,46
13765,19,3,Painting and Polishing,Finishing,2022-09-14,2022-10-16,32,2.37,Y,31
13766,19,2,Slab Shuttering and Pouring,Structural,2022-09-14,2022-10-21,37,2.51,Y,254
13767,19,4,Internal Plastering,Finishing,2023-05-24,2023-06-02,9,1.82,Y,188
13768,19,4,Footing Reinforcement Fixing,Structural,2023-09-12,2023-09-20,8,1.8,Y,92
13769,19,2,Underground Drainage,Plumbing,2023-05-19,2023-06-13,25,2.67,N,49
13770,19,3,Water Supply Line Installation,Plumbing,2022-11-28,2022-12-08,10,1.26,N,275
13771,19,2,Underground Drainage,Plumbing,2022-08-06,2022-08-24,18,2.01,Y,114
13772,19,4,Site Clearing and Grading,Civil,2022-08-09,2022-09-03,25,0.89,Y,76
13773,19,4,Panel Installation,Electrical,2022-07-30,2022-09-05,37,2.86,Y,208
13774,19,3,Conduit Laying,Electrical,2022-04-21,2022-04-29,8,2.07,N,61
13775,19,2,Cable Pulling,Electrical,2022-08-09,2022-09-07,29,1.72,N,36
13776,19,1,Beam Reinforcement Installation,Structural,2023-10-10,2023-10-18,8,2.43,N,125
13777,19,2,Water Supply Line Installation,Plumbing,2023-09-02,2023-09-24,22,2.99,N,444
13778,19,1,Site Clearing and Grading,Civil,2022-04-05,2022-05-11,36,0.44,N,287
13779,19,4,Excavation for Foundations,Civil,2022-08-24,2022-10-02,39,1.22,N,232
13780,19,2,Column Casting,Structural,2024-01-17,2024-02-20,34,2.25,Y,52
13781,19,2,Excavation for Foundations,Civil,2022-06-04,2022-07-11,37,1.95,N,275
13782,19,1,Painting and Polishing,Finishing,2022-12-06,2023-01-14,39,2.05,N,55
13783,19,2,Slab Shuttering and Pouring,Structural,2022-06-12,2022-07-02,20,0.94,N,303
13784,19,4,Underground Drainage,Plumbing,2023-01-01,2023-01-30,29,2.0,Y,201
13785,19,4,Backfilling and Compaction,Civil,2023-07-23,2023-08-04,12,2.77,Y,395
13786,19,2,Beam Reinforcement Installation,Structural,2022-08-28,2022-09-27,30,1.15,N,450
13787,19,3,Cable Pulling,Electrical,2023-01-01,2023-01-22,21,0.82,N,426
13788,19,2,Internal Road Works,Civil,2022-12-29,2023-01-23,25,2.98,N,168
13789,19,2,Excavation for Foundations,Civil,2022-11-14,2022-12-14,30,2.68,Y,356
13790,19,3,Floor Tiling,Finishing,2022-09-01,2022-09-13,12,1.3,N,196
13791,19,3,Beam Reinforcement Installation,Structural,2023-01-08,2023-01-30,22,1.54,N,20
13792,19,2,Water Supply Line Installation,Plumbing,2023-10-24,2023-11-23,30,2.54,Y,342
13793,19,4,Slab Shuttering and Pouring,Structural,2024-04-16,2024-04-30,14,0.64,N,201
13794,19,4,Site Clearing and Grading,Civil,2023-05-27,2023-06-19,23,0.57,N,403
13795,19,3,Panel Installation,Electrical,2023-06-17,2023-06-26,9,0.85,Y,300
13796,19,1,Conduit Laying,Electrical,2022-04-01,2022-04-26,25,1.25,N,296
13797,19,1,Internal Plastering,Finishing,2023-01-19,2023-01-29,10,1.95,Y,442
13798,19,1,Underground Drainage,Plumbing,2023-12-04,2024-01-04,31,0.68,Y,129
13799,19,3,Backfilling and Compaction,Civil,2022-09-17,2022-10-19,32,1.47,N,190
13800,19,4,Cable Pulling,Electrical,2022-08-27,2022-09-06,10,2.34,N,227
13801,19,4,Slab Shuttering and Pouring,Structural,2023-12-13,2024-01-03,21,0.62,Y,379
13802,19,1,Panel Installation,Electrical,2024-03-09,2024-04-05,27,2.78,Y,291
13803,19,1,Site Clearing and Grading,Civil,2022-07-02,2022-08-06,35,2.69,N,408
13804,19,2,Panel Installation,Electrical,2023-04-02,2023-05-06,34,0.94,N,411
13805,19,3,Painting and Polishing,Finishing,2022-11-26,2022-12-24,28,2.24,Y,354
13806,19,4,Water Supply Line Installation,Plumbing,2024-01-12,2024-02-05,24,0.34,N,475
13807,19,1,Beam Reinforcement Installation,Structural,2023-07-04,2023-07-14,10,2.19,N,462
13808,19,1,Internal Road Works,Civil,2023-11-23,2023-12-11,18,1.86,N,387
13809,19,2,Cable Pulling,Electrical,2022-04-26,2022-05-05,9,2.15,Y,418
13810,19,2,Conduit Laying,Electrical,2022-05-01,2022-06-02,32,2.77,Y,480
13811,19,4,Backfilling and Compaction,Civil,2024-03-19,2024-04-23,35,2.18,N,446
13812,19,4,Footing Reinforcement Fixing,Structural,2023-11-20,2023-12-23,33,1.22,Y,206
13813,19,1,Water Supply Line Installation,Plumbing,2023-02-12,2023-02-19,7,1.99,Y,317
13814,19,2,Internal Road Works,Civil,2024-02-05,2024-02-21,16,2.11,N,355
13815,19,1,Column Casting,Structural,2022-12-29,2023-02-01,34,0.58,Y,400
13816,19,4,Underground Drainage,Plumbing,2024-03-24,2024-04-30,37,1.8,Y,175
13817,19,1,Slab Shuttering and Pouring,Structural,2024-03-21,2024-04-30,40,2.43,Y,242
13818,19,3,Underground Drainage,Plumbing,2024-02-05,2024-02-12,7,1.77,Y,64
13819,19,1,Painting and Polishing,Finishing,2022-11-15,2022-12-20,35,0.83,N,195
13820,19,1,Conduit Laying,Electrical,2023-01-19,2023-02-10,22,2.53,Y,67
13821,19,3,Slab Shuttering and Pouring,Structural,2022-07-02,2022-07-20,18,2.99,N,330
13822,19,2,Panel Installation,Electrical,2022-08-20,2022-09-24,35,0.66,N,99
13823,19,3,Cable Pulling,Electrical,2022-09-12,2022-10-07,25,1.31,N,353
13824,19,3,Backfilling and Compaction,Civil,2022-03-28,2022-04-26,29,2.74,N,351
13825,19,2,Footing Reinforcement Fixing,Structural,2023-09-09,2023-09-23,14,0.32,Y,286
13826,19,1,Conduit Laying,Electrical,2023-01-23,2023-02-10,18,2.92,N,120
13827,19,3,Excavation for Foundations,Civil,2023-01-21,2023-02-25,35,1.96,Y,33
13828,19,2,Beam Reinforcement Installation,Structural,2022-06-01,2022-07-03,32,2.16,N,455
13829,19,4,Underground Drainage,Plumbing,2022-07-22,2022-08-30,39,1.13,Y,145
13830,19,3,Site Clearing and Grading,Civil,2022-10-15,2022-11-20,36,0.74,Y,72
13831,19,2,Backfilling and Compaction,Civil,2022-04-16,2022-05-16,30,2.35,N,309
13832,19,4,Backfilling and Compaction,Civil,2022-09-14,2022-10-03,19,1.02,N,136
13833,19,1,Column Casting,Structural,2024-03-05,2024-03-30,25,1.47,N,425
13834,19,1,Internal Plastering,Finishing,2023-03-10,2023-04-15,36,0.81,Y,260
13835,19,3,Underground Drainage,Plumbing,2023-10-30,2023-11-20,21,2.51,N,165
13836,19,1,Slab Shuttering and Pouring,Structural,2023-01-08,2023-02-10,33,2.5,Y,156
13837,19,3,Slab Shuttering and Pouring,Structural,2023-12-08,2023-12-19,11,1.0,N,194
13838,19,3,Cable Pulling,Electrical,2023-05-07,2023-05-21,14,1.21,N,205
13839,19,3,Column Casting,Structural,2022-09-01,2022-10-10,39,1.0,N,53
13840,19,1,Cable Pulling,Electrical,2022-09-21,2022-10-29,38,2.74,Y,382
13841,19,1,Conduit Laying,Electrical,2022-07-21,2022-07-29,8,1.42,Y,433
13842,19,1,Underground Drainage,Plumbing,2023-05-25,2023-06-15,21,1.54,Y,226
13843,19,1,Panel Installation,Electrical,2023-08-06,2023-09-05,30,0.85,Y,166
13844,19,3,Painting and Polishing,Finishing,2023-05-31,2023-06-30,30,1.49,Y,274
13845,19,2,Water Supply Line Installation,Plumbing,2023-12-19,2024-01-20,32,0.95,Y,144
13846,19,2,Water Supply Line Installation,Plumbing,2023-08-03,2023-08-30,27,1.55,N,231
13847,19,3,Footing Reinforcement Fixing,Structural,2023-03-30,2023-04-24,25,2.41,N,300
13848,19,2,Panel Installation,Electrical,2022-10-29,2022-11-10,12,2.82,Y,458
13849,19,2,Footing Reinforcement Fixing,Structural,2023-06-24,2023-07-07,13,2.91,Y,64
13850,19,3,Footing Reinforcement Fixing,Structural,2022-09-18,2022-10-04,16,2.09,Y,217
13851,19,4,Internal Plastering,Finishing,2022-04-25,2022-05-22,27,0.8,Y,107
13852,19,3,Column Casting,Structural,2022-04-28,2022-05-15,17,0.83,Y,300
13853,19,1,Backfilling and Compaction,Civil,2023-10-07,2023-10-17,10,2.04,N,268
13854,19,4,Cable Pulling,Electrical,2022-04-10,2022-05-03,23,2.43,Y,494
13855,19,3,Water Supply Line Installation,Plumbing,2023-12-02,2023-12-27,25,1.64,N,436
13856,19,4,Site Clearing and Grading,Civil,2022-09-18,2022-10-01,13,2.73,N,187
13857,19,3,Floor Tiling,Finishing,2024-03-29,2024-04-25,27,1.14,Y,369
13858,19,3,Internal Road Works,Civil,2023-05-11,2023-05-19,8,1.82,Y,129
13859,19,2,Site Clearing and Grading,Civil,2022-07-04,2022-08-13,40,1.01,N,336
13860,19,2,Beam Reinforcement Installation,Structural,2023-02-15,2023-03-10,23,0.77,Y,308
13861,19,4,Underground Drainage,Plumbing,2023-02-15,2023-03-17,30,0.33,N,263
13862,19,4,Water Supply Line Installation,Plumbing,2022-06-12,2022-06-26,14,2.94,N,225
13863,19,4,Floor Tiling,Finishing,2024-01-15,2024-02-03,19,2.66,N,199
13864,19,2,Floor Tiling,Finishing,2022-05-11,2022-06-10,30,0.3,Y,180
13865,19,2,Slab Shuttering and Pouring,Structural,2023-08-24,2023-09-02,9,0.92,Y,404
13866,19,4,Column Casting,Structural,2023-10-18,2023-11-13,26,1.75,N,193
13867,19,3,Water Supply Line Installation,Plumbing,2022-06-01,2022-06-29,28,1.6,Y,255
13868,19,2,Floor Tiling,Finishing,2023-12-06,2024-01-15,40,2.08,N,357
13869,19,4,Panel Installation,Electrical,2023-09-02,2023-10-04,32,2.16,N,232
13870,19,2,Beam Reinforcement Installation,Structural,2022-07-10,2022-08-18,39,1.74,Y,89
13871,19,2,Footing Reinforcement Fixing,Structural,2024-02-18,2024-02-29,11,2.07,Y,107
13872,19,4,Floor Tiling,Finishing,2023-01-14,2023-02-11,28,0.74,Y,82
13873,19,3,Floor Tiling,Finishing,2023-04-03,2023-04-11,8,2.73,Y,21
13874,19,1,Beam Reinforcement Installation,Structural,2024-02-18,2024-03-07,18,0.43,Y,305
13875,19,1,Slab Shuttering and Pouring,Structural,2022-04-20,2022-05-04,14,2.43,N,15
13876,19,1,Footing Reinforcement Fixing,Structural,2023-11-06,2023-11-27,21,1.93,N,424
13877,19,1,Beam Reinforcement Installation,Structural,2023-07-20,2023-08-05,16,2.29,N,297
13878,19,4,Site Clearing and Grading,Civil,2023-07-14,2023-08-18,35,1.75,Y,382
13879,19,2,Excavation for Foundations,Civil,2022-08-07,2022-08-14,7,2.06,N,250
13880,19,1,Water Supply Line Installation,Plumbing,2022-03-29,2022-04-29,31,2.36,Y,101
13881,19,4,Column Casting,Structural,2022-03-18,2022-04-21,34,0.41,N,31
13882,19,1,Floor Tiling,Finishing,2022-08-26,2022-09-26,31,2.56,N,262
13883,19,2,Site Clearing and Grading,Civil,2023-09-06,2023-09-27,21,1.68,Y,53
13884,19,1,Cable Pulling,Electrical,2022-12-07,2023-01-07,31,2.56,N,308
13885,19,3,Underground Drainage,Plumbing,2022-03-24,2022-04-06,13,2.96,Y,230
13886,19,1,Water Supply Line Installation,Plumbing,2022-10-08,2022-11-07,30,1.35,Y,307
13887,19,1,Painting and Polishing,Finishing,2022-07-22,2022-08-13,22,0.36,Y,230
13888,19,1,Conduit Laying,Electrical,2023-12-03,2024-01-03,31,0.41,N,413
13889,19,4,Column Casting,Structural,2023-10-23,2023-11-13,21,0.88,N,496
13890,19,2,Column Casting,Structural,2024-03-12,2024-04-01,20,0.79,N,213
13891,19,2,Internal Plastering,Finishing,2024-02-14,2024-03-03,18,1.36,N,57
13892,19,4,Conduit Laying,Electrical,2023-11-10,2023-11-25,15,2.26,N,30
13893,19,3,Slab Shuttering and Pouring,Structural,2024-03-09,2024-04-08,30,1.49,Y,196
13894,19,2,Painting and Polishing,Finishing,2022-10-17,2022-11-03,17,0.76,N,133
13895,19,4,Underground Drainage,Plumbing,2022-11-11,2022-11-29,18,0.56,N,425
13896,19,1,Conduit Laying,Electrical,2023-04-06,2023-04-18,12,1.38,Y,19
13897,19,4,Internal Road Works,Civil,2023-12-22,2024-01-03,12,0.45,N,203
13898,19,1,Floor Tiling,Finishing,2022-07-16,2022-08-12,27,0.97,Y,270
13899,19,2,Floor Tiling,Finishing,2024-04-22,2024-05-15,23,1.25,N,162
13900,19,4,Site Clearing and Grading,Civil,2022-05-21,2022-06-09,19,1.76,Y,40
13901,19,4,Panel Installation,Electrical,2024-03-27,2024-05-02,36,2.78,N,65
13902,19,2,Slab Shuttering and Pouring,Structural,2023-10-25,2023-11-07,13,0.72,Y,494
13903,19,1,Cable Pulling,Electrical,2023-06-18,2023-07-25,37,1.27,N,146
13904,19,2,Site Clearing and Grading,Civil,2024-01-28,2024-02-20,23,1.26,N,176
13905,19,4,Internal Plastering,Finishing,2023-10-23,2023-11-29,37,1.41,Y,417
13906,19,4,Backfilling and Compaction,Civil,2024-01-22,2024-01-29,7,1.97,N,237
13907,19,1,Conduit Laying,Electrical,2023-10-12,2023-11-20,39,1.29,N,55
13908,19,3,Painting and Polishing,Finishing,2022-04-15,2022-05-17,32,0.96,N,53
13909,19,4,Painting and Polishing,Finishing,2023-04-24,2023-05-16,22,1.12,N,214
13910,19,2,Cable Pulling,Electrical,2023-02-06,2023-03-08,30,1.0,Y,194
13911,19,2,Backfilling and Compaction,Civil,2022-05-10,2022-05-23,13,2.73,N,308
13912,19,3,Beam Reinforcement Installation,Structural,2023-11-07,2023-11-21,14,1.15,N,411
13913,19,4,Internal Plastering,Finishing,2022-05-24,2022-06-22,29,2.49,Y,133
13914,19,2,Water Supply Line Installation,Plumbing,2023-10-05,2023-11-07,33,0.96,Y,419
13915,19,3,Panel Installation,Electrical,2022-05-07,2022-06-07,31,2.0,N,41
13916,19,1,Underground Drainage,Plumbing,2023-07-27,2023-08-07,11,1.55,Y,118
13917,19,2,Conduit Laying,Electrical,2022-08-10,2022-09-11,32,0.35,N,132
13918,19,3,Underground Drainage,Plumbing,2022-07-12,2022-07-23,11,1.18,Y,176
13919,19,4,Slab Shuttering and Pouring,Structural,2023-05-28,2023-06-25,28,0.78,N,372
13920,19,4,Site Clearing and Grading,Civil,2022-09-19,2022-10-16,27,0.41,Y,154
13921,19,4,Panel Installation,Electrical,2023-01-03,2023-01-27,24,2.52,N,438
13922,19,4,Conduit Laying,Electrical,2022-04-03,2022-05-01,28,1.13,Y,309
13923,19,2,Excavation for Foundations,Civil,2023-05-07,2023-06-09,33,2.75,N,445
13924,19,2,Painting and Polishing,Finishing,2023-07-10,2023-07-31,21,0.95,Y,332
13925,19,1,Internal Road Works,Civil,2022-08-08,2022-09-09,32,2.29,Y,286
13926,19,3,Underground Drainage,Plumbing,2022-06-21,2022-07-19,28,2.25,N,355
13927,19,3,Excavation for Foundations,Civil,2022-07-23,2022-08-24,32,1.92,Y,315
13928,19,2,Floor Tiling,Finishing,2023-06-01,2023-06-25,24,0.5,Y,466
13929,19,2,Painting and Polishing,Finishing,2022-06-06,2022-06-17,11,1.06,Y,484
13930,19,2,Footing Reinforcement Fixing,Structural,2023-02-07,2023-03-18,39,2.94,N,29
13931,19,3,Internal Road Works,Civil,2023-01-12,2023-01-22,10,1.49,N,231
13932,19,1,Internal Road Works,Civil,2022-12-13,2022-12-25,12,1.48,Y,372
13933,19,2,Site Clearing and Grading,Civil,2023-04-07,2023-04-23,16,2.54,Y,389
13934,19,3,Internal Plastering,Finishing,2022-03-29,2022-05-07,39,0.89,N,7
13935,19,2,Footing Reinforcement Fixing,Structural,2023-01-05,2023-01-22,17,1.14,Y,133
13936,19,4,Panel Installation,Electrical,2022-05-20,2022-06-21,32,1.9,N,116
13937,19,4,Site Clearing and Grading,Civil,2023-07-04,2023-07-14,10,1.59,N,218
13938,19,4,Backfilling and Compaction,Civil,2022-10-04,2022-10-12,8,1.34,N,26
13939,19,2,Backfilling and Compaction,Civil,2024-01-04,2024-01-22,18,2.37,Y,72
13940,19,2,Floor Tiling,Finishing,2022-07-27,2022-08-24,28,1.29,Y,17
13941,19,1,Painting and Polishing,Finishing,2022-11-17,2022-12-20,33,2.67,N,101
13942,19,4,Underground Drainage,Plumbing,2022-03-24,2022-04-05,12,2.09,N,18
13943,19,1,Water Supply Line Installation,Plumbing,2023-07-16,2023-08-19,34,1.54,Y,210
13944,19,3,Slab Shuttering and Pouring,Structural,2022-06-28,2022-07-26,28,1.01,Y,449
13945,19,3,Column Casting,Structural,2022-08-11,2022-09-14,34,1.4,Y,280
13946,19,3,Painting and Polishing,Finishing,2023-10-19,2023-11-16,28,2.2,N,412
13947,19,4,Site Clearing and Grading,Civil,2023-09-11,2023-09-22,11,1.53,Y,3
13948,19,4,Water Supply Line Installation,Plumbing,2023-10-20,2023-11-03,14,0.39,N,57
13949,19,3,Painting and Polishing,Finishing,2022-03-23,2022-04-13,21,1.08,N,172
13950,19,2,Floor Tiling,Finishing,2022-10-06,2022-11-11,36,1.2,N,290
13951,19,4,Internal Plastering,Finishing,2023-06-09,2023-07-05,26,1.94,N,159
13952,19,3,Conduit Laying,Electrical,2023-04-07,2023-05-16,39,1.5,N,487
13953,19,2,Internal Plastering,Finishing,2023-03-26,2023-04-18,23,2.25,N,243
13954,19,4,Internal Plastering,Finishing,2024-02-18,2024-03-14,25,0.66,N,412
13955,19,3,Internal Road Works,Civil,2022-11-23,2022-12-23,30,2.79,Y,264
13956,19,4,Cable Pulling,Electrical,2023-09-14,2023-10-03,19,0.99,Y,264
13957,19,4,Painting and Polishing,Finishing,2022-07-07,2022-07-30,23,0.72,Y,465
13958,19,3,Conduit Laying,Electrical,2023-03-21,2023-04-11,21,2.14,Y,317
13959,19,3,Excavation for Foundations,Civil,2022-12-25,2023-01-05,11,2.83,N,265
13960,19,4,Panel Installation,Electrical,2022-08-04,2022-08-31,27,1.19,N,221
13961,19,2,Cable Pulling,Electrical,2024-01-19,2024-02-06,18,1.63,N,368
13962,19,2,Panel Installation,Electrical,2023-02-24,2023-03-14,18,0.94,Y,71
13963,19,3,Conduit Laying,Electrical,2023-12-22,2024-01-03,12,0.61,Y,432
13964,19,2,Water Supply Line Installation,Plumbing,2024-04-22,2024-05-11,19,2.58,N,254
13965,19,1,Conduit Laying,Electrical,2022-07-04,2022-07-16,12,1.66,Y,491
13966,20,3,Underground Drainage,Plumbing,2024-03-11,2024-04-14,34,0.75,Y,128
13967,20,3,Column Casting,Structural,2024-07-23,2024-08-26,34,2.98,Y,295
13968,20,1,Site Clearing and Grading,Civil,2022-08-27,2022-09-04,8,2.51,N,102
13969,20,1,Underground Drainage,Plumbing,2022-08-09,2022-09-05,27,2.06,N,88
13970,20,4,Underground Drainage,Plumbing,2023-10-20,2023-11-21,32,2.96,N,112
13971,20,4,Water Supply Line Installation,Plumbing,2024-01-30,2024-02-27,28,3.0,N,317
13972,20,3,Underground Drainage,Plumbing,2024-01-15,2024-02-23,39,2.99,Y,401
13973,20,4,Internal Plastering,Finishing,2023-05-07,2023-05-17,10,2.76,N,457
13974,20,4,Footing Reinforcement Fixing,Structural,2024-04-22,2024-05-15,23,0.89,N,400
13975,20,3,Panel Installation,Electrical,2022-09-21,2022-10-21,30,2.85,N,271
13976,20,1,Water Supply Line Installation,Plumbing,2023-06-26,2023-07-10,14,1.25,Y,150
13977,20,1,Underground Drainage,Plumbing,2023-11-12,2023-11-26,14,0.8,Y,359
13978,20,2,Backfilling and Compaction,Civil,2023-12-20,2024-01-12,23,2.5,Y,137
13979,20,4,Site Clearing and Grading,Civil,2024-05-09,2024-06-07,29,1.43,Y,309
13980,20,1,Internal Plastering,Finishing,2023-03-15,2023-04-07,23,1.7,Y,29
13981,20,1,Footing Reinforcement Fixing,Structural,2022-08-25,2022-09-13,19,1.1,N,276
13982,20,2,Underground Drainage,Plumbing,2024-07-30,2024-09-07,39,0.84,Y,87
13983,20,2,Painting and Polishing,Finishing,2024-02-20,2024-03-18,27,2.48,Y,144
13984,20,2,Cable Pulling,Electrical,2024-09-05,2024-09-14,9,1.13,N,185
13985,20,3,Painting and Polishing,Finishing,2023-03-31,2023-04-14,14,1.26,N,475
13986,20,3,Footing Reinforcement Fixing,Structural,2023-03-09,2023-03-27,18,2.58,Y,413
13987,20,3,Excavation for Foundations,Civil,2024-07-15,2024-08-05,21,1.23,Y,458
13988,20,3,Footing Reinforcement Fixing,Structural,2024-02-23,2024-03-03,9,1.63,Y,355
13989,20,4,Floor Tiling,Finishing,2022-09-09,2022-10-19,40,0.77,N,283
13990,20,1,Floor Tiling,Finishing,2024-07-02,2024-07-30,28,0.67,N,310
13991,20,2,Site Clearing and Grading,Civil,2023-04-06,2023-05-02,26,0.74,Y,353
13992,20,2,Panel Installation,Electrical,2022-06-19,2022-07-24,35,1.26,Y,428
13993,20,1,Footing Reinforcement Fixing,Structural,2024-02-06,2024-02-24,18,1.95,Y,224
13994,20,2,Conduit Laying,Electrical,2022-09-01,2022-10-08,37,0.5,N,452
13995,20,2,Water Supply Line Installation,Plumbing,2023-07-31,2023-09-06,37,1.27,Y,173
13996,20,1,Underground Drainage,Plumbing,2022-08-22,2022-09-16,25,2.56,N,145
13997,20,1,Underground Drainage,Plumbing,2022-10-07,2022-10-15,8,2.53,Y,321
13998,20,3,Panel Installation,Electrical,2024-06-19,2024-07-14,25,0.34,Y,308
13999,20,1,Conduit Laying,Electrical,2023-03-05,2023-03-19,14,0.97,Y,470
14000,20,2,Water Supply Line Installation,Plumbing,2023-02-06,2023-03-16,38,1.04,Y,225
14001,20,2,Conduit Laying,Electrical,2024-05-18,2024-06-22,35,0.82,Y,339
14002,20,3,Site Clearing and Grading,Civil,2023-09-04,2023-10-13,39,0.65,N,276
14003,20,1,Slab Shuttering and Pouring,Structural,2023-11-05,2023-12-14,39,2.21,N,334
14004,20,4,Floor Tiling,Finishing,2023-09-26,2023-10-27,31,1.75,Y,289
14005,20,1,Site Clearing and Grading,Civil,2023-06-05,2023-07-04,29,0.92,Y,301
14006,20,3,Internal Road Works,Civil,2024-05-11,2024-06-03,23,2.87,N,64
14007,20,4,Floor Tiling,Finishing,2024-08-04,2024-09-08,35,2.97,Y,110
14008,20,4,Painting and Polishing,Finishing,2022-08-28,2022-09-04,7,1.61,Y,425
14009,20,2,Floor Tiling,Finishing,2024-03-19,2024-04-27,39,0.41,N,90
14010,20,4,Floor Tiling,Finishing,2024-02-06,2024-03-11,34,1.78,Y,294
14011,20,2,Cable Pulling,Electrical,2022-12-13,2022-12-30,17,1.14,N,294
14012,20,1,Internal Plastering,Finishing,2024-03-22,2024-04-01,10,2.98,N,121
14013,20,1,Conduit Laying,Electrical,2023-06-13,2023-06-22,9,2.67,N,218
14014,20,1,Footing Reinforcement Fixing,Structural,2023-08-10,2023-08-31,21,1.79,N,192
14015,20,1,Water Supply Line Installation,Plumbing,2024-03-27,2024-04-21,25,1.82,Y,15
14016,20,4,Underground Drainage,Plumbing,2023-07-02,2023-07-27,25,1.26,Y,5
14017,20,4,Internal Plastering,Finishing,2024-02-07,2024-03-03,25,1.19,N,230
14018,20,2,Floor Tiling,Finishing,2023-03-23,2023-04-22,30,1.75,Y,158
14019,20,1,Backfilling and Compaction,Civil,2023-06-09,2023-06-19,10,0.85,N,492
14020,20,3,Beam Reinforcement Installation,Structural,2024-05-31,2024-06-28,28,0.42,Y,194
14021,20,1,Floor Tiling,Finishing,2023-08-07,2023-09-07,31,2.86,N,456
14022,20,2,Column Casting,Structural,2023-12-30,2024-01-09,10,2.27,N,88
14023,20,4,Water Supply Line Installation,Plumbing,2024-02-26,2024-03-04,7,2.45,N,2
14024,20,2,Conduit Laying,Electrical,2023-07-29,2023-08-13,15,0.37,Y,12
14025,20,2,Internal Plastering,Finishing,2022-12-15,2022-12-26,11,1.98,N,11
14026,20,2,Excavation for Foundations,Civil,2023-07-22,2023-08-28,37,2.59,Y,484
14027,20,3,Footing Reinforcement Fixing,Structural,2023-01-07,2023-01-28,21,1.68,Y,439
14028,20,1,Conduit Laying,Electrical,2023-04-23,2023-05-26,33,0.9,N,173
14029,20,2,Internal Road Works,Civil,2024-06-12,2024-07-02,20,1.06,N,224
14030,20,2,Cable Pulling,Electrical,2023-10-10,2023-11-19,40,1.86,N,269
14031,20,3,Internal Road Works,Civil,2023-10-01,2023-11-04,34,2.03,N,235
14032,20,2,Water Supply Line Installation,Plumbing,2024-05-11,2024-06-15,35,1.79,N,116
14033,20,2,Beam Reinforcement Installation,Structural,2023-09-01,2023-09-29,28,0.78,Y,439
14034,20,1,Backfilling and Compaction,Civil,2024-05-10,2024-06-07,28,2.62,N,440
14035,20,3,Internal Plastering,Finishing,2024-04-03,2024-05-03,30,1.88,Y,104
14036,20,1,Beam Reinforcement Installation,Structural,2024-09-10,2024-10-18,38,2.86,Y,359
14037,20,4,Footing Reinforcement Fixing,Structural,2024-05-10,2024-05-31,21,0.69,N,498
14038,20,4,Floor Tiling,Finishing,2023-05-05,2023-05-13,8,1.91,Y,367
14039,20,3,Slab Shuttering and Pouring,Structural,2023-09-13,2023-10-22,39,0.88,Y,250
14040,20,4,Floor Tiling,Finishing,2024-04-12,2024-05-14,32,2.53,Y,462
14041,20,4,Panel Installation,Electrical,2024-07-27,2024-09-01,36,1.66,N,6
14042,20,4,Internal Plastering,Finishing,2024-02-12,2024-03-08,25,1.55,N,405
14043,20,1,Column Casting,Structural,2024-06-26,2024-07-15,19,1.16,N,48
14044,20,1,Excavation for Foundations,Civil,2022-07-19,2022-08-16,28,2.9,N,465
14045,20,1,Column Casting,Structural,2022-11-23,2022-12-19,26,2.51,Y,481
14046,20,1,Beam Reinforcement Installation,Structural,2022-11-12,2022-11-30,18,1.69,Y,231
14047,20,4,Painting and Polishing,Finishing,2024-01-26,2024-02-24,29,2.51,Y,272
14048,20,3,Underground Drainage,Plumbing,2022-10-21,2022-10-31,10,1.59,N,413
14049,20,4,Floor Tiling,Finishing,2022-12-11,2022-12-26,15,2.09,Y,194
14050,20,2,Underground Drainage,Plumbing,2023-12-25,2024-01-27,33,2.52,N,437
14051,20,1,Panel Installation,Electrical,2023-12-05,2024-01-14,40,0.33,Y,288
14052,20,2,Column Casting,Structural,2023-09-09,2023-10-17,38,0.8,Y,345
14053,20,4,Beam Reinforcement Installation,Structural,2022-12-31,2023-02-05,36,0.98,N,486
14054,20,1,Backfilling and Compaction,Civil,2023-02-10,2023-02-18,8,0.66,Y,471
14055,20,3,Column Casting,Structural,2022-08-11,2022-09-17,37,1.04,N,203
14056,20,3,Painting and Polishing,Finishing,2024-02-11,2024-02-20,9,2.95,Y,480
14057,20,4,Conduit Laying,Electrical,2022-10-21,2022-11-23,33,0.43,N,60
14058,20,2,Panel Installation,Electrical,2022-07-03,2022-07-12,9,1.69,N,279
14059,20,3,Site Clearing and Grading,Civil,2024-01-15,2024-02-13,29,2.18,Y,20
14060,20,1,Painting and Polishing,Finishing,2023-11-12,2023-11-27,15,1.62,Y,191
14061,20,2,Cable Pulling,Electrical,2023-03-02,2023-03-20,18,2.9,Y,104
14062,20,2,Cable Pulling,Electrical,2023-03-01,2023-04-02,32,2.25,N,433
14063,20,2,Floor Tiling,Finishing,2024-07-03,2024-07-23,20,2.37,Y,232
14064,20,2,Water Supply Line Installation,Plumbing,2024-06-29,2024-07-21,22,1.89,N,305
14065,20,4,Internal Plastering,Finishing,2022-11-11,2022-12-19,38,2.34,Y,326
14066,20,2,Footing Reinforcement Fixing,Structural,2024-02-01,2024-02-16,15,1.96,N,476
14067,20,3,Water Supply Line Installation,Plumbing,2024-03-25,2024-04-20,26,2.49,Y,188
14068,20,3,Conduit Laying,Electrical,2022-09-28,2022-10-29,31,0.72,N,98
14069,20,3,Internal Road Works,Civil,2023-09-20,2023-10-11,21,2.84,Y,231
14070,20,1,Beam Reinforcement Installation,Structural,2022-07-06,2022-08-12,37,2.9,Y,137
14071,20,4,Underground Drainage,Plumbing,2022-11-29,2022-12-13,14,0.48,N,368
14072,20,1,Footing Reinforcement Fixing,Structural,2022-07-07,2022-07-24,17,1.52,N,49
14073,20,1,Backfilling and Compaction,Civil,2022-12-25,2023-01-25,31,0.97,N,75
14074,20,4,Conduit Laying,Electrical,2022-09-09,2022-09-17,8,2.52,N,411
14075,20,1,Conduit Laying,Electrical,2023-02-01,2023-02-18,17,1.16,N,415
14076,20,2,Floor Tiling,Finishing,2023-10-10,2023-10-25,15,0.74,Y,346
14077,20,4,Conduit Laying,Electrical,2023-08-23,2023-09-01,9,0.97,N,254
14078,20,2,Conduit Laying,Electrical,2023-11-04,2023-11-22,18,1.67,Y,57
14079,20,1,Panel Installation,Electrical,2022-07-25,2022-09-01,38,1.22,Y,113
14080,20,3,Floor Tiling,Finishing,2023-01-24,2023-03-01,36,2.94,Y,136
14081,20,2,Site Clearing and Grading,Civil,2022-11-02,2022-11-21,19,2.3,N,431
14082,20,4,Beam Reinforcement Installation,Structural,2023-10-12,2023-11-13,32,0.74,Y,422
14083,20,1,Floor Tiling,Finishing,2022-10-19,2022-11-12,24,0.4,N,88
14084,20,1,Underground Drainage,Plumbing,2023-02-25,2023-03-27,30,2.79,Y,21
14085,20,3,Internal Road Works,Civil,2023-12-04,2023-12-17,13,1.93,N,66
14086,20,1,Slab Shuttering and Pouring,Structural,2024-07-27,2024-08-14,18,2.0,N,23
14087,20,1,Column Casting,Structural,2024-01-05,2024-02-02,28,1.4,N,467
14088,20,1,Footing Reinforcement Fixing,Structural,2022-10-30,2022-11-25,26,1.3,N,264
14089,20,3,Slab Shuttering and Pouring,Structural,2023-05-24,2023-06-02,9,1.03,Y,117
14090,20,3,Water Supply Line Installation,Plumbing,2024-05-09,2024-06-14,36,2.65,Y,246
14091,20,1,Water Supply Line Installation,Plumbing,2023-01-02,2023-01-29,27,2.43,N,212
14092,20,3,Backfilling and Compaction,Civil,2024-04-06,2024-05-11,35,0.7,N,206
14093,20,2,Floor Tiling,Finishing,2024-01-20,2024-02-17,28,1.92,Y,78
14094,20,1,Panel Installation,Electrical,2022-10-01,2022-11-10,40,0.4,Y,331
14095,20,4,Internal Plastering,Finishing,2022-08-17,2022-08-28,11,2.6,Y,306
14096,20,2,Conduit Laying,Electrical,2024-07-18,2024-07-29,11,0.7,Y,422
14097,20,1,Conduit Laying,Electrical,2023-01-05,2023-02-11,37,0.38,Y,385
14098,20,2,Cable Pulling,Electrical,2024-04-13,2024-05-12,29,0.91,N,197
14099,20,1,Floor Tiling,Finishing,2024-05-07,2024-05-14,7,1.72,N,124
14100,20,4,Site Clearing and Grading,Civil,2023-07-25,2023-08-20,26,2.75,Y,380
14101,20,2,Panel Installation,Electrical,2023-01-17,2023-02-05,19,2.11,N,214
14102,20,3,Beam Reinforcement Installation,Structural,2024-04-02,2024-05-02,30,2.49,Y,404
14103,20,4,Column Casting,Structural,2024-07-14,2024-08-11,28,0.97,Y,470
14104,20,4,Underground Drainage,Plumbing,2024-08-26,2024-10-03,38,2.6,Y,146
14105,20,2,Floor Tiling,Finishing,2022-11-04,2022-12-13,39,2.15,N,118
14106,20,1,Cable Pulling,Electrical,2024-06-29,2024-07-06,7,1.99,N,432
14107,20,3,Backfilling and Compaction,Civil,2022-09-13,2022-10-17,34,1.36,N,31
14108,20,4,Floor Tiling,Finishing,2024-05-20,2024-06-06,17,0.97,N,369
14109,20,2,Panel Installation,Electrical,2023-04-13,2023-05-11,28,2.67,Y,86
14110,20,1,Excavation for Foundations,Civil,2022-06-21,2022-07-16,25,1.1,Y,471
14111,20,2,Underground Drainage,Plumbing,2022-12-17,2023-01-03,17,2.87,N,76
14112,20,4,Slab Shuttering and Pouring,Structural,2023-01-06,2023-01-13,7,1.08,Y,91
14113,20,4,Footing Reinforcement Fixing,Structural,2024-08-31,2024-10-10,40,1.45,N,256
14114,20,3,Footing Reinforcement Fixing,Structural,2023-01-24,2023-02-13,20,2.77,Y,48
14115,20,3,Slab Shuttering and Pouring,Structural,2023-04-11,2023-04-30,19,1.57,N,483
14116,20,4,Floor Tiling,Finishing,2023-01-11,2023-01-23,12,1.02,Y,221
14117,20,1,Painting and Polishing,Finishing,2023-04-18,2023-05-03,15,0.61,N,484
14118,20,1,Backfilling and Compaction,Civil,2022-08-30,2022-10-07,38,0.48,Y,138
14119,20,4,Cable Pulling,Electrical,2023-03-06,2023-04-03,28,1.34,Y,210
14120,20,2,Water Supply Line Installation,Plumbing,2024-09-09,2024-09-18,9,1.34,Y,319
14121,20,2,Panel Installation,Electrical,2024-05-23,2024-06-18,26,1.42,N,323
14122,20,4,Column Casting,Structural,2024-03-21,2024-04-16,26,1.25,N,435
14123,20,3,Floor Tiling,Finishing,2022-08-26,2022-09-07,12,0.71,N,449
14124,20,1,Underground Drainage,Plumbing,2023-03-26,2023-04-25,30,1.0,N,411
14125,20,3,Water Supply Line Installation,Plumbing,2023-03-09,2023-04-08,30,0.85,Y,197
14126,20,1,Backfilling and Compaction,Civil,2024-02-17,2024-02-29,12,2.03,Y,240
14127,20,1,Underground Drainage,Plumbing,2023-03-21,2023-03-31,10,1.75,N,496
14128,20,3,Painting and Polishing,Finishing,2024-07-23,2024-08-10,18,1.52,N,78
14129,20,3,Water Supply Line Installation,Plumbing,2023-06-27,2023-07-14,17,0.43,N,286
14130,20,1,Column Casting,Structural,2023-07-13,2023-08-14,32,2.31,Y,21
14131,20,4,Backfilling and Compaction,Civil,2024-05-12,2024-06-08,27,0.41,Y,37
14132,20,3,Excavation for Foundations,Civil,2022-11-03,2022-11-27,24,1.45,N,260
14133,20,2,Floor Tiling,Finishing,2023-07-09,2023-08-02,24,0.91,N,270
14134,20,2,Conduit Laying,Electrical,2024-09-03,2024-09-16,13,2.97,Y,478
14135,20,1,Underground Drainage,Plumbing,2022-10-17,2022-10-26,9,1.11,Y,290
14136,20,1,Floor Tiling,Finishing,2023-06-27,2023-07-07,10,0.78,N,487
14137,20,3,Water Supply Line Installation,Plumbing,2022-09-19,2022-10-08,19,2.93,Y,420
14138,20,3,Underground Drainage,Plumbing,2024-01-03,2024-02-08,36,2.98,N,462
14139,20,2,Cable Pulling,Electrical,2024-04-23,2024-05-26,33,0.33,Y,322
14140,20,2,Underground Drainage,Plumbing,2023-12-08,2024-01-09,32,1.2,N,211
14141,20,4,Water Supply Line Installation,Plumbing,2024-03-02,2024-03-20,18,2.54,Y,83
14142,20,3,Excavation for Foundations,Civil,2023-10-11,2023-10-30,19,2.04,N,475
14143,20,3,Underground Drainage,Plumbing,2024-06-04,2024-06-18,14,2.01,Y,435
14144,20,3,Internal Plastering,Finishing,2024-03-12,2024-04-12,31,2.02,N,207
14145,20,1,Internal Road Works,Civil,2023-06-21,2023-07-29,38,0.64,Y,86
14146,20,4,Floor Tiling,Finishing,2024-01-17,2024-01-28,11,1.85,Y,175
14147,20,3,Underground Drainage,Plumbing,2023-02-04,2023-03-06,30,1.3,N,346
14148,20,4,Site Clearing and Grading,Civil,2023-01-06,2023-02-03,28,2.76,Y,458
14149,20,2,Water Supply Line Installation,Plumbing,2023-04-06,2023-04-27,21,0.76,N,341
14150,20,3,Cable Pulling,Electrical,2024-07-17,2024-08-14,28,2.72,Y,149
14151,20,2,Panel Installation,Electrical,2022-12-24,2023-01-10,17,1.59,N,267
14152,20,3,Internal Plastering,Finishing,2024-04-15,2024-04-24,9,2.31,N,192
14153,20,3,Column Casting,Structural,2022-10-19,2022-11-08,20,2.59,N,431
14154,20,4,Water Supply Line Installation,Plumbing,2023-11-26,2023-12-16,20,1.94,Y,423
14155,20,3,Internal Road Works,Civil,2024-01-08,2024-02-14,37,0.62,N,310
14156,20,4,Column Casting,Structural,2022-12-08,2022-12-19,11,0.86,Y,277
14157,20,2,Site Clearing and Grading,Civil,2024-09-03,2024-09-25,22,1.78,Y,189
14158,20,3,Panel Installation,Electrical,2023-03-25,2023-04-19,25,1.41,N,281
14159,20,2,Cable Pulling,Electrical,2022-07-15,2022-08-11,27,1.56,N,205
14160,20,1,Cable Pulling,Electrical,2022-12-25,2023-01-28,34,1.11,N,226
14161,20,2,Cable Pulling,Electrical,2022-06-23,2022-07-16,23,1.42,Y,193
14162,20,3,Conduit Laying,Electrical,2023-12-05,2024-01-07,33,0.96,N,263
14163,20,4,Internal Road Works,Civil,2024-07-21,2024-08-12,22,2.74,N,242
14164,20,3,Slab Shuttering and Pouring,Structural,2022-09-18,2022-10-10,22,2.76,N,127
14165,20,4,Water Supply Line Installation,Plumbing,2022-08-31,2022-09-12,12,1.2,N,351
14166,20,3,Site Clearing and Grading,Civil,2022-11-11,2022-12-13,32,2.3,N,46
14167,20,1,Floor Tiling,Finishing,2024-04-15,2024-05-23,38,0.38,Y,488
14168,20,4,Cable Pulling,Electrical,2023-05-24,2023-06-09,16,0.56,N,13
14169,20,3,Excavation for Foundations,Civil,2022-12-06,2023-01-07,32,1.47,Y,103
14170,20,3,Conduit Laying,Electrical,2022-07-11,2022-08-12,32,0.31,Y,63
14171,20,2,Internal Road Works,Civil,2023-07-02,2023-07-24,22,0.61,Y,305
14172,20,3,Site Clearing and Grading,Civil,2024-01-23,2024-02-05,13,2.57,Y,114
14173,20,2,Column Casting,Structural,2024-08-10,2024-09-17,38,2.12,N,313
14174,20,4,Underground Drainage,Plumbing,2023-10-14,2023-10-26,12,1.27,Y,47
14175,20,4,Painting and Polishing,Finishing,2023-03-09,2023-04-08,30,0.92,Y,28
14176,20,3,Backfilling and Compaction,Civil,2023-09-13,2023-10-06,23,2.91,Y,114
14177,20,2,Cable Pulling,Electrical,2024-01-28,2024-02-08,11,1.67,N,462
14178,20,2,Conduit Laying,Electrical,2024-02-28,2024-03-20,21,2.06,Y,393
14179,20,4,Conduit Laying,Electrical,2023-05-31,2023-06-24,24,2.61,Y,339
14180,21,2,Water Supply Line Installation,Plumbing,2022-04-23,2022-05-04,11,1.63,Y,84
14181,21,1,Painting and Polishing,Finishing,2023-07-27,2023-08-20,24,2.38,N,358
14182,21,1,Internal Plastering,Finishing,2022-07-02,2022-07-25,23,1.39,Y,317
14183,21,4,Column Casting,Structural,2022-04-25,2022-05-22,27,0.91,Y,472
14184,21,2,Water Supply Line Installation,Plumbing,2022-01-16,2022-02-25,40,1.89,N,300
14185,21,2,Floor Tiling,Finishing,2023-06-10,2023-07-17,37,1.85,N,327
14186,21,4,Conduit Laying,Electrical,2022-11-12,2022-12-21,39,1.87,Y,147
14187,21,1,Internal Road Works,Civil,2022-04-10,2022-04-17,7,2.54,Y,37
14188,21,4,Water Supply Line Installation,Plumbing,2023-07-17,2023-08-07,21,2.1,Y,279
14189,21,2,Floor Tiling,Finishing,2023-03-02,2023-04-04,33,1.36,Y,34
14190,21,2,Internal Road Works,Civil,2022-04-30,2022-05-14,14,1.17,Y,34
14191,21,1,Panel Installation,Electrical,2022-09-25,2022-10-14,19,1.97,N,436
14192,21,3,Backfilling and Compaction,Civil,2023-06-24,2023-07-11,17,1.94,Y,295
14193,21,3,Panel Installation,Electrical,2023-02-15,2023-02-26,11,1.54,N,472
14194,21,4,Painting and Polishing,Finishing,2023-04-21,2023-05-05,14,1.4,Y,474
14195,21,3,Floor Tiling,Finishing,2022-01-21,2022-01-28,7,2.03,N,462
14196,21,4,Beam Reinforcement Installation,Structural,2022-11-06,2022-12-09,33,1.02,N,162
14197,21,1,Panel Installation,Electrical,2022-09-28,2022-11-05,38,0.71,N,208
14198,21,3,Excavation for Foundations,Civil,2022-09-24,2022-10-28,34,2.96,Y,19
14199,21,2,Conduit Laying,Electrical,2022-01-28,2022-02-11,14,1.38,N,337
14200,21,2,Internal Road Works,Civil,2022-03-15,2022-04-02,18,2.59,N,375
14201,21,1,Panel Installation,Electrical,2022-03-27,2022-04-10,14,2.13,Y,381
14202,21,1,Floor Tiling,Finishing,2023-04-18,2023-05-17,29,1.93,N,105
14203,21,1,Site Clearing and Grading,Civil,2022-07-24,2022-08-11,18,2.37,N,359
14204,21,3,Water Supply Line Installation,Plumbing,2022-03-11,2022-03-30,19,1.34,Y,475
14205,21,1,Footing Reinforcement Fixing,Structural,2023-06-24,2023-07-16,22,2.74,N,500
14206,21,4,Beam Reinforcement Installation,Structural,2022-12-20,2023-01-07,18,0.83,N,47
14207,21,3,Excavation for Foundations,Civil,2022-05-27,2022-06-30,34,2.7,N,104
14208,21,2,Internal Plastering,Finishing,2022-04-06,2022-04-30,24,1.72,N,33
14209,21,3,Cable Pulling,Electrical,2022-02-19,2022-03-27,36,1.89,Y,369
14210,21,4,Panel Installation,Electrical,2022-11-04,2022-11-13,9,0.67,N,224
14211,21,1,Painting and Polishing,Finishing,2022-10-30,2022-11-27,28,0.72,Y,194
14212,21,1,Conduit Laying,Electrical,2022-02-24,2022-03-06,10,2.26,N,387
14213,21,1,Painting and Polishing,Finishing,2022-01-26,2022-02-13,18,2.44,Y,135
14214,21,2,Painting and Polishing,Finishing,2022-02-21,2022-03-30,37,1.39,Y,130
14215,21,2,Panel Installation,Electrical,2023-04-16,2023-05-21,35,1.03,Y,400
14216,21,3,Column Casting,Structural,2022-04-07,2022-04-25,18,2.82,Y,280
14217,21,4,Panel Installation,Electrical,2022-03-02,2022-04-01,30,1.46,N,24
14218,21,3,Backfilling and Compaction,Civil,2023-06-27,2023-07-29,32,2.51,N,153
14219,21,3,Underground Drainage,Plumbing,2023-06-04,2023-07-12,38,1.9,N,163
14220,21,3,Conduit Laying,Electrical,2022-11-18,2022-11-29,11,0.36,N,458
14221,21,3,Floor Tiling,Finishing,2022-05-02,2022-05-26,24,2.47,N,333
14222,21,3,Panel Installation,Electrical,2022-02-03,2022-02-13,10,2.83,Y,5
14223,21,3,Underground Drainage,Plumbing,2023-01-28,2023-02-21,24,2.75,Y,471
14224,21,2,Water Supply Line Installation,Plumbing,2022-02-10,2022-02-17,7,1.42,N,173
14225,21,3,Beam Reinforcement Installation,Structural,2022-06-18,2022-07-16,28,2.61,Y,245
14226,21,4,Underground Drainage,Plumbing,2023-07-19,2023-08-12,24,2.23,Y,145
14227,21,2,Beam Reinforcement Installation,Structural,2023-03-11,2023-04-02,22,2.34,Y,384
14228,21,2,Column Casting,Structural,2022-10-20,2022-11-15,26,2.62,Y,209
14229,21,3,Site Clearing and Grading,Civil,2022-11-03,2022-11-17,14,2.88,N,404
14230,21,2,Panel Installation,Electrical,2023-08-03,2023-08-17,14,2.85,Y,421
14231,21,1,Slab Shuttering and Pouring,Structural,2022-12-02,2022-12-21,19,1.87,Y,71
14232,21,4,Excavation for Foundations,Civil,2023-03-24,2023-04-28,35,2.12,Y,152
14233,21,4,Panel Installation,Electrical,2022-12-20,2023-01-01,12,1.86,N,258
14234,21,3,Column Casting,Structural,2022-06-10,2022-07-15,35,1.15,N,145
14235,21,3,Internal Road Works,Civil,2022-01-27,2022-02-13,17,0.36,N,227
14236,21,1,Cable Pulling,Electrical,2022-08-16,2022-09-25,40,1.63,N,368
14237,21,3,Underground Drainage,Plumbing,2022-10-16,2022-10-24,8,1.08,N,482
14238,21,4,Underground Drainage,Plumbing,2023-04-25,2023-06-01,37,1.83,N,373
14239,21,2,Panel Installation,Electrical,2022-02-04,2022-03-04,28,0.52,N,99
14240,21,3,Internal Road Works,Civil,2023-07-28,2023-08-18,21,0.37,Y,48
14241,21,1,Cable Pulling,Electrical,2023-07-08,2023-08-10,33,1.6,N,190
14242,21,1,Footing Reinforcement Fixing,Structural,2022-01-11,2022-01-21,10,1.34,N,373
14243,21,3,Excavation for Foundations,Civil,2023-01-01,2023-01-30,29,1.3,N,477
14244,21,2,Floor Tiling,Finishing,2022-05-03,2022-05-10,7,1.19,Y,313
14245,21,3,Excavation for Foundations,Civil,2022-08-09,2022-08-23,14,1.42,N,126
14246,21,1,Underground Drainage,Plumbing,2022-09-30,2022-10-12,12,0.62,Y,227
14247,21,4,Painting and Polishing,Finishing,2022-03-09,2022-04-10,32,2.7,Y,182
14248,21,1,Water Supply Line Installation,Plumbing,2023-02-12,2023-03-20,36,2.96,Y,132
14249,21,3,Column Casting,Structural,2023-05-31,2023-06-23,23,2.86,N,419
14250,21,1,Conduit Laying,Electrical,2022-11-27,2022-12-18,21,2.5,Y,107
14251,21,3,Floor Tiling,Finishing,2023-02-06,2023-02-20,14,1.5,Y,6
14252,21,2,Floor Tiling,Finishing,2022-09-02,2022-09-17,15,2.81,N,195
14253,21,4,Water Supply Line Installation,Plumbing,2023-08-09,2023-09-04,26,1.93,N,297
14254,21,4,Panel Installation,Electrical,2022-09-12,2022-10-02,20,2.61,N,248
14255,21,2,Backfilling and Compaction,Civil,2022-02-23,2022-03-11,16,1.18,N,107
14256,21,3,Water Supply Line Installation,Plumbing,2022-09-05,2022-10-09,34,2.64,N,101
14257,21,2,Footing Reinforcement Fixing,Structural,2023-08-06,2023-09-01,26,0.8,Y,410
14258,21,4,Column Casting,Structural,2023-04-13,2023-05-14,31,1.97,Y,209
14259,21,4,Backfilling and Compaction,Civil,2022-08-31,2022-09-30,30,1.84,Y,69
14260,21,2,Slab Shuttering and Pouring,Structural,2022-11-03,2022-12-06,33,1.11,Y,278
14261,21,1,Footing Reinforcement Fixing,Structural,2022-06-14,2022-07-17,33,2.08,N,33
14262,21,2,Internal Road Works,Civil,2023-06-03,2023-06-18,15,1.59,N,278
14263,21,2,Panel Installation,Electrical,2022-09-21,2022-10-03,12,2.64,Y,435
14264,21,4,Painting and Polishing,Finishing,2022-06-23,2022-06-30,7,1.91,N,254
14265,21,3,Panel Installation,Electrical,2022-11-06,2022-11-15,9,2.82,N,214
14266,21,4,Water Supply Line Installation,Plumbing,2022-02-20,2022-03-09,17,2.48,Y,317
14267,21,4,Site Clearing and Grading,Civil,2022-09-29,2022-11-05,37,1.04,N,268
14268,21,1,Beam Reinforcement Installation,Structural,2022-02-15,2022-03-24,37,1.82,N,421
14269,21,2,Footing Reinforcement Fixing,Structural,2023-03-31,2023-04-08,8,1.92,Y,231
14270,21,3,Panel Installation,Electrical,2023-06-23,2023-07-05,12,2.37,N,253
14271,21,2,Cable Pulling,Electrical,2022-10-22,2022-11-21,30,2.98,Y,412
14272,21,3,Conduit Laying,Electrical,2022-03-01,2022-03-08,7,1.18,N,304
14273,21,3,Beam Reinforcement Installation,Structural,2023-03-23,2023-04-11,19,1.45,N,439
14274,21,2,Panel Installation,Electrical,2022-06-01,2022-07-06,35,2.75,Y,288
14275,21,4,Underground Drainage,Plumbing,2022-03-18,2022-03-30,12,1.53,Y,356
14276,21,4,Excavation for Foundations,Civil,2022-04-26,2022-05-28,32,2.65,N,15
14277,21,4,Footing Reinforcement Fixing,Structural,2022-05-26,2022-07-02,37,1.83,Y,197
14278,21,2,Floor Tiling,Finishing,2022-10-05,2022-10-24,19,2.4,Y,354
14279,21,2,Underground Drainage,Plumbing,2022-06-16,2022-07-17,31,2.66,Y,353
14280,21,3,Internal Road Works,Civil,2023-05-29,2023-06-30,32,2.94,Y,367
14281,21,4,Footing Reinforcement Fixing,Structural,2023-03-28,2023-04-16,19,1.53,Y,293
14282,21,3,Internal Road Works,Civil,2022-08-02,2022-09-10,39,0.74,N,42
14283,21,1,Underground Drainage,Plumbing,2023-02-24,2023-03-10,14,1.34,N,400
14284,21,2,Beam Reinforcement Installation,Structural,2023-05-01,2023-06-04,34,1.44,Y,79
14285,21,2,Internal Plastering,Finishing,2022-07-15,2022-08-01,17,0.38,N,279
14286,21,1,Internal Plastering,Finishing,2023-01-05,2023-02-10,36,2.81,N,426
14287,21,1,Underground Drainage,Plumbing,2023-07-03,2023-08-02,30,1.55,Y,398
14288,21,3,Floor Tiling,Finishing,2023-07-02,2023-07-20,18,2.81,Y,406
14289,21,4,Conduit Laying,Electrical,2022-12-07,2022-12-22,15,1.81,Y,311
14290,21,4,Internal Plastering,Finishing,2023-03-24,2023-04-24,31,1.94,Y,337
14291,21,2,Backfilling and Compaction,Civil,2022-07-29,2022-08-20,22,0.6,Y,80
14292,21,2,Conduit Laying,Electrical,2023-05-23,2023-06-06,14,0.34,N,312
14293,21,1,Cable Pulling,Electrical,2022-05-27,2022-06-26,30,0.8,Y,71
14294,21,4,Internal Plastering,Finishing,2022-09-22,2022-10-05,13,2.56,N,426
14295,21,3,Floor Tiling,Finishing,2022-04-13,2022-05-12,29,1.92,N,399
14296,21,1,Conduit Laying,Electrical,2023-07-20,2023-08-25,36,2.55,Y,187
14297,21,3,Painting and Polishing,Finishing,2023-03-12,2023-03-19,7,0.53,Y,378
14298,21,2,Footing Reinforcement Fixing,Structural,2022-06-25,2022-07-02,7,2.26,Y,426
14299,21,4,Excavation for Foundations,Civil,2022-08-03,2022-08-10,7,2.95,Y,89
14300,21,4,Floor Tiling,Finishing,2023-05-26,2023-06-04,9,0.59,N,115
14301,21,4,Column Casting,Structural,2022-05-21,2022-06-23,33,2.17,Y,90
14302,21,3,Panel Installation,Electrical,2022-06-27,2022-08-04,38,2.77,N,479
14303,21,1,Backfilling and Compaction,Civil,2022-05-03,2022-05-22,19,2.49,Y,277
14304,21,3,Painting and Polishing,Finishing,2023-05-28,2023-06-25,28,0.84,N,110
14305,21,4,Panel Installation,Electrical,2023-01-29,2023-03-09,39,2.17,N,175
14306,21,2,Backfilling and Compaction,Civil,2023-02-27,2023-03-12,13,0.39,N,453
14307,21,1,Painting and Polishing,Finishing,2022-04-21,2022-05-09,18,0.34,N,67
14308,21,4,Underground Drainage,Plumbing,2023-02-24,2023-03-25,29,1.41,Y,302
14309,21,4,Internal Road Works,Civil,2022-11-13,2022-11-30,17,0.36,Y,55
14310,21,1,Column Casting,Structural,2022-04-22,2022-05-12,20,1.58,Y,248
14311,21,2,Backfilling and Compaction,Civil,2022-01-18,2022-02-16,29,2.47,Y,290
14312,21,1,Beam Reinforcement Installation,Structural,2023-07-15,2023-07-30,15,0.51,Y,167
14313,21,4,Site Clearing and Grading,Civil,2023-01-24,2023-02-16,23,0.93,Y,372
14314,21,2,Water Supply Line Installation,Plumbing,2022-02-02,2022-02-12,10,2.06,N,59
14315,21,2,Water Supply Line Installation,Plumbing,2022-10-26,2022-11-28,33,1.25,N,184
14316,21,2,Beam Reinforcement Installation,Structural,2022-05-16,2022-05-24,8,0.61,N,429
14317,21,1,Water Supply Line Installation,Plumbing,2022-09-21,2022-10-04,13,2.93,Y,330
14318,21,2,Internal Road Works,Civil,2022-07-06,2022-07-23,17,2.94,Y,241
14319,21,1,Panel Installation,Electrical,2022-12-27,2023-01-08,12,2.01,N,307
14320,21,2,Water Supply Line Installation,Plumbing,2023-06-28,2023-07-07,9,0.54,Y,325
14321,21,2,Column Casting,Structural,2022-05-29,2022-07-05,37,2.64,N,166
14322,21,4,Backfilling and Compaction,Civil,2022-02-06,2022-02-23,17,1.04,Y,215
14323,21,4,Underground Drainage,Plumbing,2023-02-11,2023-03-22,39,1.37,N,191
14324,21,4,Column Casting,Structural,2022-06-08,2022-06-15,7,2.87,N,224
14325,21,3,Cable Pulling,Electrical,2023-08-11,2023-09-17,37,2.99,N,77
14326,21,2,Internal Plastering,Finishing,2023-04-03,2023-04-22,19,2.63,Y,307
14327,21,2,Footing Reinforcement Fixing,Structural,2022-03-17,2022-04-20,34,1.11,Y,329
14328,21,1,Backfilling and Compaction,Civil,2022-05-05,2022-06-11,37,2.43,N,150
14329,21,3,Water Supply Line Installation,Plumbing,2023-08-03,2023-08-13,10,1.66,N,74
14330,21,1,Footing Reinforcement Fixing,Structural,2022-07-23,2022-08-02,10,0.81,Y,24
14331,21,1,Floor Tiling,Finishing,2023-04-20,2023-05-17,27,1.63,Y,369
14332,21,1,Panel Installation,Electrical,2023-02-11,2023-03-16,33,0.45,Y,54
14333,21,3,Water Supply Line Installation,Plumbing,2023-05-25,2023-06-09,15,0.38,Y,387
14334,21,3,Floor Tiling,Finishing,2023-04-15,2023-05-25,40,1.23,Y,346
14335,21,2,Painting and Polishing,Finishing,2022-03-12,2022-04-01,20,1.08,Y,334
14336,21,3,Column Casting,Structural,2022-07-16,2022-08-15,30,1.11,Y,162
14337,21,4,Painting and Polishing,Finishing,2022-10-14,2022-10-23,9,0.69,Y,74
14338,21,3,Site Clearing and Grading,Civil,2023-08-10,2023-09-12,33,0.35,Y,135
14339,21,2,Internal Road Works,Civil,2023-03-22,2023-05-01,40,2.21,Y,270
14340,21,4,Excavation for Foundations,Civil,2022-11-28,2022-12-08,10,1.65,Y,62
14341,21,1,Column Casting,Structural,2022-10-09,2022-10-18,9,2.61,N,388
14342,21,4,Cable Pulling,Electrical,2022-08-02,2022-08-12,10,1.88,Y,167
14343,21,1,Cable Pulling,Electrical,2022-10-29,2022-11-27,29,2.97,Y,257
14344,21,2,Panel Installation,Electrical,2022-10-27,2022-11-10,14,0.41,N,73
14345,21,4,Floor Tiling,Finishing,2022-04-21,2022-05-07,16,0.39,Y,187
14346,21,4,Panel Installation,Electrical,2022-04-13,2022-05-22,39,2.14,N,331
14347,21,1,Site Clearing and Grading,Civil,2022-05-04,2022-06-04,31,1.89,Y,81
14348,21,2,Conduit Laying,Electrical,2023-03-22,2023-04-30,39,2.31,N,391
14349,21,3,Beam Reinforcement Installation,Structural,2022-02-10,2022-02-19,9,2.87,N,352
14350,21,1,Excavation for Foundations,Civil,2023-04-04,2023-04-30,26,1.51,Y,115
14351,21,4,Underground Drainage,Plumbing,2022-10-27,2022-11-23,27,1.18,N,313
14352,21,1,Floor Tiling,Finishing,2022-05-12,2022-05-19,7,1.38,Y,257
14353,21,4,Internal Plastering,Finishing,2022-07-05,2022-07-12,7,1.82,Y,431
14354,21,3,Panel Installation,Electrical,2023-04-26,2023-06-03,38,2.07,N,399
14355,21,4,Water Supply Line Installation,Plumbing,2022-05-04,2022-06-13,40,2.52,N,317
14356,21,3,Internal Plastering,Finishing,2022-01-16,2022-01-28,12,2.21,Y,196
14357,21,4,Conduit Laying,Electrical,2022-11-30,2022-12-23,23,2.87,Y,493
14358,21,2,Site Clearing and Grading,Civil,2022-08-04,2022-08-31,27,0.43,N,39
14359,21,3,Internal Plastering,Finishing,2022-01-20,2022-01-27,7,2.89,N,412
14360,21,2,Column Casting,Structural,2023-06-08,2023-07-13,35,1.39,Y,351
14361,21,2,Beam Reinforcement Installation,Structural,2022-03-29,2022-04-15,17,0.83,Y,80
14362,21,4,Slab Shuttering and Pouring,Structural,2022-10-24,2022-11-18,25,2.55,N,469
14363,21,1,Internal Plastering,Finishing,2023-02-10,2023-03-17,35,2.32,Y,173
14364,21,1,Painting and Polishing,Finishing,2022-03-02,2022-03-22,20,1.28,N,109
14365,21,4,Cable Pulling,Electrical,2023-02-25,2023-03-13,16,0.87,N,114
14366,21,1,Underground Drainage,Plumbing,2022-02-13,2022-03-15,30,2.1,Y,163
14367,21,1,Footing Reinforcement Fixing,Structural,2022-03-01,2022-03-15,14,1.77,N,235
14368,21,4,Footing Reinforcement Fixing,Structural,2023-04-10,2023-04-29,19,0.6,Y,428
14369,21,1,Water Supply Line Installation,Plumbing,2022-02-27,2022-03-18,19,2.98,Y,88
14370,21,1,Internal Plastering,Finishing,2022-01-16,2022-01-27,11,2.58,N,213
14371,21,4,Underground Drainage,Plumbing,2022-08-21,2022-09-05,15,2.65,N,218
14372,21,4,Internal Plastering,Finishing,2022-09-08,2022-10-13,35,1.05,Y,262
14373,21,1,Panel Installation,Electrical,2022-01-28,2022-02-25,28,0.91,N,286
14374,21,1,Beam Reinforcement Installation,Structural,2022-05-08,2022-05-23,15,1.3,N,107
14375,21,2,Beam Reinforcement Installation,Structural,2022-08-03,2022-08-16,13,0.7,Y,113
14376,22,4,Water Supply Line Installation,Plumbing,2022-08-27,2022-10-02,36,1.76,N,426
14377,22,2,Water Supply Line Installation,Plumbing,2022-01-21,2022-02-18,28,2.69,N,52
14378,22,1,Slab Shuttering and Pouring,Structural,2023-06-27,2023-07-29,32,0.35,Y,81
14379,22,1,Site Clearing and Grading,Civil,2022-04-26,2022-05-31,35,1.64,Y,175
14380,22,1,Excavation for Foundations,Civil,2022-11-07,2022-11-17,10,2.38,Y,165
14381,22,2,Internal Plastering,Finishing,2022-03-31,2022-04-24,24,1.13,N,425
14382,22,3,Site Clearing and Grading,Civil,2023-03-22,2023-03-31,9,1.29,N,482
14383,22,1,Underground Drainage,Plumbing,2022-04-08,2022-04-23,15,1.75,Y,471
14384,22,4,Site Clearing and Grading,Civil,2023-03-23,2023-04-27,35,2.49,N,342
14385,22,1,Column Casting,Structural,2023-04-15,2023-05-02,17,2.8,N,372
14386,22,1,Underground Drainage,Plumbing,2022-06-12,2022-07-09,27,1.42,N,131
14387,22,1,Site Clearing and Grading,Civil,2022-10-06,2022-10-13,7,2.23,N,250
14388,22,1,Panel Installation,Electrical,2022-04-18,2022-05-04,16,1.56,N,51
14389,22,1,Internal Plastering,Finishing,2022-04-04,2022-05-02,28,0.46,N,392
14390,22,2,Painting and Polishing,Finishing,2023-03-15,2023-04-24,40,0.72,Y,135
14391,22,4,Panel Installation,Electrical,2022-03-20,2022-04-16,27,0.74,N,61
14392,22,3,Footing Reinforcement Fixing,Structural,2023-01-04,2023-01-13,9,2.75,N,4
14393,22,4,Internal Road Works,Civil,2023-05-23,2023-06-13,21,1.55,Y,300
14394,22,2,Painting and Polishing,Finishing,2022-05-13,2022-06-07,25,1.25,N,375
14395,22,1,Cable Pulling,Electrical,2022-02-18,2022-03-05,15,0.32,Y,245
14396,22,2,Underground Drainage,Plumbing,2023-03-23,2023-03-30,7,0.56,Y,497
14397,22,4,Underground Drainage,Plumbing,2023-04-16,2023-05-16,30,1.59,Y,431
14398,22,4,Underground Drainage,Plumbing,2022-05-27,2022-06-21,25,1.9,N,93
14399,22,3,Internal Plastering,Finishing,2023-03-28,2023-05-03,36,2.09,Y,32
14400,22,4,Slab Shuttering and Pouring,Structural,2023-06-29,2023-07-06,7,1.07,Y,152
14401,22,2,Footing Reinforcement Fixing,Structural,2023-06-29,2023-07-18,19,1.58,N,308
14402,22,3,Conduit Laying,Electrical,2023-06-27,2023-07-17,20,1.65,N,489
14403,22,3,Panel Installation,Electrical,2022-03-12,2022-04-14,33,2.65,Y,444
14404,22,2,Excavation for Foundations,Civil,2023-04-29,2023-05-22,23,2.36,Y,140
14405,22,4,Slab Shuttering and Pouring,Structural,2023-07-03,2023-07-21,18,1.69,Y,436
14406,22,2,Painting and Polishing,Finishing,2022-12-14,2023-01-09,26,1.79,Y,216
14407,22,2,Footing Reinforcement Fixing,Structural,2022-12-28,2023-01-12,15,2.35,N,366
14408,22,4,Underground Drainage,Plumbing,2023-03-08,2023-04-11,34,1.52,N,259
14409,22,1,Painting and Polishing,Finishing,2023-07-26,2023-08-28,33,0.45,Y,495
14410,22,2,Slab Shuttering and Pouring,Structural,2023-04-02,2023-04-28,26,1.94,Y,353
14411,22,2,Beam Reinforcement Installation,Structural,2022-03-25,2022-04-07,13,1.8,N,303
14412,22,1,Underground Drainage,Plumbing,2022-08-13,2022-08-23,10,1.92,N,67
14413,22,4,Painting and Polishing,Finishing,2023-04-11,2023-04-18,7,0.83,N,441
14414,22,4,Column Casting,Structural,2022-10-21,2022-11-10,20,2.94,N,39
14415,22,3,Water Supply Line Installation,Plumbing,2022-08-04,2022-08-30,26,1.76,Y,311
14416,22,1,Conduit Laying,Electrical,2023-06-19,2023-07-22,33,1.2,N,34
14417,22,4,Panel Installation,Electrical,2022-02-14,2022-03-09,23,0.63,N,424
14418,22,3,Water Supply Line Installation,Plumbing,2022-10-29,2022-11-18,20,1.51,N,194
14419,22,4,Footing Reinforcement Fixing,Structural,2022-04-05,2022-04-23,18,2.43,N,235
14420,22,4,Panel Installation,Electrical,2022-01-31,2022-03-12,40,1.79,N,280
14421,22,2,Cable Pulling,Electrical,2022-04-09,2022-05-05,26,2.74,N,247
14422,22,3,Site Clearing and Grading,Civil,2022-10-09,2022-11-08,30,0.91,N,269
14423,22,2,Cable Pulling,Electrical,2022-11-01,2022-11-21,20,2.94,Y,55
14424,22,2,Conduit Laying,Electrical,2022-08-23,2022-09-27,35,2.98,N,136
14425,22,3,Internal Plastering,Finishing,2022-11-05,2022-12-08,33,2.64,Y,309
14426,22,3,Painting and Polishing,Finishing,2023-01-21,2023-02-25,35,1.31,N,272
14427,22,3,Conduit Laying,Electrical,2023-03-12,2023-04-13,32,2.12,Y,21
14428,22,4,Footing Reinforcement Fixing,Structural,2022-11-15,2022-12-20,35,0.46,Y,171
14429,22,2,Excavation for Foundations,Civil,2022-11-14,2022-12-16,32,2.94,N,106
14430,22,2,Underground Drainage,Plumbing,2023-07-16,2023-08-22,37,0.42,N,395
14431,22,4,Conduit Laying,Electrical,2022-10-16,2022-11-21,36,1.1,Y,367
14432,22,1,Floor Tiling,Finishing,2022-05-27,2022-06-09,13,2.89,Y,428
14433,22,4,Slab Shuttering and Pouring,Structural,2022-07-18,2022-08-19,32,2.49,N,425
14434,22,3,Internal Plastering,Finishing,2022-12-25,2023-01-27,33,1.68,N,65
14435,22,1,Painting and Polishing,Finishing,2023-06-06,2023-06-13,7,2.31,Y,13
14436,22,2,Underground Drainage,Plumbing,2022-09-05,2022-10-05,30,0.61,Y,213
14437,22,4,Painting and Polishing,Finishing,2022-10-28,2022-11-15,18,0.58,N,99
14438,22,2,Backfilling and Compaction,Civil,2023-05-10,2023-05-26,16,2.95,Y,419
14439,22,4,Underground Drainage,Plumbing,2023-01-15,2023-01-31,16,1.43,Y,253
14440,22,2,Slab Shuttering and Pouring,Structural,2022-11-28,2023-01-04,37,0.66,Y,60
14441,22,3,Conduit Laying,Electrical,2022-03-20,2022-04-16,27,1.13,N,238
14442,22,3,Floor Tiling,Finishing,2022-08-12,2022-08-23,11,0.69,Y,128
14443,22,3,Painting and Polishing,Finishing,2022-07-25,2022-08-19,25,0.53,N,307
14444,22,4,Water Supply Line Installation,Plumbing,2023-01-16,2023-02-24,39,1.35,Y,298
14445,22,3,Beam Reinforcement Installation,Structural,2022-07-29,2022-09-06,39,1.54,Y,38
14446,22,4,Footing Reinforcement Fixing,Structural,2023-02-27,2023-03-25,26,0.53,N,242
14447,22,1,Painting and Polishing,Finishing,2022-09-09,2022-09-23,14,1.74,N,454
14448,22,1,Backfilling and Compaction,Civil,2022-10-02,2022-10-12,10,2.51,Y,148
14449,22,3,Cable Pulling,Electrical,2022-02-24,2022-03-18,22,1.69,Y,291
14450,22,2,Internal Plastering,Finishing,2022-02-26,2022-03-25,27,0.61,Y,395
14451,22,1,Excavation for Foundations,Civil,2023-04-09,2023-05-02,23,2.4,N,416
14452,22,3,Water Supply Line Installation,Plumbing,2022-09-09,2022-10-15,36,2.21,Y,465
14453,22,4,Underground Drainage,Plumbing,2023-06-15,2023-06-25,10,1.54,Y,268
14454,22,3,Excavation for Foundations,Civil,2023-06-07,2023-07-07,30,1.99,N,61
14455,22,1,Internal Plastering,Finishing,2022-07-03,2022-08-02,30,2.33,N,448
14456,22,4,Underground Drainage,Plumbing,2022-10-29,2022-11-28,30,1.06,N,50
14457,22,1,Internal Plastering,Finishing,2022-08-12,2022-08-19,7,1.11,Y,47
14458,22,1,Internal Plastering,Finishing,2022-12-03,2023-01-12,40,2.77,Y,433
14459,22,2,Footing Reinforcement Fixing,Structural,2022-08-20,2022-09-06,17,2.87,Y,173
14460,22,3,Cable Pulling,Electrical,2022-11-12,2022-11-21,9,0.78,Y,338
14461,22,1,Column Casting,Structural,2023-03-14,2023-04-03,20,2.82,N,369
14462,22,2,Internal Plastering,Finishing,2022-12-05,2022-12-24,19,2.75,Y,2
14463,22,1,Slab Shuttering and Pouring,Structural,2022-12-17,2023-01-23,37,2.66,Y,153
14464,22,3,Conduit Laying,Electrical,2023-02-25,2023-03-29,32,1.6,N,376
14465,22,4,Excavation for Foundations,Civil,2022-05-25,2022-07-01,37,2.45,Y,175
14466,22,1,Panel Installation,Electrical,2023-07-23,2023-08-11,19,0.74,Y,141
14467,22,2,Excavation for Foundations,Civil,2022-09-11,2022-09-26,15,1.42,N,492
14468,22,3,Floor Tiling,Finishing,2022-04-23,2022-05-21,28,2.72,N,37
14469,22,3,Cable Pulling,Electrical,2023-01-06,2023-02-14,39,1.59,Y,467
14470,22,3,Water Supply Line Installation,Plumbing,2023-05-11,2023-05-27,16,2.7,Y,18
14471,22,4,Footing Reinforcement Fixing,Structural,2023-07-09,2023-08-09,31,1.07,Y,337
14472,22,4,Underground Drainage,Plumbing,2022-06-10,2022-06-27,17,2.49,N,267
14473,22,4,Internal Road Works,Civil,2023-01-20,2023-02-11,22,1.83,Y,358
14474,22,2,Backfilling and Compaction,Civil,2022-12-09,2023-01-13,35,1.58,N,172
14475,22,4,Backfilling and Compaction,Civil,2022-07-22,2022-08-24,33,1.8,Y,238
14476,22,3,Water Supply Line Installation,Plumbing,2022-10-13,2022-11-01,19,1.6,N,163
14477,22,1,Excavation for Foundations,Civil,2023-05-24,2023-07-02,39,1.95,Y,240
14478,22,4,Floor Tiling,Finishing,2023-03-15,2023-03-27,12,1.68,N,157
14479,22,2,Excavation for Foundations,Civil,2023-01-05,2023-02-04,30,0.53,N,439
14480,22,1,Painting and Polishing,Finishing,2022-02-19,2022-03-11,20,1.68,Y,350
14481,22,4,Slab Shuttering and Pouring,Structural,2022-08-04,2022-08-30,26,0.45,Y,468
14482,22,1,Panel Installation,Electrical,2022-03-13,2022-04-03,21,1.05,N,490
14483,22,3,Floor Tiling,Finishing,2022-11-21,2022-12-23,32,1.3,N,350
14484,22,4,Site Clearing and Grading,Civil,2023-02-26,2023-04-05,38,2.23,N,91
14485,22,2,Water Supply Line Installation,Plumbing,2023-03-10,2023-04-12,33,0.92,N,145
14486,22,2,Painting and Polishing,Finishing,2022-10-13,2022-11-19,37,0.46,N,466
14487,22,3,Backfilling and Compaction,Civil,2022-10-17,2022-11-20,34,2.11,Y,112
14488,22,2,Painting and Polishing,Finishing,2023-07-16,2023-08-09,24,0.71,N,258
14489,22,1,Panel Installation,Electrical,2023-01-24,2023-02-25,32,2.68,N,414
14490,22,3,Painting and Polishing,Finishing,2022-06-25,2022-07-31,36,2.95,Y,463
14491,22,3,Column Casting,Structural,2022-08-24,2022-09-11,18,2.8,Y,298
14492,22,2,Column Casting,Structural,2022-08-11,2022-09-15,35,2.71,Y,1
14493,22,4,Cable Pulling,Electrical,2023-03-26,2023-04-08,13,2.77,Y,434
14494,22,1,Floor Tiling,Finishing,2022-12-11,2022-12-27,16,2.3,N,197
14495,22,4,Column Casting,Structural,2022-12-27,2023-01-23,27,2.34,Y,22
14496,22,3,Slab Shuttering and Pouring,Structural,2022-03-07,2022-04-03,27,2.83,Y,108
14497,22,2,Beam Reinforcement Installation,Structural,2023-02-15,2023-02-28,13,1.92,Y,471
14498,22,4,Floor Tiling,Finishing,2022-07-30,2022-09-03,35,1.74,N,281
14499,22,2,Conduit Laying,Electrical,2022-11-01,2022-11-08,7,2.89,Y,152
14500,22,1,Panel Installation,Electrical,2022-09-04,2022-10-10,36,0.94,Y,335
14501,22,3,Panel Installation,Electrical,2022-02-16,2022-02-25,9,2.61,Y,82
14502,22,2,Cable Pulling,Electrical,2022-03-16,2022-03-30,14,2.63,Y,382
14503,22,4,Floor Tiling,Finishing,2022-10-15,2022-11-22,38,0.47,N,246
14504,22,3,Excavation for Foundations,Civil,2022-11-16,2022-12-17,31,1.84,Y,247
14505,22,4,Underground Drainage,Plumbing,2023-03-21,2023-04-07,17,2.58,N,461
14506,22,2,Conduit Laying,Electrical,2022-08-03,2022-09-10,38,0.33,Y,299
14507,22,2,Beam Reinforcement Installation,Structural,2023-07-12,2023-08-13,32,2.28,N,104
14508,22,4,Beam Reinforcement Installation,Structural,2022-03-23,2022-04-16,24,2.75,Y,71
14509,22,4,Painting and Polishing,Finishing,2022-06-24,2022-07-05,11,0.63,N,475
14510,22,3,Excavation for Foundations,Civil,2022-04-03,2022-04-15,12,0.64,Y,342
14511,22,2,Column Casting,Structural,2023-06-22,2023-07-14,22,1.5,N,236
14512,22,1,Water Supply Line Installation,Plumbing,2023-01-20,2023-02-18,29,1.67,Y,242
14513,22,4,Underground Drainage,Plumbing,2022-04-07,2022-05-03,26,1.67,N,366
14514,22,4,Excavation for Foundations,Civil,2022-10-31,2022-12-04,34,1.03,N,143
14515,22,2,Beam Reinforcement Installation,Structural,2022-03-21,2022-04-13,23,1.57,Y,365
14516,22,4,Panel Installation,Electrical,2022-08-08,2022-09-11,34,2.45,Y,200
14517,22,3,Painting and Polishing,Finishing,2023-04-01,2023-05-04,33,1.9,Y,355
14518,22,3,Footing Reinforcement Fixing,Structural,2022-05-04,2022-05-25,21,2.84,Y,105
14519,22,1,Panel Installation,Electrical,2022-02-19,2022-03-22,31,2.67,Y,306
14520,22,3,Slab Shuttering and Pouring,Structural,2022-09-01,2022-09-18,17,0.74,N,23
14521,22,2,Water Supply Line Installation,Plumbing,2022-04-20,2022-05-26,36,1.81,N,265
14522,22,2,Painting and Polishing,Finishing,2022-10-02,2022-10-14,12,0.77,Y,362
14523,22,4,Excavation for Foundations,Civil,2023-03-12,2023-03-22,10,1.37,Y,364
14524,22,1,Internal Road Works,Civil,2022-03-05,2022-04-01,27,2.85,Y,196
14525,22,2,Floor Tiling,Finishing,2022-07-24,2022-08-07,14,1.06,Y,96
14526,22,1,Beam Reinforcement Installation,Structural,2023-04-27,2023-06-03,37,1.5,Y,422
14527,22,2,Excavation for Foundations,Civil,2023-01-26,2023-02-02,7,1.3,N,145
14528,22,2,Internal Road Works,Civil,2022-07-20,2022-08-04,15,1.87,Y,441
14529,22,4,Painting and Polishing,Finishing,2022-05-21,2022-06-01,11,0.73,N,341
14530,22,1,Cable Pulling,Electrical,2022-12-09,2023-01-12,34,1.48,N,330
14531,22,1,Backfilling and Compaction,Civil,2023-02-12,2023-03-17,33,2.21,Y,366
14532,22,1,Water Supply Line Installation,Plumbing,2022-08-17,2022-09-23,37,1.17,Y,204
14533,22,2,Painting and Polishing,Finishing,2022-04-09,2022-05-03,24,2.44,Y,310
14534,22,3,Internal Plastering,Finishing,2022-09-10,2022-10-09,29,0.36,Y,273
14535,22,2,Excavation for Foundations,Civil,2023-05-27,2023-06-11,15,2.83,Y,44
14536,22,1,Panel Installation,Electrical,2023-03-12,2023-04-20,39,2.96,Y,404
14537,22,1,Cable Pulling,Electrical,2022-07-14,2022-08-06,23,0.83,N,90
14538,22,3,Footing Reinforcement Fixing,Structural,2022-11-12,2022-12-08,26,1.45,Y,265
14539,22,2,Internal Plastering,Finishing,2022-06-14,2022-07-04,20,1.39,N,264
14540,22,2,Internal Plastering,Finishing,2023-03-12,2023-04-16,35,1.75,Y,439
14541,22,1,Excavation for Foundations,Civil,2023-06-11,2023-06-21,10,1.5,Y,432
14542,22,1,Panel Installation,Electrical,2023-02-13,2023-03-24,39,0.79,Y,250
14543,22,1,Excavation for Foundations,Civil,2023-05-05,2023-05-27,22,0.38,Y,55
14544,22,4,Beam Reinforcement Installation,Structural,2022-09-06,2022-10-05,29,0.61,Y,45
14545,22,1,Underground Drainage,Plumbing,2023-04-05,2023-04-29,24,2.62,Y,267
14546,22,4,Floor Tiling,Finishing,2022-12-14,2023-01-02,19,0.69,Y,123
14547,22,3,Column Casting,Structural,2023-06-14,2023-07-03,19,2.05,Y,493
14548,22,4,Footing Reinforcement Fixing,Structural,2023-06-07,2023-07-10,33,0.48,Y,421
14549,22,2,Conduit Laying,Electrical,2022-06-12,2022-06-22,10,2.57,N,34
14550,22,1,Floor Tiling,Finishing,2022-11-13,2022-12-06,23,0.66,Y,191
14551,22,1,Column Casting,Structural,2023-06-02,2023-06-18,16,0.63,N,353
14552,22,2,Backfilling and Compaction,Civil,2022-06-24,2022-07-18,24,2.39,N,113
14553,22,4,Beam Reinforcement Installation,Structural,2023-06-08,2023-07-03,25,0.87,N,267
14554,22,1,Beam Reinforcement Installation,Structural,2023-05-19,2023-06-11,23,1.3,Y,490
14555,22,3,Footing Reinforcement Fixing,Structural,2022-08-30,2022-09-06,7,0.31,Y,220
14556,22,2,Painting and Polishing,Finishing,2023-05-26,2023-07-04,39,1.75,Y,218
14557,22,4,Panel Installation,Electrical,2022-04-17,2022-04-30,13,2.03,N,58
14558,22,1,Cable Pulling,Electrical,2023-07-23,2023-08-28,36,1.63,N,364
14559,22,4,Internal Plastering,Finishing,2022-07-20,2022-08-16,27,1.07,Y,277
14560,22,4,Underground Drainage,Plumbing,2022-10-02,2022-11-11,40,2.26,N,468
14561,22,3,Floor Tiling,Finishing,2022-10-03,2022-10-31,28,2.72,Y,284
14562,22,1,Internal Road Works,Civil,2023-03-23,2023-04-03,11,0.56,N,67
14563,22,1,Footing Reinforcement Fixing,Structural,2022-12-16,2023-01-17,32,0.9,Y,233
14564,22,2,Conduit Laying,Electrical,2022-07-18,2022-07-29,11,0.86,Y,407
14565,22,3,Panel Installation,Electrical,2022-09-13,2022-10-09,26,0.45,Y,387
14566,22,2,Floor Tiling,Finishing,2023-07-13,2023-07-21,8,0.3,Y,446
14567,22,4,Underground Drainage,Plumbing,2022-12-13,2022-12-28,15,2.69,Y,182
14568,22,4,Panel Installation,Electrical,2023-02-26,2023-03-06,8,2.85,N,451
14569,22,2,Cable Pulling,Electrical,2023-05-10,2023-05-26,16,0.73,N,148
14570,22,3,Underground Drainage,Plumbing,2022-10-11,2022-11-07,27,1.14,N,249
14571,22,1,Internal Plastering,Finishing,2022-10-31,2022-11-15,15,2.68,Y,353
14572,22,2,Cable Pulling,Electrical,2023-07-20,2023-07-28,8,0.99,N,379
14573,22,1,Backfilling and Compaction,Civil,2023-06-29,2023-08-06,38,2.84,Y,428
14574,22,1,Footing Reinforcement Fixing,Structural,2023-02-04,2023-03-05,29,2.9,Y,12
14575,22,2,Internal Plastering,Finishing,2023-03-28,2023-04-27,30,0.34,Y,454
14576,22,3,Internal Plastering,Finishing,2022-12-06,2023-01-01,26,1.89,N,441
14577,22,1,Painting and Polishing,Finishing,2022-08-28,2022-09-12,15,2.36,N,261
14578,22,3,Beam Reinforcement Installation,Structural,2022-11-19,2022-12-08,19,0.6,Y,304
14579,23,2,Floor Tiling,Finishing,2022-12-23,2023-01-18,26,2.26,N,406
14580,23,4,Excavation for Foundations,Civil,2022-08-06,2022-08-30,24,2.12,N,155
14581,23,2,Cable Pulling,Electrical,2023-08-25,2023-10-01,37,0.59,N,464
14582,23,2,Slab Shuttering and Pouring,Structural,2023-03-23,2023-04-23,31,0.67,Y,235
14583,23,2,Panel Installation,Electrical,2023-08-25,2023-09-17,23,1.91,Y,207
14584,23,4,Slab Shuttering and Pouring,Structural,2023-01-13,2023-02-16,34,1.71,N,437
14585,23,3,Underground Drainage,Plumbing,2023-01-03,2023-02-02,30,1.37,Y,278
14586,23,2,Panel Installation,Electrical,2023-02-03,2023-03-06,31,1.59,Y,216
14587,23,3,Underground Drainage,Plumbing,2023-01-14,2023-02-10,27,1.61,Y,157
14588,23,2,Underground Drainage,Plumbing,2024-02-09,2024-02-22,13,2.57,Y,365
14589,23,4,Beam Reinforcement Installation,Structural,2022-07-17,2022-08-20,34,2.96,N,72
14590,23,2,Internal Road Works,Civil,2023-06-03,2023-07-12,39,0.54,N,28
14591,23,2,Internal Plastering,Finishing,2022-07-08,2022-07-27,19,2.43,Y,412
14592,23,2,Panel Installation,Electrical,2023-12-23,2024-01-11,19,2.44,N,273
14593,23,3,Excavation for Foundations,Civil,2023-01-16,2023-01-25,9,1.5,N,365
14594,23,2,Water Supply Line Installation,Plumbing,2022-07-05,2022-07-23,18,2.24,N,43
14595,23,1,Internal Plastering,Finishing,2023-01-20,2023-02-14,25,2.11,N,471
14596,23,4,Water Supply Line Installation,Plumbing,2023-09-08,2023-10-14,36,0.98,N,139
14597,23,4,Floor Tiling,Finishing,2023-07-19,2023-08-24,36,1.97,Y,224
14598,23,2,Footing Reinforcement Fixing,Structural,2023-12-11,2024-01-08,28,1.7,Y,150
14599,23,3,Floor Tiling,Finishing,2023-02-16,2023-03-11,23,2.19,Y,235
14600,23,4,Column Casting,Structural,2023-11-01,2023-11-25,24,2.09,Y,296
14601,23,1,Backfilling and Compaction,Civil,2023-04-12,2023-05-10,28,2.4,Y,307
14602,23,1,Panel Installation,Electrical,2023-07-04,2023-07-14,10,1.19,Y,110
14603,23,3,Cable Pulling,Electrical,2023-05-03,2023-06-04,32,2.62,Y,413
14604,23,1,Beam Reinforcement Installation,Structural,2022-09-20,2022-10-29,39,2.31,Y,338
14605,23,4,Panel Installation,Electrical,2022-12-11,2023-01-03,23,1.59,N,484
14606,23,3,Internal Plastering,Finishing,2022-11-02,2022-11-15,13,2.33,N,465
14607,23,3,Internal Plastering,Finishing,2022-06-24,2022-07-04,10,1.12,Y,72
14608,23,2,Floor Tiling,Finishing,2022-09-12,2022-10-04,22,2.58,Y,418
14609,23,1,Internal Road Works,Civil,2023-05-10,2023-05-27,17,2.97,Y,68
14610,23,2,Underground Drainage,Plumbing,2022-09-15,2022-10-21,36,1.38,Y,416
14611,23,4,Painting and Polishing,Finishing,2024-01-02,2024-01-27,25,1.76,Y,271
14612,23,4,Backfilling and Compaction,Civil,2023-01-20,2023-01-31,11,0.81,Y,381
14613,23,1,Underground Drainage,Plumbing,2023-01-21,2023-02-08,18,1.82,Y,442
14614,23,1,Underground Drainage,Plumbing,2023-09-14,2023-10-02,18,0.91,Y,146
14615,23,1,Column Casting,Structural,2023-04-01,2023-05-08,37,0.81,Y,240
14616,23,2,Water Supply Line Installation,Plumbing,2023-08-04,2023-08-13,9,2.95,Y,141
14617,23,2,Painting and Polishing,Finishing,2023-01-16,2023-02-12,27,2.71,N,495
14618,23,1,Internal Plastering,Finishing,2023-11-28,2023-12-26,28,1.25,Y,116
14619,23,3,Internal Plastering,Finishing,2024-01-17,2024-01-30,13,1.73,N,379
14620,23,4,Backfilling and Compaction,Civil,2022-10-19,2022-10-31,12,1.24,Y,206
14621,23,2,Slab Shuttering and Pouring,Structural,2023-12-19,2024-01-23,35,1.42,N,125
14622,23,3,Conduit Laying,Electrical,2022-08-24,2022-08-31,7,0.33,N,46
14623,23,2,Cable Pulling,Electrical,2022-11-04,2022-11-23,19,0.83,N,97
14624,23,2,Beam Reinforcement Installation,Structural,2022-07-08,2022-07-30,22,1.33,N,458
14625,23,1,Cable Pulling,Electrical,2023-06-28,2023-08-05,38,1.86,Y,227
14626,23,4,Water Supply Line Installation,Plumbing,2023-03-16,2023-04-12,27,1.67,N,147
14627,23,2,Water Supply Line Installation,Plumbing,2023-04-22,2023-05-07,15,2.41,N,181
14628,23,1,Backfilling and Compaction,Civil,2023-07-05,2023-08-05,31,2.29,Y,178
14629,23,3,Floor Tiling,Finishing,2024-02-16,2024-03-18,31,1.4,Y,499
14630,23,3,Column Casting,Structural,2022-08-12,2022-09-14,33,2.19,Y,9
14631,23,1,Painting and Polishing,Finishing,2023-03-11,2023-04-13,33,2.09,Y,476
14632,23,4,Site Clearing and Grading,Civil,2022-09-08,2022-09-25,17,0.36,N,172
14633,23,1,Slab Shuttering and Pouring,Structural,2022-08-22,2022-09-13,22,0.58,Y,42
14634,23,4,Slab Shuttering and Pouring,Structural,2022-09-17,2022-10-03,16,2.86,N,11
14635,23,3,Column Casting,Structural,2022-11-08,2022-11-30,22,0.91,N,374
14636,23,1,Internal Road Works,Civil,2023-07-16,2023-08-10,25,0.36,Y,295
14637,23,1,Cable Pulling,Electrical,2023-07-23,2023-08-18,26,2.35,Y,16
14638,23,4,Site Clearing and Grading,Civil,2022-12-17,2023-01-16,30,1.12,N,12
14639,23,2,Cable Pulling,Electrical,2023-01-02,2023-02-03,32,1.53,Y,294
14640,23,4,Backfilling and Compaction,Civil,2022-07-23,2022-09-01,40,2.24,Y,236
14641,23,2,Cable Pulling,Electrical,2022-12-25,2023-01-10,16,2.97,Y,161
14642,23,3,Column Casting,Structural,2022-09-12,2022-10-13,31,2.7,Y,192
14643,23,4,Excavation for Foundations,Civil,2022-07-31,2022-08-30,30,2.61,Y,439
14644,23,2,Internal Plastering,Finishing,2023-06-13,2023-06-20,7,0.91,N,214
14645,23,1,Painting and Polishing,Finishing,2023-02-16,2023-03-10,22,2.11,N,312
14646,23,4,Water Supply Line Installation,Plumbing,2023-02-14,2023-03-07,21,0.92,N,48
14647,23,4,Internal Plastering,Finishing,2023-04-03,2023-05-11,38,0.47,Y,311
14648,23,2,Slab Shuttering and Pouring,Structural,2023-05-22,2023-06-20,29,2.78,Y,294
14649,23,1,Floor Tiling,Finishing,2023-04-22,2023-05-13,21,2.58,N,320
14650,23,2,Column Casting,Structural,2022-08-20,2022-09-28,39,2.57,N,43
14651,23,4,Cable Pulling,Electrical,2023-07-16,2023-08-09,24,0.41,N,267
14652,23,1,Floor Tiling,Finishing,2022-10-19,2022-11-07,19,1.98,Y,341
14653,23,2,Conduit Laying,Electrical,2022-09-07,2022-10-17,40,1.59,N,288
14654,23,4,Underground Drainage,Plumbing,2023-09-25,2023-11-03,39,1.68,Y,435
14655,23,1,Beam Reinforcement Installation,Structural,2023-12-27,2024-01-25,29,0.64,N,170
14656,23,4,Site Clearing and Grading,Civil,2023-11-15,2023-12-07,22,2.27,N,475
14657,23,1,Column Casting,Structural,2022-12-31,2023-02-01,32,1.61,Y,407
14658,23,1,Water Supply Line Installation,Plumbing,2023-03-18,2023-03-30,12,1.57,Y,301
14659,23,4,Column Casting,Structural,2022-06-29,2022-07-25,26,2.81,Y,141
14660,23,1,Site Clearing and Grading,Civil,2022-09-30,2022-11-01,32,0.41,N,474
14661,23,2,Panel Installation,Electrical,2022-07-09,2022-08-05,27,2.66,N,352
14662,23,4,Excavation for Foundations,Civil,2022-07-07,2022-08-03,27,1.05,N,192
14663,23,4,Column Casting,Structural,2023-07-16,2023-07-25,9,1.76,N,312
14664,23,4,Internal Plastering,Finishing,2023-04-30,2023-05-16,16,2.48,N,247
14665,23,1,Conduit Laying,Electrical,2023-01-23,2023-02-16,24,1.49,Y,233
14666,23,2,Column Casting,Structural,2023-11-20,2023-12-21,31,1.38,N,228
14667,23,4,Internal Road Works,Civil,2024-02-01,2024-03-03,31,2.66,Y,474
14668,23,3,Panel Installation,Electrical,2022-07-14,2022-07-23,9,2.99,N,317
14669,23,1,Beam Reinforcement Installation,Structural,2023-12-19,2024-01-26,38,2.87,Y,372
14670,23,4,Conduit Laying,Electrical,2022-09-16,2022-09-29,13,2.44,N,43
14671,23,3,Conduit Laying,Electrical,2023-02-10,2023-02-18,8,2.8,N,328
14672,23,3,Water Supply Line Installation,Plumbing,2023-04-14,2023-05-16,32,2.62,Y,396
14673,23,3,Water Supply Line Installation,Plumbing,2023-07-19,2023-08-26,38,1.84,N,129
14674,23,4,Excavation for Foundations,Civil,2023-01-16,2023-02-18,33,2.12,Y,281
14675,23,3,Internal Plastering,Finishing,2023-06-21,2023-07-27,36,2.09,N,492
14676,23,2,Underground Drainage,Plumbing,2023-07-05,2023-07-30,25,1.93,Y,340
14677,23,1,Panel Installation,Electrical,2022-09-30,2022-10-28,28,2.64,N,174
14678,23,2,Site Clearing and Grading,Civil,2023-11-08,2023-12-05,27,1.14,N,400
14679,23,4,Water Supply Line Installation,Plumbing,2022-11-22,2022-12-25,33,1.35,Y,432
14680,23,2,Water Supply Line Installation,Plumbing,2022-10-18,2022-11-27,40,2.76,Y,191
14681,23,1,Cable Pulling,Electrical,2023-11-13,2023-12-18,35,0.78,Y,164
14682,23,1,Cable Pulling,Electrical,2022-11-21,2022-12-15,24,1.4,Y,32
14683,23,3,Footing Reinforcement Fixing,Structural,2022-08-25,2022-09-19,25,1.05,N,208
14684,23,3,Slab Shuttering and Pouring,Structural,2023-02-18,2023-03-21,31,2.7,Y,357
14685,23,4,Floor Tiling,Finishing,2023-08-30,2023-10-01,32,1.55,N,262
14686,23,1,Underground Drainage,Plumbing,2022-12-31,2023-01-08,8,2.88,Y,397
14687,23,3,Floor Tiling,Finishing,2022-09-04,2022-09-12,8,2.88,Y,157
14688,23,1,Internal Plastering,Finishing,2023-02-08,2023-02-21,13,2.93,N,38
14689,23,4,Painting and Polishing,Finishing,2022-06-30,2022-07-20,20,2.04,Y,327
14690,23,3,Beam Reinforcement Installation,Structural,2022-11-24,2022-12-04,10,2.94,Y,32
14691,23,2,Backfilling and Compaction,Civil,2023-09-16,2023-10-03,17,0.37,Y,252
14692,23,2,Painting and Polishing,Finishing,2022-12-19,2023-01-04,16,2.85,Y,219
14693,23,2,Excavation for Foundations,Civil,2023-07-10,2023-08-17,38,0.89,Y,337
14694,23,1,Painting and Polishing,Finishing,2022-11-05,2022-12-11,36,2.02,Y,130
14695,23,1,Water Supply Line Installation,Plumbing,2022-11-24,2022-12-06,12,0.41,N,41
14696,23,3,Beam Reinforcement Installation,Structural,2022-09-28,2022-10-12,14,0.81,Y,221
14697,23,1,Column Casting,Structural,2022-10-18,2022-10-26,8,2.98,Y,375
14698,23,2,Conduit Laying,Electrical,2022-07-15,2022-08-10,26,1.05,Y,398
14699,23,4,Underground Drainage,Plumbing,2022-09-08,2022-09-17,9,0.67,N,420
14700,23,1,Excavation for Foundations,Civil,2023-03-08,2023-04-15,38,2.73,Y,111
14701,23,3,Footing Reinforcement Fixing,Structural,2022-12-12,2022-12-26,14,1.49,Y,373
14702,23,4,Footing Reinforcement Fixing,Structural,2022-10-23,2022-11-14,22,1.09,Y,132
14703,23,4,Column Casting,Structural,2023-11-26,2023-12-12,16,0.55,Y,273
14704,23,2,Beam Reinforcement Installation,Structural,2022-08-05,2022-08-24,19,0.46,Y,321
14705,23,1,Column Casting,Structural,2023-09-15,2023-10-14,29,0.42,Y,237
14706,23,4,Internal Plastering,Finishing,2022-10-06,2022-10-15,9,1.93,N,190
14707,23,4,Painting and Polishing,Finishing,2023-01-31,2023-02-17,17,2.66,N,16
14708,23,4,Floor Tiling,Finishing,2022-12-13,2023-01-08,26,1.04,Y,410
14709,23,4,Underground Drainage,Plumbing,2022-09-26,2022-11-01,36,1.73,N,268
14710,23,2,Water Supply Line Installation,Plumbing,2024-01-20,2024-02-25,36,1.07,N,52
14711,23,2,Excavation for Foundations,Civil,2023-05-24,2023-06-14,21,1.17,N,171
14712,23,1,Conduit Laying,Electrical,2023-07-24,2023-08-26,33,1.54,N,293
14713,23,2,Water Supply Line Installation,Plumbing,2023-05-05,2023-05-28,23,0.92,Y,61
14714,23,2,Slab Shuttering and Pouring,Structural,2022-09-14,2022-09-25,11,2.1,Y,395
14715,23,3,Conduit Laying,Electrical,2023-11-01,2023-11-17,16,0.83,N,458
14716,23,1,Column Casting,Structural,2022-11-28,2022-12-20,22,0.69,Y,151
14717,23,1,Panel Installation,Electrical,2023-02-12,2023-03-22,38,2.99,N,160
14718,23,3,Internal Road Works,Civil,2023-03-05,2023-03-23,18,0.92,Y,276
14719,23,2,Internal Plastering,Finishing,2023-12-18,2023-12-27,9,1.16,Y,122
14720,23,2,Internal Plastering,Finishing,2023-07-25,2023-08-19,25,1.61,Y,209
14721,23,3,Underground Drainage,Plumbing,2022-11-26,2022-12-12,16,2.7,N,149
14722,23,4,Internal Plastering,Finishing,2023-07-11,2023-07-20,9,1.12,Y,15
14723,23,3,Panel Installation,Electrical,2023-07-24,2023-08-05,12,2.95,N,399
14724,23,4,Panel Installation,Electrical,2023-08-01,2023-09-06,36,2.62,Y,240
14725,23,4,Water Supply Line Installation,Plumbing,2023-08-13,2023-09-20,38,2.57,N,106
14726,23,3,Water Supply Line Installation,Plumbing,2023-10-17,2023-11-21,35,0.92,Y,35
14727,23,4,Panel Installation,Electrical,2022-07-30,2022-08-23,24,2.51,Y,364
14728,23,4,Excavation for Foundations,Civil,2023-01-01,2023-01-18,17,2.85,Y,268
14729,23,2,Painting and Polishing,Finishing,2023-10-09,2023-11-05,27,2.48,Y,198
14730,23,4,Excavation for Foundations,Civil,2022-10-24,2022-11-20,27,2.34,N,275
14731,23,4,Backfilling and Compaction,Civil,2024-01-16,2024-02-18,33,0.77,Y,153
14732,23,1,Cable Pulling,Electrical,2022-11-06,2022-11-17,11,0.83,N,259
14733,23,4,Slab Shuttering and Pouring,Structural,2022-08-05,2022-09-09,35,1.78,N,337
14734,23,2,Backfilling and Compaction,Civil,2023-04-02,2023-04-11,9,2.21,Y,373
14735,23,2,Conduit Laying,Electrical,2024-01-14,2024-01-22,8,1.25,N,180
14736,23,2,Underground Drainage,Plumbing,2022-09-25,2022-11-01,37,1.92,N,212
14737,23,3,Cable Pulling,Electrical,2023-06-07,2023-06-14,7,1.99,N,92
14738,23,3,Floor Tiling,Finishing,2022-10-08,2022-10-27,19,2.68,Y,344
14739,23,3,Panel Installation,Electrical,2023-08-25,2023-09-30,36,0.53,N,336
14740,23,3,Column Casting,Structural,2022-12-09,2023-01-02,24,0.37,N,374
14741,23,2,Column Casting,Structural,2023-08-12,2023-09-13,32,1.93,Y,150
14742,23,4,Panel Installation,Electrical,2022-08-12,2022-09-19,38,0.5,N,376
14743,23,3,Conduit Laying,Electrical,2024-01-07,2024-01-22,15,2.36,Y,374
14744,23,2,Site Clearing and Grading,Civil,2022-06-29,2022-08-06,38,2.7,N,47
14745,23,4,Beam Reinforcement Installation,Structural,2023-02-13,2023-03-23,38,1.25,Y,31
14746,23,1,Backfilling and Compaction,Civil,2023-12-21,2024-01-30,40,1.62,N,226
14747,23,2,Excavation for Foundations,Civil,2022-10-11,2022-11-20,40,2.42,N,210
14748,23,4,Site Clearing and Grading,Civil,2023-08-18,2023-09-15,28,2.05,Y,177
14749,23,2,Beam Reinforcement Installation,Structural,2023-03-08,2023-04-06,29,0.87,Y,36
14750,23,4,Excavation for Foundations,Civil,2024-01-30,2024-03-05,35,0.75,N,10
14751,23,3,Water Supply Line Installation,Plumbing,2022-12-06,2022-12-30,24,0.5,N,49
14752,23,1,Floor Tiling,Finishing,2022-08-12,2022-08-19,7,1.16,N,46
14753,23,4,Beam Reinforcement Installation,Structural,2023-04-19,2023-05-15,26,1.46,Y,167
14754,23,3,Floor Tiling,Finishing,2023-08-12,2023-09-13,32,1.15,N,168
14755,23,2,Excavation for Foundations,Civil,2023-10-01,2023-10-08,7,1.73,N,89
14756,23,3,Internal Road Works,Civil,2023-07-12,2023-08-06,25,1.8,N,120
14757,24,1,Excavation for Foundations,Civil,2024-01-05,2024-02-12,38,0.79,N,70
14758,24,2,Cable Pulling,Electrical,2022-04-13,2022-05-07,24,1.02,Y,431
14759,24,2,Panel Installation,Electrical,2024-03-06,2024-03-18,12,2.59,Y,6
14760,24,3,Cable Pulling,Electrical,2023-09-30,2023-10-15,15,1.87,Y,473
14761,24,3,Floor Tiling,Finishing,2024-02-25,2024-03-11,15,2.07,Y,173
14762,24,3,Conduit Laying,Electrical,2024-01-15,2024-02-12,28,1.88,Y,69
14763,24,1,Internal Road Works,Civil,2022-05-10,2022-06-16,37,0.82,N,170
14764,24,3,Internal Plastering,Finishing,2023-12-21,2024-01-08,18,2.5,N,38
14765,24,3,Internal Road Works,Civil,2024-01-16,2024-01-28,12,1.24,N,265
14766,24,4,Internal Road Works,Civil,2023-02-13,2023-03-22,37,0.76,N,424
14767,24,2,Backfilling and Compaction,Civil,2022-10-05,2022-10-20,15,1.69,N,124
14768,24,1,Conduit Laying,Electrical,2023-08-24,2023-10-03,40,2.33,N,149
14769,24,2,Footing Reinforcement Fixing,Structural,2022-05-20,2022-05-27,7,1.64,N,348
14770,24,1,Underground Drainage,Plumbing,2023-06-06,2023-06-27,21,1.23,Y,381
14771,24,3,Painting and Polishing,Finishing,2022-11-07,2022-12-02,25,0.71,N,329
14772,24,2,Slab Shuttering and Pouring,Structural,2024-03-17,2024-03-24,7,1.38,Y,292
14773,24,3,Slab Shuttering and Pouring,Structural,2023-12-10,2024-01-16,37,1.04,N,347
14774,24,3,Internal Plastering,Finishing,2023-01-02,2023-01-31,29,1.7,Y,105
14775,24,1,Excavation for Foundations,Civil,2024-01-30,2024-02-10,11,1.27,Y,268
14776,24,4,Column Casting,Structural,2022-01-23,2022-02-23,31,1.69,Y,299
14777,24,1,Floor Tiling,Finishing,2023-03-07,2023-03-24,17,2.9,Y,108
14778,24,1,Floor Tiling,Finishing,2022-08-25,2022-10-04,40,0.66,Y,293
14779,24,2,Backfilling and Compaction,Civil,2023-12-12,2024-01-16,35,2.38,N,485
14780,24,2,Panel Installation,Electrical,2023-02-25,2023-03-29,32,1.6,N,269
14781,24,2,Panel Installation,Electrical,2023-04-03,2023-05-03,30,0.78,N,293
14782,24,4,Slab Shuttering and Pouring,Structural,2023-09-11,2023-10-18,37,2.28,N,270
14783,24,3,Column Casting,Structural,2023-10-02,2023-10-13,11,0.36,Y,283
14784,24,4,Painting and Polishing,Finishing,2024-01-02,2024-01-31,29,1.92,Y,176
14785,24,3,Panel Installation,Electrical,2023-03-06,2023-03-24,18,1.49,N,197
14786,24,3,Panel Installation,Electrical,2023-02-20,2023-03-24,32,2.4,N,22
14787,24,4,Panel Installation,Electrical,2022-11-01,2022-11-29,28,0.9,Y,245
14788,24,1,Backfilling and Compaction,Civil,2023-12-25,2024-01-29,35,0.31,Y,257
14789,24,4,Internal Plastering,Finishing,2022-05-26,2022-06-04,9,1.79,Y,169
14790,24,3,Underground Drainage,Plumbing,2024-02-25,2024-03-03,7,1.24,Y,131
14791,24,1,Beam Reinforcement Installation,Structural,2023-11-15,2023-12-15,30,0.44,N,237
14792,24,4,Cable Pulling,Electrical,2022-04-14,2022-05-06,22,0.98,N,318
14793,24,2,Water Supply Line Installation,Plumbing,2022-07-04,2022-08-12,39,1.88,Y,94
14794,24,4,Painting and Polishing,Finishing,2024-02-11,2024-02-27,16,2.17,N,224
14795,24,1,Water Supply Line Installation,Plumbing,2024-02-08,2024-03-05,26,0.33,N,133
14796,24,3,Internal Road Works,Civil,2023-12-07,2023-12-22,15,2.01,Y,306
14797,24,1,Water Supply Line Installation,Plumbing,2022-09-21,2022-10-12,21,1.81,N,441
14798,24,3,Floor Tiling,Finishing,2023-10-13,2023-11-04,22,0.88,N,2
14799,24,4,Underground Drainage,Plumbing,2023-11-09,2023-12-13,34,1.34,N,7
14800,24,1,Excavation for Foundations,Civil,2023-05-25,2023-06-03,9,0.86,N,380
14801,24,1,Conduit Laying,Electrical,2023-05-29,2023-06-15,17,0.39,N,93
14802,24,1,Backfilling and Compaction,Civil,2022-07-02,2022-07-31,29,1.83,N,361
14803,24,4,Underground Drainage,Plumbing,2023-12-29,2024-01-13,15,1.12,N,199
14804,24,2,Underground Drainage,Plumbing,2022-12-22,2023-01-15,24,2.83,N,450
14805,24,3,Internal Plastering,Finishing,2023-12-01,2024-01-08,38,1.42,Y,195
14806,24,1,Floor Tiling,Finishing,2022-06-26,2022-07-12,16,0.84,N,431
14807,24,1,Beam Reinforcement Installation,Structural,2024-02-06,2024-02-23,17,1.53,Y,93
14808,24,2,Floor Tiling,Finishing,2023-03-02,2023-03-27,25,1.73,N,164
14809,24,4,Water Supply Line Installation,Plumbing,2022-09-05,2022-09-12,7,0.71,Y,26
14810,24,4,Internal Plastering,Finishing,2023-08-20,2023-09-21,32,1.23,N,356
14811,24,2,Site Clearing and Grading,Civil,2024-02-21,2024-03-17,25,1.17,N,304
14812,24,4,Conduit Laying,Electrical,2023-05-21,2023-06-11,21,2.33,Y,173
14813,24,2,Slab Shuttering and Pouring,Structural,2024-01-03,2024-02-08,36,1.57,Y,203
14814,24,3,Water Supply Line Installation,Plumbing,2023-08-18,2023-09-19,32,2.08,Y,228
14815,24,1,Floor Tiling,Finishing,2022-06-23,2022-08-02,40,1.47,N,119
14816,24,2,Water Supply Line Installation,Plumbing,2022-02-24,2022-04-03,38,2.71,N,436
14817,24,3,Site Clearing and Grading,Civil,2022-08-14,2022-09-10,27,2.88,Y,124
14818,24,3,Excavation for Foundations,Civil,2022-10-15,2022-11-17,33,1.7,Y,292
14819,24,3,Internal Plastering,Finishing,2023-12-19,2024-01-05,17,1.86,N,315
14820,24,4,Footing Reinforcement Fixing,Structural,2023-06-05,2023-07-07,32,1.83,Y,31
14821,24,2,Slab Shuttering and Pouring,Structural,2023-07-05,2023-08-06,32,1.13,Y,50
14822,24,4,Backfilling and Compaction,Civil,2022-05-02,2022-05-26,24,1.6,Y,3
14823,24,2,Floor Tiling,Finishing,2022-02-27,2022-03-07,8,1.6,N,298
14824,24,4,Internal Road Works,Civil,2022-11-23,2022-12-20,27,1.97,N,391
14825,24,3,Conduit Laying,Electrical,2022-07-21,2022-08-28,38,2.34,Y,61
14826,24,1,Underground Drainage,Plumbing,2023-03-21,2023-04-28,38,1.47,N,266
14827,24,3,Cable Pulling,Electrical,2023-01-26,2023-02-17,22,0.48,Y,407
14828,24,1,Water Supply Line Installation,Plumbing,2023-04-20,2023-05-22,32,2.37,N,228
14829,24,1,Cable Pulling,Electrical,2022-09-19,2022-10-26,37,1.75,N,6
14830,24,4,Internal Plastering,Finishing,2023-12-03,2023-12-27,24,2.45,N,43
14831,24,2,Water Supply Line Installation,Plumbing,2022-06-08,2022-07-06,28,0.43,N,161
14832,24,4,Floor Tiling,Finishing,2023-10-28,2023-11-17,20,2.65,Y,100
14833,24,1,Painting and Polishing,Finishing,2023-05-29,2023-06-08,10,2.52,N,172
14834,24,2,Underground Drainage,Plumbing,2024-03-30,2024-04-06,7,2.65,Y,369
14835,24,3,Conduit Laying,Electrical,2024-03-08,2024-04-06,29,1.97,N,368
14836,24,3,Footing Reinforcement Fixing,Structural,2023-02-09,2023-02-19,10,1.47,Y,332
14837,24,2,Painting and Polishing,Finishing,2022-09-18,2022-10-10,22,1.83,N,436
14838,24,2,Cable Pulling,Electrical,2022-03-12,2022-04-09,28,2.45,N,271
14839,24,2,Painting and Polishing,Finishing,2022-12-19,2023-01-28,40,2.56,N,367
14840,24,4,Floor Tiling,Finishing,2023-09-05,2023-10-13,38,0.67,N,375
14841,24,1,Internal Road Works,Civil,2023-02-10,2023-03-04,22,1.72,Y,26
14842,24,4,Water Supply Line Installation,Plumbing,2022-05-25,2022-06-26,32,1.14,Y,422
14843,24,4,Excavation for Foundations,Civil,2022-02-01,2022-02-19,18,0.38,N,373
14844,24,1,Column Casting,Structural,2022-08-07,2022-09-03,27,2.72,N,210
14845,24,4,Water Supply Line Installation,Plumbing,2022-11-01,2022-11-14,13,2.93,N,66
14846,24,1,Water Supply Line Installation,Plumbing,2023-03-01,2023-04-04,34,0.82,Y,459
14847,24,4,Footing Reinforcement Fixing,Structural,2023-09-30,2023-10-09,9,1.21,N,479
14848,24,1,Conduit Laying,Electrical,2024-01-06,2024-02-08,33,2.27,Y,12
14849,24,1,Painting and Polishing,Finishing,2022-09-22,2022-10-16,24,1.92,Y,90
14850,24,1,Painting and Polishing,Finishing,2023-12-11,2024-01-10,30,1.41,N,402
14851,24,3,Water Supply Line Installation,Plumbing,2023-06-18,2023-07-25,37,1.05,Y,457
14852,24,3,Painting and Polishing,Finishing,2023-04-30,2023-06-09,40,0.38,N,218
14853,24,4,Internal Road Works,Civil,2023-01-21,2023-01-30,9,1.66,N,178
14854,24,2,Painting and Polishing,Finishing,2022-06-09,2022-07-08,29,1.65,N,367
14855,24,3,Panel Installation,Electrical,2022-06-04,2022-07-06,32,1.37,Y,265
14856,24,3,Column Casting,Structural,2024-02-14,2024-03-24,39,0.59,Y,250
14857,24,1,Conduit Laying,Electrical,2023-01-22,2023-02-28,37,1.59,N,434
14858,24,2,Cable Pulling,Electrical,2023-07-30,2023-08-06,7,2.96,Y,453
14859,24,2,Conduit Laying,Electrical,2023-09-05,2023-09-20,15,1.98,N,62
14860,24,2,Water Supply Line Installation,Plumbing,2022-07-11,2022-07-26,15,2.71,N,335
14861,24,3,Internal Plastering,Finishing,2024-01-24,2024-02-23,30,2.54,Y,40
14862,24,2,Cable Pulling,Electrical,2022-10-08,2022-10-20,12,2.14,N,364
14863,24,2,Floor Tiling,Finishing,2023-11-26,2023-12-23,27,1.2,Y,272
14864,24,1,Internal Plastering,Finishing,2022-07-28,2022-08-10,13,0.94,N,202
14865,24,2,Internal Plastering,Finishing,2023-04-14,2023-05-06,22,1.33,N,18
14866,24,4,Cable Pulling,Electrical,2022-02-17,2022-03-10,21,2.71,N,158
14867,24,4,Slab Shuttering and Pouring,Structural,2023-06-17,2023-07-04,17,2.71,N,342
14868,24,4,Panel Installation,Electrical,2023-11-21,2023-12-14,23,1.69,Y,343
14869,24,4,Internal Road Works,Civil,2022-06-29,2022-07-28,29,1.36,N,379
14870,24,1,Painting and Polishing,Finishing,2022-09-06,2022-10-01,25,1.15,N,135
14871,24,4,Underground Drainage,Plumbing,2023-06-25,2023-07-30,35,2.12,Y,336
14872,24,3,Slab Shuttering and Pouring,Structural,2024-01-13,2024-01-31,18,2.86,Y,480
14873,24,4,Slab Shuttering and Pouring,Structural,2023-12-07,2023-12-29,22,2.24,N,478
14874,24,4,Internal Plastering,Finishing,2022-04-27,2022-05-24,27,2.65,Y,135
14875,24,4,Internal Road Works,Civil,2024-01-03,2024-02-11,39,2.52,N,170
14876,24,2,Water Supply Line Installation,Plumbing,2022-11-03,2022-12-05,32,0.89,Y,193
14877,24,1,Water Supply Line Installation,Plumbing,2023-09-12,2023-10-12,30,2.48,N,392
14878,24,3,Slab Shuttering and Pouring,Structural,2024-01-01,2024-01-17,16,1.88,N,40
14879,24,2,Water Supply Line Installation,Plumbing,2023-05-20,2023-06-28,39,2.89,Y,291
14880,24,2,Site Clearing and Grading,Civil,2023-04-17,2023-04-24,7,0.59,N,314
14881,24,4,Painting and Polishing,Finishing,2023-05-19,2023-06-26,38,2.17,N,181
14882,24,1,Site Clearing and Grading,Civil,2023-03-06,2023-04-10,35,1.61,N,252
14883,24,3,Excavation for Foundations,Civil,2023-06-18,2023-06-27,9,1.97,N,247
14884,24,2,Underground Drainage,Plumbing,2022-05-03,2022-05-31,28,1.62,N,267
14885,24,1,Site Clearing and Grading,Civil,2023-09-22,2023-10-06,14,0.97,Y,51
14886,24,4,Water Supply Line Installation,Plumbing,2024-01-15,2024-02-20,36,1.97,Y,176
14887,24,2,Slab Shuttering and Pouring,Structural,2022-11-12,2022-11-21,9,2.6,N,472
14888,24,3,Cable Pulling,Electrical,2023-03-06,2023-04-01,26,1.55,Y,135
14889,24,3,Underground Drainage,Plumbing,2023-09-18,2023-10-09,21,2.6,Y,433
14890,24,4,Excavation for Foundations,Civil,2023-04-19,2023-05-07,18,2.85,Y,379
14891,24,1,Internal Road Works,Civil,2022-03-12,2022-03-20,8,3.0,Y,103
14892,24,3,Internal Plastering,Finishing,2022-02-27,2022-03-09,10,0.7,Y,180
14893,24,2,Excavation for Foundations,Civil,2022-09-13,2022-09-29,16,0.4,Y,137
14894,24,2,Water Supply Line Installation,Plumbing,2024-01-18,2024-02-27,40,2.37,N,197
14895,24,4,Conduit Laying,Electrical,2023-01-21,2023-02-20,30,1.85,N,26
14896,24,4,Cable Pulling,Electrical,2023-06-04,2023-06-22,18,1.85,Y,34
14897,24,1,Floor Tiling,Finishing,2023-02-12,2023-02-26,14,2.07,N,75
14898,24,3,Footing Reinforcement Fixing,Structural,2023-01-18,2023-02-19,32,2.39,N,398
14899,24,3,Water Supply Line Installation,Plumbing,2023-12-22,2024-01-29,38,1.08,N,299
14900,24,4,Internal Road Works,Civil,2023-09-28,2023-10-27,29,2.8,N,443
14901,24,1,Beam Reinforcement Installation,Structural,2024-03-24,2024-04-07,14,1.05,Y,81
14902,24,1,Cable Pulling,Electrical,2023-06-13,2023-07-03,20,1.65,N,268
14903,24,2,Column Casting,Structural,2023-03-21,2023-04-20,30,1.12,Y,157
14904,24,4,Panel Installation,Electrical,2022-12-04,2022-12-22,18,0.51,N,190
14905,24,2,Excavation for Foundations,Civil,2023-05-03,2023-05-27,24,2.05,Y,483
14906,24,3,Floor Tiling,Finishing,2022-10-08,2022-11-16,39,1.53,N,10
14907,24,3,Water Supply Line Installation,Plumbing,2023-07-24,2023-08-28,35,0.46,Y,329
14908,24,4,Beam Reinforcement Installation,Structural,2022-05-12,2022-06-05,24,1.3,N,231
14909,24,2,Cable Pulling,Electrical,2022-12-24,2023-01-29,36,2.52,N,91
14910,24,4,Painting and Polishing,Finishing,2023-08-01,2023-08-20,19,1.09,Y,2
14911,24,4,Underground Drainage,Plumbing,2023-03-24,2023-04-21,28,2.68,N,6
14912,24,2,Cable Pulling,Electrical,2022-02-27,2022-03-11,12,2.96,Y,202
14913,24,1,Slab Shuttering and Pouring,Structural,2022-03-26,2022-04-23,28,2.78,Y,473
14914,24,4,Backfilling and Compaction,Civil,2022-11-05,2022-12-02,27,1.75,Y,330
14915,24,3,Internal Plastering,Finishing,2022-04-28,2022-05-05,7,1.18,Y,338
14916,24,4,Footing Reinforcement Fixing,Structural,2024-03-07,2024-03-23,16,1.2,N,53
14917,24,2,Slab Shuttering and Pouring,Structural,2022-03-09,2022-03-25,16,0.93,N,464
14918,24,2,Conduit Laying,Electrical,2022-06-26,2022-07-27,31,2.95,N,43
14919,24,4,Slab Shuttering and Pouring,Structural,2022-02-09,2022-03-05,24,1.18,Y,48
14920,24,1,Underground Drainage,Plumbing,2022-08-03,2022-08-24,21,2.78,N,139
14921,24,4,Excavation for Foundations,Civil,2022-02-05,2022-03-03,26,0.32,Y,78
14922,24,4,Beam Reinforcement Installation,Structural,2024-01-17,2024-02-17,31,0.69,Y,477
14923,24,1,Conduit Laying,Electrical,2023-09-14,2023-10-10,26,0.32,Y,43
14924,24,3,Conduit Laying,Electrical,2022-05-23,2022-06-07,15,2.61,Y,293
14925,24,1,Conduit Laying,Electrical,2022-03-07,2022-03-23,16,1.82,Y,159
14926,24,3,Footing Reinforcement Fixing,Structural,2024-02-11,2024-03-15,33,2.53,N,17
14927,24,3,Column Casting,Structural,2023-03-27,2023-04-25,29,2.63,Y,435
14928,24,3,Internal Plastering,Finishing,2023-05-06,2023-05-16,10,1.08,Y,93
14929,24,1,Footing Reinforcement Fixing,Structural,2022-10-14,2022-10-27,13,2.06,Y,203
14930,24,4,Slab Shuttering and Pouring,Structural,2022-06-29,2022-08-01,33,1.32,N,94
14931,24,1,Painting and Polishing,Finishing,2023-09-30,2023-10-09,9,2.62,Y,480
14932,24,1,Floor Tiling,Finishing,2024-01-10,2024-01-29,19,1.61,N,324
14933,24,2,Backfilling and Compaction,Civil,2023-08-28,2023-09-04,7,2.11,N,471
14934,24,3,Floor Tiling,Finishing,2022-04-07,2022-05-07,30,2.68,N,269
14935,24,1,Conduit Laying,Electrical,2023-12-20,2024-01-14,25,0.37,N,188
14936,24,4,Floor Tiling,Finishing,2023-08-06,2023-09-06,31,1.32,N,186
14937,24,2,Slab Shuttering and Pouring,Structural,2022-03-27,2022-04-21,25,2.17,Y,485
14938,24,2,Conduit Laying,Electrical,2024-03-27,2024-05-02,36,0.38,N,463
14939,24,4,Floor Tiling,Finishing,2023-11-27,2023-12-12,15,0.66,N,83
14940,24,1,Beam Reinforcement Installation,Structural,2023-03-24,2023-04-07,14,2.48,Y,203
14941,24,3,Water Supply Line Installation,Plumbing,2022-12-20,2023-01-01,12,2.94,Y,204
14942,24,3,Underground Drainage,Plumbing,2023-04-03,2023-05-02,29,0.46,N,371
14943,24,2,Site Clearing and Grading,Civil,2023-01-29,2023-02-12,14,0.62,N,76
14944,24,3,Floor Tiling,Finishing,2022-04-09,2022-05-16,37,0.47,Y,300
14945,24,3,Underground Drainage,Plumbing,2023-07-04,2023-08-06,33,2.24,N,345
14946,24,1,Slab Shuttering and Pouring,Structural,2022-05-02,2022-05-16,14,2.95,Y,316
14947,24,3,Underground Drainage,Plumbing,2023-11-02,2023-11-10,8,2.39,N,196
14948,24,1,Panel Installation,Electrical,2023-02-21,2023-03-03,10,0.9,Y,303
14949,24,1,Internal Road Works,Civil,2024-03-20,2024-04-29,40,2.77,Y,30
14950,24,1,Conduit Laying,Electrical,2022-05-21,2022-06-17,27,2.6,Y,125
14951,24,3,Water Supply Line Installation,Plumbing,2023-08-28,2023-09-29,32,1.47,Y,426
14952,24,3,Panel Installation,Electrical,2022-12-29,2023-01-07,9,2.21,Y,314
14953,24,1,Site Clearing and Grading,Civil,2022-02-08,2022-02-21,13,2.18,Y,105
14954,24,1,Conduit Laying,Electrical,2023-07-30,2023-08-10,11,2.61,N,368
14955,24,3,Excavation for Foundations,Civil,2023-02-25,2023-03-28,31,0.94,Y,289
14956,24,4,Conduit Laying,Electrical,2022-09-13,2022-10-02,19,2.02,Y,459
14957,24,3,Conduit Laying,Electrical,2022-10-28,2022-12-06,39,1.93,N,70
14958,24,4,Water Supply Line Installation,Plumbing,2022-08-20,2022-09-16,27,0.46,Y,87
14959,24,1,Panel Installation,Electrical,2024-03-09,2024-03-19,10,0.6,N,488
14960,24,4,Underground Drainage,Plumbing,2022-08-02,2022-09-10,39,0.89,Y,436
14961,24,4,Column Casting,Structural,2022-12-31,2023-02-04,35,1.45,N,106
14962,24,2,Cable Pulling,Electrical,2023-09-30,2023-10-14,14,1.21,Y,73
14963,24,3,Internal Road Works,Civil,2024-01-20,2024-02-25,36,2.67,Y,317
14964,24,1,Floor Tiling,Finishing,2024-01-01,2024-01-30,29,1.73,Y,334
14965,24,2,Underground Drainage,Plumbing,2022-05-10,2022-06-16,37,2.24,Y,456
14966,24,4,Water Supply Line Installation,Plumbing,2023-12-27,2024-01-21,25,1.79,Y,84
14967,24,2,Water Supply Line Installation,Plumbing,2023-06-24,2023-07-20,26,0.99,N,455
14968,24,3,Excavation for Foundations,Civil,2023-09-03,2023-09-14,11,2.14,N,189
14969,24,1,Internal Road Works,Civil,2022-10-22,2022-11-14,23,0.51,N,100
14970,24,1,Cable Pulling,Electrical,2022-05-29,2022-06-16,18,1.3,Y,386
14971,24,2,Site Clearing and Grading,Civil,2022-11-20,2022-12-29,39,0.68,Y,493
14972,24,2,Underground Drainage,Plumbing,2022-08-18,2022-08-30,12,2.38,Y,73
14973,24,4,Floor Tiling,Finishing,2023-06-17,2023-07-03,16,2.76,N,40
14974,24,2,Cable Pulling,Electrical,2024-02-10,2024-02-28,18,2.32,Y,224
14975,24,2,Water Supply Line Installation,Plumbing,2023-06-02,2023-06-09,7,2.03,N,148
14976,24,2,Cable Pulling,Electrical,2024-01-21,2024-02-09,19,2.53,N,273
14977,24,1,Internal Plastering,Finishing,2022-08-29,2022-09-17,19,1.57,Y,361
14978,25,4,Cable Pulling,Electrical,2022-10-04,2022-10-17,13,2.78,Y,426
14979,25,3,Panel Installation,Electrical,2022-02-15,2022-03-07,20,1.71,N,44
14980,25,1,Excavation for Foundations,Civil,2023-05-19,2023-05-28,9,2.03,Y,196
14981,25,3,Underground Drainage,Plumbing,2023-02-04,2023-02-27,23,2.9,N,247
14982,25,4,Floor Tiling,Finishing,2023-08-17,2023-08-28,11,0.8,N,300
14983,25,4,Excavation for Foundations,Civil,2023-11-13,2023-11-29,16,0.88,Y,243
14984,25,2,Internal Plastering,Finishing,2022-08-09,2022-08-29,20,1.27,Y,250
14985,25,3,Site Clearing and Grading,Civil,2022-09-13,2022-10-06,23,0.87,N,320
14986,25,3,Underground Drainage,Plumbing,2022-12-20,2023-01-24,35,2.24,N,124
14987,25,3,Internal Plastering,Finishing,2024-02-19,2024-03-05,15,1.58,N,7
14988,25,4,Internal Road Works,Civil,2023-09-09,2023-10-12,33,0.7,N,359
14989,25,4,Panel Installation,Electrical,2023-11-28,2023-12-15,17,2.57,Y,234
14990,25,2,Site Clearing and Grading,Civil,2023-03-12,2023-04-13,32,2.59,Y,105
14991,25,1,Beam Reinforcement Installation,Structural,2023-01-24,2023-02-02,9,1.64,N,123
14992,25,3,Floor Tiling,Finishing,2022-10-06,2022-10-29,23,0.87,N,201
14993,25,4,Backfilling and Compaction,Civil,2022-07-13,2022-07-21,8,2.23,N,163
14994,25,1,Internal Road Works,Civil,2022-12-06,2023-01-14,39,1.5,N,245
14995,25,3,Beam Reinforcement Installation,Structural,2023-06-07,2023-07-01,24,1.96,Y,228
14996,25,4,Internal Road Works,Civil,2023-02-25,2023-03-28,31,0.89,Y,187
14997,25,1,Excavation for Foundations,Civil,2024-01-17,2024-02-05,19,2.89,Y,455
14998,25,2,Excavation for Foundations,Civil,2022-08-09,2022-09-10,32,0.57,N,121
14999,25,4,Floor Tiling,Finishing,2022-09-03,2022-10-05,32,2.26,N,84
15000,25,4,Underground Drainage,Plumbing,2023-01-02,2023-01-15,13,0.91,N,217
15001,25,2,Footing Reinforcement Fixing,Structural,2022-07-18,2022-07-26,8,1.01,N,285
15002,25,3,Site Clearing and Grading,Civil,2022-04-29,2022-05-21,22,2.91,Y,231
15003,25,4,Floor Tiling,Finishing,2023-04-22,2023-05-25,33,2.3,N,59
15004,25,1,Floor Tiling,Finishing,2023-12-23,2024-01-21,29,1.65,Y,317
15005,25,2,Underground Drainage,Plumbing,2023-10-21,2023-11-17,27,2.18,N,89
15006,25,4,Painting and Polishing,Finishing,2024-02-12,2024-03-07,24,1.08,Y,24
15007,25,1,Conduit Laying,Electrical,2022-10-17,2022-10-27,10,2.59,Y,123
15008,25,2,Underground Drainage,Plumbing,2022-09-10,2022-10-20,40,1.41,Y,19
15009,25,3,Beam Reinforcement Installation,Structural,2022-11-10,2022-12-13,33,1.47,N,224
15010,25,3,Panel Installation,Electrical,2022-03-06,2022-04-14,39,0.67,N,342
15011,25,4,Internal Road Works,Civil,2022-10-31,2022-11-19,19,2.44,Y,263
15012,25,2,Panel Installation,Electrical,2023-11-01,2023-12-09,38,1.31,N,413
15013,25,2,Underground Drainage,Plumbing,2023-01-21,2023-02-15,25,0.9,N,398
15014,25,1,Site Clearing and Grading,Civil,2023-11-21,2023-11-30,9,0.5,N,210
15015,25,1,Water Supply Line Installation,Plumbing,2022-08-04,2022-09-04,31,2.76,N,322
15016,25,2,Panel Installation,Electrical,2023-06-24,2023-07-03,9,2.1,N,385
15017,25,3,Backfilling and Compaction,Civil,2022-11-21,2022-12-10,19,0.47,Y,264
15018,25,2,Cable Pulling,Electrical,2023-05-13,2023-06-01,19,2.66,N,293
15019,25,1,Backfilling and Compaction,Civil,2023-06-24,2023-07-27,33,0.9,Y,496
15020,25,3,Cable Pulling,Electrical,2023-04-11,2023-04-30,19,2.53,Y,107
15021,25,4,Painting and Polishing,Finishing,2022-04-24,2022-05-02,8,1.06,N,39
15022,25,1,Beam Reinforcement Installation,Structural,2023-07-31,2023-08-18,18,2.84,N,113
15023,25,4,Beam Reinforcement Installation,Structural,2022-08-31,2022-09-29,29,2.93,Y,232
15024,25,2,Floor Tiling,Finishing,2023-04-03,2023-04-25,22,2.46,Y,488
15025,25,4,Beam Reinforcement Installation,Structural,2023-09-16,2023-10-06,20,2.46,Y,497
15026,25,1,Conduit Laying,Electrical,2024-02-19,2024-03-25,35,2.93,Y,165
15027,25,4,Internal Plastering,Finishing,2023-07-17,2023-08-06,20,1.69,Y,164
15028,25,2,Footing Reinforcement Fixing,Structural,2022-10-16,2022-10-23,7,1.03,N,289
15029,25,2,Water Supply Line Installation,Plumbing,2023-05-12,2023-05-20,8,1.47,N,384
15030,25,2,Internal Plastering,Finishing,2022-08-27,2022-09-24,28,2.98,N,239
15031,25,1,Panel Installation,Electrical,2024-01-03,2024-02-05,33,0.44,N,199
15032,25,1,Footing Reinforcement Fixing,Structural,2024-01-10,2024-01-24,14,2.79,Y,441
15033,25,4,Conduit Laying,Electrical,2023-10-29,2023-11-26,28,2.5,Y,360
15034,25,1,Internal Road Works,Civil,2023-04-28,2023-05-07,9,1.67,N,199
15035,25,4,Water Supply Line Installation,Plumbing,2022-05-13,2022-06-13,31,0.9,Y,304
15036,25,2,Internal Road Works,Civil,2023-12-31,2024-02-02,33,2.58,N,304
15037,25,3,Column Casting,Structural,2022-12-15,2023-01-08,24,2.88,N,356
15038,25,1,Underground Drainage,Plumbing,2022-07-06,2022-08-10,35,0.84,Y,93
15039,25,2,Underground Drainage,Plumbing,2022-12-09,2023-01-01,23,1.55,N,351
15040,25,1,Floor Tiling,Finishing,2022-10-06,2022-10-23,17,1.26,Y,201
15041,25,4,Underground Drainage,Plumbing,2023-11-04,2023-11-27,23,1.33,Y,274
15042,25,4,Water Supply Line Installation,Plumbing,2023-08-07,2023-08-20,13,2.6,N,166
15043,25,3,Excavation for Foundations,Civil,2024-01-01,2024-01-15,14,0.81,N,228
15044,25,4,Slab Shuttering and Pouring,Structural,2022-06-16,2022-06-23,7,0.38,Y,402
15045,25,3,Water Supply Line Installation,Plumbing,2022-09-06,2022-09-29,23,2.13,N,295
15046,25,3,Slab Shuttering and Pouring,Structural,2023-07-04,2023-07-31,27,1.64,N,398
15047,25,4,Footing Reinforcement Fixing,Structural,2022-09-30,2022-10-08,8,1.78,Y,478
15048,25,3,Internal Road Works,Civil,2022-12-05,2022-12-18,13,0.73,Y,154
15049,25,4,Conduit Laying,Electrical,2022-04-10,2022-04-18,8,1.17,Y,304
15050,25,2,Beam Reinforcement Installation,Structural,2022-05-17,2022-06-04,18,2.82,Y,367
15051,25,3,Internal Plastering,Finishing,2023-10-20,2023-11-05,16,0.6,N,286
15052,25,3,Panel Installation,Electrical,2023-03-06,2023-03-26,20,2.38,Y,156
15053,25,1,Internal Plastering,Finishing,2023-04-06,2023-05-03,27,1.52,N,450
15054,25,1,Underground Drainage,Plumbing,2022-10-02,2022-11-02,31,0.34,Y,27
15055,25,3,Floor Tiling,Finishing,2023-11-17,2023-12-24,37,2.18,N,48
15056,25,2,Internal Plastering,Finishing,2022-10-01,2022-10-19,18,1.51,Y,219
15057,25,3,Underground Drainage,Plumbing,2023-01-06,2023-01-16,10,1.81,N,371
15058,25,1,Conduit Laying,Electrical,2024-01-16,2024-02-10,25,0.93,Y,25
15059,25,1,Backfilling and Compaction,Civil,2022-06-30,2022-07-11,11,0.59,Y,260
15060,25,1,Slab Shuttering and Pouring,Structural,2022-05-07,2022-05-16,9,2.33,Y,62
15061,25,3,Painting and Polishing,Finishing,2023-04-17,2023-05-17,30,2.91,N,363
15062,25,3,Water Supply Line Installation,Plumbing,2022-04-24,2022-05-23,29,2.61,N,272
15063,25,2,Slab Shuttering and Pouring,Structural,2022-11-03,2022-12-06,33,1.45,Y,242
15064,25,3,Internal Road Works,Civil,2024-02-13,2024-02-24,11,2.92,N,349
15065,25,4,Backfilling and Compaction,Civil,2022-10-26,2022-11-29,34,1.28,N,68
15066,25,3,Backfilling and Compaction,Civil,2023-10-04,2023-10-16,12,1.78,Y,147
15067,25,4,Water Supply Line Installation,Plumbing,2023-08-10,2023-09-16,37,1.28,N,490
15068,25,1,Painting and Polishing,Finishing,2022-10-13,2022-11-10,28,0.69,N,462
15069,25,1,Water Supply Line Installation,Plumbing,2022-06-15,2022-07-07,22,2.07,N,165
15070,25,1,Painting and Polishing,Finishing,2023-11-09,2023-12-16,37,2.15,Y,344
15071,25,4,Underground Drainage,Plumbing,2024-01-17,2024-02-02,16,1.95,Y,188
15072,25,4,Panel Installation,Electrical,2023-01-17,2023-02-25,39,1.68,Y,238
15073,25,1,Conduit Laying,Electrical,2022-07-21,2022-08-25,35,2.99,N,161
15074,25,4,Excavation for Foundations,Civil,2023-08-12,2023-09-13,32,0.67,Y,337
15075,25,4,Panel Installation,Electrical,2023-01-04,2023-01-11,7,1.84,Y,104
15076,25,1,Floor Tiling,Finishing,2023-05-10,2023-06-18,39,1.86,N,291
15077,25,2,Backfilling and Compaction,Civil,2023-10-29,2023-11-19,21,1.85,N,479
15078,25,1,Internal Road Works,Civil,2023-09-11,2023-10-06,25,2.27,N,116
15079,25,3,Cable Pulling,Electrical,2023-04-24,2023-05-07,13,0.81,Y,106
15080,25,2,Underground Drainage,Plumbing,2022-07-02,2022-07-23,21,1.78,Y,424
15081,25,4,Underground Drainage,Plumbing,2023-06-29,2023-07-07,8,0.69,Y,289
15082,25,1,Water Supply Line Installation,Plumbing,2022-04-14,2022-04-30,16,2.45,N,316
15083,25,2,Site Clearing and Grading,Civil,2023-11-16,2023-12-15,29,2.27,Y,397
15084,25,3,Site Clearing and Grading,Civil,2022-09-24,2022-10-21,27,1.35,N,291
15085,25,3,Column Casting,Structural,2022-07-25,2022-08-15,21,1.21,Y,175
15086,25,3,Painting and Polishing,Finishing,2023-03-31,2023-05-07,37,0.65,Y,145
15087,25,2,Cable Pulling,Electrical,2023-11-02,2023-11-27,25,2.39,Y,140
15088,25,2,Backfilling and Compaction,Civil,2023-11-13,2023-12-05,22,2.09,N,185
15089,25,2,Backfilling and Compaction,Civil,2022-12-31,2023-01-19,19,1.35,Y,86
15090,25,1,Underground Drainage,Plumbing,2022-03-18,2022-04-19,32,1.39,N,51
15091,25,3,Excavation for Foundations,Civil,2023-01-08,2023-02-14,37,1.19,N,66
15092,25,2,Underground Drainage,Plumbing,2023-08-08,2023-08-22,14,0.34,N,238
15093,25,2,Beam Reinforcement Installation,Structural,2022-10-22,2022-10-30,8,2.41,N,124
15094,25,3,Backfilling and Compaction,Civil,2022-07-15,2022-07-27,12,0.52,N,456
15095,25,3,Water Supply Line Installation,Plumbing,2023-06-24,2023-07-18,24,1.84,N,126
15096,25,2,Internal Plastering,Finishing,2023-10-06,2023-10-18,12,2.99,N,123
15097,25,4,Internal Plastering,Finishing,2022-08-03,2022-08-28,25,2.74,Y,121
15098,25,2,Underground Drainage,Plumbing,2023-09-16,2023-10-04,18,0.84,Y,267
15099,25,3,Panel Installation,Electrical,2022-10-09,2022-11-06,28,2.03,N,16
15100,25,4,Water Supply Line Installation,Plumbing,2022-08-19,2022-09-13,25,2.33,Y,266
15101,25,4,Footing Reinforcement Fixing,Structural,2023-12-11,2023-12-31,20,2.66,Y,267
15102,25,1,Underground Drainage,Plumbing,2022-05-15,2022-06-02,18,0.32,Y,269
15103,25,3,Underground Drainage,Plumbing,2024-01-04,2024-01-18,14,2.84,Y,428
15104,25,2,Internal Road Works,Civil,2023-01-18,2023-02-01,14,1.65,N,380
15105,25,2,Floor Tiling,Finishing,2022-02-11,2022-02-21,10,2.45,Y,270
15106,25,3,Cable Pulling,Electrical,2022-04-04,2022-05-08,34,2.57,Y,376
15107,25,4,Cable Pulling,Electrical,2022-05-20,2022-06-16,27,1.46,Y,23
15108,25,4,Floor Tiling,Finishing,2023-07-17,2023-08-04,18,2.87,Y,172
15109,25,4,Water Supply Line Installation,Plumbing,2023-04-21,2023-05-26,35,0.76,N,30
15110,25,3,Footing Reinforcement Fixing,Structural,2022-02-10,2022-03-12,30,2.44,N,48
15111,25,4,Footing Reinforcement Fixing,Structural,2022-02-17,2022-02-24,7,2.0,N,355
15112,25,2,Underground Drainage,Plumbing,2024-01-21,2024-02-12,22,1.65,N,421
15113,25,1,Column Casting,Structural,2024-01-25,2024-03-05,40,1.2,N,315
15114,25,1,Water Supply Line Installation,Plumbing,2022-08-01,2022-09-04,34,2.36,N,39
15115,25,4,Internal Road Works,Civil,2023-05-07,2023-05-24,17,1.4,N,337
15116,25,1,Painting and Polishing,Finishing,2023-10-07,2023-10-24,17,1.4,N,256
15117,25,2,Backfilling and Compaction,Civil,2022-05-02,2022-05-23,21,1.84,Y,441
15118,25,1,Internal Road Works,Civil,2023-03-29,2023-04-10,12,1.88,N,156
15119,25,3,Underground Drainage,Plumbing,2023-07-26,2023-08-31,36,2.73,N,96
15120,25,3,Underground Drainage,Plumbing,2022-07-29,2022-08-29,31,0.97,N,237
15121,25,3,Backfilling and Compaction,Civil,2023-07-31,2023-08-24,24,0.39,Y,437
15122,25,4,Cable Pulling,Electrical,2022-04-29,2022-05-25,26,1.63,Y,26
15123,25,4,Panel Installation,Electrical,2023-10-18,2023-11-24,37,0.41,N,3
15124,25,4,Painting and Polishing,Finishing,2023-05-23,2023-06-25,33,1.24,Y,333
15125,25,2,Underground Drainage,Plumbing,2024-01-08,2024-01-26,18,1.07,N,101
15126,25,4,Floor Tiling,Finishing,2023-02-14,2023-02-21,7,0.39,N,116
15127,25,4,Painting and Polishing,Finishing,2023-10-06,2023-10-13,7,1.71,Y,126
15128,25,2,Excavation for Foundations,Civil,2023-09-23,2023-10-18,25,2.01,Y,337
15129,25,3,Column Casting,Structural,2024-02-16,2024-03-20,33,0.83,Y,11
15130,25,4,Underground Drainage,Plumbing,2022-06-14,2022-07-16,32,1.11,N,436
15131,25,2,Painting and Polishing,Finishing,2022-04-14,2022-05-20,36,1.29,N,281
15132,25,2,Panel Installation,Electrical,2023-11-10,2023-11-19,9,2.57,Y,34
15133,25,4,Column Casting,Structural,2022-07-17,2022-08-21,35,2.0,Y,66
15134,25,2,Underground Drainage,Plumbing,2022-02-16,2022-03-20,32,0.54,Y,415
15135,25,2,Conduit Laying,Electrical,2022-03-18,2022-04-27,40,2.1,N,370
15136,25,2,Painting and Polishing,Finishing,2022-07-07,2022-07-18,11,2.26,Y,236
15137,25,4,Column Casting,Structural,2022-09-17,2022-10-04,17,0.45,Y,377
15138,25,4,Floor Tiling,Finishing,2023-12-22,2024-01-18,27,2.26,N,446
15139,25,1,Floor Tiling,Finishing,2023-12-14,2024-01-14,31,1.61,Y,237
15140,25,1,Underground Drainage,Plumbing,2022-06-09,2022-07-11,32,1.65,N,90
15141,25,3,Site Clearing and Grading,Civil,2023-11-01,2023-11-15,14,2.9,N,335
15142,25,4,Backfilling and Compaction,Civil,2023-03-04,2023-04-04,31,2.83,Y,204
15143,25,3,Floor Tiling,Finishing,2022-07-12,2022-08-10,29,2.28,Y,179
15144,25,2,Underground Drainage,Plumbing,2023-10-04,2023-11-05,32,2.59,N,348
15145,25,4,Panel Installation,Electrical,2023-01-15,2023-01-23,8,0.4,N,74
15146,25,3,Water Supply Line Installation,Plumbing,2022-05-11,2022-06-03,23,0.59,N,258
15147,25,3,Site Clearing and Grading,Civil,2022-07-15,2022-08-15,31,2.46,N,142
15148,25,4,Site Clearing and Grading,Civil,2023-10-06,2023-10-13,7,2.24,N,404
15149,25,4,Conduit Laying,Electrical,2023-12-15,2024-01-05,21,2.35,Y,309
15150,25,4,Painting and Polishing,Finishing,2023-12-17,2024-01-02,16,1.94,N,68
15151,25,4,Floor Tiling,Finishing,2023-11-24,2023-12-04,10,0.49,Y,255
15152,25,4,Conduit Laying,Electrical,2023-04-04,2023-04-28,24,2.97,Y,391
15153,25,2,Cable Pulling,Electrical,2022-08-08,2022-09-04,27,2.78,N,36
15154,25,4,Cable Pulling,Electrical,2023-01-19,2023-02-17,29,0.39,Y,107
15155,25,1,Site Clearing and Grading,Civil,2022-08-21,2022-09-02,12,2.33,N,319
15156,25,3,Underground Drainage,Plumbing,2022-06-11,2022-06-23,12,2.2,N,379
15157,25,4,Underground Drainage,Plumbing,2023-05-18,2023-06-11,24,2.86,Y,353
15158,25,2,Painting and Polishing,Finishing,2022-07-03,2022-07-11,8,1.6,Y,156
15159,25,4,Internal Plastering,Finishing,2022-12-19,2023-01-15,27,2.02,N,40
15160,25,4,Backfilling and Compaction,Civil,2022-06-18,2022-07-05,17,1.37,N,15
15161,25,1,Footing Reinforcement Fixing,Structural,2023-07-07,2023-08-05,29,0.35,Y,455
15162,25,2,Beam Reinforcement Installation,Structural,2022-12-09,2022-12-24,15,2.73,N,395
15163,25,2,Panel Installation,Electrical,2023-07-31,2023-08-16,16,2.02,Y,173
15164,25,3,Panel Installation,Electrical,2022-07-20,2022-08-20,31,1.68,N,427
15165,25,3,Internal Plastering,Finishing,2022-09-22,2022-10-19,27,2.01,Y,390
15166,25,3,Underground Drainage,Plumbing,2022-08-26,2022-10-04,39,1.21,Y,45
15167,25,1,Underground Drainage,Plumbing,2023-02-14,2023-03-19,33,1.84,Y,49
15168,25,1,Painting and Polishing,Finishing,2022-03-02,2022-03-15,13,2.38,Y,419
15169,25,1,Slab Shuttering and Pouring,Structural,2023-02-08,2023-03-14,34,1.45,Y,378
15170,25,2,Painting and Polishing,Finishing,2023-09-26,2023-10-17,21,0.86,N,199
15171,25,4,Internal Plastering,Finishing,2023-08-15,2023-08-27,12,1.34,N,487
15172,25,4,Panel Installation,Electrical,2022-06-23,2022-07-31,38,2.91,Y,201
15173,25,3,Internal Plastering,Finishing,2023-10-26,2023-11-12,17,2.78,Y,192
15174,25,3,Internal Road Works,Civil,2022-05-16,2022-06-03,18,3.0,N,352
15175,25,4,Water Supply Line Installation,Plumbing,2023-07-09,2023-07-29,20,1.98,N,468
15176,25,1,Internal Plastering,Finishing,2023-10-19,2023-11-07,19,1.8,Y,291
15177,25,4,Conduit Laying,Electrical,2023-06-21,2023-07-18,27,2.98,Y,192
15178,25,1,Painting and Polishing,Finishing,2022-05-05,2022-05-22,17,1.37,Y,240
15179,25,3,Floor Tiling,Finishing,2022-09-17,2022-10-04,17,1.68,N,14
15180,25,2,Floor Tiling,Finishing,2023-11-14,2023-12-16,32,0.83,Y,317
15181,25,2,Underground Drainage,Plumbing,2022-02-22,2022-03-23,29,0.72,N,435
15182,25,3,Painting and Polishing,Finishing,2023-01-09,2023-02-10,32,2.65,N,107
15183,25,1,Site Clearing and Grading,Civil,2022-09-24,2022-10-06,12,1.54,N,254
15184,25,2,Painting and Polishing,Finishing,2023-05-31,2023-07-09,39,0.57,N,85
15185,25,2,Internal Plastering,Finishing,2022-06-13,2022-07-18,35,2.34,N,99
15186,25,1,Painting and Polishing,Finishing,2023-08-18,2023-09-13,26,2.71,Y,84
15187,25,4,Underground Drainage,Plumbing,2022-04-04,2022-05-06,32,0.33,N,163
15188,25,4,Beam Reinforcement Installation,Structural,2023-03-16,2023-04-10,25,1.15,Y,450
15189,25,4,Internal Road Works,Civil,2023-07-31,2023-08-29,29,1.83,N,37
15190,25,3,Beam Reinforcement Installation,Structural,2023-02-25,2023-04-03,37,0.87,Y,49
15191,25,2,Panel Installation,Electrical,2022-10-07,2022-10-16,9,2.1,Y,419
15192,25,2,Footing Reinforcement Fixing,Structural,2022-12-16,2023-01-25,40,2.07,Y,399
15193,25,3,Water Supply Line Installation,Plumbing,2023-02-07,2023-02-15,8,0.42,Y,284
15194,25,2,Panel Installation,Electrical,2022-02-26,2022-03-22,24,1.91,Y,428
15195,25,3,Underground Drainage,Plumbing,2022-06-09,2022-07-17,38,2.85,Y,301
15196,26,3,Panel Installation,Electrical,2023-03-11,2023-04-14,34,2.09,Y,200
15197,26,1,Cable Pulling,Electrical,2022-07-08,2022-07-17,9,0.48,N,250
15198,26,4,Internal Plastering,Finishing,2022-05-22,2022-07-01,40,0.37,N,312
15199,26,1,Conduit Laying,Electrical,2022-08-04,2022-08-19,15,2.01,Y,174
15200,26,4,Beam Reinforcement Installation,Structural,2022-08-11,2022-08-24,13,2.22,N,487
15201,26,1,Conduit Laying,Electrical,2022-04-05,2022-04-16,11,1.28,Y,386
15202,26,2,Floor Tiling,Finishing,2022-04-28,2022-05-22,24,2.19,N,42
15203,26,2,Footing Reinforcement Fixing,Structural,2023-01-15,2023-02-06,22,2.51,Y,37
15204,26,1,Underground Drainage,Plumbing,2022-11-16,2022-12-19,33,2.88,Y,107
15205,26,3,Internal Plastering,Finishing,2022-07-15,2022-08-22,38,0.43,Y,461
15206,26,1,Column Casting,Structural,2022-04-12,2022-05-08,26,1.03,N,171
15207,26,4,Footing Reinforcement Fixing,Structural,2023-11-18,2023-11-29,11,2.08,N,308
15208,26,3,Floor Tiling,Finishing,2022-02-14,2022-03-18,32,1.91,N,32
15209,26,1,Cable Pulling,Electrical,2023-08-04,2023-08-29,25,1.64,N,89
15210,26,4,Column Casting,Structural,2022-11-16,2022-12-14,28,0.35,N,378
15211,26,3,Backfilling and Compaction,Civil,2022-03-29,2022-04-19,21,2.91,Y,163
15212,26,4,Cable Pulling,Electrical,2022-12-05,2023-01-11,37,2.71,Y,318
15213,26,4,Painting and Polishing,Finishing,2023-12-23,2024-01-20,28,2.07,Y,478
15214,26,3,Floor Tiling,Finishing,2023-10-28,2023-11-25,28,2.63,Y,227
15215,26,4,Site Clearing and Grading,Civil,2023-09-10,2023-10-10,30,2.63,N,382
15216,26,4,Beam Reinforcement Installation,Structural,2022-09-09,2022-09-17,8,1.41,N,372
15217,26,2,Slab Shuttering and Pouring,Structural,2023-03-08,2023-04-01,24,2.92,N,24
15218,26,4,Underground Drainage,Plumbing,2022-03-08,2022-03-30,22,1.31,N,444
15219,26,1,Footing Reinforcement Fixing,Structural,2023-05-22,2023-06-14,23,1.76,Y,13
15220,26,4,Site Clearing and Grading,Civil,2022-11-26,2022-12-11,15,2.79,N,302
15221,26,1,Conduit Laying,Electrical,2023-09-27,2023-10-13,16,2.73,Y,112
15222,26,1,Cable Pulling,Electrical,2023-09-30,2023-11-08,39,2.72,N,40
15223,26,4,Footing Reinforcement Fixing,Structural,2022-04-11,2022-05-16,35,2.87,N,279
15224,26,1,Slab Shuttering and Pouring,Structural,2023-09-20,2023-10-24,34,2.51,N,338
15225,26,3,Panel Installation,Electrical,2024-03-03,2024-04-10,38,1.55,Y,295
15226,26,2,Underground Drainage,Plumbing,2022-02-08,2022-02-20,12,1.68,Y,488
15227,26,2,Conduit Laying,Electrical,2023-11-12,2023-11-29,17,0.9,Y,79
15228,26,1,Panel Installation,Electrical,2024-02-13,2024-03-24,40,2.39,Y,290
15229,26,1,Panel Installation,Electrical,2023-12-01,2023-12-11,10,2.01,N,448
15230,26,2,Conduit Laying,Electrical,2023-11-28,2024-01-03,36,0.83,N,90
15231,26,4,Excavation for Foundations,Civil,2022-07-16,2022-08-10,25,0.87,N,361
15232,26,4,Panel Installation,Electrical,2024-01-30,2024-03-07,37,2.5,N,174
15233,26,1,Column Casting,Structural,2023-04-17,2023-04-29,12,2.56,Y,454
15234,26,1,Cable Pulling,Electrical,2023-02-19,2023-03-19,28,1.34,N,488
15235,26,2,Beam Reinforcement Installation,Structural,2022-08-18,2022-09-12,25,1.24,Y,258
15236,26,2,Underground Drainage,Plumbing,2023-01-06,2023-01-17,11,1.43,N,203
15237,26,1,Site Clearing and Grading,Civil,2022-01-29,2022-02-21,23,0.62,N,180
15238,26,3,Backfilling and Compaction,Civil,2023-11-20,2023-12-05,15,2.95,Y,310
15239,26,3,Painting and Polishing,Finishing,2023-11-14,2023-11-27,13,1.77,N,109
15240,26,3,Cable Pulling,Electrical,2023-01-23,2023-02-25,33,1.93,Y,1
15241,26,3,Underground Drainage,Plumbing,2022-12-12,2022-12-23,11,1.0,Y,164
15242,26,3,Excavation for Foundations,Civil,2022-01-16,2022-01-25,9,0.75,Y,371
15243,26,1,Internal Plastering,Finishing,2023-09-29,2023-10-21,22,0.8,N,346
15244,26,1,Conduit Laying,Electrical,2022-02-26,2022-04-03,36,0.6,N,231
15245,26,3,Footing Reinforcement Fixing,Structural,2023-02-28,2023-03-13,13,2.77,N,457
15246,26,1,Water Supply Line Installation,Plumbing,2022-09-22,2022-10-30,38,0.92,Y,170
15247,26,4,Floor Tiling,Finishing,2022-05-23,2022-06-25,33,1.5,N,232
15248,26,1,Site Clearing and Grading,Civil,2022-01-26,2022-03-01,34,2.48,N,84
15249,26,1,Column Casting,Structural,2023-12-11,2023-12-27,16,2.88,Y,296
15250,26,1,Painting and Polishing,Finishing,2023-08-29,2023-09-06,8,1.67,Y,61
15251,26,4,Beam Reinforcement Installation,Structural,2022-02-06,2022-03-14,36,0.96,N,47
15252,26,4,Painting and Polishing,Finishing,2022-11-08,2022-12-15,37,2.83,Y,62
15253,26,3,Slab Shuttering and Pouring,Structural,2022-07-08,2022-08-08,31,1.26,N,335
15254,26,2,Underground Drainage,Plumbing,2022-08-01,2022-09-03,33,0.61,Y,36
15255,26,4,Internal Road Works,Civil,2022-06-22,2022-07-01,9,2.77,Y,28
15256,26,2,Beam Reinforcement Installation,Structural,2023-03-20,2023-04-26,37,0.86,Y,54
15257,26,4,Column Casting,Structural,2023-11-12,2023-12-22,40,2.29,Y,4
15258,26,4,Slab Shuttering and Pouring,Structural,2023-02-10,2023-03-20,38,1.54,Y,428
15259,26,1,Conduit Laying,Electrical,2022-03-04,2022-03-24,20,2.04,Y,107
15260,26,3,Cable Pulling,Electrical,2023-07-17,2023-08-06,20,0.73,N,124
15261,26,4,Beam Reinforcement Installation,Structural,2023-12-05,2023-12-25,20,0.6,N,147
15262,26,3,Conduit Laying,Electrical,2023-04-17,2023-05-06,19,0.85,Y,165
15263,26,1,Slab Shuttering and Pouring,Structural,2023-02-10,2023-03-01,19,0.6,Y,465
15264,26,4,Water Supply Line Installation,Plumbing,2022-07-03,2022-07-10,7,2.71,Y,299
15265,26,2,Cable Pulling,Electrical,2023-02-15,2023-02-27,12,0.94,N,334
15266,26,1,Water Supply Line Installation,Plumbing,2023-04-21,2023-04-29,8,0.75,Y,81
15267,26,2,Internal Road Works,Civil,2022-11-11,2022-12-01,20,0.36,N,485
15268,26,3,Water Supply Line Installation,Plumbing,2022-03-21,2022-04-26,36,1.05,N,50
15269,26,1,Slab Shuttering and Pouring,Structural,2023-07-17,2023-08-18,32,2.89,Y,322
15270,26,4,Internal Plastering,Finishing,2022-07-13,2022-07-22,9,0.49,Y,314
15271,26,4,Slab Shuttering and Pouring,Structural,2022-05-04,2022-05-27,23,2.25,Y,265
15272,26,3,Underground Drainage,Plumbing,2022-08-17,2022-09-03,17,2.24,Y,323
15273,26,1,Conduit Laying,Electrical,2023-12-17,2023-12-25,8,1.12,N,455
15274,26,2,Conduit Laying,Electrical,2024-02-20,2024-03-05,14,1.23,N,175
15275,26,1,Floor Tiling,Finishing,2023-04-30,2023-06-04,35,2.12,Y,338
15276,26,3,Slab Shuttering and Pouring,Structural,2023-09-27,2023-10-04,7,2.89,Y,178
15277,26,3,Painting and Polishing,Finishing,2022-04-21,2022-05-17,26,1.42,N,435
15278,26,1,Floor Tiling,Finishing,2023-05-08,2023-06-06,29,1.52,N,205
15279,26,1,Water Supply Line Installation,Plumbing,2023-10-18,2023-11-08,21,2.29,Y,280
15280,26,3,Slab Shuttering and Pouring,Structural,2023-10-17,2023-11-21,35,1.12,Y,69
15281,26,4,Site Clearing and Grading,Civil,2022-10-22,2022-11-29,38,1.17,N,121
15282,26,2,Panel Installation,Electrical,2022-01-28,2022-02-04,7,2.39,N,465
15283,26,4,Underground Drainage,Plumbing,2024-02-26,2024-03-25,28,1.83,Y,463
15284,26,3,Beam Reinforcement Installation,Structural,2022-07-28,2022-08-23,26,2.65,Y,406
15285,26,3,Beam Reinforcement Installation,Structural,2023-10-12,2023-11-13,32,1.45,Y,479
15286,26,3,Cable Pulling,Electrical,2023-06-17,2023-07-15,28,0.99,Y,42
15287,26,1,Panel Installation,Electrical,2022-04-12,2022-04-21,9,1.18,N,114
15288,26,2,Underground Drainage,Plumbing,2022-05-27,2022-07-04,38,0.94,Y,497
15289,26,2,Floor Tiling,Finishing,2022-01-07,2022-02-08,32,0.72,Y,336
15290,26,3,Cable Pulling,Electrical,2023-01-25,2023-02-03,9,1.85,N,296
15291,26,4,Footing Reinforcement Fixing,Structural,2022-03-15,2022-03-30,15,2.33,N,430
15292,26,3,Footing Reinforcement Fixing,Structural,2022-04-28,2022-05-26,28,0.61,N,60
15293,26,3,Slab Shuttering and Pouring,Structural,2022-04-23,2022-05-28,35,1.97,Y,43
15294,26,3,Painting and Polishing,Finishing,2022-09-18,2022-10-05,17,1.28,Y,248
15295,26,3,Excavation for Foundations,Civil,2024-02-01,2024-02-24,23,2.97,N,439
15296,26,1,Painting and Polishing,Finishing,2024-03-24,2024-04-01,8,2.39,N,251
15297,26,4,Site Clearing and Grading,Civil,2022-06-13,2022-07-13,30,2.61,Y,369
15298,26,4,Backfilling and Compaction,Civil,2024-01-13,2024-01-22,9,2.05,N,248
15299,26,3,Internal Plastering,Finishing,2022-02-09,2022-03-20,39,1.76,Y,334
15300,26,1,Water Supply Line Installation,Plumbing,2023-07-04,2023-07-17,13,2.81,N,389
15301,26,2,Backfilling and Compaction,Civil,2023-05-26,2023-07-05,40,2.18,N,224
15302,26,2,Cable Pulling,Electrical,2023-06-04,2023-06-19,15,1.65,N,71
15303,26,2,Conduit Laying,Electrical,2023-01-03,2023-01-19,16,1.27,Y,246
15304,26,1,Painting and Polishing,Finishing,2022-01-11,2022-02-11,31,1.18,N,137
15305,26,2,Panel Installation,Electrical,2022-10-18,2022-11-25,38,2.4,Y,146
15306,26,4,Water Supply Line Installation,Plumbing,2023-04-08,2023-05-10,32,2.09,Y,8
15307,26,3,Water Supply Line Installation,Plumbing,2023-04-29,2023-05-31,32,1.69,Y,295
15308,26,4,Painting and Polishing,Finishing,2023-01-17,2023-01-28,11,0.69,N,340
15309,26,4,Cable Pulling,Electrical,2022-05-27,2022-07-01,35,0.67,Y,418
15310,26,2,Slab Shuttering and Pouring,Structural,2022-11-24,2022-12-25,31,2.31,Y,169
15311,26,1,Cable Pulling,Electrical,2024-01-10,2024-02-18,39,2.51,Y,129
15312,26,4,Internal Road Works,Civil,2022-07-15,2022-07-31,16,2.37,Y,161
15313,26,1,Site Clearing and Grading,Civil,2022-01-28,2022-02-16,19,1.81,N,110
15314,26,2,Slab Shuttering and Pouring,Structural,2023-05-17,2023-06-19,33,1.89,N,207
15315,26,4,Slab Shuttering and Pouring,Structural,2023-06-24,2023-07-19,25,1.7,N,3
15316,26,1,Panel Installation,Electrical,2022-02-01,2022-02-09,8,2.66,Y,311
15317,26,3,Internal Plastering,Finishing,2022-07-08,2022-07-24,16,2.49,Y,440
15318,26,4,Floor Tiling,Finishing,2023-05-04,2023-05-19,15,1.11,N,322
15319,26,3,Floor Tiling,Finishing,2023-10-20,2023-11-16,27,2.08,Y,9
15320,26,3,Internal Plastering,Finishing,2022-06-10,2022-07-06,26,1.89,N,426
15321,26,1,Backfilling and Compaction,Civil,2023-06-28,2023-07-15,17,1.32,N,156
15322,26,2,Excavation for Foundations,Civil,2022-08-02,2022-08-22,20,1.94,Y,329
15323,26,4,Internal Road Works,Civil,2023-12-12,2023-12-30,18,2.64,Y,185
15324,26,2,Floor Tiling,Finishing,2023-12-29,2024-01-19,21,1.16,N,470
15325,26,1,Beam Reinforcement Installation,Structural,2022-02-23,2022-03-03,8,2.17,N,311
15326,26,4,Site Clearing and Grading,Civil,2022-01-17,2022-02-14,28,0.75,N,356
15327,26,2,Floor Tiling,Finishing,2022-04-19,2022-04-26,7,2.75,N,110
15328,26,2,Underground Drainage,Plumbing,2023-10-10,2023-11-01,22,2.45,N,87
15329,26,4,Beam Reinforcement Installation,Structural,2023-06-07,2023-06-27,20,0.37,N,340
15330,26,3,Panel Installation,Electrical,2023-01-07,2023-01-19,12,2.52,N,450
15331,26,3,Slab Shuttering and Pouring,Structural,2023-10-20,2023-11-16,27,2.9,Y,172
15332,26,4,Slab Shuttering and Pouring,Structural,2023-03-24,2023-05-02,39,0.32,Y,201
15333,26,2,Water Supply Line Installation,Plumbing,2023-04-26,2023-05-23,27,1.08,N,301
15334,26,4,Internal Plastering,Finishing,2022-02-22,2022-03-06,12,0.9,Y,297
15335,26,2,Internal Road Works,Civil,2023-05-01,2023-06-08,38,1.94,Y,274
15336,26,3,Cable Pulling,Electrical,2024-02-17,2024-02-27,10,1.79,N,181
15337,26,2,Panel Installation,Electrical,2023-12-29,2024-01-22,24,1.29,N,184
15338,26,3,Water Supply Line Installation,Plumbing,2022-11-09,2022-12-03,24,2.03,Y,417
15339,26,1,Internal Road Works,Civil,2023-11-21,2023-12-12,21,1.87,N,13
15340,26,1,Excavation for Foundations,Civil,2023-06-25,2023-07-29,34,2.01,Y,464
15341,26,4,Cable Pulling,Electrical,2023-09-25,2023-10-23,28,1.94,Y,248
15342,26,1,Site Clearing and Grading,Civil,2023-10-28,2023-11-09,12,0.81,Y,329
15343,26,2,Internal Road Works,Civil,2024-02-25,2024-04-03,38,2.87,N,483
15344,26,3,Water Supply Line Installation,Plumbing,2023-12-27,2024-02-02,37,2.38,Y,141
15345,26,4,Internal Road Works,Civil,2022-05-31,2022-07-08,38,2.06,Y,429
15346,26,1,Internal Plastering,Finishing,2023-09-24,2023-10-06,12,1.2,N,163
15347,26,1,Water Supply Line Installation,Plumbing,2023-06-11,2023-06-24,13,1.82,Y,48
15348,26,1,Internal Road Works,Civil,2022-07-27,2022-08-31,35,1.95,N,157
15349,26,1,Slab Shuttering and Pouring,Structural,2022-10-20,2022-11-12,23,0.31,N,231
15350,26,3,Site Clearing and Grading,Civil,2024-02-08,2024-02-17,9,2.95,Y,317
15351,26,2,Panel Installation,Electrical,2024-03-05,2024-04-13,39,2.91,N,473
15352,26,2,Water Supply Line Installation,Plumbing,2023-03-11,2023-03-20,9,2.18,Y,499
15353,26,2,Painting and Polishing,Finishing,2023-05-08,2023-05-21,13,0.84,N,447
15354,26,1,Slab Shuttering and Pouring,Structural,2022-10-03,2022-11-04,32,2.32,Y,92
15355,26,2,Cable Pulling,Electrical,2022-10-16,2022-11-12,27,0.41,N,28
15356,26,4,Slab Shuttering and Pouring,Structural,2024-02-13,2024-03-20,36,2.11,N,245
15357,26,2,Site Clearing and Grading,Civil,2023-11-22,2023-12-13,21,1.53,Y,4
15358,26,4,Conduit Laying,Electrical,2022-12-03,2022-12-31,28,1.21,Y,402
15359,26,2,Water Supply Line Installation,Plumbing,2022-05-07,2022-05-19,12,0.32,Y,25
15360,26,2,Painting and Polishing,Finishing,2022-06-20,2022-07-21,31,2.92,Y,82
15361,26,2,Beam Reinforcement Installation,Structural,2023-12-20,2024-01-26,37,2.97,Y,147
15362,26,1,Backfilling and Compaction,Civil,2023-10-10,2023-10-21,11,0.64,N,290
15363,26,1,Water Supply Line Installation,Plumbing,2022-03-27,2022-04-07,11,1.3,Y,129
15364,26,1,Slab Shuttering and Pouring,Structural,2023-02-03,2023-03-12,37,1.11,Y,60
15365,26,1,Conduit Laying,Electrical,2023-12-04,2023-12-17,13,2.78,Y,24
15366,26,3,Internal Road Works,Civil,2023-05-31,2023-06-11,11,0.75,N,324
15367,26,2,Cable Pulling,Electrical,2022-10-03,2022-10-25,22,2.96,Y,143
15368,26,3,Floor Tiling,Finishing,2023-04-05,2023-04-19,14,2.82,Y,105
15369,26,4,Beam Reinforcement Installation,Structural,2022-06-18,2022-06-26,8,2.11,N,111
15370,26,2,Underground Drainage,Plumbing,2022-01-17,2022-02-11,25,2.75,N,47
15371,26,4,Conduit Laying,Electrical,2022-07-25,2022-08-10,16,0.72,N,132
15372,26,4,Water Supply Line Installation,Plumbing,2022-05-06,2022-06-08,33,1.78,N,442
15373,26,1,Excavation for Foundations,Civil,2023-06-10,2023-07-04,24,0.86,N,104
15374,26,2,Underground Drainage,Plumbing,2022-10-06,2022-10-15,9,1.18,Y,318
15375,26,1,Slab Shuttering and Pouring,Structural,2022-10-21,2022-11-17,27,2.4,Y,438
15376,26,2,Floor Tiling,Finishing,2022-09-25,2022-10-10,15,2.44,N,203
15377,26,4,Conduit Laying,Electrical,2022-08-23,2022-10-01,39,2.6,N,129
15378,26,1,Underground Drainage,Plumbing,2022-08-25,2022-09-08,14,1.87,Y,11
15379,26,3,Footing Reinforcement Fixing,Structural,2022-08-02,2022-08-28,26,2.69,N,399
15380,26,4,Conduit Laying,Electrical,2022-05-29,2022-06-16,18,1.05,Y,14
15381,26,1,Conduit Laying,Electrical,2022-07-13,2022-08-17,35,1.64,N,422
15382,26,4,Panel Installation,Electrical,2024-03-03,2024-03-23,20,0.9,N,404
15383,26,3,Internal Plastering,Finishing,2022-05-02,2022-05-24,22,1.48,Y,9
15384,26,1,Conduit Laying,Electrical,2023-07-21,2023-08-07,17,0.44,Y,156
15385,26,2,Panel Installation,Electrical,2023-10-20,2023-11-28,39,0.9,Y,309
15386,26,2,Painting and Polishing,Finishing,2022-08-04,2022-08-21,17,1.54,Y,103
15387,26,1,Column Casting,Structural,2023-03-27,2023-04-25,29,2.13,N,58
15388,26,3,Site Clearing and Grading,Civil,2023-10-29,2023-12-02,34,0.38,N,420
15389,26,1,Slab Shuttering and Pouring,Structural,2023-02-26,2023-03-23,25,0.53,N,342
15390,26,1,Site Clearing and Grading,Civil,2022-05-03,2022-06-08,36,1.55,N,99
15391,26,3,Slab Shuttering and Pouring,Structural,2023-04-21,2023-05-12,21,0.44,Y,41
15392,26,2,Panel Installation,Electrical,2023-09-28,2023-10-06,8,0.83,N,345
15393,26,4,Underground Drainage,Plumbing,2022-02-27,2022-04-05,37,0.4,Y,450
15394,26,4,Conduit Laying,Electrical,2023-02-13,2023-02-25,12,0.86,N,349
15395,26,4,Floor Tiling,Finishing,2023-12-10,2024-01-03,24,0.88,Y,428
15396,26,4,Excavation for Foundations,Civil,2022-06-20,2022-07-10,20,1.41,N,347
15397,26,2,Slab Shuttering and Pouring,Structural,2022-03-01,2022-03-18,17,2.7,N,484
15398,26,1,Panel Installation,Electrical,2023-08-02,2023-09-07,36,2.79,Y,350
15399,26,2,Floor Tiling,Finishing,2022-11-24,2022-12-30,36,2.89,N,126
15400,26,2,Excavation for Foundations,Civil,2023-07-10,2023-08-19,40,0.39,Y,216
15401,26,3,Footing Reinforcement Fixing,Structural,2023-09-04,2023-09-23,19,2.77,N,68
15402,26,2,Painting and Polishing,Finishing,2022-12-12,2023-01-14,33,0.8,Y,438
15403,26,4,Internal Road Works,Civil,2023-11-30,2023-12-14,14,0.84,N,432
15404,26,4,Internal Plastering,Finishing,2023-10-22,2023-10-30,8,2.95,N,222
15405,26,4,Water Supply Line Installation,Plumbing,2023-02-10,2023-03-12,30,1.54,N,273
15406,26,1,Conduit Laying,Electrical,2023-07-07,2023-07-22,15,1.46,Y,57
15407,26,4,Internal Plastering,Finishing,2023-01-05,2023-01-22,17,0.52,N,311
15408,26,4,Floor Tiling,Finishing,2022-09-07,2022-10-15,38,2.64,N,187
15409,26,2,Panel Installation,Electrical,2023-10-21,2023-11-19,29,1.16,N,317
15410,26,3,Floor Tiling,Finishing,2023-11-30,2024-01-06,37,2.26,Y,137
15411,26,3,Water Supply Line Installation,Plumbing,2023-01-20,2023-02-03,14,1.51,N,33
15412,26,4,Beam Reinforcement Installation,Structural,2022-08-12,2022-09-02,21,1.01,Y,206
15413,26,1,Footing Reinforcement Fixing,Structural,2023-10-02,2023-10-09,7,2.41,Y,493
15414,26,2,Column Casting,Structural,2023-07-11,2023-07-26,15,0.99,Y,366
15415,26,4,Conduit Laying,Electrical,2023-10-26,2023-11-19,24,0.31,Y,9
15416,26,2,Beam Reinforcement Installation,Structural,2023-09-07,2023-09-14,7,1.63,N,285
15417,26,3,Beam Reinforcement Installation,Structural,2023-01-13,2023-02-11,29,2.9,Y,227
15418,26,4,Backfilling and Compaction,Civil,2023-03-23,2023-04-22,30,1.17,Y,306
15419,26,2,Footing Reinforcement Fixing,Structural,2023-05-16,2023-06-22,37,1.54,Y,285
15420,26,1,Water Supply Line Installation,Plumbing,2023-11-11,2023-11-29,18,1.41,N,86
15421,26,1,Beam Reinforcement Installation,Structural,2023-04-11,2023-05-17,36,0.87,N,87
15422,26,3,Internal Road Works,Civil,2022-05-10,2022-06-06,27,0.61,N,247
15423,26,1,Site Clearing and Grading,Civil,2023-10-28,2023-11-18,21,1.79,N,224
15424,26,1,Painting and Polishing,Finishing,2023-06-03,2023-06-19,16,2.47,N,201
15425,27,1,Panel Installation,Electrical,2022-06-05,2022-06-13,8,2.78,N,166
15426,27,2,Underground Drainage,Plumbing,2022-10-11,2022-10-24,13,2.86,Y,376
15427,27,4,Underground Drainage,Plumbing,2023-03-26,2023-04-07,12,2.11,N,166
15428,27,1,Column Casting,Structural,2022-07-14,2022-07-24,10,1.11,Y,472
15429,27,3,Excavation for Foundations,Civil,2023-04-19,2023-05-25,36,1.31,Y,125
15430,27,1,Backfilling and Compaction,Civil,2023-03-09,2023-03-24,15,2.95,N,44
15431,27,3,Underground Drainage,Plumbing,2022-11-24,2022-12-15,21,2.76,N,19
15432,27,1,Beam Reinforcement Installation,Structural,2022-09-30,2022-10-12,12,1.38,N,14
15433,27,2,Painting and Polishing,Finishing,2023-07-16,2023-08-12,27,1.98,N,31
15434,27,2,Painting and Polishing,Finishing,2022-07-11,2022-07-25,14,1.9,Y,12
15435,27,3,Cable Pulling,Electrical,2022-09-09,2022-10-10,31,1.77,Y,444
15436,27,4,Cable Pulling,Electrical,2022-04-25,2022-05-22,27,1.51,Y,100
15437,27,1,Backfilling and Compaction,Civil,2022-10-24,2022-11-29,36,2.75,N,328
15438,27,3,Internal Plastering,Finishing,2022-08-03,2022-09-05,33,0.75,Y,275
15439,27,3,Internal Road Works,Civil,2023-08-29,2023-09-22,24,1.39,N,125
15440,27,3,Footing Reinforcement Fixing,Structural,2022-05-06,2022-05-28,22,2.63,Y,204
15441,27,4,Excavation for Foundations,Civil,2022-08-16,2022-08-31,15,2.36,Y,359
15442,27,4,Conduit Laying,Electrical,2022-12-05,2023-01-13,39,1.48,N,488
15443,27,3,Panel Installation,Electrical,2023-03-21,2023-04-30,40,2.09,N,2
15444,27,2,Painting and Polishing,Finishing,2022-10-28,2022-11-18,21,2.91,Y,268
15445,27,4,Water Supply Line Installation,Plumbing,2022-03-21,2022-04-29,39,0.33,Y,245
15446,27,2,Water Supply Line Installation,Plumbing,2023-02-11,2023-03-02,19,1.96,N,17
15447,27,3,Floor Tiling,Finishing,2022-08-26,2022-09-21,26,1.73,Y,109
15448,27,2,Water Supply Line Installation,Plumbing,2022-11-19,2022-12-26,37,1.37,N,423
15449,27,4,Beam Reinforcement Installation,Structural,2023-04-04,2023-05-10,36,1.1,Y,368
15450,27,2,Painting and Polishing,Finishing,2023-05-20,2023-06-29,40,2.94,N,7
15451,27,1,Conduit Laying,Electrical,2022-03-29,2022-04-18,20,2.75,Y,17
15452,27,2,Cable Pulling,Electrical,2022-11-04,2022-12-01,27,1.87,N,367
15453,27,3,Excavation for Foundations,Civil,2023-01-28,2023-02-12,15,2.53,Y,222
15454,27,4,Beam Reinforcement Installation,Structural,2022-07-11,2022-08-08,28,1.74,N,138
15455,27,4,Painting and Polishing,Finishing,2022-09-19,2022-10-04,15,0.71,N,472
15456,27,4,Column Casting,Structural,2022-07-23,2022-08-04,12,0.59,Y,135
15457,27,2,Water Supply Line Installation,Plumbing,2023-03-22,2023-04-16,25,0.54,N,480
15458,27,2,Internal Road Works,Civil,2022-11-22,2022-12-04,12,1.8,N,123
15459,27,2,Excavation for Foundations,Civil,2023-04-26,2023-05-23,27,2.6,Y,359
15460,27,4,Internal Plastering,Finishing,2023-06-23,2023-07-11,18,1.05,N,290
15461,27,4,Underground Drainage,Plumbing,2022-12-31,2023-01-17,17,0.67,Y,53
15462,27,3,Floor Tiling,Finishing,2022-08-03,2022-08-28,25,0.89,Y,201
15463,27,2,Internal Road Works,Civil,2022-07-12,2022-07-23,11,1.62,Y,289
15464,27,3,Column Casting,Structural,2023-01-31,2023-02-13,13,1.65,N,311
15465,27,3,Site Clearing and Grading,Civil,2022-06-12,2022-06-26,14,2.09,N,87
15466,27,3,Cable Pulling,Electrical,2022-06-18,2022-06-27,9,2.77,N,108
15467,27,3,Internal Plastering,Finishing,2022-10-22,2022-11-17,26,2.54,N,248
15468,27,4,Column Casting,Structural,2022-06-08,2022-07-03,25,2.97,N,148
15469,27,2,Panel Installation,Electrical,2023-06-13,2023-07-04,21,1.93,Y,333
15470,27,3,Internal Road Works,Civil,2023-03-15,2023-04-08,24,1.58,N,151
15471,27,4,Internal Road Works,Civil,2022-08-26,2022-09-28,33,0.44,N,166
15472,27,3,Water Supply Line Installation,Plumbing,2023-07-23,2023-08-12,20,2.73,N,20
15473,27,1,Underground Drainage,Plumbing,2022-03-17,2022-03-30,13,1.38,Y,492
15474,27,4,Floor Tiling,Finishing,2023-05-18,2023-06-13,26,1.81,N,22
15475,27,1,Water Supply Line Installation,Plumbing,2022-06-15,2022-07-23,38,0.72,N,346
15476,27,4,Panel Installation,Electrical,2023-04-24,2023-05-06,12,1.93,N,347
15477,27,3,Panel Installation,Electrical,2023-05-10,2023-05-31,21,1.73,N,106
15478,27,1,Conduit Laying,Electrical,2022-09-21,2022-10-08,17,2.22,Y,238
15479,27,3,Conduit Laying,Electrical,2023-07-01,2023-07-28,27,2.02,N,110
15480,27,1,Water Supply Line Installation,Plumbing,2023-09-11,2023-10-19,38,2.12,Y,66
15481,27,3,Floor Tiling,Finishing,2023-07-15,2023-08-22,38,0.73,N,261
15482,27,4,Conduit Laying,Electrical,2022-11-19,2022-12-21,32,1.96,N,450
15483,27,1,Floor Tiling,Finishing,2023-07-31,2023-08-28,28,0.77,Y,305
15484,27,4,Floor Tiling,Finishing,2022-09-04,2022-10-07,33,2.49,Y,138
15485,27,1,Painting and Polishing,Finishing,2022-10-10,2022-11-12,33,2.99,N,8
15486,27,2,Footing Reinforcement Fixing,Structural,2022-06-09,2022-06-26,17,1.31,Y,418
15487,27,3,Water Supply Line Installation,Plumbing,2023-08-04,2023-08-12,8,1.21,N,333
15488,27,2,Slab Shuttering and Pouring,Structural,2023-03-11,2023-03-20,9,0.87,N,274
15489,27,1,Backfilling and Compaction,Civil,2022-03-24,2022-04-17,24,0.82,N,111
15490,27,2,Conduit Laying,Electrical,2023-05-20,2023-06-17,28,0.68,Y,142
15491,27,4,Footing Reinforcement Fixing,Structural,2023-05-12,2023-06-20,39,1.91,Y,37
15492,27,3,Painting and Polishing,Finishing,2022-05-18,2022-05-29,11,2.46,Y,209
15493,27,3,Backfilling and Compaction,Civil,2022-03-04,2022-03-17,13,0.91,N,334
15494,27,3,Internal Plastering,Finishing,2023-02-19,2023-03-02,11,2.05,Y,179
15495,27,3,Painting and Polishing,Finishing,2022-05-27,2022-06-17,21,2.87,Y,237
15496,27,2,Internal Plastering,Finishing,2022-08-26,2022-09-27,32,2.13,N,467
15497,27,3,Panel Installation,Electrical,2023-04-21,2023-05-03,12,1.45,N,306
15498,27,3,Underground Drainage,Plumbing,2023-01-15,2023-01-30,15,0.55,N,38
15499,27,2,Painting and Polishing,Finishing,2023-01-08,2023-01-21,13,1.79,Y,86
15500,27,4,Underground Drainage,Plumbing,2022-10-04,2022-10-13,9,2.15,N,95
15501,27,2,Footing Reinforcement Fixing,Structural,2022-12-25,2023-01-27,33,2.1,N,434
15502,27,3,Panel Installation,Electrical,2022-10-21,2022-11-21,31,1.77,N,46
15503,27,1,Slab Shuttering and Pouring,Structural,2023-05-12,2023-06-12,31,2.77,N,125
15504,27,1,Conduit Laying,Electrical,2022-05-16,2022-06-09,24,1.88,N,320
15505,27,4,Slab Shuttering and Pouring,Structural,2023-07-26,2023-08-13,18,1.62,Y,51
15506,27,2,Conduit Laying,Electrical,2023-05-07,2023-05-17,10,0.76,N,77
15507,27,4,Water Supply Line Installation,Plumbing,2022-10-10,2022-11-12,33,0.71,N,225
15508,27,4,Internal Plastering,Finishing,2022-06-23,2022-07-01,8,1.27,N,355
15509,27,2,Slab Shuttering and Pouring,Structural,2023-07-27,2023-08-25,29,2.73,Y,350
15510,27,3,Painting and Polishing,Finishing,2023-08-11,2023-08-18,7,1.88,Y,135
15511,27,1,Water Supply Line Installation,Plumbing,2023-05-05,2023-06-02,28,2.04,N,98
15512,27,1,Underground Drainage,Plumbing,2023-08-12,2023-09-21,40,0.61,N,235
15513,27,3,Beam Reinforcement Installation,Structural,2022-07-19,2022-08-01,13,1.52,Y,116
15514,27,3,Excavation for Foundations,Civil,2022-09-20,2022-10-09,19,2.43,N,291
15515,27,3,Column Casting,Structural,2022-12-08,2022-12-22,14,2.39,N,467
15516,27,1,Footing Reinforcement Fixing,Structural,2023-01-26,2023-03-04,37,1.35,Y,224
15517,27,4,Conduit Laying,Electrical,2023-01-18,2023-02-20,33,0.3,Y,97
15518,27,4,Water Supply Line Installation,Plumbing,2023-06-25,2023-07-21,26,1.15,Y,309
15519,27,1,Cable Pulling,Electrical,2022-11-08,2022-12-09,31,0.85,Y,28
15520,27,2,Footing Reinforcement Fixing,Structural,2022-07-17,2022-08-23,37,2.8,Y,139
15521,27,1,Underground Drainage,Plumbing,2023-03-09,2023-04-16,38,2.78,N,7
15522,27,4,Footing Reinforcement Fixing,Structural,2023-06-05,2023-07-11,36,1.58,Y,71
15523,27,1,Footing Reinforcement Fixing,Structural,2022-03-29,2022-04-26,28,1.39,N,481
15524,27,2,Excavation for Foundations,Civil,2023-02-15,2023-03-02,15,1.43,N,288
15525,27,2,Cable Pulling,Electrical,2022-09-07,2022-10-04,27,0.77,Y,11
15526,27,2,Site Clearing and Grading,Civil,2022-04-22,2022-05-27,35,2.38,N,496
15527,27,4,Internal Plastering,Finishing,2022-07-23,2022-08-25,33,1.82,N,480
15528,27,4,Water Supply Line Installation,Plumbing,2022-07-17,2022-08-03,17,1.7,N,187
15529,27,1,Painting and Polishing,Finishing,2022-09-16,2022-10-25,39,2.45,N,402
15530,27,4,Underground Drainage,Plumbing,2022-08-23,2022-09-28,36,1.87,N,458
15531,27,2,Slab Shuttering and Pouring,Structural,2022-03-13,2022-04-13,31,2.16,N,28
15532,27,1,Internal Plastering,Finishing,2023-07-28,2023-08-15,18,2.43,Y,61
15533,27,3,Water Supply Line Installation,Plumbing,2022-09-15,2022-09-23,8,0.34,Y,154
15534,27,4,Cable Pulling,Electrical,2023-07-25,2023-09-01,38,1.63,Y,9
15535,27,2,Column Casting,Structural,2023-03-23,2023-04-29,37,2.68,Y,172
15536,27,4,Excavation for Foundations,Civil,2022-08-03,2022-08-31,28,1.69,Y,474
15537,27,3,Underground Drainage,Plumbing,2022-08-09,2022-09-11,33,0.39,Y,150
15538,27,1,Internal Plastering,Finishing,2022-10-22,2022-11-21,30,0.8,N,50
15539,27,3,Panel Installation,Electrical,2022-06-03,2022-06-19,16,2.56,Y,125
15540,27,2,Beam Reinforcement Installation,Structural,2023-03-08,2023-04-06,29,1.06,N,312
15541,27,2,Underground Drainage,Plumbing,2022-11-22,2022-12-21,29,2.37,N,147
15542,27,3,Beam Reinforcement Installation,Structural,2023-08-06,2023-08-20,14,1.58,Y,66
15543,27,2,Underground Drainage,Plumbing,2023-06-01,2023-06-25,24,2.51,Y,87
15544,27,3,Water Supply Line Installation,Plumbing,2023-04-23,2023-05-02,9,2.28,N,108
15545,27,3,Floor Tiling,Finishing,2022-12-15,2022-12-25,10,0.38,N,396
15546,27,1,Panel Installation,Electrical,2023-07-30,2023-08-18,19,1.47,Y,415
15547,27,3,Underground Drainage,Plumbing,2023-03-09,2023-04-12,34,1.86,Y,233
15548,27,2,Beam Reinforcement Installation,Structural,2022-04-21,2022-05-06,15,2.71,N,464
15549,27,3,Internal Plastering,Finishing,2022-03-19,2022-04-07,19,2.77,N,193
15550,27,4,Backfilling and Compaction,Civil,2022-07-03,2022-07-26,23,2.97,N,187
15551,27,2,Painting and Polishing,Finishing,2023-05-21,2023-06-20,30,2.37,N,49
15552,27,1,Panel Installation,Electrical,2023-06-27,2023-07-26,29,2.47,N,285
15553,27,1,Site Clearing and Grading,Civil,2023-05-06,2023-05-19,13,0.31,Y,155
15554,27,4,Water Supply Line Installation,Plumbing,2023-05-24,2023-06-30,37,1.7,N,349
15555,27,4,Conduit Laying,Electrical,2022-12-09,2023-01-05,27,1.09,Y,311
15556,27,3,Water Supply Line Installation,Plumbing,2022-11-17,2022-12-20,33,1.64,Y,440
15557,27,3,Internal Plastering,Finishing,2023-08-14,2023-09-08,25,1.87,Y,256
15558,27,2,Cable Pulling,Electrical,2022-04-07,2022-05-13,36,3.0,N,283
15559,27,1,Cable Pulling,Electrical,2023-01-14,2023-01-30,16,1.84,N,215
15560,27,1,Panel Installation,Electrical,2023-01-05,2023-01-26,21,0.53,Y,474
15561,27,3,Excavation for Foundations,Civil,2023-10-02,2023-10-17,15,1.63,N,128
15562,27,4,Underground Drainage,Plumbing,2022-07-08,2022-07-27,19,2.16,Y,356
15563,27,1,Painting and Polishing,Finishing,2022-12-20,2022-12-28,8,2.46,Y,43
15564,27,2,Underground Drainage,Plumbing,2023-01-29,2023-02-27,29,1.65,Y,10
15565,27,3,Panel Installation,Electrical,2023-09-21,2023-10-27,36,0.88,Y,138
15566,27,4,Water Supply Line Installation,Plumbing,2022-10-09,2022-10-28,19,1.27,N,493
15567,27,4,Excavation for Foundations,Civil,2022-02-25,2022-03-17,20,1.97,N,87
15568,27,2,Panel Installation,Electrical,2022-09-14,2022-10-08,24,0.76,Y,93
15569,27,3,Panel Installation,Electrical,2022-06-03,2022-07-03,30,0.9,Y,18
15570,27,3,Panel Installation,Electrical,2022-07-14,2022-08-14,31,2.75,Y,458
15571,27,1,Conduit Laying,Electrical,2022-10-10,2022-11-02,23,0.96,Y,485
15572,27,1,Excavation for Foundations,Civil,2023-02-23,2023-03-30,35,1.24,N,269
15573,27,4,Water Supply Line Installation,Plumbing,2023-03-07,2023-03-24,17,0.44,Y,258
15574,27,4,Footing Reinforcement Fixing,Structural,2022-11-25,2022-12-10,15,2.96,Y,102
15575,27,3,Footing Reinforcement Fixing,Structural,2023-04-09,2023-04-19,10,1.8,N,44
15576,27,2,Backfilling and Compaction,Civil,2022-09-28,2022-10-16,18,2.49,N,322
15577,27,1,Conduit Laying,Electrical,2023-04-21,2023-05-18,27,1.74,Y,211
15578,27,1,Underground Drainage,Plumbing,2022-04-17,2022-04-26,9,0.79,N,185
15579,27,4,Beam Reinforcement Installation,Structural,2022-07-30,2022-08-18,19,2.01,Y,279
15580,27,4,Internal Road Works,Civil,2022-12-04,2022-12-11,7,2.67,N,470
15581,27,2,Painting and Polishing,Finishing,2023-05-27,2023-07-02,36,1.24,Y,222
15582,27,2,Painting and Polishing,Finishing,2023-04-17,2023-05-14,27,0.41,N,45
15583,27,2,Floor Tiling,Finishing,2022-12-13,2022-12-20,7,0.89,N,174
15584,27,4,Slab Shuttering and Pouring,Structural,2022-12-17,2023-01-19,33,1.92,Y,206
15585,27,1,Water Supply Line Installation,Plumbing,2023-02-15,2023-03-22,35,2.23,N,104
15586,27,2,Floor Tiling,Finishing,2022-09-07,2022-09-17,10,1.69,Y,441
15587,28,3,Painting and Polishing,Finishing,2022-08-06,2022-09-10,35,0.96,N,42
15588,28,1,Slab Shuttering and Pouring,Structural,2024-01-26,2024-02-10,15,2.9,Y,15
15589,28,1,Backfilling and Compaction,Civil,2023-11-09,2023-12-08,29,2.33,Y,352
15590,28,1,Panel Installation,Electrical,2024-03-29,2024-04-06,8,1.92,Y,359
15591,28,2,Water Supply Line Installation,Plumbing,2023-05-28,2023-06-09,12,1.17,Y,10
15592,28,4,Water Supply Line Installation,Plumbing,2024-01-10,2024-02-09,30,2.77,Y,132
15593,28,2,Excavation for Foundations,Civil,2023-11-10,2023-12-06,26,0.37,N,261
15594,28,1,Footing Reinforcement Fixing,Structural,2022-07-01,2022-08-05,35,1.51,Y,468
15595,28,1,Backfilling and Compaction,Civil,2022-10-12,2022-11-05,24,1.97,Y,448
15596,28,3,Underground Drainage,Plumbing,2023-10-20,2023-11-24,35,0.45,N,78
15597,28,1,Water Supply Line Installation,Plumbing,2023-09-18,2023-09-26,8,1.55,Y,144
15598,28,2,Internal Road Works,Civil,2022-07-10,2022-08-19,40,0.31,Y,361
15599,28,3,Internal Road Works,Civil,2022-10-19,2022-11-21,33,0.91,N,210
15600,28,3,Water Supply Line Installation,Plumbing,2023-06-04,2023-07-02,28,2.58,N,198
15601,28,3,Panel Installation,Electrical,2023-08-10,2023-09-16,37,1.89,N,306
15602,28,4,Painting and Polishing,Finishing,2022-09-14,2022-10-21,37,2.37,Y,64
15603,28,1,Footing Reinforcement Fixing,Structural,2023-04-08,2023-05-06,28,1.63,N,13
15604,28,2,Panel Installation,Electrical,2024-03-22,2024-04-12,21,2.42,N,492
15605,28,3,Internal Plastering,Finishing,2022-07-19,2022-07-30,11,2.35,N,342
15606,28,4,Floor Tiling,Finishing,2024-06-13,2024-07-19,36,2.08,N,485
15607,28,1,Water Supply Line Installation,Plumbing,2023-04-20,2023-05-05,15,2.4,N,133
15608,28,2,Cable Pulling,Electrical,2023-02-12,2023-02-28,16,0.46,Y,304
15609,28,3,Site Clearing and Grading,Civil,2023-04-06,2023-05-05,29,2.17,N,174
15610,28,2,Column Casting,Structural,2024-03-07,2024-04-05,29,2.88,Y,402
15611,28,1,Floor Tiling,Finishing,2022-06-22,2022-07-08,16,0.75,Y,326
15612,28,2,Column Casting,Structural,2024-05-13,2024-06-10,28,1.2,Y,493
15613,28,4,Floor Tiling,Finishing,2022-12-25,2023-01-07,13,2.92,Y,182
15614,28,2,Backfilling and Compaction,Civil,2023-03-25,2023-04-04,10,2.42,N,192
15615,28,1,Backfilling and Compaction,Civil,2023-07-15,2023-08-08,24,2.08,N,259
15616,28,1,Excavation for Foundations,Civil,2023-06-13,2023-07-20,37,2.19,N,292
15617,28,4,Floor Tiling,Finishing,2023-11-19,2023-12-15,26,2.96,Y,43
15618,28,1,Panel Installation,Electrical,2022-08-15,2022-08-28,13,0.97,Y,489
15619,28,2,Panel Installation,Electrical,2022-09-23,2022-10-14,21,1.0,Y,490
15620,28,3,Underground Drainage,Plumbing,2023-06-14,2023-07-04,20,1.94,Y,94
15621,28,2,Backfilling and Compaction,Civil,2024-06-07,2024-06-14,7,2.02,Y,108
15622,28,4,Footing Reinforcement Fixing,Structural,2023-06-03,2023-06-13,10,0.99,N,437
15623,28,2,Underground Drainage,Plumbing,2023-10-11,2023-11-03,23,0.85,Y,348
15624,28,3,Column Casting,Structural,2024-05-21,2024-06-16,26,1.19,N,284
15625,28,1,Footing Reinforcement Fixing,Structural,2022-12-30,2023-01-12,13,1.0,N,45
15626,28,4,Excavation for Foundations,Civil,2023-07-08,2023-07-28,20,2.83,N,19
15627,28,2,Site Clearing and Grading,Civil,2022-07-05,2022-07-25,20,1.53,Y,11
15628,28,4,Conduit Laying,Electrical,2024-03-30,2024-05-04,35,1.7,Y,449
15629,28,2,Panel Installation,Electrical,2023-07-22,2023-07-29,7,1.44,N,486
15630,28,3,Painting and Polishing,Finishing,2022-10-14,2022-10-29,15,0.55,Y,154
15631,28,4,Backfilling and Compaction,Civil,2024-03-25,2024-04-06,12,1.38,N,187
15632,28,4,Internal Road Works,Civil,2023-11-01,2023-11-29,28,1.97,Y,118
15633,28,2,Excavation for Foundations,Civil,2023-11-26,2023-12-27,31,2.84,N,238
15634,28,2,Floor Tiling,Finishing,2023-05-18,2023-06-05,18,0.5,N,22
15635,28,3,Panel Installation,Electrical,2022-07-21,2022-08-20,30,1.36,N,146
15636,28,1,Panel Installation,Electrical,2023-04-11,2023-04-24,13,2.11,Y,206
15637,28,4,Internal Plastering,Finishing,2023-09-20,2023-10-08,18,1.9,Y,471
15638,28,1,Painting and Polishing,Finishing,2024-05-01,2024-05-15,14,0.68,N,276
15639,28,1,Underground Drainage,Plumbing,2022-10-15,2022-10-30,15,1.15,Y,232
15640,28,1,Underground Drainage,Plumbing,2024-03-27,2024-04-20,24,1.94,Y,13
15641,28,3,Footing Reinforcement Fixing,Structural,2024-01-14,2024-02-16,33,2.47,Y,480
15642,28,3,Conduit Laying,Electrical,2024-03-10,2024-03-25,15,1.33,Y,156
15643,28,2,Site Clearing and Grading,Civil,2022-07-23,2022-08-01,9,0.57,Y,252
15644,28,4,Internal Plastering,Finishing,2024-01-22,2024-02-24,33,1.8,Y,296
15645,28,3,Site Clearing and Grading,Civil,2023-05-24,2023-06-17,24,1.55,Y,34
15646,28,4,Beam Reinforcement Installation,Structural,2024-01-01,2024-01-16,15,1.0,N,283
15647,28,1,Panel Installation,Electrical,2023-01-15,2023-02-14,30,1.5,Y,391
15648,28,2,Water Supply Line Installation,Plumbing,2022-08-24,2022-09-05,12,2.13,Y,32
15649,28,4,Underground Drainage,Plumbing,2023-10-13,2023-11-21,39,2.32,N,23
15650,28,2,Slab Shuttering and Pouring,Structural,2023-09-09,2023-09-26,17,0.62,Y,176
15651,28,1,Floor Tiling,Finishing,2022-06-25,2022-07-15,20,2.64,N,461
15652,28,1,Conduit Laying,Electrical,2023-12-24,2024-01-27,34,0.88,N,361
15653,28,2,Site Clearing and Grading,Civil,2024-01-17,2024-02-01,15,1.12,N,482
15654,28,4,Internal Plastering,Finishing,2023-11-27,2023-12-14,17,2.38,Y,496
15655,28,4,Beam Reinforcement Installation,Structural,2022-07-12,2022-08-19,38,1.08,N,423
15656,28,3,Underground Drainage,Plumbing,2023-06-01,2023-06-14,13,2.94,Y,297
15657,28,3,Slab Shuttering and Pouring,Structural,2022-12-17,2023-01-12,26,2.71,N,172
15658,28,1,Panel Installation,Electrical,2022-10-02,2022-11-02,31,1.91,Y,267
15659,28,4,Site Clearing and Grading,Civil,2023-11-28,2023-12-20,22,1.65,Y,207
15660,28,4,Water Supply Line Installation,Plumbing,2024-06-16,2024-07-02,16,2.71,Y,483
15661,28,1,Floor Tiling,Finishing,2023-12-08,2023-12-21,13,2.16,Y,369
15662,28,3,Site Clearing and Grading,Civil,2024-03-18,2024-04-27,40,1.81,N,478
15663,28,1,Water Supply Line Installation,Plumbing,2023-06-16,2023-06-27,11,1.69,N,191
15664,28,2,Underground Drainage,Plumbing,2023-07-06,2023-08-10,35,2.81,Y,443
15665,28,1,Water Supply Line Installation,Plumbing,2024-04-03,2024-05-10,37,1.36,N,340
15666,28,1,Beam Reinforcement Installation,Structural,2024-02-25,2024-03-09,13,0.49,Y,423
15667,28,3,Underground Drainage,Plumbing,2024-03-24,2024-04-10,17,0.44,Y,414
15668,28,2,Water Supply Line Installation,Plumbing,2024-01-27,2024-02-20,24,2.14,Y,237
15669,28,4,Backfilling and Compaction,Civil,2022-11-23,2022-12-14,21,1.18,N,414
15670,28,4,Conduit Laying,Electrical,2023-12-29,2024-01-13,15,0.92,Y,126
15671,28,1,Floor Tiling,Finishing,2022-12-11,2022-12-27,16,1.32,N,222
15672,28,1,Column Casting,Structural,2022-12-11,2023-01-19,39,0.93,N,353
15673,28,4,Cable Pulling,Electrical,2022-12-19,2022-12-29,10,2.81,N,14
15674,28,3,Water Supply Line Installation,Plumbing,2022-12-31,2023-01-17,17,0.55,Y,377
15675,28,2,Column Casting,Structural,2024-05-10,2024-05-18,8,0.61,Y,112
15676,28,2,Site Clearing and Grading,Civil,2023-01-12,2023-01-21,9,2.07,N,31
15677,28,2,Painting and Polishing,Finishing,2023-01-23,2023-02-14,22,0.74,Y,462
15678,28,2,Column Casting,Structural,2023-09-10,2023-10-07,27,1.84,N,500
15679,28,2,Site Clearing and Grading,Civil,2024-03-11,2024-03-25,14,0.34,N,243
15680,28,3,Excavation for Foundations,Civil,2024-03-23,2024-04-17,25,0.56,Y,261
15681,28,1,Column Casting,Structural,2022-12-29,2023-01-15,17,1.56,N,240
15682,28,4,Internal Road Works,Civil,2023-09-22,2023-10-05,13,1.81,N,445
15683,28,2,Floor Tiling,Finishing,2024-05-30,2024-06-26,27,1.99,N,447
15684,28,3,Painting and Polishing,Finishing,2022-07-03,2022-07-22,19,0.32,Y,120
15685,28,4,Internal Plastering,Finishing,2022-08-30,2022-09-27,28,0.8,Y,362
15686,28,3,Internal Road Works,Civil,2022-09-11,2022-10-15,34,1.52,N,492
15687,28,4,Panel Installation,Electrical,2023-11-10,2023-12-16,36,0.67,Y,94
15688,28,1,Internal Plastering,Finishing,2024-01-31,2024-02-25,25,2.18,Y,243
15689,28,3,Conduit Laying,Electrical,2023-12-21,2024-01-08,18,0.34,N,205
15690,28,1,Painting and Polishing,Finishing,2022-12-07,2022-12-25,18,1.89,Y,329
15691,28,4,Conduit Laying,Electrical,2023-05-22,2023-06-04,13,1.18,N,4
15692,28,2,Slab Shuttering and Pouring,Structural,2022-09-08,2022-09-20,12,2.83,Y,83
15693,28,3,Cable Pulling,Electrical,2022-09-23,2022-10-12,19,1.37,N,253
15694,28,4,Slab Shuttering and Pouring,Structural,2024-02-19,2024-03-20,30,2.42,N,357
15695,28,3,Water Supply Line Installation,Plumbing,2024-03-10,2024-04-12,33,2.16,N,298
15696,28,3,Painting and Polishing,Finishing,2024-02-06,2024-03-02,25,2.96,Y,105
15697,28,1,Internal Plastering,Finishing,2023-08-02,2023-08-15,13,0.84,Y,409
15698,28,1,Slab Shuttering and Pouring,Structural,2024-05-08,2024-06-06,29,2.43,Y,158
15699,28,2,Beam Reinforcement Installation,Structural,2023-05-22,2023-06-02,11,2.23,Y,422
15700,28,2,Internal Plastering,Finishing,2023-04-10,2023-04-29,19,1.46,Y,433
15701,28,1,Floor Tiling,Finishing,2023-09-18,2023-10-19,31,2.9,Y,392
15702,28,2,Cable Pulling,Electrical,2022-07-13,2022-08-17,35,1.26,N,410
15703,28,1,Site Clearing and Grading,Civil,2023-10-12,2023-11-09,28,2.36,Y,350
15704,28,4,Conduit Laying,Electrical,2023-01-14,2023-02-06,23,2.66,N,161
15705,28,4,Panel Installation,Electrical,2023-11-13,2023-11-28,15,1.47,Y,48
15706,28,4,Floor Tiling,Finishing,2023-08-03,2023-08-18,15,1.84,Y,290
15707,28,3,Slab Shuttering and Pouring,Structural,2023-02-01,2023-03-06,33,0.93,N,322
15708,28,2,Water Supply Line Installation,Plumbing,2024-05-14,2024-05-23,9,0.9,N,34
15709,28,4,Footing Reinforcement Fixing,Structural,2022-08-24,2022-10-03,40,0.64,N,426
15710,28,1,Site Clearing and Grading,Civil,2022-12-11,2022-12-28,17,2.69,N,172
15711,28,2,Cable Pulling,Electrical,2023-01-10,2023-01-31,21,0.89,N,160
15712,28,1,Underground Drainage,Plumbing,2023-10-23,2023-12-01,39,2.43,Y,476
15713,28,4,Column Casting,Structural,2023-08-23,2023-09-29,37,2.25,N,18
15714,28,3,Water Supply Line Installation,Plumbing,2024-03-29,2024-04-25,27,1.19,Y,353
15715,28,2,Painting and Polishing,Finishing,2023-05-06,2023-06-13,38,2.72,N,36
15716,28,3,Excavation for Foundations,Civil,2023-01-08,2023-01-22,14,2.2,N,470
15717,28,1,Painting and Polishing,Finishing,2022-10-25,2022-11-06,12,0.53,Y,270
15718,28,4,Footing Reinforcement Fixing,Structural,2023-05-05,2023-06-07,33,2.47,N,49
15719,28,3,Conduit Laying,Electrical,2022-07-12,2022-08-11,30,2.49,N,430
15720,28,2,Site Clearing and Grading,Civil,2024-04-03,2024-04-19,16,2.12,N,375
15721,28,2,Internal Road Works,Civil,2023-01-30,2023-02-18,19,1.5,N,242
15722,28,1,Internal Road Works,Civil,2023-01-20,2023-02-02,13,2.84,N,282
15723,28,4,Internal Road Works,Civil,2024-03-24,2024-04-06,13,1.01,Y,304
15724,28,1,Internal Plastering,Finishing,2023-06-30,2023-08-03,34,1.34,N,62
15725,28,3,Column Casting,Structural,2023-10-27,2023-12-01,35,1.43,Y,262
15726,28,4,Beam Reinforcement Installation,Structural,2023-12-02,2023-12-15,13,2.55,Y,371
15727,28,4,Water Supply Line Installation,Plumbing,2023-06-11,2023-07-18,37,0.63,N,394
15728,28,2,Backfilling and Compaction,Civil,2024-03-25,2024-04-05,11,1.81,N,417
15729,28,4,Internal Road Works,Civil,2022-08-18,2022-08-31,13,1.76,N,382
15730,28,2,Footing Reinforcement Fixing,Structural,2023-12-08,2023-12-24,16,1.8,N,299
15731,28,4,Excavation for Foundations,Civil,2023-07-10,2023-08-01,22,1.16,N,260
15732,28,4,Excavation for Foundations,Civil,2024-04-10,2024-05-11,31,2.85,N,390
15733,28,4,Cable Pulling,Electrical,2023-02-22,2023-03-01,7,1.74,Y,421
15734,28,2,Conduit Laying,Electrical,2024-04-13,2024-05-19,36,1.0,N,81
15735,28,1,Slab Shuttering and Pouring,Structural,2023-07-17,2023-08-09,23,0.63,Y,419
15736,28,3,Cable Pulling,Electrical,2024-04-03,2024-04-23,20,1.91,N,161
15737,28,2,Conduit Laying,Electrical,2023-08-26,2023-09-23,28,1.63,Y,422
15738,28,4,Painting and Polishing,Finishing,2023-10-16,2023-11-09,24,2.04,N,483
15739,28,1,Water Supply Line Installation,Plumbing,2024-05-20,2024-06-08,19,1.04,N,150
15740,28,2,Conduit Laying,Electrical,2023-10-25,2023-11-24,30,2.57,Y,484
15741,28,3,Water Supply Line Installation,Plumbing,2023-07-15,2023-08-19,35,2.19,N,26
15742,28,3,Backfilling and Compaction,Civil,2024-06-12,2024-07-02,20,2.49,Y,462
15743,28,1,Underground Drainage,Plumbing,2022-09-13,2022-10-20,37,2.58,N,339
15744,28,2,Water Supply Line Installation,Plumbing,2023-10-13,2023-11-05,23,1.69,N,457
15745,28,2,Beam Reinforcement Installation,Structural,2022-06-21,2022-07-02,11,1.59,Y,96
15746,28,4,Water Supply Line Installation,Plumbing,2023-10-30,2023-11-15,16,2.04,N,65
