weather_id,project_id,date,rainfall_mm,temperature_c,weather_severity,work_stop_flag
1,1,2022-04-12,7,26,Normal,N
2,1,2022-04-13,72,30,Moderate,N
3,1,2022-04-14,17,25,Normal,N
4,1,2022-04-15,85,27,Moderate,N
5,1,2022-04-16,62,33,Normal,N
6,1,2022-04-17,82,43,Moderate,N
7,1,2022-04-18,88,38,Normal,N
8,1,2022-04-19,57,37,Normal,N
9,1,2022-04-20,79,41,Normal,N
10,1,2022-04-21,92,32,Moderate,N
11,1,2022-04-22,85,40,Normal,N
12,1,2022-04-23,54,37,Normal,N
13,1,2022-04-24,127,42,Normal,N
14,1,2022-04-25,89,26,Normal,N
15,1,2022-04-26,92,24,Normal,N
16,1,2022-04-27,47,26,Normal,N
17,1,2022-04-28,87,32,Normal,N
18,1,2022-04-29,1,29,Normal,N
19,1,2022-04-30,81,29,Normal,N
20,1,2022-05-01,97,32,Normal,N
21,1,2022-05-02,21,34,Severe,Y
22,1,2022-05-03,17,29,Moderate,N
23,1,2022-05-04,42,25,Normal,N
24,1,2022-05-05,73,39,Normal,N
25,1,2022-05-06,34,24,Normal,N
26,1,2022-05-07,19,38,Severe,Y
27,1,2022-05-08,77,33,Moderate,N
28,1,2022-05-09,42,25,Normal,N
29,1,2022-05-10,62,25,Moderate,N
30,1,2022-05-11,77,33,Moderate,N
31,1,2022-05-12,8,36,Normal,N
32,1,2022-05-13,20,37,Normal,N
33,1,2022-05-14,17,43,Normal,N
34,1,2022-05-15,122,34,Moderate,N
35,1,2022-05-16,7,38,Moderate,N
36,1,2022-05-17,66,26,Normal,N
37,1,2022-05-18,7,24,Moderate,N
38,1,2022-05-19,93,35,Severe,Y
39,1,2022-05-20,139,39,Severe,Y
40,1,2022-05-21,36,42,Severe,Y
41,1,2022-05-22,122,25,Normal,N
42,1,2022-05-23,8,42,Normal,N
43,1,2022-05-24,140,35,Severe,Y
44,1,2022-05-25,78,39,Moderate,N
45,1,2022-05-26,22,32,Normal,N
46,1,2022-05-27,89,42,Normal,N
47,1,2022-05-28,2,31,Normal,N
48,1,2022-05-29,140,24,Normal,N
49,1,2022-05-30,75,32,Moderate,N
50,1,2022-05-31,79,40,Normal,N
51,1,2022-06-01,121,36,Normal,N
52,1,2022-06-02,16,43,Normal,N
53,1,2022-06-03,56,25,Normal,N
54,1,2022-06-04,23,34,Normal,N
55,1,2022-06-05,114,27,Normal,N
56,1,2022-06-06,104,34,Moderate,N
57,1,2022-06-07,135,42,Normal,N
58,1,2022-06-08,126,28,Normal,N
59,1,2022-06-09,54,40,Normal,N
60,1,2022-06-10,87,40,Normal,N
61,1,2022-06-11,99,35,Normal,N
62,1,2022-06-12,70,31,Severe,Y
63,1,2022-06-13,71,37,Normal,N
64,1,2022-06-14,13,38,Moderate,N
65,1,2022-06-15,51,37,Normal,N
66,1,2022-06-16,79,25,Moderate,N
67,1,2022-06-17,10,37,Moderate,N
68,1,2022-06-18,21,24,Normal,N
69,1,2022-06-19,55,27,Normal,N
70,1,2022-06-20,106,38,Normal,N
71,1,2022-06-21,115,30,Normal,N
72,1,2022-06-22,139,24,Normal,N
73,1,2022-06-23,85,37,Moderate,N
74,1,2022-06-24,113,37,Normal,N
75,1,2022-06-25,9,33,Normal,N
76,1,2022-06-26,130,31,Normal,N
77,1,2022-06-27,111,27,Severe,Y
78,1,2022-06-28,4,24,Normal,N
79,1,2022-06-29,108,26,Normal,N
80,1,2022-06-30,131,34,Severe,Y
81,1,2022-07-01,15,39,Moderate,N
82,1,2022-07-02,41,36,Normal,N
83,1,2022-07-03,92,40,Severe,Y
84,1,2022-07-04,15,26,Moderate,N
85,1,2022-07-05,42,39,Normal,N
86,1,2022-07-06,113,29,Moderate,N
87,1,2022-07-07,107,36,Severe,Y
88,1,2022-07-08,39,30,Moderate,N
89,1,2022-07-09,86,40,Moderate,N
90,1,2022-07-10,102,40,Normal,N
91,1,2022-07-11,89,34,Normal,N
92,1,2022-07-12,72,27,Moderate,N
93,1,2022-07-13,56,26,Normal,N
94,1,2022-07-14,84,24,Normal,N
95,1,2022-07-15,121,36,Normal,N
96,1,2022-07-16,51,41,Normal,N
97,1,2022-07-17,60,27,Normal,N
98,1,2022-07-18,62,24,Normal,N
99,1,2022-07-19,87,35,Normal,N
100,1,2022-07-20,105,36,Moderate,N
101,1,2022-07-21,88,25,Normal,N
102,1,2022-07-22,79,31,Normal,N
103,1,2022-07-23,88,29,Normal,N
104,1,2022-07-24,66,34,Normal,N
105,1,2022-07-25,15,24,Normal,N
106,1,2022-07-26,133,32,Normal,N
107,1,2022-07-27,73,37,Moderate,N
108,1,2022-07-28,125,41,Moderate,N
109,1,2022-07-29,87,40,Normal,N
110,1,2022-07-30,11,36,Normal,N
111,1,2022-07-31,4,29,Normal,N
112,1,2022-08-01,72,43,Normal,N
113,1,2022-08-02,31,24,Normal,N
114,1,2022-08-03,26,27,Moderate,N
115,1,2022-08-04,140,30,Moderate,N
116,1,2022-08-05,111,39,Moderate,N
117,1,2022-08-06,100,27,Normal,N
118,1,2022-08-07,130,40,Normal,N
119,1,2022-08-08,72,37,Normal,N
120,1,2022-08-09,12,33,Moderate,N
121,1,2022-08-10,91,28,Moderate,N
122,1,2022-08-11,50,37,Normal,N
123,1,2022-08-12,126,35,Moderate,N
124,1,2022-08-13,55,27,Normal,N
125,1,2022-08-14,1,43,Normal,N
126,1,2022-08-15,134,31,Normal,N
127,1,2022-08-16,19,34,Normal,N
128,1,2022-08-17,119,30,Normal,N
129,1,2022-08-18,12,26,Moderate,N
130,1,2022-08-19,19,24,Normal,N
131,1,2022-08-20,2,34,Normal,N
132,1,2022-08-21,16,25,Severe,Y
133,1,2022-08-22,62,33,Normal,N
134,1,2022-08-23,52,41,Normal,N
135,1,2022-08-24,33,35,Normal,N
136,1,2022-08-25,95,38,Normal,N
137,1,2022-08-26,33,29,Normal,N
138,1,2022-08-27,133,27,Moderate,N
139,1,2022-08-28,108,36,Normal,N
140,1,2022-08-29,115,33,Moderate,N
141,1,2022-08-30,5,27,Moderate,N
142,1,2022-08-31,86,41,Normal,N
143,1,2022-09-01,1,28,Moderate,N
144,1,2022-09-02,55,24,Moderate,N
145,1,2022-09-03,138,40,Moderate,N
146,1,2022-09-04,55,32,Normal,N
147,1,2022-09-05,59,31,Normal,N
148,1,2022-09-06,95,42,Moderate,N
149,1,2022-09-07,41,40,Moderate,N
150,1,2022-09-08,112,39,Normal,N
151,1,2022-09-09,134,30,Moderate,N
152,1,2022-09-10,34,42,Moderate,N
153,1,2022-09-11,65,31,Normal,N
154,1,2022-09-12,19,29,Normal,N
155,1,2022-09-13,54,30,Normal,N
156,1,2022-09-14,105,37,Severe,Y
157,1,2022-09-15,37,35,Normal,N
158,1,2022-09-16,79,32,Normal,N
159,1,2022-09-17,23,27,Moderate,N
160,1,2022-09-18,60,25,Normal,N
161,1,2022-09-19,127,32,Normal,N
162,1,2022-09-20,111,37,Normal,N
163,1,2022-09-21,125,33,Normal,N
164,1,2022-09-22,4,40,Moderate,N
165,1,2022-09-23,138,24,Moderate,N
166,1,2022-09-24,13,29,Moderate,N
167,1,2022-09-25,39,43,Moderate,N
168,1,2022-09-26,113,30,Normal,N
169,1,2022-09-27,65,43,Severe,Y
170,1,2022-09-28,105,37,Moderate,N
171,1,2022-09-29,45,27,Moderate,N
172,1,2022-09-30,128,30,Normal,N
173,1,2022-10-01,30,43,Normal,N
174,1,2022-10-02,43,30,Normal,N
175,1,2022-10-03,93,37,Normal,N
176,1,2022-10-04,81,42,Normal,N
177,1,2022-10-05,17,24,Normal,N
178,1,2022-10-06,27,41,Normal,N
179,1,2022-10-07,113,28,Normal,N
180,1,2022-10-08,92,24,Normal,N
181,1,2022-10-09,14,29,Moderate,N
182,1,2022-10-10,121,41,Moderate,N
183,1,2022-10-11,29,30,Moderate,N
184,1,2022-10-12,85,30,Normal,N
185,1,2022-10-13,128,34,Normal,N
186,1,2022-10-14,79,25,Moderate,N
187,1,2022-10-15,126,34,Moderate,N
188,1,2022-10-16,88,33,Normal,N
189,1,2022-10-17,88,35,Moderate,N
190,1,2022-10-18,90,38,Moderate,N
191,1,2022-10-19,49,27,Normal,N
192,1,2022-10-20,109,33,Normal,N
193,1,2022-10-21,105,34,Moderate,N
194,1,2022-10-22,45,24,Normal,N
195,1,2022-10-23,97,24,Normal,N
196,1,2022-10-24,19,42,Normal,N
197,1,2022-10-25,98,36,Moderate,N
198,1,2022-10-26,50,27,Normal,N
199,1,2022-10-27,126,43,Normal,N
200,1,2022-10-28,19,28,Moderate,N
201,1,2022-10-29,137,32,Normal,N
202,1,2022-10-30,4,32,Normal,N
203,1,2022-10-31,90,28,Moderate,N
204,1,2022-11-01,59,35,Normal,N
205,1,2022-11-02,72,38,Normal,N
206,1,2022-11-03,100,40,Normal,N
207,1,2022-11-04,11,30,Normal,N
208,1,2022-11-05,132,39,Normal,N
209,1,2022-11-06,28,26,Normal,N
210,1,2022-11-07,72,26,Normal,N
211,1,2022-11-08,30,24,Moderate,N
212,1,2022-11-09,24,33,Severe,Y
213,1,2022-11-10,74,41,Moderate,N
214,1,2022-11-11,46,42,Moderate,N
215,1,2022-11-12,109,35,Normal,N
216,1,2022-11-13,6,25,Normal,N
217,1,2022-11-14,9,30,Moderate,N
218,1,2022-11-15,91,38,Normal,N
219,1,2022-11-16,124,33,Normal,N
220,1,2022-11-17,135,33,Normal,N
221,1,2022-11-18,26,25,Normal,N
222,1,2022-11-19,51,36,Normal,N
223,1,2022-11-20,123,34,Normal,N
224,1,2022-11-21,130,39,Moderate,N
225,1,2022-11-22,125,41,Normal,N
226,1,2022-11-23,29,42,Normal,N
227,1,2022-11-24,27,28,Normal,N
228,1,2022-11-25,64,28,Moderate,N
229,1,2022-11-26,48,37,Normal,N
230,1,2022-11-27,10,29,Normal,N
231,1,2022-11-28,10,33,Normal,N
232,1,2022-11-29,31,27,Normal,N
233,1,2022-11-30,99,43,Normal,N
234,1,2022-12-01,103,36,Normal,N
235,1,2022-12-02,112,24,Normal,N
236,1,2022-12-03,45,35,Normal,N
237,1,2022-12-04,73,31,Normal,N
238,1,2022-12-05,135,29,Normal,N
239,1,2022-12-06,70,36,Moderate,N
240,1,2022-12-07,125,36,Normal,N
241,1,2022-12-08,26,41,Normal,N
242,1,2022-12-09,9,36,Moderate,N
243,1,2022-12-10,69,35,Moderate,N
244,1,2022-12-11,0,39,Moderate,N
245,1,2022-12-12,17,41,Severe,Y
246,1,2022-12-13,138,42,Normal,N
247,1,2022-12-14,136,24,Severe,Y
248,1,2022-12-15,111,31,Moderate,N
249,1,2022-12-16,7,41,Normal,N
250,1,2022-12-17,132,27,Normal,N
251,1,2022-12-18,81,26,Severe,Y
252,1,2022-12-19,93,28,Normal,N
253,1,2022-12-20,49,38,Normal,N
254,1,2022-12-21,139,40,Normal,N
255,1,2022-12-22,67,33,Normal,N
256,1,2022-12-23,20,38,Normal,N
257,1,2022-12-24,33,36,Normal,N
258,1,2022-12-25,14,40,Normal,N
259,1,2022-12-26,135,25,Normal,N
260,1,2022-12-27,76,31,Normal,N
261,1,2022-12-28,61,35,Normal,N
262,1,2022-12-29,136,33,Normal,N
263,1,2022-12-30,128,24,Normal,N
264,1,2022-12-31,71,38,Normal,N
265,1,2023-01-01,26,41,Severe,Y
266,1,2023-01-02,125,37,Moderate,N
267,1,2023-01-03,9,32,Moderate,N
268,1,2023-01-04,10,27,Severe,Y
269,1,2023-01-05,122,38,Normal,N
270,1,2023-01-06,91,28,Normal,N
271,1,2023-01-07,129,28,Normal,N
272,1,2023-01-08,22,26,Severe,Y
273,1,2023-01-09,6,41,Normal,N
274,1,2023-01-10,36,24,Normal,N
275,1,2023-01-11,12,36,Normal,N
276,1,2023-01-12,6,43,Severe,Y
277,1,2023-01-13,55,25,Moderate,N
278,1,2023-01-14,112,32,Normal,N
279,1,2023-01-15,137,42,Normal,N
280,1,2023-01-16,15,34,Normal,N
281,1,2023-01-17,18,33,Moderate,N
282,1,2023-01-18,22,42,Normal,N
283,1,2023-01-19,124,24,Normal,N
284,1,2023-01-20,92,26,Normal,N
285,1,2023-01-21,58,31,Normal,N
286,1,2023-01-22,116,29,Normal,N
287,1,2023-01-23,48,41,Normal,N
288,1,2023-01-24,116,37,Normal,N
289,1,2023-01-25,46,30,Normal,N
290,1,2023-01-26,1,32,Moderate,N
291,1,2023-01-27,115,37,Normal,N
292,1,2023-01-28,42,24,Normal,N
293,1,2023-01-29,47,28,Moderate,N
294,1,2023-01-30,104,33,Normal,N
295,1,2023-01-31,42,31,Moderate,N
296,1,2023-02-01,56,32,Moderate,N
297,1,2023-02-02,105,43,Normal,N
298,1,2023-02-03,104,34,Normal,N
299,1,2023-02-04,118,36,Moderate,N
300,1,2023-02-05,94,30,Severe,Y
301,1,2023-02-06,78,30,Normal,N
302,1,2023-02-07,19,30,Normal,N
303,1,2023-02-08,132,24,Normal,N
304,1,2023-02-09,8,30,Normal,N
305,1,2023-02-10,125,41,Moderate,N
306,1,2023-02-11,131,30,Moderate,N
307,1,2023-02-12,106,39,Moderate,N
308,1,2023-02-13,8,32,Normal,N
309,1,2023-02-14,83,24,Normal,N
310,1,2023-02-15,116,28,Normal,N
311,1,2023-02-16,63,31,Normal,N
312,1,2023-02-17,123,39,Normal,N
313,1,2023-02-18,91,33,Moderate,N
314,1,2023-02-19,98,35,Normal,N
315,1,2023-02-20,73,39,Moderate,N
316,1,2023-02-21,115,35,Normal,N
317,1,2023-02-22,103,35,Normal,N
318,1,2023-02-23,28,30,Normal,N
319,1,2023-02-24,138,27,Normal,N
320,1,2023-02-25,19,39,Normal,N
321,1,2023-02-26,121,43,Moderate,N
322,1,2023-02-27,115,27,Moderate,N
323,1,2023-02-28,84,41,Moderate,N
324,1,2023-03-01,30,30,Normal,N
325,1,2023-03-02,100,30,Moderate,N
326,1,2023-03-03,40,43,Moderate,N
327,1,2023-03-04,67,26,Moderate,N
328,1,2023-03-05,71,25,Severe,Y
329,1,2023-03-06,140,26,Moderate,N
330,1,2023-03-07,44,25,Moderate,N
331,1,2023-03-08,102,35,Normal,N
332,1,2023-03-09,88,37,Normal,N
333,1,2023-03-10,58,41,Normal,N
334,1,2023-03-11,30,34,Normal,N
335,1,2023-03-12,104,43,Normal,N
336,1,2023-03-13,108,27,Normal,N
337,1,2023-03-14,48,42,Normal,N
338,1,2023-03-15,21,40,Normal,N
339,1,2023-03-16,1,27,Normal,N
340,1,2023-03-17,82,41,Normal,N
341,1,2023-03-18,87,30,Normal,N
342,1,2023-03-19,91,41,Normal,N
343,1,2023-03-20,30,39,Moderate,N
344,1,2023-03-21,68,39,Normal,N
345,1,2023-03-22,22,34,Normal,N
346,1,2023-03-23,45,32,Normal,N
347,1,2023-03-24,40,37,Normal,N
348,1,2023-03-25,85,28,Normal,N
349,1,2023-03-26,99,35,Normal,N
350,1,2023-03-27,14,40,Severe,Y
351,1,2023-03-28,62,31,Normal,N
352,1,2023-03-29,114,27,Normal,N
353,1,2023-03-30,28,40,Normal,N
354,1,2023-03-31,58,40,Severe,Y
355,1,2023-04-01,36,24,Moderate,N
356,1,2023-04-02,21,42,Moderate,N
357,1,2023-04-03,106,30,Normal,N
358,1,2023-04-04,15,40,Normal,N
359,1,2023-04-05,114,37,Moderate,N
360,1,2023-04-06,81,32,Normal,N
361,1,2023-04-07,91,38,Moderate,N
362,1,2023-04-08,126,29,Normal,N
363,1,2023-04-09,58,31,Normal,N
364,1,2023-04-10,24,36,Normal,N
365,1,2023-04-11,55,43,Normal,N
366,1,2023-04-12,111,38,Normal,N
367,1,2023-04-13,121,26,Normal,N
368,1,2023-04-14,8,36,Normal,N
369,1,2023-04-15,41,29,Moderate,N
370,1,2023-04-16,15,31,Moderate,N
371,1,2023-04-17,92,38,Normal,N
372,1,2023-04-18,43,27,Moderate,N
373,1,2023-04-19,118,33,Moderate,N
374,1,2023-04-20,75,42,Normal,N
375,1,2023-04-21,112,28,Moderate,N
376,1,2023-04-22,121,43,Normal,N
377,1,2023-04-23,125,35,Normal,N
378,1,2023-04-24,43,39,Moderate,N
379,1,2023-04-25,95,34,Moderate,N
380,1,2023-04-26,4,42,Severe,Y
381,1,2023-04-27,113,39,Normal,N
382,1,2023-04-28,87,36,Normal,N
383,1,2023-04-29,49,30,Moderate,N
384,1,2023-04-30,2,36,Normal,N
385,1,2023-05-01,6,29,Normal,N
386,1,2023-05-02,15,40,Normal,N
387,1,2023-05-03,49,38,Normal,N
388,1,2023-05-04,85,28,Moderate,N
389,1,2023-05-05,27,28,Moderate,N
390,1,2023-05-06,27,34,Severe,Y
391,1,2023-05-07,5,37,Normal,N
392,1,2023-05-08,112,40,Severe,Y
393,1,2023-05-09,8,29,Severe,Y
394,1,2023-05-10,17,42,Normal,N
395,1,2023-05-11,118,30,Normal,N
396,1,2023-05-12,84,42,Moderate,N
397,1,2023-05-13,18,42,Moderate,N
398,1,2023-05-14,35,28,Moderate,N
399,1,2023-05-15,76,40,Moderate,N
400,1,2023-05-16,106,41,Normal,N
401,1,2023-05-17,37,26,Severe,Y
402,1,2023-05-18,5,37,Normal,N
403,1,2023-05-19,24,36,Severe,Y
404,1,2023-05-20,91,43,Normal,N
405,1,2023-05-21,80,42,Moderate,N
406,1,2023-05-22,41,32,Moderate,N
407,1,2023-05-23,139,25,Normal,N
408,1,2023-05-24,2,37,Moderate,N
409,1,2023-05-25,74,38,Normal,N
410,1,2023-05-26,68,40,Moderate,N
411,1,2023-05-27,102,39,Normal,N
412,1,2023-05-28,64,31,Normal,N
413,1,2023-05-29,135,43,Normal,N
414,1,2023-05-30,62,36,Normal,N
415,1,2023-05-31,68,24,Normal,N
416,1,2023-06-01,85,33,Normal,N
417,1,2023-06-02,47,40,Normal,N
418,1,2023-06-03,101,25,Normal,N
419,1,2023-06-04,94,38,Normal,N
420,1,2023-06-05,111,41,Moderate,N
421,1,2023-06-06,114,26,Normal,N
422,1,2023-06-07,71,32,Normal,N
423,1,2023-06-08,106,43,Moderate,N
424,1,2023-06-09,117,25,Normal,N
425,1,2023-06-10,116,37,Normal,N
426,1,2023-06-11,117,37,Normal,N
427,1,2023-06-12,9,25,Normal,N
428,1,2023-06-13,83,24,Normal,N
429,1,2023-06-14,63,26,Normal,N
430,1,2023-06-15,128,37,Normal,N
431,1,2023-06-16,105,35,Normal,N
432,1,2023-06-17,140,27,Severe,Y
433,1,2023-06-18,38,39,Normal,N
434,1,2023-06-19,85,28,Moderate,N
435,1,2023-06-20,63,43,Normal,N
436,1,2023-06-21,131,38,Normal,N
437,1,2023-06-22,32,26,Moderate,N
438,1,2023-06-23,2,26,Moderate,N
439,1,2023-06-24,3,32,Normal,N
440,1,2023-06-25,47,25,Normal,N
441,1,2023-06-26,60,38,Moderate,N
442,1,2023-06-27,96,42,Normal,N
443,1,2023-06-28,34,33,Normal,N
444,1,2023-06-29,21,43,Moderate,N
445,1,2023-06-30,114,36,Normal,N
446,1,2023-07-01,16,29,Normal,N
447,1,2023-07-02,59,43,Normal,N
448,1,2023-07-03,23,43,Moderate,N
449,1,2023-07-04,113,37,Normal,N
450,1,2023-07-05,54,39,Normal,N
451,1,2023-07-06,79,38,Normal,N
452,1,2023-07-07,52,36,Normal,N
453,1,2023-07-08,113,42,Normal,N
454,1,2023-07-09,119,30,Moderate,N
455,1,2023-07-10,92,36,Normal,N
456,1,2023-07-11,114,29,Moderate,N
457,1,2023-07-12,68,34,Normal,N
458,1,2023-07-13,125,40,Severe,Y
459,1,2023-07-14,38,33,Normal,N
460,1,2023-07-15,40,24,Severe,Y
461,1,2023-07-16,137,29,Normal,N
462,1,2023-07-17,7,36,Moderate,N
463,1,2023-07-18,80,29,Normal,N
464,1,2023-07-19,104,35,Normal,N
465,1,2023-07-20,64,31,Severe,Y
466,1,2023-07-21,27,24,Normal,N
467,1,2023-07-22,103,32,Moderate,N
468,1,2023-07-23,127,24,Normal,N
469,1,2023-07-24,3,37,Moderate,N
470,1,2023-07-25,103,39,Normal,N
471,1,2023-07-26,44,31,Normal,N
472,1,2023-07-27,69,29,Normal,N
473,1,2023-07-28,78,27,Normal,N
474,1,2023-07-29,77,36,Severe,Y
475,1,2023-07-30,4,32,Normal,N
476,1,2023-07-31,58,32,Normal,N
477,1,2023-08-01,80,38,Moderate,N
478,1,2023-08-02,72,36,Normal,N
479,1,2023-08-03,56,42,Normal,N
480,1,2023-08-04,127,24,Normal,N
481,1,2023-08-05,31,37,Normal,N
482,1,2023-08-06,84,26,Normal,N
483,1,2023-08-07,116,42,Moderate,N
484,1,2023-08-08,140,42,Normal,N
485,1,2023-08-09,104,36,Normal,N
486,1,2023-08-10,99,34,Normal,N
487,1,2023-08-11,36,31,Moderate,N
488,1,2023-08-12,101,28,Moderate,N
489,1,2023-08-13,129,24,Normal,N
490,1,2023-08-14,32,32,Normal,N
491,1,2023-08-15,45,30,Normal,N
492,1,2023-08-16,126,33,Normal,N
493,1,2023-08-17,29,36,Normal,N
494,1,2023-08-18,129,32,Normal,N
495,1,2023-08-19,127,39,Normal,N
496,1,2023-08-20,45,38,Severe,Y
497,1,2023-08-21,85,36,Normal,N
498,1,2023-08-22,16,25,Normal,N
499,1,2023-08-23,39,31,Normal,N
500,1,2023-08-24,8,31,Normal,N
501,1,2023-08-25,56,31,Moderate,N
502,1,2023-08-26,104,30,Moderate,N
503,1,2023-08-27,44,38,Severe,Y
504,1,2023-08-28,106,33,Normal,N
505,1,2023-08-29,123,40,Normal,N
506,1,2023-08-30,81,34,Normal,N
507,1,2023-08-31,16,29,Severe,Y
508,1,2023-09-01,58,27,Normal,N
509,1,2023-09-02,10,27,Normal,N
510,1,2023-09-03,36,37,Normal,N
511,1,2023-09-04,57,24,Normal,N
512,1,2023-09-05,65,38,Severe,Y
513,1,2023-09-06,128,26,Normal,N
514,1,2023-09-07,25,42,Severe,Y
515,1,2023-09-08,46,25,Moderate,N
516,1,2023-09-09,99,43,Normal,N
517,1,2023-09-10,1,37,Normal,N
518,1,2023-09-11,41,38,Moderate,N
519,1,2023-09-12,56,42,Normal,N
520,1,2023-09-13,99,40,Moderate,N
521,1,2023-09-14,73,31,Normal,N
522,1,2023-09-15,72,28,Moderate,N
523,1,2023-09-16,113,34,Normal,N
524,1,2023-09-17,71,28,Normal,N
525,1,2023-09-18,73,41,Moderate,N
526,1,2023-09-19,79,25,Normal,N
527,1,2023-09-20,140,27,Normal,N
528,1,2023-09-21,53,28,Moderate,N
529,1,2023-09-22,123,42,Normal,N
530,1,2023-09-23,47,43,Normal,N
531,1,2023-09-24,13,40,Moderate,N
532,1,2023-09-25,15,42,Normal,N
533,1,2023-09-26,78,36,Normal,N
534,1,2023-09-27,129,36,Normal,N
535,1,2023-09-28,38,37,Moderate,N
536,1,2023-09-29,140,38,Moderate,N
537,1,2023-09-30,102,39,Moderate,N
538,1,2023-10-01,35,37,Normal,N
539,1,2023-10-02,15,33,Moderate,N
540,1,2023-10-03,70,41,Normal,N
541,1,2023-10-04,23,28,Normal,N
542,1,2023-10-05,5,30,Normal,N
543,1,2023-10-06,127,26,Normal,N
544,1,2023-10-07,139,25,Normal,N
545,1,2023-10-08,111,36,Moderate,N
546,1,2023-10-09,96,31,Moderate,N
547,1,2023-10-10,123,41,Normal,N
548,1,2023-10-11,73,29,Moderate,N
549,1,2023-10-12,36,24,Normal,N
550,1,2023-10-13,113,36,Normal,N
551,1,2023-10-14,10,38,Normal,N
552,1,2023-10-15,53,33,Severe,Y
553,1,2023-10-16,32,28,Moderate,N
554,1,2023-10-17,0,33,Normal,N
555,1,2023-10-18,27,41,Normal,N
556,1,2023-10-19,123,40,Normal,N
557,1,2023-10-20,36,35,Moderate,N
558,1,2023-10-21,15,34,Normal,N
559,1,2023-10-22,50,29,Severe,Y
560,1,2023-10-23,77,41,Normal,N
561,1,2023-10-24,86,39,Normal,N
562,1,2023-10-25,5,37,Normal,N
563,1,2023-10-26,102,26,Normal,N
564,1,2023-10-27,40,26,Moderate,N
565,1,2023-10-28,97,43,Moderate,N
566,1,2023-10-29,30,31,Severe,Y
567,1,2023-10-30,70,33,Normal,N
568,1,2023-10-31,78,34,Normal,N
569,1,2023-11-01,88,31,Moderate,N
570,1,2023-11-02,78,32,Normal,N
571,1,2023-11-03,92,40,Normal,N
572,1,2023-11-04,53,39,Normal,N
573,1,2023-11-05,87,35,Normal,N
574,1,2023-11-06,18,26,Normal,N
575,1,2023-11-07,38,31,Normal,N
576,1,2023-11-08,2,43,Normal,N
577,1,2023-11-09,76,43,Normal,N
578,1,2023-11-10,128,39,Moderate,N
579,1,2023-11-11,35,27,Moderate,N
580,1,2023-11-12,45,32,Normal,N
581,1,2023-11-13,124,25,Normal,N
582,1,2023-11-14,138,24,Normal,N
583,1,2023-11-15,81,42,Moderate,N
584,1,2023-11-16,130,30,Moderate,N
585,1,2023-11-17,8,38,Normal,N
586,1,2023-11-18,0,31,Moderate,N
587,1,2023-11-19,7,41,Normal,N
588,1,2023-11-20,119,32,Normal,N
589,1,2023-11-21,14,36,Normal,N
590,1,2023-11-22,2,41,Moderate,N
591,1,2023-11-23,18,42,Severe,Y
592,1,2023-11-24,85,36,Moderate,N
593,1,2023-11-25,54,27,Severe,Y
594,1,2023-11-26,117,37,Normal,N
595,1,2023-11-27,39,38,Moderate,N
596,1,2023-11-28,103,43,Normal,N
597,1,2023-11-29,64,35,Normal,N
598,1,2023-11-30,140,27,Moderate,N
599,1,2023-12-01,75,37,Severe,Y
600,1,2023-12-02,49,37,Moderate,N
601,1,2023-12-03,98,40,Normal,N
602,1,2023-12-04,31,43,Normal,N
603,1,2023-12-05,129,29,Normal,N
604,1,2023-12-06,133,38,Normal,N
605,1,2023-12-07,69,29,Normal,N
606,1,2023-12-08,128,25,Severe,Y
607,1,2023-12-09,75,31,Severe,Y
608,1,2023-12-10,97,43,Normal,N
609,1,2023-12-11,29,40,Normal,N
610,1,2023-12-12,107,35,Normal,N
611,1,2023-12-13,60,33,Moderate,N
612,1,2023-12-14,26,35,Normal,N
613,1,2023-12-15,109,42,Severe,Y
614,1,2023-12-16,96,37,Normal,N
615,1,2023-12-17,55,36,Normal,N
616,1,2023-12-18,94,32,Normal,N
617,1,2023-12-19,125,35,Normal,N
618,1,2023-12-20,98,39,Severe,Y
619,1,2023-12-21,129,35,Moderate,N
620,1,2023-12-22,66,33,Normal,N
621,1,2023-12-23,133,36,Moderate,N
622,1,2023-12-24,96,27,Normal,N
623,1,2023-12-25,133,32,Normal,N
624,1,2023-12-26,62,34,Normal,N
625,1,2023-12-27,18,37,Moderate,N
626,1,2023-12-28,105,32,Normal,N
627,1,2023-12-29,48,40,Normal,N
628,1,2023-12-30,131,37,Normal,N
629,1,2023-12-31,96,40,Severe,Y
630,1,2024-01-01,130,32,Moderate,N
631,1,2024-01-02,12,34,Normal,N
632,1,2024-01-03,52,25,Normal,N
633,1,2024-01-04,48,43,Moderate,N
634,1,2024-01-05,134,30,Severe,Y
635,1,2024-01-06,32,37,Normal,N
636,1,2024-01-07,113,27,Severe,Y
637,1,2024-01-08,75,33,Normal,N
638,1,2024-01-09,136,37,Normal,N
639,1,2024-01-10,122,43,Severe,Y
640,1,2024-01-11,133,28,Moderate,N
641,1,2024-01-12,39,41,Normal,N
642,1,2024-01-13,125,32,Severe,Y
643,1,2024-01-14,131,38,Normal,N
644,1,2024-01-15,87,42,Moderate,N
645,1,2024-01-16,52,31,Normal,N
646,1,2024-01-17,42,25,Normal,N
647,1,2024-01-18,113,32,Moderate,N
648,1,2024-01-19,75,30,Moderate,N
649,1,2024-01-20,52,30,Moderate,N
650,1,2024-01-21,1,25,Normal,N
651,1,2024-01-22,126,42,Normal,N
652,1,2024-01-23,62,24,Moderate,N
653,1,2024-01-24,69,40,Severe,Y
654,1,2024-01-25,69,28,Normal,N
655,1,2024-01-26,82,28,Normal,N
656,1,2024-01-27,82,43,Moderate,N
657,1,2024-01-28,90,42,Moderate,N
658,1,2024-01-29,140,28,Normal,N
659,1,2024-01-30,9,39,Normal,N
660,1,2024-01-31,100,33,Moderate,N
661,1,2024-02-01,60,24,Normal,N
662,1,2024-02-02,15,37,Normal,N
663,1,2024-02-03,21,29,Moderate,N
664,1,2024-02-04,85,33,Normal,N
665,1,2024-02-05,123,34,Normal,N
666,1,2024-02-06,49,43,Normal,N
667,1,2024-02-07,3,28,Moderate,N
668,1,2024-02-08,109,43,Severe,Y
669,1,2024-02-09,126,26,Normal,N
670,1,2024-02-10,107,40,Normal,N
671,1,2024-02-11,8,35,Normal,N
672,1,2024-02-12,61,33,Normal,N
673,1,2024-02-13,83,29,Normal,N
674,1,2024-02-14,113,25,Moderate,N
675,1,2024-02-15,97,24,Normal,N
676,1,2024-02-16,104,32,Normal,N
677,1,2024-02-17,132,24,Normal,N
678,1,2024-02-18,30,31,Moderate,N
679,1,2024-02-19,3,35,Normal,N
680,1,2024-02-20,101,39,Severe,Y
681,1,2024-02-21,5,30,Moderate,N
682,1,2024-02-22,88,24,Moderate,N
683,1,2024-02-23,122,24,Severe,Y
684,1,2024-02-24,4,43,Normal,N
685,1,2024-02-25,124,28,Normal,N
686,1,2024-02-26,41,30,Normal,N
687,1,2024-02-27,18,32,Severe,Y
688,1,2024-02-28,60,24,Normal,N
689,1,2024-02-29,25,30,Normal,N
690,1,2024-03-01,5,29,Normal,N
691,1,2024-03-02,1,39,Normal,N
692,1,2024-03-03,0,25,Normal,N
693,1,2024-03-04,126,33,Normal,N
694,1,2024-03-05,60,43,Moderate,N
695,1,2024-03-06,103,42,Normal,N
696,1,2024-03-07,136,28,Moderate,N
697,1,2024-03-08,32,40,Normal,N
698,1,2024-03-09,120,34,Normal,N
699,1,2024-03-10,83,25,Moderate,N
700,1,2024-03-11,71,24,Normal,N
701,1,2024-03-12,9,32,Normal,N
702,1,2024-03-13,56,36,Severe,Y
703,1,2024-03-14,83,42,Moderate,N
704,1,2024-03-15,71,35,Normal,N
705,1,2024-03-16,45,28,Normal,N
706,1,2024-03-17,17,36,Moderate,N
707,1,2024-03-18,25,40,Severe,Y
708,1,2024-03-19,86,43,Normal,N
709,1,2024-03-20,91,34,Moderate,N
710,1,2024-03-21,111,31,Normal,N
711,1,2024-03-22,27,40,Normal,N
712,1,2024-03-23,69,34,Normal,N
713,1,2024-03-24,129,30,Normal,N
714,1,2024-03-25,99,42,Normal,N
715,1,2024-03-26,2,38,Normal,N
716,1,2024-03-27,49,30,Normal,N
717,1,2024-03-28,62,36,Normal,N
718,1,2024-03-29,116,32,Normal,N
719,1,2024-03-30,67,24,Normal,N
720,1,2024-03-31,40,32,Normal,N
721,1,2024-04-01,41,27,Moderate,N
722,1,2024-04-02,75,35,Normal,N
723,1,2024-04-03,46,32,Normal,N
724,1,2024-04-04,91,38,Normal,N
725,1,2024-04-05,136,30,Severe,Y
726,1,2024-04-06,19,25,Severe,Y
727,1,2024-04-07,103,32,Moderate,N
728,1,2024-04-08,62,26,Normal,N
729,1,2024-04-09,26,38,Moderate,N
730,1,2024-04-10,69,24,Normal,N
731,1,2024-04-11,101,39,Moderate,N
732,1,2024-04-12,118,33,Moderate,N
733,1,2024-04-13,38,40,Normal,N
734,1,2024-04-14,45,35,Normal,N
735,1,2024-04-15,55,24,Moderate,N
736,1,2024-04-16,17,32,Moderate,N
737,1,2024-04-17,82,39,Normal,N
738,1,2024-04-18,140,31,Normal,N
739,1,2024-04-19,116,43,Normal,N
740,1,2024-04-20,11,43,Normal,N
741,1,2024-04-21,14,33,Moderate,N
742,1,2024-04-22,42,37,Severe,Y
743,1,2024-04-23,112,41,Normal,N
744,1,2024-04-24,79,40,Normal,N
745,1,2024-04-25,118,28,Normal,N
746,1,2024-04-26,92,31,Severe,Y
747,1,2024-04-27,95,39,Severe,Y
748,1,2024-04-28,25,32,Normal,N
749,1,2024-04-29,11,40,Moderate,N
750,1,2024-04-30,53,37,Normal,N
751,1,2024-05-01,81,32,Moderate,N
752,1,2024-05-02,104,27,Normal,N
753,1,2024-05-03,113,36,Normal,N
754,1,2024-05-04,93,28,Severe,Y
755,1,2024-05-05,74,37,Moderate,N
756,1,2024-05-06,6,29,Normal,N
757,1,2024-05-07,98,30,Normal,N
758,1,2024-05-08,120,32,Normal,N
759,1,2024-05-09,72,31,Normal,N
760,1,2024-05-10,21,34,Normal,N
761,1,2024-05-11,24,38,Moderate,N
762,1,2024-05-12,61,27,Severe,Y
763,1,2024-05-13,34,33,Moderate,N
764,1,2024-05-14,33,40,Normal,N
765,1,2024-05-15,45,36,Normal,N
766,1,2024-05-16,122,39,Normal,N
767,1,2024-05-17,104,36,Normal,N
768,1,2024-05-18,129,25,Normal,N
769,1,2024-05-19,49,32,Normal,N
770,1,2024-05-20,138,35,Normal,N
771,1,2024-05-21,110,30,Moderate,N
772,1,2024-05-22,17,27,Normal,N
773,1,2024-05-23,50,24,Normal,N
774,1,2024-05-24,16,28,Normal,N
775,1,2024-05-25,135,38,Normal,N
776,1,2024-05-26,32,40,Normal,N
777,1,2024-05-27,60,28,Moderate,N
778,1,2024-05-28,32,37,Normal,N
779,1,2024-05-29,18,27,Normal,N
780,1,2024-05-30,81,24,Moderate,N
781,1,2024-05-31,72,43,Normal,N
782,1,2024-06-01,93,36,Normal,N
783,1,2024-06-02,37,34,Moderate,N
784,1,2024-06-03,115,34,Moderate,N
785,1,2024-06-04,74,34,Normal,N
786,1,2024-06-05,69,37,Moderate,N
787,1,2024-06-06,44,34,Moderate,N
788,1,2024-06-07,10,37,Severe,Y
789,1,2024-06-08,0,26,Moderate,N
790,1,2024-06-09,134,26,Normal,N
791,1,2024-06-10,76,41,Normal,N
792,1,2024-06-11,48,26,Normal,N
793,1,2024-06-12,70,24,Moderate,N
794,1,2024-06-13,4,37,Normal,N
795,1,2024-06-14,82,25,Normal,N
796,1,2024-06-15,88,26,Normal,N
797,1,2024-06-16,49,43,Normal,N
798,1,2024-06-17,84,33,Normal,N
799,1,2024-06-18,6,25,Normal,N
800,1,2024-06-19,5,40,Normal,N
801,1,2024-06-20,93,29,Normal,N
802,1,2024-06-21,49,34,Normal,N
803,1,2024-06-22,100,36,Normal,N
804,1,2024-06-23,139,24,Normal,N
805,1,2024-06-24,68,33,Normal,N
806,1,2024-06-25,50,43,Severe,Y
807,1,2024-06-26,13,33,Moderate,N
808,1,2024-06-27,64,26,Severe,Y
809,1,2024-06-28,21,27,Normal,N
810,1,2024-06-29,103,35,Moderate,N
811,1,2024-06-30,101,35,Moderate,N
812,1,2024-07-01,4,24,Normal,N
813,1,2024-07-02,58,25,Moderate,N
814,1,2024-07-03,44,28,Normal,N
815,1,2024-07-04,34,33,Moderate,N
816,1,2024-07-05,59,32,Normal,N
817,1,2024-07-06,26,40,Moderate,N
818,1,2024-07-07,15,28,Normal,N
819,1,2024-07-08,134,30,Moderate,N
820,1,2024-07-09,122,33,Normal,N
821,1,2024-07-10,79,26,Normal,N
822,1,2024-07-11,23,41,Normal,N
823,1,2024-07-12,94,26,Normal,N
824,1,2024-07-13,82,42,Severe,Y
825,1,2024-07-14,15,42,Normal,N
826,1,2024-07-15,68,25,Normal,N
827,1,2024-07-16,120,35,Normal,N
828,1,2024-07-17,84,39,Normal,N
829,1,2024-07-18,140,29,Moderate,N
830,1,2024-07-19,67,29,Moderate,N
831,1,2024-07-20,4,29,Normal,N
832,1,2024-07-21,19,41,Normal,N
833,1,2024-07-22,119,43,Normal,N
834,1,2024-07-23,40,31,Normal,N
835,2,2022-04-22,9,24,Moderate,N
836,2,2022-04-23,35,28,Moderate,N
837,2,2022-04-24,79,40,Moderate,N
838,2,2022-04-25,100,40,Severe,Y
839,2,2022-04-26,13,36,Normal,N
840,2,2022-04-27,44,33,Normal,N
841,2,2022-04-28,88,41,Normal,N
842,2,2022-04-29,84,31,Severe,Y
843,2,2022-04-30,44,40,Normal,N
844,2,2022-05-01,54,28,Severe,Y
845,2,2022-05-02,16,34,Severe,Y
846,2,2022-05-03,78,42,Normal,N
847,2,2022-05-04,42,28,Normal,N
848,2,2022-05-05,78,31,Normal,N
849,2,2022-05-06,117,36,Moderate,N
850,2,2022-05-07,21,33,Normal,N
851,2,2022-05-08,8,33,Normal,N
852,2,2022-05-09,102,41,Normal,N
853,2,2022-05-10,111,30,Moderate,N
854,2,2022-05-11,67,30,Moderate,N
855,2,2022-05-12,17,31,Moderate,N
856,2,2022-05-13,62,25,Normal,N
857,2,2022-05-14,39,26,Normal,N
858,2,2022-05-15,132,28,Moderate,N
859,2,2022-05-16,137,35,Severe,Y
860,2,2022-05-17,117,38,Moderate,N
861,2,2022-05-18,12,41,Normal,N
862,2,2022-05-19,69,32,Normal,N
863,2,2022-05-20,133,30,Normal,N
864,2,2022-05-21,86,42,Normal,N
865,2,2022-05-22,57,25,Normal,N
866,2,2022-05-23,135,27,Normal,N
867,2,2022-05-24,5,33,Moderate,N
868,2,2022-05-25,123,34,Normal,N
869,2,2022-05-26,60,37,Normal,N
870,2,2022-05-27,91,28,Normal,N
871,2,2022-05-28,72,30,Normal,N
872,2,2022-05-29,138,35,Normal,N
873,2,2022-05-30,139,36,Moderate,N
874,2,2022-05-31,97,34,Normal,N
875,2,2022-06-01,118,37,Normal,N
876,2,2022-06-02,40,29,Moderate,N
877,2,2022-06-03,109,33,Normal,N
878,2,2022-06-04,84,30,Normal,N
879,2,2022-06-05,88,29,Moderate,N
880,2,2022-06-06,137,41,Normal,N
881,2,2022-06-07,42,38,Normal,N
882,2,2022-06-08,37,29,Normal,N
883,2,2022-06-09,87,24,Normal,N
884,2,2022-06-10,90,43,Moderate,N
885,2,2022-06-11,10,29,Normal,N
886,2,2022-06-12,42,27,Normal,N
887,2,2022-06-13,67,25,Moderate,N
888,2,2022-06-14,63,39,Normal,N
889,2,2022-06-15,135,42,Normal,N
890,2,2022-06-16,55,35,Normal,N
891,2,2022-06-17,85,38,Moderate,N
892,2,2022-06-18,133,30,Moderate,N
893,2,2022-06-19,62,29,Normal,N
894,2,2022-06-20,95,43,Moderate,N
895,2,2022-06-21,32,37,Moderate,N
896,2,2022-06-22,20,34,Normal,N
897,2,2022-06-23,6,37,Normal,N
898,2,2022-06-24,83,29,Normal,N
899,2,2022-06-25,54,27,Moderate,N
900,2,2022-06-26,107,37,Normal,N
901,2,2022-06-27,125,28,Normal,N
902,2,2022-06-28,62,26,Normal,N
903,2,2022-06-29,16,37,Normal,N
904,2,2022-06-30,54,32,Normal,N
905,2,2022-07-01,46,40,Moderate,N
906,2,2022-07-02,17,29,Normal,N
907,2,2022-07-03,115,39,Normal,N
908,2,2022-07-04,110,34,Normal,N
909,2,2022-07-05,109,35,Normal,N
910,2,2022-07-06,46,32,Moderate,N
911,2,2022-07-07,138,32,Normal,N
912,2,2022-07-08,131,32,Normal,N
913,2,2022-07-09,113,26,Normal,N
914,2,2022-07-10,88,38,Normal,N
915,2,2022-07-11,63,28,Moderate,N
916,2,2022-07-12,136,40,Normal,N
917,2,2022-07-13,2,42,Severe,Y
918,2,2022-07-14,100,27,Normal,N
919,2,2022-07-15,122,37,Moderate,N
920,2,2022-07-16,20,36,Normal,N
921,2,2022-07-17,56,38,Normal,N
922,2,2022-07-18,35,43,Normal,N
923,2,2022-07-19,51,29,Moderate,N
924,2,2022-07-20,77,43,Normal,N
925,2,2022-07-21,127,42,Moderate,N
926,2,2022-07-22,72,29,Normal,N
927,2,2022-07-23,19,37,Normal,N
928,2,2022-07-24,1,31,Moderate,N
929,2,2022-07-25,13,37,Moderate,N
930,2,2022-07-26,100,43,Normal,N
931,2,2022-07-27,99,35,Normal,N
932,2,2022-07-28,40,30,Moderate,N
933,2,2022-07-29,60,40,Normal,N
934,2,2022-07-30,71,31,Normal,N
935,2,2022-07-31,84,37,Normal,N
936,2,2022-08-01,1,28,Moderate,N
937,2,2022-08-02,113,33,Normal,N
938,2,2022-08-03,10,36,Moderate,N
939,2,2022-08-04,92,37,Normal,N
940,2,2022-08-05,115,43,Normal,N
941,2,2022-08-06,12,28,Severe,Y
942,2,2022-08-07,97,42,Normal,N
943,2,2022-08-08,126,35,Normal,N
944,2,2022-08-09,62,42,Moderate,N
945,2,2022-08-10,47,26,Normal,N
946,2,2022-08-11,14,33,Normal,N
947,2,2022-08-12,47,30,Normal,N
948,2,2022-08-13,96,39,Normal,N
949,2,2022-08-14,101,31,Severe,Y
950,2,2022-08-15,120,32,Normal,N
951,2,2022-08-16,76,42,Normal,N
952,2,2022-08-17,15,33,Normal,N
953,2,2022-08-18,41,38,Normal,N
954,2,2022-08-19,9,30,Moderate,N
955,2,2022-08-20,116,36,Normal,N
956,2,2022-08-21,59,39,Normal,N
957,2,2022-08-22,97,41,Normal,N
958,2,2022-08-23,95,41,Moderate,N
959,2,2022-08-24,128,39,Severe,Y
960,2,2022-08-25,102,24,Normal,N
961,2,2022-08-26,115,34,Normal,N
962,2,2022-08-27,86,28,Moderate,N
963,2,2022-08-28,95,31,Normal,N
964,2,2022-08-29,10,34,Normal,N
965,2,2022-08-30,125,39,Moderate,N
966,2,2022-08-31,15,34,Normal,N
967,2,2022-09-01,21,39,Normal,N
968,2,2022-09-02,126,42,Normal,N
969,2,2022-09-03,45,41,Normal,N
970,2,2022-09-04,52,24,Moderate,N
971,2,2022-09-05,47,25,Moderate,N
972,2,2022-09-06,90,33,Normal,N
973,2,2022-09-07,102,27,Moderate,N
974,2,2022-09-08,32,34,Normal,N
975,2,2022-09-09,41,24,Normal,N
976,2,2022-09-10,107,43,Moderate,N
977,2,2022-09-11,65,25,Moderate,N
978,2,2022-09-12,113,25,Normal,N
979,2,2022-09-13,129,40,Normal,N
980,2,2022-09-14,23,34,Moderate,N
981,2,2022-09-15,47,27,Normal,N
982,2,2022-09-16,105,34,Normal,N
983,2,2022-09-17,28,38,Normal,N
984,2,2022-09-18,46,37,Normal,N
985,2,2022-09-19,136,25,Severe,Y
986,2,2022-09-20,62,38,Normal,N
987,2,2022-09-21,56,24,Moderate,N
988,2,2022-09-22,140,33,Normal,N
989,2,2022-09-23,61,29,Moderate,N
990,2,2022-09-24,37,43,Normal,N
991,2,2022-09-25,92,28,Moderate,N
992,2,2022-09-26,101,33,Normal,N
993,2,2022-09-27,80,26,Severe,Y
994,2,2022-09-28,113,39,Normal,N
995,2,2022-09-29,77,25,Normal,N
996,2,2022-09-30,67,41,Moderate,N
997,2,2022-10-01,38,34,Normal,N
998,2,2022-10-02,18,40,Normal,N
999,2,2022-10-03,78,31,Normal,N
1000,2,2022-10-04,98,36,Normal,N
1001,2,2022-10-05,139,27,Normal,N
1002,2,2022-10-06,78,24,Normal,N
1003,2,2022-10-07,56,31,Normal,N
1004,2,2022-10-08,22,25,Normal,N
1005,2,2022-10-09,80,31,Normal,N
1006,2,2022-10-10,108,31,Moderate,N
1007,2,2022-10-11,1,25,Moderate,N
1008,2,2022-10-12,110,41,Normal,N
1009,2,2022-10-13,118,28,Normal,N
1010,2,2022-10-14,67,29,Normal,N
1011,2,2022-10-15,40,36,Moderate,N
1012,2,2022-10-16,83,35,Moderate,N
1013,2,2022-10-17,20,32,Normal,N
1014,2,2022-10-18,126,30,Normal,N
1015,2,2022-10-19,45,27,Moderate,N
1016,2,2022-10-20,63,31,Normal,N
1017,2,2022-10-21,73,35,Normal,N
1018,2,2022-10-22,114,36,Moderate,N
1019,2,2022-10-23,33,27,Normal,N
1020,2,2022-10-24,71,34,Normal,N
1021,2,2022-10-25,52,29,Normal,N
1022,2,2022-10-26,8,40,Normal,N
1023,2,2022-10-27,83,31,Normal,N
1024,2,2022-10-28,6,40,Normal,N
1025,2,2022-10-29,69,37,Normal,N
1026,2,2022-10-30,115,38,Moderate,N
1027,2,2022-10-31,81,42,Moderate,N
1028,2,2022-11-01,52,26,Normal,N
1029,2,2022-11-02,86,31,Moderate,N
1030,2,2022-11-03,28,35,Normal,N
1031,2,2022-11-04,139,39,Normal,N
1032,2,2022-11-05,63,29,Moderate,N
1033,2,2022-11-06,0,39,Severe,Y
1034,2,2022-11-07,106,27,Normal,N
1035,2,2022-11-08,61,39,Normal,N
1036,2,2022-11-09,74,35,Normal,N
1037,2,2022-11-10,3,36,Severe,Y
1038,2,2022-11-11,25,38,Normal,N
1039,2,2022-11-12,13,25,Normal,N
1040,2,2022-11-13,56,38,Normal,N
1041,2,2022-11-14,78,36,Normal,N
1042,2,2022-11-15,1,41,Normal,N
1043,2,2022-11-16,50,42,Normal,N
1044,2,2022-11-17,26,30,Normal,N
1045,2,2022-11-18,67,33,Severe,Y
1046,2,2022-11-19,26,30,Moderate,N
1047,2,2022-11-20,136,32,Moderate,N
1048,2,2022-11-21,48,34,Normal,N
1049,2,2022-11-22,49,24,Normal,N
1050,2,2022-11-23,27,27,Normal,N
1051,2,2022-11-24,102,37,Normal,N
1052,2,2022-11-25,96,34,Normal,N
1053,2,2022-11-26,7,31,Severe,Y
1054,2,2022-11-27,40,25,Normal,N
1055,2,2022-11-28,92,38,Moderate,N
1056,2,2022-11-29,129,25,Normal,N
1057,2,2022-11-30,95,42,Normal,N
1058,2,2022-12-01,125,24,Normal,N
1059,2,2022-12-02,132,35,Normal,N
1060,2,2022-12-03,65,40,Normal,N
1061,2,2022-12-04,17,35,Normal,N
1062,2,2022-12-05,48,26,Moderate,N
1063,2,2022-12-06,84,29,Normal,N
1064,2,2022-12-07,96,25,Normal,N
1065,2,2022-12-08,67,36,Severe,Y
1066,2,2022-12-09,8,37,Normal,N
1067,2,2022-12-10,60,37,Moderate,N
1068,2,2022-12-11,43,41,Moderate,N
1069,2,2022-12-12,110,36,Normal,N
1070,2,2022-12-13,130,42,Normal,N
1071,2,2022-12-14,45,43,Normal,N
1072,2,2022-12-15,105,25,Normal,N
1073,2,2022-12-16,43,41,Normal,N
1074,2,2022-12-17,129,39,Normal,N
1075,2,2022-12-18,140,43,Normal,N
1076,2,2022-12-19,61,39,Normal,N
1077,2,2022-12-20,25,26,Moderate,N
1078,2,2022-12-21,47,29,Normal,N
1079,2,2022-12-22,60,41,Normal,N
1080,2,2022-12-23,75,43,Normal,N
1081,2,2022-12-24,120,43,Normal,N
1082,2,2022-12-25,109,36,Severe,Y
1083,2,2022-12-26,64,28,Normal,N
1084,2,2022-12-27,74,25,Normal,N
1085,2,2022-12-28,55,29,Normal,N
1086,2,2022-12-29,129,26,Moderate,N
1087,2,2022-12-30,65,26,Moderate,N
1088,2,2022-12-31,46,26,Normal,N
1089,2,2023-01-01,40,32,Normal,N
1090,2,2023-01-02,66,33,Moderate,N
1091,2,2023-01-03,38,34,Normal,N
1092,2,2023-01-04,140,30,Normal,N
1093,2,2023-01-05,112,34,Normal,N
1094,2,2023-01-06,62,30,Normal,N
1095,2,2023-01-07,132,42,Normal,N
1096,2,2023-01-08,134,40,Moderate,N
1097,2,2023-01-09,27,38,Severe,Y
1098,2,2023-01-10,109,34,Moderate,N
1099,2,2023-01-11,20,43,Normal,N
1100,2,2023-01-12,59,32,Normal,N
1101,2,2023-01-13,26,27,Moderate,N
1102,2,2023-01-14,53,40,Normal,N
1103,2,2023-01-15,52,30,Normal,N
1104,2,2023-01-16,52,43,Normal,N
1105,2,2023-01-17,64,43,Normal,N
1106,2,2023-01-18,81,38,Severe,Y
1107,2,2023-01-19,3,37,Normal,N
1108,2,2023-01-20,29,30,Severe,Y
1109,2,2023-01-21,103,43,Moderate,N
1110,2,2023-01-22,31,37,Normal,N
1111,2,2023-01-23,35,43,Normal,N
1112,2,2023-01-24,49,39,Normal,N
1113,2,2023-01-25,34,27,Normal,N
1114,2,2023-01-26,90,43,Moderate,N
1115,2,2023-01-27,115,28,Severe,Y
1116,2,2023-01-28,55,27,Normal,N
1117,2,2023-01-29,121,28,Normal,N
1118,2,2023-01-30,131,31,Normal,N
1119,2,2023-01-31,113,27,Normal,N
1120,2,2023-02-01,65,25,Moderate,N
1121,2,2023-02-02,27,26,Normal,N
1122,2,2023-02-03,67,43,Normal,N
1123,2,2023-02-04,76,40,Normal,N
1124,2,2023-02-05,28,24,Moderate,N
1125,2,2023-02-06,68,24,Normal,N
1126,2,2023-02-07,105,31,Normal,N
1127,2,2023-02-08,135,31,Normal,N
1128,2,2023-02-09,51,35,Moderate,N
1129,2,2023-02-10,128,38,Moderate,N
1130,2,2023-02-11,88,28,Severe,Y
1131,2,2023-02-12,56,39,Normal,N
1132,2,2023-02-13,126,27,Moderate,N
1133,2,2023-02-14,77,34,Normal,N
1134,2,2023-02-15,11,39,Normal,N
1135,2,2023-02-16,108,41,Normal,N
1136,2,2023-02-17,12,30,Normal,N
1137,2,2023-02-18,53,31,Severe,Y
1138,2,2023-02-19,1,28,Normal,N
1139,2,2023-02-20,130,39,Normal,N
1140,2,2023-02-21,88,24,Normal,N
1141,2,2023-02-22,78,42,Normal,N
1142,2,2023-02-23,56,32,Normal,N
1143,2,2023-02-24,77,26,Normal,N
1144,2,2023-02-25,24,24,Normal,N
1145,2,2023-02-26,59,33,Normal,N
1146,2,2023-02-27,106,30,Moderate,N
1147,2,2023-02-28,11,30,Normal,N
1148,2,2023-03-01,6,42,Normal,N
1149,2,2023-03-02,29,33,Normal,N
1150,2,2023-03-03,88,35,Normal,N
1151,2,2023-03-04,118,33,Normal,N
1152,2,2023-03-05,5,33,Normal,N
1153,2,2023-03-06,34,42,Normal,N
1154,2,2023-03-07,51,36,Normal,N
1155,2,2023-03-08,31,28,Normal,N
1156,2,2023-03-09,4,27,Moderate,N
1157,2,2023-03-10,70,43,Normal,N
1158,2,2023-03-11,96,27,Normal,N
1159,2,2023-03-12,99,30,Moderate,N
1160,2,2023-03-13,102,43,Normal,N
1161,2,2023-03-14,96,24,Moderate,N
1162,2,2023-03-15,110,33,Normal,N
1163,2,2023-03-16,81,25,Severe,Y
1164,2,2023-03-17,86,27,Normal,N
1165,2,2023-03-18,75,25,Normal,N
1166,2,2023-03-19,77,40,Normal,N
1167,2,2023-03-20,89,35,Moderate,N
1168,2,2023-03-21,91,30,Normal,N
1169,2,2023-03-22,12,35,Normal,N
1170,2,2023-03-23,118,36,Normal,N
1171,2,2023-03-24,124,34,Normal,N
1172,2,2023-03-25,48,30,Normal,N
1173,2,2023-03-26,65,39,Normal,N
1174,2,2023-03-27,13,27,Normal,N
1175,2,2023-03-28,85,25,Moderate,N
1176,2,2023-03-29,89,34,Moderate,N
1177,2,2023-03-30,9,36,Normal,N
1178,2,2023-03-31,56,37,Normal,N
1179,2,2023-04-01,92,37,Severe,Y
1180,2,2023-04-02,121,25,Moderate,N
1181,2,2023-04-03,42,31,Normal,N
1182,2,2023-04-04,29,31,Normal,N
1183,2,2023-04-05,75,34,Normal,N
1184,2,2023-04-06,128,40,Normal,N
1185,2,2023-04-07,139,26,Normal,N
1186,2,2023-04-08,19,38,Normal,N
1187,2,2023-04-09,27,29,Normal,N
1188,2,2023-04-10,9,26,Moderate,N
1189,2,2023-04-11,22,33,Normal,N
1190,2,2023-04-12,26,42,Moderate,N
1191,2,2023-04-13,63,34,Normal,N
1192,2,2023-04-14,118,39,Normal,N
1193,2,2023-04-15,89,41,Moderate,N
1194,2,2023-04-16,3,43,Normal,N
1195,2,2023-04-17,53,31,Normal,N
1196,2,2023-04-18,72,30,Moderate,N
1197,2,2023-04-19,108,28,Normal,N
1198,2,2023-04-20,15,25,Normal,N
1199,2,2023-04-21,41,36,Moderate,N
1200,2,2023-04-22,104,33,Normal,N
1201,2,2023-04-23,10,40,Normal,N
1202,2,2023-04-24,43,34,Normal,N
1203,2,2023-04-25,0,40,Severe,Y
1204,2,2023-04-26,8,24,Moderate,N
1205,2,2023-04-27,37,24,Moderate,N
1206,2,2023-04-28,14,43,Normal,N
1207,2,2023-04-29,39,39,Normal,N
1208,2,2023-04-30,42,24,Moderate,N
1209,2,2023-05-01,65,32,Normal,N
1210,2,2023-05-02,18,38,Moderate,N
1211,2,2023-05-03,17,35,Severe,Y
1212,2,2023-05-04,71,36,Normal,N
1213,2,2023-05-05,127,33,Moderate,N
1214,2,2023-05-06,81,25,Normal,N
1215,2,2023-05-07,72,36,Normal,N
1216,2,2023-05-08,140,29,Normal,N
1217,2,2023-05-09,67,26,Normal,N
1218,2,2023-05-10,135,42,Moderate,N
1219,2,2023-05-11,94,42,Normal,N
1220,2,2023-05-12,131,29,Normal,N
1221,2,2023-05-13,49,30,Moderate,N
1222,2,2023-05-14,12,39,Normal,N
1223,2,2023-05-15,61,25,Normal,N
1224,2,2023-05-16,54,27,Normal,N
1225,2,2023-05-17,49,39,Normal,N
1226,2,2023-05-18,3,41,Moderate,N
1227,2,2023-05-19,6,32,Normal,N
1228,2,2023-05-20,133,43,Normal,N
1229,2,2023-05-21,43,37,Normal,N
1230,2,2023-05-22,61,34,Normal,N
1231,2,2023-05-23,119,34,Moderate,N
1232,2,2023-05-24,121,35,Moderate,N
1233,2,2023-05-25,111,41,Normal,N
1234,2,2023-05-26,49,35,Normal,N
1235,2,2023-05-27,25,35,Normal,N
1236,2,2023-05-28,28,43,Moderate,N
1237,2,2023-05-29,10,40,Normal,N
1238,2,2023-05-30,92,37,Normal,N
1239,2,2023-05-31,13,38,Normal,N
1240,2,2023-06-01,49,41,Normal,N
1241,2,2023-06-02,88,32,Moderate,N
1242,2,2023-06-03,52,27,Normal,N
1243,2,2023-06-04,50,31,Normal,N
1244,2,2023-06-05,3,27,Normal,N
1245,2,2023-06-06,111,32,Normal,N
1246,2,2023-06-07,8,29,Normal,N
1247,2,2023-06-08,36,24,Normal,N
1248,2,2023-06-09,60,31,Normal,N
1249,2,2023-06-10,50,35,Normal,N
1250,2,2023-06-11,39,37,Normal,N
1251,2,2023-06-12,52,43,Normal,N
1252,2,2023-06-13,112,38,Normal,N
1253,2,2023-06-14,132,35,Severe,Y
1254,2,2023-06-15,114,40,Normal,N
1255,2,2023-06-16,18,26,Moderate,N
1256,2,2023-06-17,63,39,Normal,N
1257,2,2023-06-18,14,42,Normal,N
1258,2,2023-06-19,129,31,Normal,N
1259,2,2023-06-20,97,36,Severe,Y
1260,2,2023-06-21,37,31,Severe,Y
1261,2,2023-06-22,133,41,Severe,Y
1262,2,2023-06-23,32,34,Severe,Y
1263,2,2023-06-24,48,35,Normal,N
1264,2,2023-06-25,95,30,Normal,N
1265,2,2023-06-26,39,35,Normal,N
1266,2,2023-06-27,2,24,Normal,N
1267,2,2023-06-28,93,24,Normal,N
1268,2,2023-06-29,71,31,Normal,N
1269,2,2023-06-30,113,25,Normal,N
1270,2,2023-07-01,24,42,Moderate,N
1271,2,2023-07-02,72,43,Normal,N
1272,2,2023-07-03,69,35,Normal,N
1273,2,2023-07-04,109,32,Normal,N
1274,2,2023-07-05,85,39,Severe,Y
1275,2,2023-07-06,91,30,Normal,N
1276,2,2023-07-07,83,27,Normal,N
1277,2,2023-07-08,138,37,Moderate,N
1278,2,2023-07-09,97,25,Normal,N
1279,2,2023-07-10,21,29,Normal,N
1280,2,2023-07-11,84,28,Severe,Y
1281,2,2023-07-12,22,25,Normal,N
1282,2,2023-07-13,138,33,Moderate,N
1283,2,2023-07-14,106,35,Normal,N
1284,2,2023-07-15,87,32,Moderate,N
1285,2,2023-07-16,47,38,Normal,N
1286,2,2023-07-17,77,36,Normal,N
1287,2,2023-07-18,62,43,Moderate,N
1288,2,2023-07-19,16,39,Normal,N
1289,2,2023-07-20,50,38,Severe,Y
1290,2,2023-07-21,104,43,Severe,Y
1291,2,2023-07-22,134,30,Normal,N
1292,2,2023-07-23,46,30,Normal,N
1293,2,2023-07-24,114,43,Normal,N
1294,2,2023-07-25,39,27,Severe,Y
1295,2,2023-07-26,21,36,Normal,N
1296,2,2023-07-27,140,38,Normal,N
1297,2,2023-07-28,39,30,Normal,N
1298,2,2023-07-29,15,43,Normal,N
1299,2,2023-07-30,10,26,Normal,N
1300,2,2023-07-31,121,40,Moderate,N
1301,2,2023-08-01,80,31,Normal,N
1302,2,2023-08-02,17,37,Moderate,N
1303,2,2023-08-03,112,26,Normal,N
1304,2,2023-08-04,7,38,Severe,Y
1305,2,2023-08-05,136,31,Normal,N
1306,2,2023-08-06,113,34,Normal,N
1307,2,2023-08-07,4,39,Moderate,N
1308,2,2023-08-08,22,29,Normal,N
1309,2,2023-08-09,112,31,Moderate,N
1310,2,2023-08-10,15,31,Normal,N
1311,2,2023-08-11,52,32,Normal,N
1312,2,2023-08-12,65,29,Normal,N
1313,2,2023-08-13,24,42,Moderate,N
1314,2,2023-08-14,60,28,Normal,N
1315,2,2023-08-15,136,31,Moderate,N
1316,2,2023-08-16,42,27,Normal,N
1317,2,2023-08-17,29,33,Normal,N
1318,2,2023-08-18,59,28,Severe,Y
1319,2,2023-08-19,43,29,Normal,N
1320,2,2023-08-20,71,36,Normal,N
1321,2,2023-08-21,59,26,Severe,Y
1322,2,2023-08-22,109,39,Normal,N
1323,2,2023-08-23,57,39,Severe,Y
1324,2,2023-08-24,126,36,Normal,N
1325,2,2023-08-25,122,38,Severe,Y
1326,2,2023-08-26,77,28,Normal,N
1327,2,2023-08-27,28,43,Normal,N
1328,2,2023-08-28,28,31,Normal,N
1329,2,2023-08-29,5,35,Normal,N
1330,2,2023-08-30,70,28,Normal,N
1331,2,2023-08-31,114,37,Normal,N
1332,2,2023-09-01,24,25,Normal,N
1333,2,2023-09-02,14,41,Normal,N
1334,2,2023-09-03,103,43,Moderate,N
1335,2,2023-09-04,122,42,Normal,N
1336,2,2023-09-05,20,42,Moderate,N
1337,2,2023-09-06,140,43,Normal,N
1338,2,2023-09-07,34,27,Normal,N
1339,2,2023-09-08,22,36,Normal,N
1340,2,2023-09-09,61,34,Normal,N
1341,2,2023-09-10,26,42,Moderate,N
1342,2,2023-09-11,49,31,Normal,N
1343,2,2023-09-12,54,25,Normal,N
1344,2,2023-09-13,63,30,Normal,N
1345,2,2023-09-14,24,39,Normal,N
1346,2,2023-09-15,73,43,Normal,N
1347,2,2023-09-16,33,42,Moderate,N
1348,2,2023-09-17,28,31,Normal,N
1349,2,2023-09-18,126,36,Moderate,N
1350,2,2023-09-19,69,33,Normal,N
1351,2,2023-09-20,110,24,Moderate,N
1352,2,2023-09-21,118,30,Moderate,N
1353,2,2023-09-22,115,32,Normal,N
1354,2,2023-09-23,87,32,Severe,Y
1355,2,2023-09-24,50,31,Normal,N
1356,2,2023-09-25,116,39,Severe,Y
1357,2,2023-09-26,3,42,Normal,N
1358,2,2023-09-27,64,33,Moderate,N
1359,2,2023-09-28,6,30,Normal,N
1360,2,2023-09-29,82,28,Moderate,N
1361,2,2023-09-30,79,28,Normal,N
1362,2,2023-10-01,103,37,Normal,N
1363,2,2023-10-02,9,35,Normal,N
1364,2,2023-10-03,37,24,Moderate,N
1365,2,2023-10-04,45,26,Normal,N
1366,2,2023-10-05,37,33,Normal,N
1367,2,2023-10-06,137,36,Normal,N
1368,2,2023-10-07,34,25,Normal,N
1369,2,2023-10-08,19,33,Moderate,N
1370,2,2023-10-09,77,26,Moderate,N
1371,2,2023-10-10,106,34,Normal,N
1372,2,2023-10-11,103,40,Normal,N
1373,2,2023-10-12,46,41,Normal,N
1374,2,2023-10-13,38,28,Moderate,N
1375,2,2023-10-14,106,43,Normal,N
1376,2,2023-10-15,84,36,Normal,N
1377,2,2023-10-16,106,26,Normal,N
1378,2,2023-10-17,97,38,Normal,N
1379,2,2023-10-18,64,27,Normal,N
1380,2,2023-10-19,112,36,Normal,N
1381,2,2023-10-20,121,33,Moderate,N
1382,2,2023-10-21,54,32,Moderate,N
1383,2,2023-10-22,24,27,Normal,N
1384,2,2023-10-23,66,36,Normal,N
1385,2,2023-10-24,42,33,Normal,N
1386,2,2023-10-25,137,32,Normal,N
1387,2,2023-10-26,49,32,Moderate,N
1388,2,2023-10-27,13,27,Normal,N
1389,2,2023-10-28,19,43,Normal,N
1390,2,2023-10-29,61,27,Moderate,N
1391,2,2023-10-30,88,33,Normal,N
1392,2,2023-10-31,40,33,Normal,N
1393,2,2023-11-01,125,43,Normal,N
1394,2,2023-11-02,119,36,Severe,Y
1395,2,2023-11-03,63,24,Normal,N
1396,2,2023-11-04,62,27,Moderate,N
1397,2,2023-11-05,46,27,Normal,N
1398,2,2023-11-06,110,24,Normal,N
1399,2,2023-11-07,6,37,Normal,N
1400,2,2023-11-08,88,37,Normal,N
1401,2,2023-11-09,13,36,Normal,N
1402,2,2023-11-10,36,25,Severe,Y
1403,2,2023-11-11,41,30,Normal,N
1404,2,2023-11-12,139,37,Normal,N
1405,2,2023-11-13,75,30,Normal,N
1406,2,2023-11-14,71,29,Normal,N
1407,2,2023-11-15,93,28,Normal,N
1408,2,2023-11-16,40,24,Severe,Y
1409,2,2023-11-17,74,33,Normal,N
1410,2,2023-11-18,36,25,Severe,Y
1411,2,2023-11-19,6,28,Moderate,N
1412,2,2023-11-20,5,33,Normal,N
1413,2,2023-11-21,124,35,Moderate,N
1414,2,2023-11-22,67,33,Moderate,N
1415,2,2023-11-23,94,43,Severe,Y
1416,2,2023-11-24,125,40,Normal,N
1417,2,2023-11-25,62,27,Normal,N
1418,2,2023-11-26,2,38,Normal,N
1419,2,2023-11-27,99,43,Moderate,N
1420,2,2023-11-28,44,31,Moderate,N
1421,2,2023-11-29,100,36,Normal,N
1422,2,2023-11-30,57,34,Normal,N
1423,2,2023-12-01,131,29,Normal,N
1424,2,2023-12-02,12,33,Normal,N
1425,2,2023-12-03,4,25,Severe,Y
1426,2,2023-12-04,42,24,Normal,N
1427,2,2023-12-05,24,37,Normal,N
1428,2,2023-12-06,19,40,Normal,N
1429,2,2023-12-07,116,32,Moderate,N
1430,2,2023-12-08,56,26,Moderate,N
1431,2,2023-12-09,48,33,Normal,N
1432,2,2023-12-10,4,39,Normal,N
1433,2,2023-12-11,51,37,Normal,N
1434,2,2023-12-12,103,35,Normal,N
1435,2,2023-12-13,123,39,Moderate,N
1436,2,2023-12-14,57,24,Normal,N
1437,2,2023-12-15,27,31,Moderate,N
1438,2,2023-12-16,37,27,Normal,N
1439,2,2023-12-17,121,37,Normal,N
1440,2,2023-12-18,126,43,Normal,N
1441,2,2023-12-19,113,25,Moderate,N
1442,2,2023-12-20,9,34,Severe,Y
1443,2,2023-12-21,90,32,Normal,N
1444,2,2023-12-22,92,30,Normal,N
1445,2,2023-12-23,6,34,Moderate,N
1446,2,2023-12-24,75,25,Normal,N
1447,2,2023-12-25,4,26,Normal,N
1448,2,2023-12-26,2,32,Moderate,N
1449,2,2023-12-27,52,26,Normal,N
1450,2,2023-12-28,2,28,Moderate,N
1451,2,2023-12-29,93,34,Normal,N
1452,2,2023-12-30,67,40,Normal,N
1453,2,2023-12-31,25,34,Normal,N
1454,2,2024-01-01,103,42,Normal,N
1455,2,2024-01-02,62,28,Normal,N
1456,2,2024-01-03,73,36,Normal,N
1457,2,2024-01-04,46,28,Normal,N
1458,2,2024-01-05,96,31,Normal,N
1459,2,2024-01-06,119,32,Normal,N
1460,2,2024-01-07,47,34,Normal,N
1461,2,2024-01-08,50,28,Normal,N
1462,2,2024-01-09,15,40,Normal,N
1463,2,2024-01-10,51,40,Moderate,N
1464,2,2024-01-11,110,28,Severe,Y
1465,2,2024-01-12,98,42,Severe,Y
1466,2,2024-01-13,41,28,Normal,N
1467,2,2024-01-14,27,43,Normal,N
1468,2,2024-01-15,131,39,Moderate,N
1469,2,2024-01-16,27,33,Normal,N
1470,2,2024-01-17,24,39,Normal,N
1471,2,2024-01-18,89,33,Normal,N
1472,2,2024-01-19,66,24,Moderate,N
1473,2,2024-01-20,33,26,Normal,N
1474,2,2024-01-21,90,31,Normal,N
1475,2,2024-01-22,52,41,Normal,N
1476,2,2024-01-23,116,40,Normal,N
1477,2,2024-01-24,38,38,Normal,N
1478,2,2024-01-25,12,31,Moderate,N
1479,2,2024-01-26,73,30,Normal,N
1480,2,2024-01-27,94,33,Moderate,N
1481,2,2024-01-28,1,28,Normal,N
1482,2,2024-01-29,36,43,Normal,N
1483,2,2024-01-30,134,38,Normal,N
1484,2,2024-01-31,128,43,Moderate,N
1485,2,2024-02-01,6,31,Normal,N
1486,2,2024-02-02,140,32,Moderate,N
1487,2,2024-02-03,111,36,Normal,N
1488,2,2024-02-04,69,30,Normal,N
1489,2,2024-02-05,41,34,Normal,N
1490,2,2024-02-06,73,34,Moderate,N
1491,2,2024-02-07,66,35,Normal,N
1492,2,2024-02-08,73,29,Normal,N
1493,2,2024-02-09,124,34,Normal,N
1494,2,2024-02-10,11,34,Normal,N
1495,2,2024-02-11,34,27,Normal,N
1496,2,2024-02-12,56,35,Moderate,N
1497,2,2024-02-13,129,29,Normal,N
1498,2,2024-02-14,64,29,Normal,N
1499,2,2024-02-15,140,41,Severe,Y
1500,2,2024-02-16,85,25,Moderate,N
1501,2,2024-02-17,65,25,Normal,N
1502,2,2024-02-18,86,31,Normal,N
1503,2,2024-02-19,108,40,Severe,Y
1504,2,2024-02-20,113,27,Normal,N
1505,2,2024-02-21,130,24,Normal,N
1506,2,2024-02-22,121,36,Normal,N
1507,2,2024-02-23,46,27,Normal,N
1508,2,2024-02-24,116,33,Severe,Y
1509,2,2024-02-25,9,24,Normal,N
1510,2,2024-02-26,32,24,Moderate,N
1511,2,2024-02-27,48,40,Moderate,N
1512,2,2024-02-28,34,39,Normal,N
1513,2,2024-02-29,24,29,Severe,Y
1514,2,2024-03-01,49,38,Normal,N
1515,2,2024-03-02,54,26,Moderate,N
1516,2,2024-03-03,40,39,Moderate,N
1517,2,2024-03-04,43,33,Normal,N
1518,2,2024-03-05,101,41,Moderate,N
1519,2,2024-03-06,125,33,Normal,N
1520,2,2024-03-07,111,40,Severe,Y
1521,2,2024-03-08,53,34,Normal,N
1522,2,2024-03-09,54,36,Normal,N
1523,2,2024-03-10,17,26,Moderate,N
1524,2,2024-03-11,83,41,Moderate,N
1525,2,2024-03-12,44,27,Moderate,N
1526,2,2024-03-13,33,25,Severe,Y
1527,2,2024-03-14,80,40,Normal,N
1528,2,2024-03-15,124,32,Moderate,N
1529,2,2024-03-16,4,38,Normal,N
1530,2,2024-03-17,12,26,Normal,N
1531,2,2024-03-18,41,30,Moderate,N
1532,2,2024-03-19,39,26,Severe,Y
1533,2,2024-03-20,100,43,Moderate,N
1534,2,2024-03-21,98,39,Moderate,N
1535,2,2024-03-22,8,42,Normal,N
1536,2,2024-03-23,60,30,Normal,N
1537,2,2024-03-24,94,33,Normal,N
1538,2,2024-03-25,9,42,Normal,N
1539,2,2024-03-26,124,40,Moderate,N
1540,2,2024-03-27,37,38,Severe,Y
1541,2,2024-03-28,61,26,Normal,N
1542,2,2024-03-29,12,37,Normal,N
1543,2,2024-03-30,10,38,Moderate,N
1544,2,2024-03-31,96,24,Normal,N
1545,2,2024-04-01,96,34,Normal,N
1546,2,2024-04-02,46,40,Normal,N
1547,2,2024-04-03,100,34,Normal,N
1548,2,2024-04-04,36,30,Normal,N
1549,2,2024-04-05,96,29,Normal,N
1550,3,2022-05-28,93,35,Normal,N
1551,3,2022-05-29,133,34,Normal,N
1552,3,2022-05-30,1,42,Normal,N
1553,3,2022-05-31,88,26,Moderate,N
1554,3,2022-06-01,46,33,Moderate,N
1555,3,2022-06-02,35,35,Severe,Y
1556,3,2022-06-03,68,42,Normal,N
1557,3,2022-06-04,49,33,Normal,N
1558,3,2022-06-05,120,30,Normal,N
1559,3,2022-06-06,9,24,Normal,N
1560,3,2022-06-07,55,26,Normal,N
1561,3,2022-06-08,43,41,Normal,N
1562,3,2022-06-09,87,27,Severe,Y
1563,3,2022-06-10,134,40,Moderate,N
1564,3,2022-06-11,84,41,Moderate,N
1565,3,2022-06-12,50,36,Moderate,N
1566,3,2022-06-13,25,27,Normal,N
1567,3,2022-06-14,104,39,Normal,N
1568,3,2022-06-15,120,41,Moderate,N
1569,3,2022-06-16,104,30,Normal,N
1570,3,2022-06-17,87,27,Moderate,N
1571,3,2022-06-18,129,35,Moderate,N
1572,3,2022-06-19,1,41,Moderate,N
1573,3,2022-06-20,127,42,Moderate,N
1574,3,2022-06-21,17,26,Severe,Y
1575,3,2022-06-22,52,30,Normal,N
1576,3,2022-06-23,112,43,Normal,N
1577,3,2022-06-24,39,38,Normal,N
1578,3,2022-06-25,89,43,Normal,N
1579,3,2022-06-26,127,25,Normal,N
1580,3,2022-06-27,65,40,Normal,N
1581,3,2022-06-28,67,30,Normal,N
1582,3,2022-06-29,15,25,Moderate,N
1583,3,2022-06-30,51,36,Moderate,N
1584,3,2022-07-01,140,43,Moderate,N
1585,3,2022-07-02,64,40,Normal,N
1586,3,2022-07-03,92,26,Moderate,N
1587,3,2022-07-04,43,27,Moderate,N
1588,3,2022-07-05,22,30,Moderate,N
1589,3,2022-07-06,76,30,Normal,N
1590,3,2022-07-07,133,33,Normal,N
1591,3,2022-07-08,136,33,Normal,N
1592,3,2022-07-09,56,28,Severe,Y
1593,3,2022-07-10,110,39,Normal,N
1594,3,2022-07-11,20,27,Normal,N
1595,3,2022-07-12,84,32,Normal,N
1596,3,2022-07-13,97,24,Normal,N
1597,3,2022-07-14,4,29,Normal,N
1598,3,2022-07-15,135,32,Normal,N
1599,3,2022-07-16,121,40,Normal,N
1600,3,2022-07-17,94,39,Normal,N
1601,3,2022-07-18,104,38,Moderate,N
1602,3,2022-07-19,11,26,Normal,N
1603,3,2022-07-20,47,34,Normal,N
1604,3,2022-07-21,127,36,Normal,N
1605,3,2022-07-22,3,26,Severe,Y
1606,3,2022-07-23,99,39,Moderate,N
1607,3,2022-07-24,69,33,Normal,N
1608,3,2022-07-25,29,36,Normal,N
1609,3,2022-07-26,35,30,Normal,N
1610,3,2022-07-27,83,41,Normal,N
1611,3,2022-07-28,114,29,Normal,N
1612,3,2022-07-29,57,39,Severe,Y
1613,3,2022-07-30,27,24,Normal,N
1614,3,2022-07-31,75,38,Normal,N
1615,3,2022-08-01,13,38,Normal,N
1616,3,2022-08-02,82,28,Normal,N
1617,3,2022-08-03,65,32,Severe,Y
1618,3,2022-08-04,90,29,Normal,N
1619,3,2022-08-05,94,35,Normal,N
1620,3,2022-08-06,52,30,Normal,N
1621,3,2022-08-07,80,37,Moderate,N
1622,3,2022-08-08,86,34,Normal,N
1623,3,2022-08-09,25,27,Normal,N
1624,3,2022-08-10,105,28,Normal,N
1625,3,2022-08-11,73,43,Moderate,N
1626,3,2022-08-12,96,42,Normal,N
1627,3,2022-08-13,67,31,Normal,N
1628,3,2022-08-14,112,31,Normal,N
1629,3,2022-08-15,93,38,Normal,N
1630,3,2022-08-16,0,39,Normal,N
1631,3,2022-08-17,26,35,Normal,N
1632,3,2022-08-18,126,40,Normal,N
1633,3,2022-08-19,61,33,Normal,N
1634,3,2022-08-20,87,36,Severe,Y
1635,3,2022-08-21,16,24,Moderate,N
1636,3,2022-08-22,104,27,Normal,N
1637,3,2022-08-23,95,39,Normal,N
1638,3,2022-08-24,127,24,Normal,N
1639,3,2022-08-25,97,24,Normal,N
1640,3,2022-08-26,102,42,Normal,N
1641,3,2022-08-27,89,28,Moderate,N
1642,3,2022-08-28,65,38,Normal,N
1643,3,2022-08-29,62,34,Normal,N
1644,3,2022-08-30,42,30,Normal,N
1645,3,2022-08-31,47,42,Severe,Y
1646,3,2022-09-01,0,36,Severe,Y
1647,3,2022-09-02,49,26,Normal,N
1648,3,2022-09-03,84,26,Moderate,N
1649,3,2022-09-04,105,33,Normal,N
1650,3,2022-09-05,42,40,Normal,N
1651,3,2022-09-06,48,30,Moderate,N
1652,3,2022-09-07,22,36,Normal,N
1653,3,2022-09-08,116,41,Normal,N
1654,3,2022-09-09,82,30,Moderate,N
1655,3,2022-09-10,116,24,Severe,Y
1656,3,2022-09-11,51,30,Normal,N
1657,3,2022-09-12,93,33,Moderate,N
1658,3,2022-09-13,32,36,Normal,N
1659,3,2022-09-14,26,24,Normal,N
1660,3,2022-09-15,36,37,Moderate,N
1661,3,2022-09-16,20,38,Normal,N
1662,3,2022-09-17,15,43,Severe,Y
1663,3,2022-09-18,93,39,Severe,Y
1664,3,2022-09-19,35,33,Moderate,N
1665,3,2022-09-20,25,43,Normal,N
1666,3,2022-09-21,12,25,Normal,N
1667,3,2022-09-22,8,39,Moderate,N
1668,3,2022-09-23,42,32,Normal,N
1669,3,2022-09-24,107,42,Normal,N
1670,3,2022-09-25,4,25,Severe,Y
1671,3,2022-09-26,21,42,Normal,N
1672,3,2022-09-27,125,35,Normal,N
1673,3,2022-09-28,30,32,Normal,N
1674,3,2022-09-29,125,30,Severe,Y
1675,3,2022-09-30,80,24,Normal,N
1676,3,2022-10-01,114,26,Moderate,N
1677,3,2022-10-02,21,32,Moderate,N
1678,3,2022-10-03,63,30,Moderate,N
1679,3,2022-10-04,14,42,Normal,N
1680,3,2022-10-05,13,33,Normal,N
1681,3,2022-10-06,133,37,Normal,N
1682,3,2022-10-07,4,24,Normal,N
1683,3,2022-10-08,80,27,Normal,N
1684,3,2022-10-09,123,38,Normal,N
1685,3,2022-10-10,0,36,Normal,N
1686,3,2022-10-11,5,33,Normal,N
1687,3,2022-10-12,113,36,Normal,N
1688,3,2022-10-13,2,29,Normal,N
1689,3,2022-10-14,90,33,Normal,N
1690,3,2022-10-15,22,25,Normal,N
1691,3,2022-10-16,132,37,Normal,N
1692,3,2022-10-17,45,34,Moderate,N
1693,3,2022-10-18,51,26,Normal,N
1694,3,2022-10-19,125,33,Moderate,N
1695,3,2022-10-20,136,42,Normal,N
1696,3,2022-10-21,111,38,Normal,N
1697,3,2022-10-22,118,41,Moderate,N
1698,3,2022-10-23,72,26,Normal,N
1699,3,2022-10-24,50,39,Normal,N
1700,3,2022-10-25,57,34,Normal,N
1701,3,2022-10-26,117,35,Severe,Y
1702,3,2022-10-27,44,35,Moderate,N
1703,3,2022-10-28,20,36,Moderate,N
1704,3,2022-10-29,25,43,Normal,N
1705,3,2022-10-30,104,31,Normal,N
1706,3,2022-10-31,27,26,Normal,N
1707,3,2022-11-01,7,36,Normal,N
1708,3,2022-11-02,99,36,Moderate,N
1709,3,2022-11-03,127,38,Moderate,N
1710,3,2022-11-04,122,33,Moderate,N
1711,3,2022-11-05,82,36,Normal,N
1712,3,2022-11-06,4,42,Normal,N
1713,3,2022-11-07,128,37,Normal,N
1714,3,2022-11-08,84,32,Severe,Y
1715,3,2022-11-09,40,32,Normal,N
1716,3,2022-11-10,88,27,Normal,N
1717,3,2022-11-11,96,24,Normal,N
1718,3,2022-11-12,114,34,Normal,N
1719,3,2022-11-13,4,37,Severe,Y
1720,3,2022-11-14,96,26,Moderate,N
1721,3,2022-11-15,38,40,Normal,N
1722,3,2022-11-16,94,30,Moderate,N
1723,3,2022-11-17,19,29,Moderate,N
1724,3,2022-11-18,22,32,Moderate,N
1725,3,2022-11-19,99,37,Moderate,N
1726,3,2022-11-20,127,39,Normal,N
1727,3,2022-11-21,134,32,Normal,N
1728,3,2022-11-22,140,38,Normal,N
1729,3,2022-11-23,104,43,Severe,Y
1730,3,2022-11-24,32,28,Normal,N
1731,3,2022-11-25,120,43,Normal,N
1732,3,2022-11-26,68,39,Normal,N
1733,3,2022-11-27,82,32,Normal,N
1734,3,2022-11-28,49,34,Moderate,N
1735,3,2022-11-29,72,34,Moderate,N
1736,3,2022-11-30,48,31,Normal,N
1737,3,2022-12-01,63,33,Normal,N
1738,3,2022-12-02,19,33,Normal,N
1739,3,2022-12-03,48,26,Normal,N
1740,3,2022-12-04,67,27,Severe,Y
1741,3,2022-12-05,63,28,Normal,N
1742,3,2022-12-06,117,33,Normal,N
1743,3,2022-12-07,29,29,Normal,N
1744,3,2022-12-08,9,30,Moderate,N
1745,3,2022-12-09,69,31,Severe,Y
1746,3,2022-12-10,112,30,Normal,N
1747,3,2022-12-11,0,41,Normal,N
1748,3,2022-12-12,45,43,Normal,N
1749,3,2022-12-13,109,43,Normal,N
1750,3,2022-12-14,68,38,Normal,N
1751,3,2022-12-15,55,42,Normal,N
1752,3,2022-12-16,51,42,Normal,N
1753,3,2022-12-17,44,28,Normal,N
1754,3,2022-12-18,19,24,Severe,Y
1755,3,2022-12-19,70,25,Normal,N
1756,3,2022-12-20,28,42,Moderate,N
1757,3,2022-12-21,117,34,Moderate,N
1758,3,2022-12-22,87,42,Normal,N
1759,3,2022-12-23,92,41,Severe,Y
1760,3,2022-12-24,123,43,Normal,N
1761,3,2022-12-25,124,24,Normal,N
1762,3,2022-12-26,126,25,Normal,N
1763,3,2022-12-27,132,30,Severe,Y
1764,3,2022-12-28,138,33,Normal,N
1765,3,2022-12-29,98,39,Moderate,N
1766,3,2022-12-30,2,33,Moderate,N
1767,3,2022-12-31,74,36,Normal,N
1768,3,2023-01-01,38,26,Moderate,N
1769,3,2023-01-02,131,33,Normal,N
1770,3,2023-01-03,44,39,Normal,N
1771,3,2023-01-04,118,39,Severe,Y
1772,3,2023-01-05,81,29,Normal,N
1773,3,2023-01-06,80,42,Moderate,N
1774,3,2023-01-07,99,43,Normal,N
1775,3,2023-01-08,72,42,Normal,N
1776,3,2023-01-09,122,27,Normal,N
1777,3,2023-01-10,112,29,Normal,N
1778,3,2023-01-11,131,27,Normal,N
1779,3,2023-01-12,69,37,Moderate,N
1780,3,2023-01-13,4,41,Normal,N
1781,3,2023-01-14,134,28,Moderate,N
1782,3,2023-01-15,68,27,Normal,N
1783,3,2023-01-16,113,28,Normal,N
1784,3,2023-01-17,76,43,Moderate,N
1785,3,2023-01-18,86,33,Moderate,N
1786,3,2023-01-19,35,24,Normal,N
1787,3,2023-01-20,33,34,Normal,N
1788,3,2023-01-21,101,35,Normal,N
1789,3,2023-01-22,50,30,Normal,N
1790,3,2023-01-23,85,26,Severe,Y
1791,3,2023-01-24,52,25,Normal,N
1792,3,2023-01-25,32,38,Moderate,N
1793,3,2023-01-26,94,28,Normal,N
1794,3,2023-01-27,96,36,Normal,N
1795,3,2023-01-28,69,35,Normal,N
1796,3,2023-01-29,124,24,Normal,N
1797,3,2023-01-30,85,24,Normal,N
1798,3,2023-01-31,39,38,Normal,N
1799,3,2023-02-01,19,28,Normal,N
1800,3,2023-02-02,23,24,Normal,N
1801,3,2023-02-03,94,43,Moderate,N
1802,3,2023-02-04,52,41,Normal,N
1803,3,2023-02-05,0,34,Moderate,N
1804,3,2023-02-06,130,25,Normal,N
1805,3,2023-02-07,104,33,Normal,N
1806,3,2023-02-08,103,24,Severe,Y
1807,3,2023-02-09,40,35,Moderate,N
1808,3,2023-02-10,62,28,Moderate,N
1809,3,2023-02-11,52,35,Moderate,N
1810,3,2023-02-12,115,43,Normal,N
1811,3,2023-02-13,9,25,Normal,N
1812,3,2023-02-14,26,37,Normal,N
1813,3,2023-02-15,27,42,Severe,Y
1814,3,2023-02-16,96,32,Normal,N
1815,3,2023-02-17,38,35,Normal,N
1816,3,2023-02-18,48,26,Normal,N
1817,3,2023-02-19,22,26,Normal,N
1818,3,2023-02-20,115,41,Moderate,N
1819,3,2023-02-21,47,26,Normal,N
1820,3,2023-02-22,137,35,Normal,N
1821,3,2023-02-23,116,43,Moderate,N
1822,3,2023-02-24,110,38,Moderate,N
1823,3,2023-02-25,40,28,Moderate,N
1824,3,2023-02-26,119,35,Normal,N
1825,3,2023-02-27,0,30,Normal,N
1826,3,2023-02-28,39,32,Normal,N
1827,3,2023-03-01,91,40,Normal,N
1828,3,2023-03-02,12,31,Normal,N
1829,3,2023-03-03,104,31,Normal,N
1830,3,2023-03-04,132,26,Severe,Y
1831,3,2023-03-05,66,30,Normal,N
1832,3,2023-03-06,66,41,Normal,N
1833,3,2023-03-07,103,36,Normal,N
1834,3,2023-03-08,38,32,Normal,N
1835,3,2023-03-09,41,29,Normal,N
1836,3,2023-03-10,34,30,Normal,N
1837,3,2023-03-11,96,41,Normal,N
1838,3,2023-03-12,131,30,Moderate,N
1839,3,2023-03-13,98,35,Normal,N
1840,3,2023-03-14,137,35,Normal,N
1841,3,2023-03-15,53,36,Severe,Y
1842,3,2023-03-16,72,39,Normal,N
1843,3,2023-03-17,106,26,Normal,N
1844,3,2023-03-18,128,33,Normal,N
1845,3,2023-03-19,130,43,Normal,N
1846,3,2023-03-20,28,31,Moderate,N
1847,3,2023-03-21,110,40,Normal,N
1848,3,2023-03-22,28,35,Moderate,N
1849,3,2023-03-23,3,28,Moderate,N
1850,3,2023-03-24,82,43,Moderate,N
1851,3,2023-03-25,89,30,Normal,N
1852,3,2023-03-26,136,28,Normal,N
1853,3,2023-03-27,77,26,Normal,N
1854,3,2023-03-28,129,29,Normal,N
1855,3,2023-03-29,113,42,Normal,N
1856,3,2023-03-30,119,25,Normal,N
1857,3,2023-03-31,136,41,Moderate,N
1858,3,2023-04-01,96,28,Normal,N
1859,3,2023-04-02,26,41,Normal,N
1860,3,2023-04-03,71,36,Normal,N
1861,3,2023-04-04,105,35,Normal,N
1862,3,2023-04-05,90,33,Moderate,N
1863,3,2023-04-06,46,28,Severe,Y
1864,3,2023-04-07,80,28,Moderate,N
1865,3,2023-04-08,139,42,Moderate,N
1866,3,2023-04-09,30,40,Moderate,N
1867,3,2023-04-10,74,38,Moderate,N
1868,3,2023-04-11,3,33,Normal,N
1869,3,2023-04-12,77,35,Normal,N
1870,3,2023-04-13,122,25,Normal,N
1871,3,2023-04-14,11,39,Normal,N
1872,3,2023-04-15,59,33,Normal,N
1873,3,2023-04-16,8,36,Normal,N
1874,3,2023-04-17,127,29,Severe,Y
1875,3,2023-04-18,79,40,Normal,N
1876,3,2023-04-19,137,31,Normal,N
1877,3,2023-04-20,45,40,Normal,N
1878,3,2023-04-21,56,40,Normal,N
1879,3,2023-04-22,120,30,Normal,N
1880,3,2023-04-23,87,43,Moderate,N
1881,3,2023-04-24,49,31,Normal,N
1882,3,2023-04-25,121,36,Normal,N
1883,3,2023-04-26,120,25,Normal,N
1884,3,2023-04-27,62,37,Normal,N
1885,3,2023-04-28,82,27,Normal,N
1886,3,2023-04-29,92,33,Moderate,N
1887,3,2023-04-30,81,43,Normal,N
1888,3,2023-05-01,140,29,Moderate,N
1889,3,2023-05-02,114,43,Moderate,N
1890,3,2023-05-03,24,34,Moderate,N
1891,3,2023-05-04,5,43,Moderate,N
1892,3,2023-05-05,30,37,Normal,N
1893,3,2023-05-06,118,40,Normal,N
1894,3,2023-05-07,33,29,Moderate,N
1895,3,2023-05-08,82,38,Normal,N
1896,3,2023-05-09,72,24,Severe,Y
1897,3,2023-05-10,134,37,Moderate,N
1898,3,2023-05-11,112,42,Moderate,N
1899,3,2023-05-12,50,25,Normal,N
1900,3,2023-05-13,4,34,Normal,N
1901,3,2023-05-14,69,29,Normal,N
1902,3,2023-05-15,114,42,Moderate,N
1903,3,2023-05-16,54,30,Moderate,N
1904,3,2023-05-17,109,27,Normal,N
1905,3,2023-05-18,135,32,Normal,N
1906,3,2023-05-19,140,39,Moderate,N
1907,3,2023-05-20,138,27,Normal,N
1908,3,2023-05-21,55,30,Moderate,N
1909,3,2023-05-22,43,34,Normal,N
1910,3,2023-05-23,17,43,Normal,N
1911,3,2023-05-24,42,24,Normal,N
1912,3,2023-05-25,38,29,Moderate,N
1913,3,2023-05-26,40,37,Normal,N
1914,3,2023-05-27,130,40,Normal,N
1915,3,2023-05-28,58,24,Moderate,N
1916,3,2023-05-29,38,30,Moderate,N
1917,3,2023-05-30,134,37,Normal,N
1918,3,2023-05-31,89,43,Normal,N
1919,3,2023-06-01,124,43,Moderate,N
1920,3,2023-06-02,12,25,Moderate,N
1921,3,2023-06-03,91,37,Normal,N
1922,3,2023-06-04,54,43,Severe,Y
1923,3,2023-06-05,29,39,Normal,N
1924,3,2023-06-06,81,33,Normal,N
1925,3,2023-06-07,57,38,Normal,N
1926,3,2023-06-08,15,32,Normal,N
1927,3,2023-06-09,68,33,Normal,N
1928,3,2023-06-10,81,32,Normal,N
1929,3,2023-06-11,66,41,Moderate,N
1930,3,2023-06-12,133,37,Moderate,N
1931,3,2023-06-13,14,27,Moderate,N
1932,3,2023-06-14,107,39,Normal,N
1933,3,2023-06-15,101,43,Severe,Y
1934,3,2023-06-16,1,26,Normal,N
1935,3,2023-06-17,113,34,Moderate,N
1936,3,2023-06-18,11,42,Normal,N
1937,3,2023-06-19,54,24,Normal,N
1938,3,2023-06-20,95,27,Moderate,N
1939,3,2023-06-21,41,34,Severe,Y
1940,3,2023-06-22,14,32,Normal,N
1941,3,2023-06-23,51,30,Normal,N
1942,3,2023-06-24,7,41,Normal,N
1943,3,2023-06-25,89,30,Normal,N
1944,3,2023-06-26,42,27,Normal,N
1945,3,2023-06-27,4,26,Normal,N
1946,3,2023-06-28,136,39,Normal,N
1947,3,2023-06-29,32,33,Normal,N
1948,3,2023-06-30,134,32,Severe,Y
1949,3,2023-07-01,69,26,Normal,N
1950,3,2023-07-02,75,30,Normal,N
1951,3,2023-07-03,18,41,Normal,N
1952,3,2023-07-04,57,43,Normal,N
1953,3,2023-07-05,43,33,Normal,N
1954,3,2023-07-06,84,28,Normal,N
1955,3,2023-07-07,26,29,Normal,N
1956,3,2023-07-08,51,32,Normal,N
1957,3,2023-07-09,12,42,Normal,N
1958,3,2023-07-10,28,26,Normal,N
1959,3,2023-07-11,99,25,Severe,Y
1960,3,2023-07-12,11,38,Normal,N
1961,3,2023-07-13,28,39,Normal,N
1962,3,2023-07-14,85,39,Normal,N
1963,3,2023-07-15,105,37,Normal,N
1964,3,2023-07-16,56,32,Normal,N
1965,3,2023-07-17,44,28,Normal,N
1966,3,2023-07-18,68,36,Normal,N
1967,3,2023-07-19,88,33,Moderate,N
1968,3,2023-07-20,40,43,Moderate,N
1969,3,2023-07-21,97,32,Normal,N
1970,3,2023-07-22,131,28,Moderate,N
1971,3,2023-07-23,91,38,Normal,N
1972,3,2023-07-24,33,30,Normal,N
1973,3,2023-07-25,56,28,Normal,N
1974,3,2023-07-26,115,28,Normal,N
1975,3,2023-07-27,3,40,Normal,N
1976,3,2023-07-28,74,25,Normal,N
1977,3,2023-07-29,135,42,Normal,N
1978,3,2023-07-30,82,37,Moderate,N
1979,3,2023-07-31,95,41,Moderate,N
1980,3,2023-08-01,91,26,Normal,N
1981,3,2023-08-02,104,41,Normal,N
1982,3,2023-08-03,64,42,Normal,N
1983,3,2023-08-04,78,27,Normal,N
1984,3,2023-08-05,59,40,Normal,N
1985,3,2023-08-06,48,36,Normal,N
1986,3,2023-08-07,103,41,Severe,Y
1987,3,2023-08-08,31,34,Normal,N
1988,3,2023-08-09,35,38,Normal,N
1989,3,2023-08-10,99,28,Normal,N
1990,3,2023-08-11,75,32,Normal,N
1991,3,2023-08-12,57,31,Normal,N
1992,3,2023-08-13,17,37,Normal,N
1993,3,2023-08-14,20,34,Moderate,N
1994,3,2023-08-15,33,36,Normal,N
1995,3,2023-08-16,112,41,Normal,N
1996,3,2023-08-17,137,31,Normal,N
1997,3,2023-08-18,137,30,Moderate,N
1998,3,2023-08-19,68,36,Normal,N
1999,3,2023-08-20,129,29,Normal,N
2000,3,2023-08-21,119,27,Moderate,N
2001,3,2023-08-22,112,27,Moderate,N
2002,3,2023-08-23,125,39,Moderate,N
2003,3,2023-08-24,114,40,Severe,Y
2004,3,2023-08-25,37,30,Normal,N
2005,3,2023-08-26,2,36,Normal,N
2006,3,2023-08-27,28,37,Normal,N
2007,3,2023-08-28,40,26,Normal,N
2008,3,2023-08-29,75,24,Normal,N
2009,3,2023-08-30,70,39,Normal,N
2010,3,2023-08-31,137,26,Normal,N
2011,3,2023-09-01,127,36,Normal,N
2012,3,2023-09-02,67,31,Normal,N
2013,3,2023-09-03,29,40,Severe,Y
2014,3,2023-09-04,30,41,Moderate,N
2015,3,2023-09-05,76,42,Moderate,N
2016,3,2023-09-06,115,30,Normal,N
2017,3,2023-09-07,122,25,Normal,N
2018,3,2023-09-08,54,36,Normal,N
2019,3,2023-09-09,49,30,Moderate,N
2020,3,2023-09-10,66,38,Normal,N
2021,3,2023-09-11,44,28,Severe,Y
2022,3,2023-09-12,38,41,Severe,Y
2023,3,2023-09-13,92,28,Normal,N
2024,3,2023-09-14,74,38,Normal,N
2025,3,2023-09-15,65,33,Normal,N
2026,3,2023-09-16,136,39,Moderate,N
2027,3,2023-09-17,139,41,Severe,Y
2028,3,2023-09-18,24,40,Normal,N
2029,3,2023-09-19,77,43,Normal,N
2030,3,2023-09-20,87,28,Normal,N
2031,3,2023-09-21,123,27,Moderate,N
2032,3,2023-09-22,25,38,Moderate,N
2033,3,2023-09-23,53,27,Normal,N
2034,3,2023-09-24,28,29,Normal,N
2035,3,2023-09-25,16,38,Moderate,N
2036,3,2023-09-26,83,26,Moderate,N
2037,3,2023-09-27,59,32,Normal,N
2038,3,2023-09-28,1,34,Severe,Y
2039,3,2023-09-29,126,27,Moderate,N
2040,3,2023-09-30,132,30,Normal,N
2041,3,2023-10-01,73,32,Normal,N
2042,3,2023-10-02,31,41,Normal,N
2043,3,2023-10-03,120,28,Normal,N
2044,3,2023-10-04,45,40,Moderate,N
2045,3,2023-10-05,65,27,Normal,N
2046,3,2023-10-06,64,29,Normal,N
2047,3,2023-10-07,128,31,Severe,Y
2048,3,2023-10-08,44,29,Moderate,N
2049,3,2023-10-09,53,36,Normal,N
2050,3,2023-10-10,101,26,Normal,N
2051,3,2023-10-11,51,34,Normal,N
2052,3,2023-10-12,2,32,Moderate,N
2053,3,2023-10-13,74,24,Moderate,N
2054,3,2023-10-14,98,39,Moderate,N
2055,3,2023-10-15,105,35,Normal,N
2056,3,2023-10-16,26,40,Normal,N
2057,3,2023-10-17,119,34,Moderate,N
2058,3,2023-10-18,134,27,Normal,N
2059,3,2023-10-19,12,27,Normal,N
2060,3,2023-10-20,136,43,Moderate,N
2061,3,2023-10-21,108,29,Normal,N
2062,3,2023-10-22,46,39,Moderate,N
2063,3,2023-10-23,3,30,Moderate,N
2064,3,2023-10-24,60,41,Moderate,N
2065,3,2023-10-25,27,38,Normal,N
2066,3,2023-10-26,86,41,Moderate,N
2067,3,2023-10-27,117,33,Normal,N
2068,3,2023-10-28,61,36,Normal,N
2069,3,2023-10-29,73,35,Normal,N
2070,3,2023-10-30,89,35,Normal,N
2071,3,2023-10-31,46,41,Severe,Y
2072,3,2023-11-01,138,24,Normal,N
2073,3,2023-11-02,119,35,Moderate,N
2074,3,2023-11-03,90,25,Normal,N
2075,3,2023-11-04,53,27,Moderate,N
2076,3,2023-11-05,105,42,Normal,N
2077,3,2023-11-06,51,35,Normal,N
2078,3,2023-11-07,101,31,Normal,N
2079,3,2023-11-08,21,31,Normal,N
2080,3,2023-11-09,64,34,Normal,N
2081,3,2023-11-10,58,34,Normal,N
2082,3,2023-11-11,79,24,Severe,Y
2083,3,2023-11-12,75,32,Normal,N
2084,3,2023-11-13,76,32,Normal,N
2085,3,2023-11-14,74,38,Moderate,N
2086,3,2023-11-15,111,28,Normal,N
2087,3,2023-11-16,101,34,Severe,Y
2088,3,2023-11-17,23,39,Normal,N
2089,3,2023-11-18,39,26,Severe,Y
2090,3,2023-11-19,126,37,Moderate,N
2091,3,2023-11-20,120,35,Normal,N
2092,3,2023-11-21,139,33,Moderate,N
2093,3,2023-11-22,74,42,Normal,N
2094,3,2023-11-23,117,35,Moderate,N
2095,3,2023-11-24,34,40,Moderate,N
2096,3,2023-11-25,117,26,Normal,N
2097,3,2023-11-26,114,25,Moderate,N
2098,3,2023-11-27,94,38,Severe,Y
2099,3,2023-11-28,39,40,Normal,N
2100,3,2023-11-29,106,35,Moderate,N
2101,3,2023-11-30,48,41,Normal,N
2102,3,2023-12-01,0,32,Normal,N
2103,3,2023-12-02,10,33,Moderate,N
2104,3,2023-12-03,41,41,Normal,N
2105,3,2023-12-04,135,24,Normal,N
2106,3,2023-12-05,112,39,Normal,N
2107,3,2023-12-06,99,33,Severe,Y
2108,3,2023-12-07,18,32,Normal,N
2109,3,2023-12-08,3,24,Severe,Y
2110,3,2023-12-09,99,43,Severe,Y
2111,3,2023-12-10,47,33,Normal,N
2112,3,2023-12-11,21,40,Severe,Y
2113,3,2023-12-12,55,24,Normal,N
2114,3,2023-12-13,61,24,Normal,N
2115,3,2023-12-14,136,39,Normal,N
2116,3,2023-12-15,6,35,Normal,N
2117,3,2023-12-16,33,34,Moderate,N
2118,3,2023-12-17,52,26,Normal,N
2119,3,2023-12-18,7,30,Normal,N
2120,3,2023-12-19,117,36,Normal,N
2121,3,2023-12-20,132,31,Normal,N
2122,3,2023-12-21,68,27,Normal,N
2123,3,2023-12-22,98,30,Normal,N
2124,3,2023-12-23,14,38,Severe,Y
2125,3,2023-12-24,66,32,Normal,N
2126,3,2023-12-25,50,40,Normal,N
2127,3,2023-12-26,16,24,Moderate,N
2128,3,2023-12-27,117,24,Normal,N
2129,3,2023-12-28,0,41,Normal,N
2130,3,2023-12-29,133,32,Severe,Y
2131,3,2023-12-30,77,37,Normal,N
2132,3,2023-12-31,37,38,Normal,N
2133,3,2024-01-01,113,33,Normal,N
2134,3,2024-01-02,4,40,Normal,N
2135,3,2024-01-03,64,31,Moderate,N
2136,3,2024-01-04,125,24,Normal,N
2137,3,2024-01-05,23,38,Severe,Y
2138,3,2024-01-06,75,32,Normal,N
2139,3,2024-01-07,68,25,Moderate,N
2140,3,2024-01-08,11,27,Normal,N
2141,3,2024-01-09,95,27,Normal,N
2142,3,2024-01-10,137,24,Normal,N
2143,3,2024-01-11,32,43,Normal,N
2144,3,2024-01-12,101,41,Normal,N
2145,3,2024-01-13,8,43,Normal,N
2146,3,2024-01-14,60,40,Normal,N
2147,3,2024-01-15,95,30,Moderate,N
2148,3,2024-01-16,120,30,Normal,N
2149,3,2024-01-17,115,27,Normal,N
2150,3,2024-01-18,49,25,Moderate,N
2151,3,2024-01-19,93,41,Normal,N
2152,3,2024-01-20,72,26,Moderate,N
2153,3,2024-01-21,62,34,Normal,N
2154,3,2024-01-22,89,31,Normal,N
2155,3,2024-01-23,37,38,Severe,Y
2156,3,2024-01-24,20,42,Moderate,N
2157,3,2024-01-25,70,29,Normal,N
2158,3,2024-01-26,19,29,Normal,N
2159,3,2024-01-27,122,43,Normal,N
2160,3,2024-01-28,96,34,Moderate,N
2161,3,2024-01-29,58,40,Normal,N
2162,3,2024-01-30,47,42,Normal,N
2163,3,2024-01-31,79,36,Normal,N
2164,3,2024-02-01,21,41,Normal,N
2165,3,2024-02-02,80,25,Normal,N
2166,3,2024-02-03,64,30,Normal,N
2167,3,2024-02-04,79,29,Normal,N
2168,3,2024-02-05,62,43,Moderate,N
2169,3,2024-02-06,52,43,Normal,N
2170,3,2024-02-07,97,40,Normal,N
2171,3,2024-02-08,4,37,Normal,N
2172,3,2024-02-09,58,29,Moderate,N
2173,3,2024-02-10,86,37,Normal,N
2174,3,2024-02-11,4,27,Normal,N
2175,3,2024-02-12,55,25,Normal,N
2176,3,2024-02-13,118,31,Normal,N
2177,3,2024-02-14,4,43,Normal,N
2178,3,2024-02-15,83,36,Normal,N
2179,3,2024-02-16,138,40,Moderate,N
2180,3,2024-02-17,3,30,Moderate,N
2181,3,2024-02-18,122,34,Moderate,N
2182,3,2024-02-19,32,26,Normal,N
2183,3,2024-02-20,80,38,Normal,N
2184,3,2024-02-21,97,41,Normal,N
2185,3,2024-02-22,132,26,Moderate,N
2186,3,2024-02-23,14,31,Normal,N
2187,3,2024-02-24,79,40,Normal,N
2188,3,2024-02-25,2,28,Normal,N
2189,3,2024-02-26,72,33,Normal,N
2190,3,2024-02-27,81,28,Normal,N
2191,3,2024-02-28,56,39,Normal,N
2192,3,2024-02-29,41,25,Moderate,N
2193,3,2024-03-01,102,24,Moderate,N
2194,3,2024-03-02,16,36,Normal,N
2195,3,2024-03-03,78,24,Moderate,N
2196,3,2024-03-04,109,25,Normal,N
2197,3,2024-03-05,65,35,Moderate,N
2198,3,2024-03-06,51,32,Normal,N
2199,3,2024-03-07,74,32,Normal,N
2200,3,2024-03-08,120,39,Normal,N
2201,3,2024-03-09,65,42,Normal,N
2202,3,2024-03-10,72,26,Normal,N
2203,3,2024-03-11,66,35,Normal,N
2204,3,2024-03-12,25,40,Normal,N
2205,3,2024-03-13,26,35,Normal,N
2206,3,2024-03-14,12,35,Normal,N
2207,3,2024-03-15,94,24,Normal,N
2208,3,2024-03-16,41,28,Severe,Y
2209,3,2024-03-17,21,34,Normal,N
2210,3,2024-03-18,132,33,Severe,Y
2211,3,2024-03-19,135,37,Normal,N
2212,3,2024-03-20,5,28,Normal,N
2213,3,2024-03-21,69,43,Normal,N
2214,3,2024-03-22,38,30,Moderate,N
2215,3,2024-03-23,86,25,Normal,N
2216,3,2024-03-24,77,36,Normal,N
2217,3,2024-03-25,81,31,Normal,N
2218,3,2024-03-26,81,41,Normal,N
2219,3,2024-03-27,15,30,Normal,N
2220,3,2024-03-28,29,41,Normal,N
2221,3,2024-03-29,21,32,Normal,N
2222,3,2024-03-30,108,29,Normal,N
2223,3,2024-03-31,35,24,Normal,N
2224,3,2024-04-01,110,39,Moderate,N
2225,3,2024-04-02,8,36,Moderate,N
2226,3,2024-04-03,112,29,Normal,N
2227,3,2024-04-04,104,39,Normal,N
2228,3,2024-04-05,85,29,Normal,N
2229,3,2024-04-06,114,39,Normal,N
2230,3,2024-04-07,119,42,Normal,N
2231,3,2024-04-08,73,41,Normal,N
2232,3,2024-04-09,49,28,Moderate,N
2233,3,2024-04-10,41,42,Moderate,N
2234,3,2024-04-11,15,36,Moderate,N
2235,3,2024-04-12,11,32,Moderate,N
2236,3,2024-04-13,51,39,Normal,N
2237,3,2024-04-14,95,30,Normal,N
2238,3,2024-04-15,20,24,Normal,N
2239,3,2024-04-16,117,36,Moderate,N
2240,3,2024-04-17,130,43,Normal,N
2241,3,2024-04-18,64,30,Normal,N
2242,3,2024-04-19,104,31,Moderate,N
2243,3,2024-04-20,42,41,Severe,Y
2244,3,2024-04-21,36,34,Normal,N
2245,3,2024-04-22,132,36,Severe,Y
2246,3,2024-04-23,38,39,Normal,N
2247,3,2024-04-24,104,37,Normal,N
2248,3,2024-04-25,22,39,Normal,N
2249,3,2024-04-26,108,42,Normal,N
2250,3,2024-04-27,9,31,Normal,N
2251,3,2024-04-28,35,38,Normal,N
2252,3,2024-04-29,4,34,Normal,N
2253,3,2024-04-30,84,35,Normal,N
2254,3,2024-05-01,48,26,Severe,Y
2255,3,2024-05-02,13,34,Normal,N
2256,3,2024-05-03,72,42,Normal,N
2257,3,2024-05-04,95,27,Normal,N
2258,3,2024-05-05,52,30,Normal,N
2259,3,2024-05-06,17,36,Moderate,N
2260,3,2024-05-07,104,28,Normal,N
2261,3,2024-05-08,20,34,Normal,N
2262,3,2024-05-09,114,24,Normal,N
2263,3,2024-05-10,42,29,Normal,N
2264,3,2024-05-11,123,41,Moderate,N
2265,3,2024-05-12,35,40,Normal,N
2266,3,2024-05-13,19,29,Normal,N
2267,3,2024-05-14,14,36,Normal,N
2268,3,2024-05-15,56,37,Severe,Y
2269,3,2024-05-16,12,29,Normal,N
2270,3,2024-05-17,93,38,Normal,N
2271,3,2024-05-18,8,27,Normal,N
2272,3,2024-05-19,137,41,Normal,N
2273,3,2024-05-20,18,28,Normal,N
2274,3,2024-05-21,49,33,Normal,N
2275,3,2024-05-22,32,34,Normal,N
2276,3,2024-05-23,33,33,Normal,N
2277,3,2024-05-24,103,42,Normal,N
2278,3,2024-05-25,10,31,Severe,Y
2279,3,2024-05-26,49,26,Normal,N
2280,3,2024-05-27,8,38,Normal,N
2281,3,2024-05-28,64,28,Normal,N
2282,3,2024-05-29,43,24,Normal,N
2283,3,2024-05-30,54,25,Normal,N
2284,3,2024-05-31,90,25,Normal,N
2285,3,2024-06-01,18,39,Normal,N
2286,3,2024-06-02,137,32,Normal,N
2287,3,2024-06-03,88,31,Normal,N
2288,3,2024-06-04,52,30,Severe,Y
2289,3,2024-06-05,74,31,Normal,N
2290,3,2024-06-06,57,40,Normal,N
2291,3,2024-06-07,134,41,Normal,N
2292,3,2024-06-08,132,37,Normal,N
2293,3,2024-06-09,18,32,Normal,N
2294,3,2024-06-10,125,33,Moderate,N
2295,3,2024-06-11,33,24,Normal,N
2296,3,2024-06-12,34,32,Severe,Y
2297,3,2024-06-13,62,38,Normal,N
2298,3,2024-06-14,14,37,Moderate,N
2299,3,2024-06-15,127,41,Normal,N
2300,3,2024-06-16,127,40,Normal,N
2301,3,2024-06-17,74,37,Moderate,N
2302,3,2024-06-18,62,26,Normal,N
2303,3,2024-06-19,81,31,Severe,Y
2304,3,2024-06-20,75,37,Normal,N
2305,3,2024-06-21,65,32,Moderate,N
2306,3,2024-06-22,135,25,Normal,N
2307,3,2024-06-23,102,37,Severe,Y
2308,3,2024-06-24,42,35,Moderate,N
2309,3,2024-06-25,126,24,Moderate,N
2310,3,2024-06-26,128,28,Normal,N
2311,3,2024-06-27,108,42,Severe,Y
2312,3,2024-06-28,131,35,Normal,N
2313,3,2024-06-29,99,35,Moderate,N
2314,3,2024-06-30,24,32,Severe,Y
2315,3,2024-07-01,29,43,Moderate,N
2316,3,2024-07-02,114,27,Normal,N
2317,3,2024-07-03,24,32,Normal,N
2318,3,2024-07-04,25,41,Normal,N
2319,3,2024-07-05,4,37,Normal,N
2320,3,2024-07-06,40,33,Normal,N
2321,3,2024-07-07,57,34,Moderate,N
2322,3,2024-07-08,25,25,Moderate,N
2323,3,2024-07-09,78,28,Normal,N
2324,3,2024-07-10,17,42,Normal,N
2325,3,2024-07-11,90,42,Normal,N
2326,3,2024-07-12,130,26,Normal,N
2327,3,2024-07-13,58,32,Normal,N
2328,3,2024-07-14,110,37,Normal,N
2329,3,2024-07-15,78,40,Normal,N
2330,3,2024-07-16,105,37,Moderate,N
2331,3,2024-07-17,95,42,Severe,Y
2332,3,2024-07-18,87,30,Normal,N
2333,3,2024-07-19,131,26,Normal,N
2334,3,2024-07-20,6,35,Normal,N
2335,3,2024-07-21,52,36,Normal,N
2336,3,2024-07-22,140,33,Normal,N
2337,3,2024-07-23,137,38,Normal,N
2338,3,2024-07-24,25,27,Severe,Y
2339,3,2024-07-25,86,34,Normal,N
2340,3,2024-07-26,11,31,Normal,N
2341,3,2024-07-27,135,26,Severe,Y
2342,3,2024-07-28,58,38,Moderate,N
2343,3,2024-07-29,50,31,Moderate,N
2344,3,2024-07-30,134,37,Moderate,N
2345,3,2024-07-31,51,26,Normal,N
2346,3,2024-08-01,60,40,Moderate,N
2347,3,2024-08-02,30,40,Normal,N
2348,3,2024-08-03,113,28,Moderate,N
2349,3,2024-08-04,25,43,Normal,N
2350,4,2022-05-27,140,43,Normal,N
2351,4,2022-05-28,123,27,Normal,N
2352,4,2022-05-29,50,42,Normal,N
2353,4,2022-05-30,78,30,Normal,N
2354,4,2022-05-31,31,26,Normal,N
2355,4,2022-06-01,51,25,Moderate,N
2356,4,2022-06-02,111,26,Severe,Y
2357,4,2022-06-03,74,42,Normal,N
2358,4,2022-06-04,100,26,Normal,N
2359,4,2022-06-05,80,42,Normal,N
2360,4,2022-06-06,77,37,Normal,N
2361,4,2022-06-07,124,32,Severe,Y
2362,4,2022-06-08,10,26,Normal,N
2363,4,2022-06-09,68,33,Normal,N
2364,4,2022-06-10,91,32,Normal,N
2365,4,2022-06-11,96,32,Normal,N
2366,4,2022-06-12,20,40,Moderate,N
2367,4,2022-06-13,92,27,Normal,N
2368,4,2022-06-14,91,39,Normal,N
2369,4,2022-06-15,67,40,Severe,Y
2370,4,2022-06-16,99,25,Moderate,N
2371,4,2022-06-17,138,39,Moderate,N
2372,4,2022-06-18,38,24,Normal,N
2373,4,2022-06-19,121,27,Normal,N
2374,4,2022-06-20,117,25,Normal,N
2375,4,2022-06-21,121,38,Moderate,N
2376,4,2022-06-22,13,30,Normal,N
2377,4,2022-06-23,44,40,Moderate,N
2378,4,2022-06-24,52,29,Normal,N
2379,4,2022-06-25,20,35,Severe,Y
2380,4,2022-06-26,43,34,Normal,N
2381,4,2022-06-27,107,35,Moderate,N
2382,4,2022-06-28,0,38,Normal,N
2383,4,2022-06-29,4,25,Severe,Y
2384,4,2022-06-30,87,40,Normal,N
2385,4,2022-07-01,0,38,Normal,N
2386,4,2022-07-02,48,27,Normal,N
2387,4,2022-07-03,132,41,Moderate,N
2388,4,2022-07-04,70,24,Normal,N
2389,4,2022-07-05,136,25,Normal,N
2390,4,2022-07-06,117,32,Normal,N
2391,4,2022-07-07,82,31,Severe,Y
2392,4,2022-07-08,117,39,Moderate,N
2393,4,2022-07-09,104,24,Normal,N
2394,4,2022-07-10,20,43,Normal,N
2395,4,2022-07-11,124,26,Normal,N
2396,4,2022-07-12,89,42,Normal,N
2397,4,2022-07-13,133,40,Normal,N
2398,4,2022-07-14,34,37,Severe,Y
2399,4,2022-07-15,85,36,Normal,N
2400,4,2022-07-16,92,36,Normal,N
2401,4,2022-07-17,94,39,Normal,N
2402,4,2022-07-18,9,41,Normal,N
2403,4,2022-07-19,94,38,Moderate,N
2404,4,2022-07-20,96,25,Severe,Y
2405,4,2022-07-21,127,30,Normal,N
2406,4,2022-07-22,54,30,Moderate,N
2407,4,2022-07-23,3,40,Normal,N
2408,4,2022-07-24,24,25,Moderate,N
2409,4,2022-07-25,2,43,Normal,N
2410,4,2022-07-26,82,33,Normal,N
2411,4,2022-07-27,0,26,Normal,N
2412,4,2022-07-28,25,27,Normal,N
2413,4,2022-07-29,116,33,Moderate,N
2414,4,2022-07-30,41,39,Normal,N
2415,4,2022-07-31,105,27,Normal,N
2416,4,2022-08-01,66,30,Normal,N
2417,4,2022-08-02,31,26,Normal,N
2418,4,2022-08-03,1,25,Moderate,N
2419,4,2022-08-04,125,37,Normal,N
2420,4,2022-08-05,55,29,Moderate,N
2421,4,2022-08-06,118,35,Normal,N
2422,4,2022-08-07,81,31,Normal,N
2423,4,2022-08-08,110,37,Normal,N
2424,4,2022-08-09,84,24,Moderate,N
2425,4,2022-08-10,139,31,Normal,N
2426,4,2022-08-11,75,42,Normal,N
2427,4,2022-08-12,103,35,Normal,N
2428,4,2022-08-13,116,31,Normal,N
2429,4,2022-08-14,98,29,Moderate,N
2430,4,2022-08-15,85,31,Normal,N
2431,4,2022-08-16,101,34,Normal,N
2432,4,2022-08-17,126,37,Normal,N
2433,4,2022-08-18,114,29,Normal,N
2434,4,2022-08-19,12,25,Normal,N
2435,4,2022-08-20,63,27,Normal,N
2436,4,2022-08-21,92,42,Moderate,N
2437,4,2022-08-22,121,26,Normal,N
2438,4,2022-08-23,24,27,Normal,N
2439,4,2022-08-24,14,39,Normal,N
2440,4,2022-08-25,91,42,Normal,N
2441,4,2022-08-26,103,40,Normal,N
2442,4,2022-08-27,34,31,Moderate,N
2443,4,2022-08-28,125,25,Normal,N
2444,4,2022-08-29,77,35,Normal,N
2445,4,2022-08-30,126,34,Severe,Y
2446,4,2022-08-31,140,42,Normal,N
2447,4,2022-09-01,131,29,Normal,N
2448,4,2022-09-02,77,25,Normal,N
2449,4,2022-09-03,27,28,Normal,N
2450,4,2022-09-04,27,32,Severe,Y
2451,4,2022-09-05,59,43,Normal,N
2452,4,2022-09-06,33,34,Normal,N
2453,4,2022-09-07,93,38,Moderate,N
2454,4,2022-09-08,92,34,Moderate,N
2455,4,2022-09-09,90,28,Normal,N
2456,4,2022-09-10,106,31,Moderate,N
2457,4,2022-09-11,137,41,Moderate,N
2458,4,2022-09-12,67,29,Moderate,N
2459,4,2022-09-13,1,33,Moderate,N
2460,4,2022-09-14,61,31,Moderate,N
2461,4,2022-09-15,26,24,Severe,Y
2462,4,2022-09-16,131,31,Normal,N
2463,4,2022-09-17,53,36,Normal,N
2464,4,2022-09-18,60,26,Normal,N
2465,4,2022-09-19,122,37,Moderate,N
2466,4,2022-09-20,121,37,Normal,N
2467,4,2022-09-21,44,30,Moderate,N
2468,4,2022-09-22,8,27,Normal,N
2469,4,2022-09-23,104,25,Severe,Y
2470,4,2022-09-24,20,37,Moderate,N
2471,4,2022-09-25,65,42,Normal,N
2472,4,2022-09-26,79,37,Severe,Y
2473,4,2022-09-27,90,24,Normal,N
2474,4,2022-09-28,85,36,Normal,N
2475,4,2022-09-29,16,33,Normal,N
2476,4,2022-09-30,133,40,Normal,N
2477,4,2022-10-01,139,25,Normal,N
2478,4,2022-10-02,67,24,Normal,N
2479,4,2022-10-03,81,26,Normal,N
2480,4,2022-10-04,85,42,Normal,N
2481,4,2022-10-05,67,32,Normal,N
2482,4,2022-10-06,73,38,Normal,N
2483,4,2022-10-07,138,39,Normal,N
2484,4,2022-10-08,15,40,Normal,N
2485,4,2022-10-09,16,40,Moderate,N
2486,4,2022-10-10,132,30,Normal,N
2487,4,2022-10-11,12,30,Moderate,N
2488,4,2022-10-12,34,24,Normal,N
2489,4,2022-10-13,3,39,Normal,N
2490,4,2022-10-14,72,39,Moderate,N
2491,4,2022-10-15,20,38,Normal,N
2492,4,2022-10-16,90,43,Normal,N
2493,4,2022-10-17,22,28,Normal,N
2494,4,2022-10-18,46,42,Moderate,N
2495,4,2022-10-19,82,33,Normal,N
2496,4,2022-10-20,5,34,Moderate,N
2497,4,2022-10-21,111,40,Moderate,N
2498,4,2022-10-22,71,33,Moderate,N
2499,4,2022-10-23,22,40,Moderate,N
2500,4,2022-10-24,61,28,Normal,N
2501,4,2022-10-25,97,33,Moderate,N
2502,4,2022-10-26,64,32,Normal,N
2503,4,2022-10-27,87,28,Normal,N
2504,4,2022-10-28,69,32,Moderate,N
2505,4,2022-10-29,140,33,Normal,N
2506,4,2022-10-30,120,42,Severe,Y
2507,4,2022-10-31,33,33,Normal,N
2508,4,2022-11-01,41,33,Severe,Y
2509,4,2022-11-02,13,24,Normal,N
2510,4,2022-11-03,38,38,Normal,N
2511,4,2022-11-04,57,38,Normal,N
2512,4,2022-11-05,80,37,Moderate,N
2513,4,2022-11-06,33,25,Normal,N
2514,4,2022-11-07,136,36,Normal,N
2515,4,2022-11-08,132,35,Moderate,N
2516,4,2022-11-09,135,37,Severe,Y
2517,4,2022-11-10,53,38,Severe,Y
2518,4,2022-11-11,28,29,Normal,N
2519,4,2022-11-12,126,25,Normal,N
2520,4,2022-11-13,134,32,Normal,N
2521,4,2022-11-14,66,39,Normal,N
2522,4,2022-11-15,132,36,Moderate,N
2523,4,2022-11-16,126,36,Moderate,N
2524,4,2022-11-17,136,24,Moderate,N
2525,4,2022-11-18,37,42,Normal,N
2526,4,2022-11-19,26,25,Normal,N
2527,4,2022-11-20,121,35,Normal,N
2528,4,2022-11-21,116,25,Moderate,N
2529,4,2022-11-22,26,37,Normal,N
2530,4,2022-11-23,117,26,Moderate,N
2531,4,2022-11-24,136,40,Moderate,N
2532,4,2022-11-25,30,33,Moderate,N
2533,4,2022-11-26,13,31,Normal,N
2534,4,2022-11-27,104,36,Normal,N
2535,4,2022-11-28,138,30,Normal,N
2536,4,2022-11-29,32,28,Moderate,N
2537,4,2022-11-30,43,41,Moderate,N
2538,4,2022-12-01,92,26,Moderate,N
2539,4,2022-12-02,34,24,Normal,N
2540,4,2022-12-03,50,31,Normal,N
2541,4,2022-12-04,99,27,Normal,N
2542,4,2022-12-05,89,38,Normal,N
2543,4,2022-12-06,106,31,Moderate,N
2544,4,2022-12-07,10,33,Normal,N
2545,4,2022-12-08,68,32,Normal,N
2546,4,2022-12-09,131,35,Severe,Y
2547,4,2022-12-10,133,29,Normal,N
2548,4,2022-12-11,113,29,Normal,N
2549,4,2022-12-12,128,33,Normal,N
2550,4,2022-12-13,138,29,Normal,N
2551,4,2022-12-14,17,34,Moderate,N
2552,4,2022-12-15,8,26,Normal,N
2553,4,2022-12-16,58,30,Normal,N
2554,4,2022-12-17,102,31,Normal,N
2555,4,2022-12-18,3,25,Normal,N
2556,4,2022-12-19,86,24,Normal,N
2557,4,2022-12-20,50,39,Normal,N
2558,4,2022-12-21,63,32,Normal,N
2559,4,2022-12-22,61,41,Normal,N
2560,4,2022-12-23,49,24,Normal,N
2561,4,2022-12-24,43,31,Moderate,N
2562,4,2022-12-25,78,24,Normal,N
2563,4,2022-12-26,114,41,Moderate,N
2564,4,2022-12-27,7,24,Moderate,N
2565,4,2022-12-28,100,40,Moderate,N
2566,4,2022-12-29,101,27,Normal,N
2567,4,2022-12-30,109,39,Normal,N
2568,4,2022-12-31,92,33,Normal,N
2569,4,2023-01-01,45,31,Normal,N
2570,4,2023-01-02,108,40,Moderate,N
2571,4,2023-01-03,33,31,Moderate,N
2572,4,2023-01-04,135,41,Normal,N
2573,4,2023-01-05,117,25,Normal,N
2574,4,2023-01-06,137,29,Moderate,N
2575,4,2023-01-07,85,43,Moderate,N
2576,4,2023-01-08,104,33,Normal,N
2577,4,2023-01-09,136,40,Normal,N
2578,4,2023-01-10,133,37,Normal,N
2579,4,2023-01-11,51,27,Normal,N
2580,4,2023-01-12,111,33,Normal,N
2581,4,2023-01-13,97,24,Moderate,N
2582,4,2023-01-14,67,39,Severe,Y
2583,4,2023-01-15,63,38,Moderate,N
2584,4,2023-01-16,81,24,Normal,N
2585,4,2023-01-17,13,26,Severe,Y
2586,4,2023-01-18,39,41,Moderate,N
2587,4,2023-01-19,112,38,Normal,N
2588,4,2023-01-20,68,31,Normal,N
2589,4,2023-01-21,38,28,Normal,N
2590,4,2023-01-22,72,30,Normal,N
2591,4,2023-01-23,83,34,Normal,N
2592,4,2023-01-24,65,24,Normal,N
2593,4,2023-01-25,29,33,Normal,N
2594,4,2023-01-26,91,26,Normal,N
2595,4,2023-01-27,46,41,Normal,N
2596,4,2023-01-28,66,27,Normal,N
2597,4,2023-01-29,33,39,Normal,N
2598,4,2023-01-30,20,27,Normal,N
2599,4,2023-01-31,33,42,Moderate,N
2600,4,2023-02-01,95,25,Moderate,N
2601,4,2023-02-02,79,30,Normal,N
2602,4,2023-02-03,3,34,Normal,N
2603,4,2023-02-04,15,33,Normal,N
2604,4,2023-02-05,57,25,Moderate,N
2605,4,2023-02-06,38,24,Normal,N
2606,4,2023-02-07,10,26,Normal,N
2607,4,2023-02-08,26,28,Severe,Y
2608,4,2023-02-09,62,32,Severe,Y
2609,4,2023-02-10,96,38,Normal,N
2610,4,2023-02-11,119,30,Normal,N
2611,4,2023-02-12,73,33,Moderate,N
2612,4,2023-02-13,138,41,Normal,N
2613,4,2023-02-14,19,43,Normal,N
2614,4,2023-02-15,81,28,Moderate,N
2615,4,2023-02-16,53,30,Normal,N
2616,4,2023-02-17,27,42,Normal,N
2617,4,2023-02-18,69,28,Moderate,N
2618,4,2023-02-19,56,24,Normal,N
2619,4,2023-02-20,47,42,Normal,N
2620,4,2023-02-21,50,25,Severe,Y
2621,4,2023-02-22,101,27,Normal,N
2622,4,2023-02-23,69,38,Normal,N
2623,4,2023-02-24,19,26,Normal,N
2624,4,2023-02-25,98,34,Moderate,N
2625,4,2023-02-26,96,30,Normal,N
2626,4,2023-02-27,29,33,Moderate,N
2627,4,2023-02-28,9,31,Normal,N
2628,4,2023-03-01,51,40,Normal,N
2629,4,2023-03-02,93,43,Severe,Y
2630,4,2023-03-03,44,26,Normal,N
2631,4,2023-03-04,103,32,Moderate,N
2632,4,2023-03-05,41,37,Normal,N
2633,4,2023-03-06,135,34,Normal,N
2634,4,2023-03-07,102,36,Normal,N
2635,4,2023-03-08,101,26,Severe,Y
2636,4,2023-03-09,43,31,Normal,N
2637,4,2023-03-10,72,28,Severe,Y
2638,4,2023-03-11,105,25,Normal,N
2639,4,2023-03-12,117,39,Moderate,N
2640,4,2023-03-13,135,36,Moderate,N
2641,4,2023-03-14,78,29,Normal,N
2642,4,2023-03-15,85,26,Normal,N
2643,4,2023-03-16,121,30,Normal,N
2644,4,2023-03-17,88,34,Normal,N
2645,4,2023-03-18,74,30,Moderate,N
2646,4,2023-03-19,98,40,Severe,Y
2647,4,2023-03-20,57,24,Moderate,N
2648,4,2023-03-21,107,29,Normal,N
2649,4,2023-03-22,58,36,Normal,N
2650,4,2023-03-23,120,27,Normal,N
2651,4,2023-03-24,86,39,Moderate,N
2652,4,2023-03-25,102,36,Normal,N
2653,4,2023-03-26,57,39,Normal,N
2654,4,2023-03-27,127,28,Normal,N
2655,4,2023-03-28,66,39,Moderate,N
2656,4,2023-03-29,66,30,Normal,N
2657,4,2023-03-30,34,38,Severe,Y
2658,4,2023-03-31,81,38,Normal,N
2659,4,2023-04-01,72,39,Normal,N
2660,4,2023-04-02,58,41,Moderate,N
2661,4,2023-04-03,68,25,Normal,N
2662,4,2023-04-04,1,30,Moderate,N
2663,4,2023-04-05,68,42,Severe,Y
2664,4,2023-04-06,138,34,Normal,N
2665,4,2023-04-07,14,33,Normal,N
2666,4,2023-04-08,136,31,Moderate,N
2667,4,2023-04-09,106,38,Normal,N
2668,4,2023-04-10,53,42,Severe,Y
2669,4,2023-04-11,68,30,Normal,N
2670,4,2023-04-12,21,25,Normal,N
2671,4,2023-04-13,9,29,Severe,Y
2672,4,2023-04-14,24,29,Normal,N
2673,4,2023-04-15,104,30,Normal,N
2674,4,2023-04-16,19,26,Moderate,N
2675,4,2023-04-17,94,26,Normal,N
2676,4,2023-04-18,64,25,Normal,N
2677,4,2023-04-19,129,43,Normal,N
2678,4,2023-04-20,47,39,Moderate,N
2679,4,2023-04-21,84,29,Normal,N
2680,4,2023-04-22,112,27,Normal,N
2681,4,2023-04-23,60,38,Moderate,N
2682,4,2023-04-24,10,24,Moderate,N
2683,4,2023-04-25,11,26,Normal,N
2684,4,2023-04-26,133,33,Normal,N
2685,4,2023-04-27,2,36,Normal,N
2686,4,2023-04-28,57,30,Normal,N
2687,4,2023-04-29,14,32,Normal,N
2688,4,2023-04-30,36,24,Normal,N
2689,4,2023-05-01,75,26,Normal,N
2690,4,2023-05-02,125,36,Normal,N
2691,4,2023-05-03,54,30,Moderate,N
2692,4,2023-05-04,51,31,Moderate,N
2693,4,2023-05-05,103,33,Normal,N
2694,4,2023-05-06,34,26,Moderate,N
2695,4,2023-05-07,11,37,Normal,N
2696,4,2023-05-08,136,39,Normal,N
2697,4,2023-05-09,32,35,Normal,N
2698,4,2023-05-10,121,33,Moderate,N
2699,4,2023-05-11,131,39,Normal,N
2700,4,2023-05-12,119,36,Normal,N
2701,4,2023-05-13,81,33,Normal,N
2702,4,2023-05-14,107,38,Moderate,N
2703,4,2023-05-15,85,40,Severe,Y
2704,4,2023-05-16,40,38,Normal,N
2705,4,2023-05-17,103,34,Severe,Y
2706,4,2023-05-18,5,40,Normal,N
2707,4,2023-05-19,35,25,Normal,N
2708,4,2023-05-20,33,41,Normal,N
2709,4,2023-05-21,40,25,Moderate,N
2710,4,2023-05-22,114,36,Normal,N
2711,4,2023-05-23,62,43,Normal,N
2712,4,2023-05-24,56,41,Moderate,N
2713,4,2023-05-25,93,36,Severe,Y
2714,4,2023-05-26,24,28,Normal,N
2715,4,2023-05-27,97,36,Normal,N
2716,4,2023-05-28,2,31,Normal,N
2717,4,2023-05-29,122,32,Moderate,N
2718,4,2023-05-30,70,30,Normal,N
2719,4,2023-05-31,91,34,Normal,N
2720,4,2023-06-01,47,30,Moderate,N
2721,4,2023-06-02,45,35,Normal,N
2722,4,2023-06-03,2,39,Normal,N
2723,4,2023-06-04,125,34,Normal,N
2724,4,2023-06-05,44,31,Normal,N
2725,4,2023-06-06,50,25,Moderate,N
2726,4,2023-06-07,133,27,Normal,N
2727,4,2023-06-08,126,28,Normal,N
2728,4,2023-06-09,8,36,Severe,Y
2729,4,2023-06-10,73,30,Moderate,N
2730,4,2023-06-11,43,38,Severe,Y
2731,4,2023-06-12,54,33,Normal,N
2732,4,2023-06-13,75,41,Normal,N
2733,4,2023-06-14,4,39,Severe,Y
2734,4,2023-06-15,19,30,Normal,N
2735,4,2023-06-16,17,25,Severe,Y
2736,4,2023-06-17,82,25,Moderate,N
2737,4,2023-06-18,128,29,Moderate,N
2738,4,2023-06-19,10,29,Severe,Y
2739,4,2023-06-20,128,25,Normal,N
2740,4,2023-06-21,21,25,Normal,N
2741,4,2023-06-22,51,35,Moderate,N
2742,4,2023-06-23,128,31,Moderate,N
2743,4,2023-06-24,8,42,Severe,Y
2744,4,2023-06-25,89,42,Normal,N
2745,4,2023-06-26,138,27,Normal,N
2746,4,2023-06-27,97,30,Normal,N
2747,4,2023-06-28,118,26,Normal,N
2748,4,2023-06-29,62,43,Normal,N
2749,4,2023-06-30,68,27,Normal,N
2750,4,2023-07-01,45,32,Normal,N
2751,4,2023-07-02,22,30,Normal,N
2752,4,2023-07-03,108,39,Normal,N
2753,4,2023-07-04,83,39,Normal,N
2754,4,2023-07-05,96,36,Severe,Y
2755,4,2023-07-06,52,40,Normal,N
2756,4,2023-07-07,125,27,Normal,N
2757,4,2023-07-08,1,35,Severe,Y
2758,4,2023-07-09,49,27,Normal,N
2759,4,2023-07-10,118,37,Normal,N
2760,4,2023-07-11,1,29,Normal,N
2761,4,2023-07-12,124,27,Normal,N
2762,4,2023-07-13,40,33,Normal,N
2763,4,2023-07-14,136,40,Moderate,N
2764,4,2023-07-15,74,30,Moderate,N
2765,4,2023-07-16,126,43,Moderate,N
2766,4,2023-07-17,84,42,Severe,Y
2767,4,2023-07-18,126,24,Normal,N
2768,4,2023-07-19,31,34,Normal,N
2769,4,2023-07-20,104,40,Normal,N
2770,4,2023-07-21,124,43,Normal,N
2771,4,2023-07-22,125,41,Normal,N
2772,4,2023-07-23,59,24,Moderate,N
2773,4,2023-07-24,76,38,Normal,N
2774,4,2023-07-25,51,36,Normal,N
2775,4,2023-07-26,28,31,Normal,N
2776,4,2023-07-27,116,42,Moderate,N
2777,4,2023-07-28,106,40,Normal,N
2778,4,2023-07-29,60,35,Normal,N
2779,4,2023-07-30,103,39,Moderate,N
2780,4,2023-07-31,124,37,Normal,N
2781,4,2023-08-01,112,29,Normal,N
2782,4,2023-08-02,18,28,Normal,N
2783,4,2023-08-03,75,28,Normal,N
2784,4,2023-08-04,28,37,Normal,N
2785,4,2023-08-05,75,34,Normal,N
2786,4,2023-08-06,57,25,Moderate,N
2787,4,2023-08-07,38,39,Normal,N
2788,4,2023-08-08,48,43,Moderate,N
2789,4,2023-08-09,70,32,Normal,N
2790,4,2023-08-10,91,33,Normal,N
2791,4,2023-08-11,110,35,Moderate,N
2792,4,2023-08-12,108,43,Normal,N
2793,4,2023-08-13,94,28,Normal,N
2794,4,2023-08-14,34,27,Moderate,N
2795,4,2023-08-15,51,27,Normal,N
2796,4,2023-08-16,16,39,Moderate,N
2797,4,2023-08-17,123,40,Normal,N
2798,4,2023-08-18,48,24,Normal,N
2799,4,2023-08-19,138,31,Normal,N
2800,4,2023-08-20,62,40,Normal,N
2801,4,2023-08-21,18,31,Normal,N
2802,4,2023-08-22,31,43,Normal,N
2803,4,2023-08-23,60,43,Severe,Y
2804,4,2023-08-24,111,41,Moderate,N
2805,4,2023-08-25,85,25,Normal,N
2806,4,2023-08-26,82,24,Normal,N
2807,4,2023-08-27,134,25,Severe,Y
2808,4,2023-08-28,77,35,Normal,N
2809,4,2023-08-29,28,30,Severe,Y
2810,4,2023-08-30,53,31,Severe,Y
2811,4,2023-08-31,8,43,Severe,Y
2812,4,2023-09-01,41,43,Normal,N
2813,4,2023-09-02,63,36,Normal,N
2814,4,2023-09-03,57,41,Normal,N
2815,4,2023-09-04,19,29,Normal,N
2816,4,2023-09-05,58,25,Normal,N
2817,4,2023-09-06,80,30,Normal,N
2818,4,2023-09-07,56,41,Normal,N
2819,4,2023-09-08,54,32,Normal,N
2820,4,2023-09-09,135,31,Normal,N
2821,4,2023-09-10,76,40,Severe,Y
2822,4,2023-09-11,63,39,Severe,Y
2823,4,2023-09-12,4,34,Moderate,N
2824,4,2023-09-13,132,24,Moderate,N
2825,4,2023-09-14,24,26,Severe,Y
2826,4,2023-09-15,66,28,Severe,Y
2827,4,2023-09-16,126,38,Normal,N
2828,4,2023-09-17,100,39,Normal,N
2829,4,2023-09-18,137,30,Normal,N
2830,4,2023-09-19,69,31,Normal,N
2831,4,2023-09-20,126,27,Normal,N
2832,4,2023-09-21,44,29,Normal,N
2833,4,2023-09-22,82,24,Normal,N
2834,4,2023-09-23,73,25,Normal,N
2835,4,2023-09-24,59,26,Severe,Y
2836,4,2023-09-25,94,35,Moderate,N
2837,4,2023-09-26,104,30,Severe,Y
2838,4,2023-09-27,61,25,Normal,N
2839,4,2023-09-28,52,40,Severe,Y
2840,4,2023-09-29,107,38,Moderate,N
2841,4,2023-09-30,1,37,Moderate,N
2842,4,2023-10-01,78,37,Severe,Y
2843,4,2023-10-02,17,36,Normal,N
2844,4,2023-10-03,99,41,Moderate,N
2845,4,2023-10-04,127,34,Normal,N
2846,4,2023-10-05,130,42,Normal,N
2847,4,2023-10-06,3,42,Normal,N
2848,4,2023-10-07,131,28,Normal,N
2849,4,2023-10-08,96,40,Normal,N
2850,4,2023-10-09,108,41,Normal,N
2851,4,2023-10-10,54,28,Normal,N
2852,4,2023-10-11,53,29,Moderate,N
2853,4,2023-10-12,128,29,Normal,N
2854,4,2023-10-13,103,42,Moderate,N
2855,4,2023-10-14,81,43,Moderate,N
2856,4,2023-10-15,14,31,Normal,N
2857,4,2023-10-16,133,43,Normal,N
2858,4,2023-10-17,66,32,Moderate,N
2859,4,2023-10-18,68,35,Normal,N
2860,4,2023-10-19,119,32,Moderate,N
2861,4,2023-10-20,140,32,Moderate,N
2862,4,2023-10-21,1,39,Normal,N
2863,4,2023-10-22,101,42,Normal,N
2864,4,2023-10-23,129,25,Severe,Y
2865,4,2023-10-24,119,32,Normal,N
2866,4,2023-10-25,4,28,Normal,N
2867,4,2023-10-26,82,37,Normal,N
2868,4,2023-10-27,79,28,Moderate,N
2869,4,2023-10-28,69,41,Normal,N
2870,4,2023-10-29,115,40,Normal,N
2871,4,2023-10-30,48,27,Normal,N
2872,4,2023-10-31,116,34,Moderate,N
2873,4,2023-11-01,94,25,Severe,Y
2874,4,2023-11-02,88,26,Severe,Y
2875,4,2023-11-03,50,41,Moderate,N
2876,4,2023-11-04,15,34,Severe,Y
2877,4,2023-11-05,48,38,Normal,N
2878,4,2023-11-06,121,29,Normal,N
2879,4,2023-11-07,1,27,Normal,N
2880,4,2023-11-08,125,28,Normal,N
2881,4,2023-11-09,102,25,Normal,N
2882,4,2023-11-10,35,37,Normal,N
2883,4,2023-11-11,7,30,Severe,Y
2884,4,2023-11-12,37,40,Normal,N
2885,4,2023-11-13,20,39,Normal,N
2886,4,2023-11-14,137,38,Normal,N
2887,4,2023-11-15,136,41,Severe,Y
2888,4,2023-11-16,105,41,Normal,N
2889,4,2023-11-17,132,38,Normal,N
2890,4,2023-11-18,20,29,Moderate,N
2891,4,2023-11-19,50,24,Normal,N
2892,4,2023-11-20,30,24,Moderate,N
2893,4,2023-11-21,131,42,Moderate,N
2894,4,2023-11-22,43,30,Normal,N
2895,4,2023-11-23,61,25,Normal,N
2896,4,2023-11-24,87,31,Moderate,N
2897,4,2023-11-25,36,43,Moderate,N
2898,4,2023-11-26,120,41,Normal,N
2899,4,2023-11-27,126,38,Normal,N
2900,4,2023-11-28,81,43,Normal,N
2901,4,2023-11-29,119,38,Normal,N
2902,4,2023-11-30,121,36,Normal,N
2903,4,2023-12-01,4,31,Normal,N
2904,4,2023-12-02,18,42,Normal,N
2905,4,2023-12-03,128,29,Normal,N
2906,4,2023-12-04,72,39,Normal,N
2907,4,2023-12-05,37,26,Normal,N
2908,4,2023-12-06,57,38,Normal,N
2909,4,2023-12-07,6,33,Normal,N
2910,4,2023-12-08,65,29,Normal,N
2911,4,2023-12-09,46,37,Normal,N
2912,4,2023-12-10,78,24,Severe,Y
2913,4,2023-12-11,60,35,Moderate,N
2914,4,2023-12-12,77,34,Normal,N
2915,4,2023-12-13,73,42,Normal,N
2916,4,2023-12-14,82,34,Severe,Y
2917,4,2023-12-15,7,41,Moderate,N
2918,4,2023-12-16,98,29,Normal,N
2919,4,2023-12-17,24,43,Normal,N
2920,4,2023-12-18,68,34,Normal,N
2921,4,2023-12-19,72,31,Normal,N
2922,4,2023-12-20,38,25,Normal,N
2923,4,2023-12-21,57,25,Severe,Y
2924,4,2023-12-22,78,33,Normal,N
2925,4,2023-12-23,126,35,Moderate,N
2926,4,2023-12-24,37,31,Moderate,N
2927,4,2023-12-25,96,41,Normal,N
2928,4,2023-12-26,83,36,Normal,N
2929,4,2023-12-27,100,43,Normal,N
2930,4,2023-12-28,66,24,Moderate,N
2931,4,2023-12-29,3,43,Normal,N
2932,4,2023-12-30,84,38,Normal,N
2933,4,2023-12-31,111,36,Severe,Y
2934,4,2024-01-01,5,41,Normal,N
2935,4,2024-01-02,25,32,Moderate,N
2936,4,2024-01-03,83,38,Normal,N
2937,4,2024-01-04,4,28,Normal,N
2938,4,2024-01-05,140,27,Normal,N
2939,4,2024-01-06,63,29,Normal,N
2940,4,2024-01-07,40,32,Normal,N
2941,4,2024-01-08,59,40,Normal,N
2942,4,2024-01-09,68,34,Normal,N
2943,4,2024-01-10,13,40,Normal,N
2944,4,2024-01-11,80,37,Moderate,N
2945,4,2024-01-12,140,42,Normal,N
2946,4,2024-01-13,85,33,Normal,N
2947,4,2024-01-14,31,32,Normal,N
2948,4,2024-01-15,32,37,Moderate,N
2949,4,2024-01-16,18,30,Severe,Y
2950,4,2024-01-17,131,38,Moderate,N
2951,4,2024-01-18,30,25,Severe,Y
2952,4,2024-01-19,60,24,Normal,N
2953,4,2024-01-20,56,43,Normal,N
2954,4,2024-01-21,96,30,Normal,N
2955,4,2024-01-22,86,25,Normal,N
2956,4,2024-01-23,130,27,Moderate,N
2957,4,2024-01-24,30,34,Normal,N
2958,4,2024-01-25,45,32,Normal,N
2959,4,2024-01-26,111,40,Normal,N
2960,4,2024-01-27,9,28,Moderate,N
2961,4,2024-01-28,14,39,Normal,N
2962,4,2024-01-29,48,39,Normal,N
2963,4,2024-01-30,124,41,Normal,N
2964,4,2024-01-31,71,27,Moderate,N
2965,4,2024-02-01,84,33,Normal,N
2966,4,2024-02-02,67,24,Normal,N
2967,4,2024-02-03,27,41,Normal,N
2968,4,2024-02-04,69,38,Severe,Y
2969,4,2024-02-05,87,27,Severe,Y
2970,4,2024-02-06,8,34,Severe,Y
2971,4,2024-02-07,44,34,Normal,N
2972,4,2024-02-08,57,30,Moderate,N
2973,4,2024-02-09,100,35,Moderate,N
2974,4,2024-02-10,86,40,Moderate,N
2975,4,2024-02-11,9,24,Moderate,N
2976,4,2024-02-12,83,24,Moderate,N
2977,4,2024-02-13,94,38,Moderate,N
2978,4,2024-02-14,6,43,Moderate,N
2979,4,2024-02-15,126,32,Severe,Y
2980,4,2024-02-16,7,39,Normal,N
2981,4,2024-02-17,99,27,Normal,N
2982,4,2024-02-18,30,38,Moderate,N
2983,4,2024-02-19,25,32,Moderate,N
2984,4,2024-02-20,85,35,Moderate,N
2985,4,2024-02-21,37,29,Normal,N
2986,4,2024-02-22,50,37,Normal,N
2987,4,2024-02-23,2,40,Moderate,N
2988,4,2024-02-24,14,35,Severe,Y
2989,4,2024-02-25,38,35,Normal,N
2990,4,2024-02-26,67,30,Moderate,N
2991,4,2024-02-27,81,25,Normal,N
2992,4,2024-02-28,76,25,Normal,N
2993,4,2024-02-29,27,24,Normal,N
2994,4,2024-03-01,3,42,Moderate,N
2995,4,2024-03-02,72,41,Normal,N
2996,4,2024-03-03,127,32,Moderate,N
2997,4,2024-03-04,19,42,Normal,N
2998,4,2024-03-05,84,38,Normal,N
2999,4,2024-03-06,22,39,Normal,N
3000,4,2024-03-07,57,33,Normal,N
3001,4,2024-03-08,39,38,Normal,N
3002,4,2024-03-09,16,41,Normal,N
3003,4,2024-03-10,6,31,Moderate,N
3004,4,2024-03-11,122,28,Normal,N
3005,4,2024-03-12,4,29,Normal,N
3006,4,2024-03-13,72,26,Moderate,N
3007,4,2024-03-14,59,39,Normal,N
3008,5,2022-06-08,94,31,Normal,N
3009,5,2022-06-09,74,31,Normal,N
3010,5,2022-06-10,51,36,Normal,N
3011,5,2022-06-11,87,27,Normal,N
3012,5,2022-06-12,90,32,Normal,N
3013,5,2022-06-13,87,38,Moderate,N
3014,5,2022-06-14,0,35,Normal,N
3015,5,2022-06-15,62,39,Severe,Y
3016,5,2022-06-16,90,28,Normal,N
3017,5,2022-06-17,55,36,Normal,N
3018,5,2022-06-18,77,29,Moderate,N
3019,5,2022-06-19,98,43,Normal,N
3020,5,2022-06-20,68,31,Normal,N
3021,5,2022-06-21,33,28,Normal,N
3022,5,2022-06-22,117,43,Moderate,N
3023,5,2022-06-23,26,25,Moderate,N
3024,5,2022-06-24,74,43,Normal,N
3025,5,2022-06-25,35,36,Normal,N
3026,5,2022-06-26,59,26,Normal,N
3027,5,2022-06-27,58,28,Moderate,N
3028,5,2022-06-28,15,43,Moderate,N
3029,5,2022-06-29,123,42,Moderate,N
3030,5,2022-06-30,48,30,Severe,Y
3031,5,2022-07-01,63,41,Normal,N
3032,5,2022-07-02,4,32,Normal,N
3033,5,2022-07-03,77,43,Severe,Y
3034,5,2022-07-04,22,38,Moderate,N
3035,5,2022-07-05,55,42,Normal,N
3036,5,2022-07-06,28,43,Normal,N
3037,5,2022-07-07,44,26,Moderate,N
3038,5,2022-07-08,0,33,Normal,N
3039,5,2022-07-09,136,34,Moderate,N
3040,5,2022-07-10,38,41,Normal,N
3041,5,2022-07-11,15,40,Moderate,N
3042,5,2022-07-12,9,27,Normal,N
3043,5,2022-07-13,6,28,Normal,N
3044,5,2022-07-14,37,38,Normal,N
3045,5,2022-07-15,91,33,Normal,N
3046,5,2022-07-16,87,33,Normal,N
3047,5,2022-07-17,77,24,Normal,N
3048,5,2022-07-18,68,30,Normal,N
3049,5,2022-07-19,2,39,Normal,N
3050,5,2022-07-20,91,30,Normal,N
3051,5,2022-07-21,121,24,Normal,N
3052,5,2022-07-22,55,37,Normal,N
3053,5,2022-07-23,13,36,Normal,N
3054,5,2022-07-24,32,41,Normal,N
3055,5,2022-07-25,115,26,Moderate,N
3056,5,2022-07-26,6,27,Normal,N
3057,5,2022-07-27,73,38,Normal,N
3058,5,2022-07-28,29,28,Normal,N
3059,5,2022-07-29,20,28,Normal,N
3060,5,2022-07-30,43,30,Normal,N
3061,5,2022-07-31,11,36,Normal,N
3062,5,2022-08-01,107,28,Normal,N
3063,5,2022-08-02,43,36,Moderate,N
3064,5,2022-08-03,19,42,Normal,N
3065,5,2022-08-04,73,28,Severe,Y
3066,5,2022-08-05,108,27,Normal,N
3067,5,2022-08-06,89,26,Moderate,N
3068,5,2022-08-07,132,33,Normal,N
3069,5,2022-08-08,66,24,Normal,N
3070,5,2022-08-09,60,28,Normal,N
3071,5,2022-08-10,99,38,Normal,N
3072,5,2022-08-11,116,40,Normal,N
3073,5,2022-08-12,57,33,Normal,N
3074,5,2022-08-13,41,41,Normal,N
3075,5,2022-08-14,92,27,Moderate,N
3076,5,2022-08-15,115,37,Normal,N
3077,5,2022-08-16,114,31,Moderate,N
3078,5,2022-08-17,39,38,Severe,Y
3079,5,2022-08-18,29,31,Normal,N
3080,5,2022-08-19,47,24,Moderate,N
3081,5,2022-08-20,80,31,Normal,N
3082,5,2022-08-21,72,40,Normal,N
3083,5,2022-08-22,18,33,Severe,Y
3084,5,2022-08-23,106,43,Moderate,N
3085,5,2022-08-24,24,41,Normal,N
3086,5,2022-08-25,108,38,Moderate,N
3087,5,2022-08-26,67,34,Moderate,N
3088,5,2022-08-27,48,40,Normal,N
3089,5,2022-08-28,80,39,Moderate,N
3090,5,2022-08-29,7,36,Severe,Y
3091,5,2022-08-30,25,34,Normal,N
3092,5,2022-08-31,55,38,Normal,N
3093,5,2022-09-01,51,36,Normal,N
3094,5,2022-09-02,82,42,Moderate,N
3095,5,2022-09-03,32,39,Severe,Y
3096,5,2022-09-04,20,27,Normal,N
3097,5,2022-09-05,1,26,Normal,N
3098,5,2022-09-06,117,31,Normal,N
3099,5,2022-09-07,43,30,Normal,N
3100,5,2022-09-08,2,35,Normal,N
3101,5,2022-09-09,56,33,Normal,N
3102,5,2022-09-10,23,36,Moderate,N
3103,5,2022-09-11,107,28,Severe,Y
3104,5,2022-09-12,99,43,Normal,N
3105,5,2022-09-13,58,43,Severe,Y
3106,5,2022-09-14,43,34,Moderate,N
3107,5,2022-09-15,17,41,Moderate,N
3108,5,2022-09-16,8,28,Normal,N
3109,5,2022-09-17,19,30,Normal,N
3110,5,2022-09-18,18,39,Normal,N
3111,5,2022-09-19,109,24,Normal,N
3112,5,2022-09-20,81,24,Normal,N
3113,5,2022-09-21,98,40,Normal,N
3114,5,2022-09-22,10,31,Moderate,N
3115,5,2022-09-23,82,24,Severe,Y
3116,5,2022-09-24,20,32,Moderate,N
3117,5,2022-09-25,115,39,Normal,N
3118,5,2022-09-26,60,32,Normal,N
3119,5,2022-09-27,87,38,Moderate,N
3120,5,2022-09-28,109,30,Moderate,N
3121,5,2022-09-29,49,26,Normal,N
3122,5,2022-09-30,106,43,Severe,Y
3123,5,2022-10-01,112,27,Normal,N
3124,5,2022-10-02,93,25,Moderate,N
3125,5,2022-10-03,84,24,Normal,N
3126,5,2022-10-04,82,43,Severe,Y
3127,5,2022-10-05,72,27,Normal,N
3128,5,2022-10-06,105,33,Normal,N
3129,5,2022-10-07,7,40,Normal,N
3130,5,2022-10-08,35,29,Normal,N
3131,5,2022-10-09,32,41,Moderate,N
3132,5,2022-10-10,4,34,Normal,N
3133,5,2022-10-11,122,30,Moderate,N
3134,5,2022-10-12,41,29,Moderate,N
3135,5,2022-10-13,139,28,Normal,N
3136,5,2022-10-14,97,27,Normal,N
3137,5,2022-10-15,93,42,Normal,N
3138,5,2022-10-16,65,31,Normal,N
3139,5,2022-10-17,114,32,Moderate,N
3140,5,2022-10-18,5,38,Normal,N
3141,5,2022-10-19,34,40,Normal,N
3142,5,2022-10-20,84,25,Normal,N
3143,5,2022-10-21,84,36,Normal,N
3144,5,2022-10-22,21,42,Normal,N
3145,5,2022-10-23,31,37,Normal,N
3146,5,2022-10-24,89,35,Moderate,N
3147,5,2022-10-25,6,40,Moderate,N
3148,5,2022-10-26,87,33,Normal,N
3149,5,2022-10-27,128,43,Normal,N
3150,5,2022-10-28,33,35,Normal,N
3151,5,2022-10-29,137,35,Normal,N
3152,5,2022-10-30,24,29,Normal,N
3153,5,2022-10-31,9,38,Normal,N
3154,5,2022-11-01,53,30,Moderate,N
3155,5,2022-11-02,34,38,Normal,N
3156,5,2022-11-03,131,26,Normal,N
3157,5,2022-11-04,54,34,Normal,N
3158,5,2022-11-05,63,35,Moderate,N
3159,5,2022-11-06,31,30,Normal,N
3160,5,2022-11-07,73,26,Normal,N
3161,5,2022-11-08,85,34,Moderate,N
3162,5,2022-11-09,106,32,Normal,N
3163,5,2022-11-10,42,24,Normal,N
3164,5,2022-11-11,9,40,Normal,N
3165,5,2022-11-12,67,40,Normal,N
3166,5,2022-11-13,90,33,Normal,N
3167,5,2022-11-14,108,38,Moderate,N
3168,5,2022-11-15,64,33,Normal,N
3169,5,2022-11-16,44,32,Moderate,N
3170,5,2022-11-17,36,33,Moderate,N
3171,5,2022-11-18,106,26,Normal,N
3172,5,2022-11-19,121,34,Normal,N
3173,5,2022-11-20,12,35,Moderate,N
3174,5,2022-11-21,36,27,Normal,N
3175,5,2022-11-22,96,28,Moderate,N
3176,5,2022-11-23,130,42,Moderate,N
3177,5,2022-11-24,138,35,Moderate,N
3178,5,2022-11-25,42,31,Normal,N
3179,5,2022-11-26,100,25,Normal,N
3180,5,2022-11-27,12,29,Normal,N
3181,5,2022-11-28,12,33,Moderate,N
3182,5,2022-11-29,13,30,Severe,Y
3183,5,2022-11-30,8,38,Moderate,N
3184,5,2022-12-01,118,32,Moderate,N
3185,5,2022-12-02,54,24,Moderate,N
3186,5,2022-12-03,99,34,Moderate,N
3187,5,2022-12-04,126,30,Normal,N
3188,5,2022-12-05,22,31,Moderate,N
3189,5,2022-12-06,125,31,Normal,N
3190,5,2022-12-07,51,33,Moderate,N
3191,5,2022-12-08,135,36,Normal,N
3192,5,2022-12-09,48,43,Moderate,N
3193,5,2022-12-10,3,38,Normal,N
3194,5,2022-12-11,106,30,Normal,N
3195,5,2022-12-12,102,27,Normal,N
3196,5,2022-12-13,33,25,Normal,N
3197,5,2022-12-14,27,25,Moderate,N
3198,5,2022-12-15,59,35,Severe,Y
3199,5,2022-12-16,40,27,Normal,N
3200,5,2022-12-17,63,31,Normal,N
3201,5,2022-12-18,110,27,Normal,N
3202,5,2022-12-19,106,36,Normal,N
3203,5,2022-12-20,85,38,Normal,N
3204,5,2022-12-21,40,43,Normal,N
3205,5,2022-12-22,136,39,Normal,N
3206,5,2022-12-23,9,36,Moderate,N
3207,5,2022-12-24,81,34,Normal,N
3208,5,2022-12-25,14,42,Normal,N
3209,5,2022-12-26,54,30,Moderate,N
3210,5,2022-12-27,99,42,Normal,N
3211,5,2022-12-28,94,25,Normal,N
3212,5,2022-12-29,106,28,Moderate,N
3213,5,2022-12-30,72,40,Normal,N
3214,5,2022-12-31,66,42,Severe,Y
3215,5,2023-01-01,123,42,Normal,N
3216,5,2023-01-02,133,30,Severe,Y
3217,5,2023-01-03,133,30,Normal,N
3218,5,2023-01-04,67,35,Normal,N
3219,5,2023-01-05,10,43,Normal,N
3220,5,2023-01-06,71,39,Normal,N
3221,5,2023-01-07,13,38,Normal,N
3222,5,2023-01-08,59,32,Moderate,N
3223,5,2023-01-09,135,27,Moderate,N
3224,5,2023-01-10,36,39,Moderate,N
3225,5,2023-01-11,138,39,Moderate,N
3226,5,2023-01-12,86,43,Moderate,N
3227,5,2023-01-13,13,36,Moderate,N
3228,5,2023-01-14,29,38,Normal,N
3229,5,2023-01-15,40,37,Moderate,N
3230,5,2023-01-16,24,42,Normal,N
3231,5,2023-01-17,137,40,Moderate,N
3232,5,2023-01-18,4,39,Normal,N
3233,5,2023-01-19,46,30,Moderate,N
3234,5,2023-01-20,26,37,Normal,N
3235,5,2023-01-21,112,35,Severe,Y
3236,5,2023-01-22,89,27,Normal,N
3237,5,2023-01-23,129,43,Normal,N
3238,5,2023-01-24,53,32,Severe,Y
3239,5,2023-01-25,80,28,Normal,N
3240,5,2023-01-26,17,42,Normal,N
3241,5,2023-01-27,80,24,Normal,N
3242,5,2023-01-28,119,40,Normal,N
3243,5,2023-01-29,140,38,Normal,N
3244,5,2023-01-30,17,35,Normal,N
3245,5,2023-01-31,113,37,Normal,N
3246,5,2023-02-01,31,29,Normal,N
3247,5,2023-02-02,64,39,Moderate,N
3248,5,2023-02-03,129,43,Normal,N
3249,5,2023-02-04,72,39,Normal,N
3250,5,2023-02-05,43,33,Normal,N
3251,5,2023-02-06,54,29,Normal,N
3252,5,2023-02-07,121,37,Normal,N
3253,5,2023-02-08,127,40,Normal,N
3254,5,2023-02-09,57,30,Moderate,N
3255,5,2023-02-10,34,42,Normal,N
3256,5,2023-02-11,4,33,Normal,N
3257,5,2023-02-12,23,32,Severe,Y
3258,5,2023-02-13,6,35,Moderate,N
3259,5,2023-02-14,91,24,Normal,N
3260,5,2023-02-15,88,37,Moderate,N
3261,5,2023-02-16,78,27,Moderate,N
3262,5,2023-02-17,13,33,Normal,N
3263,5,2023-02-18,30,42,Normal,N
3264,5,2023-02-19,37,34,Moderate,N
3265,5,2023-02-20,92,29,Normal,N
3266,5,2023-02-21,13,29,Moderate,N
3267,5,2023-02-22,95,26,Moderate,N
3268,5,2023-02-23,97,29,Normal,N
3269,5,2023-02-24,21,39,Normal,N
3270,5,2023-02-25,103,25,Moderate,N
3271,5,2023-02-26,121,29,Normal,N
3272,5,2023-02-27,70,34,Severe,Y
3273,5,2023-02-28,70,28,Normal,N
3274,5,2023-03-01,94,24,Normal,N
3275,5,2023-03-02,84,26,Severe,Y
3276,5,2023-03-03,56,27,Moderate,N
3277,5,2023-03-04,135,38,Normal,N
3278,5,2023-03-05,116,36,Normal,N
3279,5,2023-03-06,132,40,Moderate,N
3280,5,2023-03-07,132,43,Normal,N
3281,5,2023-03-08,130,25,Moderate,N
3282,5,2023-03-09,124,36,Moderate,N
3283,5,2023-03-10,103,41,Normal,N
3284,5,2023-03-11,125,42,Severe,Y
3285,5,2023-03-12,124,38,Normal,N
3286,5,2023-03-13,100,43,Normal,N
3287,5,2023-03-14,27,33,Severe,Y
3288,5,2023-03-15,39,43,Normal,N
3289,5,2023-03-16,54,36,Moderate,N
3290,5,2023-03-17,48,32,Normal,N
3291,5,2023-03-18,54,36,Normal,N
3292,5,2023-03-19,23,37,Moderate,N
3293,5,2023-03-20,90,39,Normal,N
3294,5,2023-03-21,119,27,Moderate,N
3295,5,2023-03-22,96,43,Normal,N
3296,5,2023-03-23,120,41,Moderate,N
3297,5,2023-03-24,96,27,Normal,N
3298,5,2023-03-25,112,28,Normal,N
3299,5,2023-03-26,10,32,Severe,Y
3300,5,2023-03-27,77,39,Normal,N
3301,5,2023-03-28,123,33,Normal,N
3302,5,2023-03-29,56,42,Moderate,N
3303,5,2023-03-30,103,41,Severe,Y
3304,5,2023-03-31,100,43,Severe,Y
3305,5,2023-04-01,25,26,Moderate,N
3306,5,2023-04-02,17,25,Normal,N
3307,5,2023-04-03,37,26,Severe,Y
3308,5,2023-04-04,64,29,Moderate,N
3309,5,2023-04-05,18,30,Moderate,N
3310,5,2023-04-06,20,31,Normal,N
3311,5,2023-04-07,96,29,Moderate,N
3312,5,2023-04-08,103,29,Normal,N
3313,5,2023-04-09,62,24,Moderate,N
3314,5,2023-04-10,50,32,Normal,N
3315,5,2023-04-11,76,27,Normal,N
3316,5,2023-04-12,93,43,Severe,Y
3317,5,2023-04-13,56,38,Normal,N
3318,5,2023-04-14,60,24,Normal,N
3319,5,2023-04-15,62,26,Moderate,N
3320,5,2023-04-16,27,32,Normal,N
3321,5,2023-04-17,33,37,Normal,N
3322,5,2023-04-18,91,28,Normal,N
3323,5,2023-04-19,134,24,Normal,N
3324,5,2023-04-20,34,43,Moderate,N
3325,5,2023-04-21,21,32,Moderate,N
3326,5,2023-04-22,52,35,Normal,N
3327,5,2023-04-23,123,41,Severe,Y
3328,5,2023-04-24,6,34,Normal,N
3329,5,2023-04-25,115,24,Normal,N
3330,5,2023-04-26,82,30,Normal,N
3331,5,2023-04-27,76,33,Moderate,N
3332,5,2023-04-28,27,36,Severe,Y
3333,5,2023-04-29,137,37,Normal,N
3334,5,2023-04-30,40,37,Normal,N
3335,5,2023-05-01,108,40,Normal,N
3336,5,2023-05-02,99,40,Moderate,N
3337,5,2023-05-03,15,37,Normal,N
3338,5,2023-05-04,124,32,Normal,N
3339,5,2023-05-05,84,43,Moderate,N
3340,5,2023-05-06,94,26,Normal,N
3341,5,2023-05-07,122,26,Moderate,N
3342,5,2023-05-08,100,36,Moderate,N
3343,5,2023-05-09,54,41,Moderate,N
3344,5,2023-05-10,127,40,Normal,N
3345,5,2023-05-11,112,37,Severe,Y
3346,5,2023-05-12,48,31,Moderate,N
3347,5,2023-05-13,88,35,Normal,N
3348,5,2023-05-14,77,34,Severe,Y
3349,5,2023-05-15,104,30,Normal,N
3350,5,2023-05-16,52,32,Normal,N
3351,5,2023-05-17,13,29,Normal,N
3352,5,2023-05-18,48,42,Normal,N
3353,5,2023-05-19,71,24,Moderate,N
3354,5,2023-05-20,100,37,Normal,N
3355,5,2023-05-21,54,35,Normal,N
3356,5,2023-05-22,8,29,Normal,N
3357,5,2023-05-23,33,24,Normal,N
3358,5,2023-05-24,66,39,Moderate,N
3359,5,2023-05-25,39,40,Normal,N
3360,5,2023-05-26,79,30,Moderate,N
3361,5,2023-05-27,106,24,Moderate,N
3362,5,2023-05-28,98,33,Moderate,N
3363,5,2023-05-29,70,36,Normal,N
3364,5,2023-05-30,71,41,Normal,N
3365,5,2023-05-31,21,37,Severe,Y
3366,5,2023-06-01,71,34,Normal,N
3367,5,2023-06-02,136,33,Normal,N
3368,5,2023-06-03,137,36,Normal,N
3369,5,2023-06-04,122,30,Normal,N
3370,5,2023-06-05,36,32,Moderate,N
3371,5,2023-06-06,51,37,Normal,N
3372,5,2023-06-07,9,32,Normal,N
3373,5,2023-06-08,102,35,Moderate,N
3374,5,2023-06-09,76,38,Normal,N
3375,5,2023-06-10,19,36,Normal,N
3376,5,2023-06-11,131,33,Normal,N
3377,5,2023-06-12,18,32,Normal,N
3378,5,2023-06-13,46,34,Normal,N
3379,5,2023-06-14,21,30,Normal,N
3380,5,2023-06-15,45,24,Moderate,N
3381,5,2023-06-16,83,24,Normal,N
3382,5,2023-06-17,134,28,Normal,N
3383,5,2023-06-18,71,29,Normal,N
3384,5,2023-06-19,52,29,Normal,N
3385,5,2023-06-20,55,37,Normal,N
3386,5,2023-06-21,108,29,Normal,N
3387,5,2023-06-22,85,30,Normal,N
3388,5,2023-06-23,98,31,Severe,Y
3389,5,2023-06-24,89,38,Moderate,N
3390,5,2023-06-25,132,26,Normal,N
3391,5,2023-06-26,34,40,Normal,N
3392,5,2023-06-27,68,25,Severe,Y
3393,5,2023-06-28,14,42,Severe,Y
3394,5,2023-06-29,35,42,Normal,N
3395,5,2023-06-30,132,26,Normal,N
3396,5,2023-07-01,51,42,Normal,N
3397,5,2023-07-02,15,32,Normal,N
3398,5,2023-07-03,90,30,Normal,N
3399,5,2023-07-04,69,29,Normal,N
3400,5,2023-07-05,24,34,Moderate,N
3401,5,2023-07-06,59,27,Normal,N
3402,5,2023-07-07,14,35,Moderate,N
3403,5,2023-07-08,60,37,Severe,Y
3404,5,2023-07-09,34,35,Moderate,N
3405,5,2023-07-10,24,32,Normal,N
3406,5,2023-07-11,127,32,Severe,Y
3407,5,2023-07-12,107,26,Moderate,N
3408,5,2023-07-13,115,24,Moderate,N
3409,5,2023-07-14,59,39,Normal,N
3410,5,2023-07-15,102,42,Normal,N
3411,5,2023-07-16,112,29,Severe,Y
3412,5,2023-07-17,33,30,Normal,N
3413,5,2023-07-18,136,35,Severe,Y
3414,5,2023-07-19,108,32,Normal,N
3415,5,2023-07-20,65,25,Normal,N
3416,5,2023-07-21,140,28,Normal,N
3417,5,2023-07-22,87,36,Moderate,N
3418,5,2023-07-23,72,35,Normal,N
3419,5,2023-07-24,95,39,Normal,N
3420,5,2023-07-25,33,39,Severe,Y
3421,5,2023-07-26,98,40,Normal,N
3422,5,2023-07-27,83,37,Normal,N
3423,5,2023-07-28,62,41,Normal,N
3424,5,2023-07-29,107,39,Moderate,N
3425,5,2023-07-30,140,35,Normal,N
3426,5,2023-07-31,40,24,Normal,N
3427,5,2023-08-01,126,33,Normal,N
3428,5,2023-08-02,82,24,Severe,Y
3429,5,2023-08-03,54,26,Severe,Y
3430,5,2023-08-04,33,38,Severe,Y
3431,5,2023-08-05,45,41,Moderate,N
3432,5,2023-08-06,54,32,Normal,N
3433,5,2023-08-07,121,24,Normal,N
3434,5,2023-08-08,123,38,Normal,N
3435,5,2023-08-09,119,29,Normal,N
3436,5,2023-08-10,62,28,Moderate,N
3437,5,2023-08-11,7,43,Moderate,N
3438,5,2023-08-12,49,34,Normal,N
3439,5,2023-08-13,101,28,Severe,Y
3440,5,2023-08-14,50,30,Normal,N
3441,5,2023-08-15,113,35,Normal,N
3442,5,2023-08-16,31,42,Normal,N
3443,5,2023-08-17,65,39,Normal,N
3444,5,2023-08-18,131,39,Moderate,N
3445,5,2023-08-19,56,26,Normal,N
3446,5,2023-08-20,140,27,Normal,N
3447,5,2023-08-21,31,25,Moderate,N
3448,5,2023-08-22,10,36,Severe,Y
3449,5,2023-08-23,119,42,Normal,N
3450,5,2023-08-24,103,30,Normal,N
3451,5,2023-08-25,10,34,Normal,N
3452,5,2023-08-26,72,35,Normal,N
3453,5,2023-08-27,6,37,Moderate,N
3454,5,2023-08-28,3,43,Moderate,N
3455,5,2023-08-29,109,29,Normal,N
3456,5,2023-08-30,61,43,Moderate,N
3457,5,2023-08-31,119,26,Normal,N
3458,5,2023-09-01,27,41,Moderate,N
3459,5,2023-09-02,83,40,Moderate,N
3460,5,2023-09-03,124,43,Normal,N
3461,5,2023-09-04,4,40,Normal,N
3462,5,2023-09-05,114,24,Normal,N
3463,5,2023-09-06,21,31,Normal,N
3464,5,2023-09-07,83,28,Moderate,N
3465,5,2023-09-08,56,32,Normal,N
3466,5,2023-09-09,37,28,Normal,N
3467,5,2023-09-10,123,33,Moderate,N
3468,5,2023-09-11,0,31,Moderate,N
3469,5,2023-09-12,28,42,Normal,N
3470,5,2023-09-13,47,39,Normal,N
3471,5,2023-09-14,41,40,Normal,N
3472,5,2023-09-15,36,40,Severe,Y
3473,5,2023-09-16,3,38,Normal,N
3474,5,2023-09-17,98,33,Severe,Y
3475,5,2023-09-18,126,37,Normal,N
3476,5,2023-09-19,110,35,Moderate,N
3477,5,2023-09-20,125,32,Normal,N
3478,5,2023-09-21,87,29,Normal,N
3479,5,2023-09-22,1,25,Moderate,N
3480,5,2023-09-23,42,40,Normal,N
3481,5,2023-09-24,68,25,Normal,N
3482,5,2023-09-25,6,37,Moderate,N
3483,5,2023-09-26,17,25,Moderate,N
3484,5,2023-09-27,40,43,Normal,N
3485,5,2023-09-28,32,24,Normal,N
3486,5,2023-09-29,51,31,Severe,Y
3487,5,2023-09-30,39,41,Normal,N
3488,5,2023-10-01,60,27,Moderate,N
3489,5,2023-10-02,129,26,Normal,N
3490,5,2023-10-03,7,30,Normal,N
3491,5,2023-10-04,73,42,Normal,N
3492,5,2023-10-05,133,29,Normal,N
3493,5,2023-10-06,2,40,Normal,N
3494,5,2023-10-07,73,24,Moderate,N
3495,5,2023-10-08,49,41,Normal,N
3496,5,2023-10-09,2,29,Severe,Y
3497,5,2023-10-10,58,35,Normal,N
3498,5,2023-10-11,87,41,Normal,N
3499,5,2023-10-12,78,33,Normal,N
3500,5,2023-10-13,104,35,Severe,Y
3501,5,2023-10-14,8,33,Normal,N
3502,5,2023-10-15,33,30,Normal,N
3503,5,2023-10-16,130,41,Normal,N
3504,5,2023-10-17,124,36,Normal,N
3505,5,2023-10-18,42,34,Normal,N
3506,5,2023-10-19,55,24,Normal,N
3507,5,2023-10-20,24,34,Moderate,N
3508,5,2023-10-21,138,39,Normal,N
3509,5,2023-10-22,131,28,Normal,N
3510,5,2023-10-23,42,43,Normal,N
3511,5,2023-10-24,130,24,Normal,N
3512,5,2023-10-25,7,35,Normal,N
3513,5,2023-10-26,26,29,Normal,N
3514,5,2023-10-27,125,34,Normal,N
3515,5,2023-10-28,65,24,Normal,N
3516,5,2023-10-29,52,30,Normal,N
3517,5,2023-10-30,78,34,Severe,Y
3518,5,2023-10-31,39,31,Moderate,N
3519,5,2023-11-01,118,40,Moderate,N
3520,5,2023-11-02,53,28,Normal,N
3521,5,2023-11-03,128,39,Normal,N
3522,5,2023-11-04,34,25,Normal,N
3523,5,2023-11-05,81,41,Normal,N
3524,5,2023-11-06,40,25,Normal,N
3525,5,2023-11-07,16,27,Normal,N
3526,5,2023-11-08,47,31,Normal,N
3527,5,2023-11-09,5,31,Normal,N
3528,5,2023-11-10,133,39,Normal,N
3529,5,2023-11-11,72,36,Normal,N
3530,5,2023-11-12,6,34,Normal,N
3531,5,2023-11-13,10,41,Normal,N
3532,5,2023-11-14,66,26,Normal,N
3533,5,2023-11-15,34,36,Moderate,N
3534,5,2023-11-16,6,35,Normal,N
3535,5,2023-11-17,109,28,Normal,N
3536,5,2023-11-18,99,39,Normal,N
3537,5,2023-11-19,15,33,Normal,N
3538,5,2023-11-20,23,29,Normal,N
3539,5,2023-11-21,128,40,Moderate,N
3540,5,2023-11-22,75,32,Normal,N
3541,5,2023-11-23,83,24,Moderate,N
3542,5,2023-11-24,104,40,Moderate,N
3543,5,2023-11-25,88,36,Normal,N
3544,5,2023-11-26,15,41,Normal,N
3545,5,2023-11-27,51,36,Severe,Y
3546,5,2023-11-28,37,38,Normal,N
3547,5,2023-11-29,58,27,Moderate,N
3548,5,2023-11-30,101,43,Normal,N
3549,5,2023-12-01,113,39,Moderate,N
3550,5,2023-12-02,126,40,Normal,N
3551,5,2023-12-03,43,40,Normal,N
3552,5,2023-12-04,129,41,Moderate,N
3553,5,2023-12-05,97,30,Normal,N
3554,5,2023-12-06,121,36,Severe,Y
3555,5,2023-12-07,49,28,Moderate,N
3556,5,2023-12-08,97,32,Normal,N
3557,5,2023-12-09,2,24,Normal,N
3558,5,2023-12-10,116,32,Moderate,N
3559,5,2023-12-11,50,28,Moderate,N
3560,5,2023-12-12,130,28,Normal,N
3561,5,2023-12-13,70,43,Normal,N
3562,5,2023-12-14,6,41,Normal,N
3563,5,2023-12-15,51,25,Normal,N
3564,5,2023-12-16,63,36,Moderate,N
3565,5,2023-12-17,77,37,Normal,N
3566,5,2023-12-18,22,28,Moderate,N
3567,5,2023-12-19,11,42,Normal,N
3568,5,2023-12-20,8,35,Normal,N
3569,5,2023-12-21,66,37,Moderate,N
3570,5,2023-12-22,53,30,Moderate,N
3571,5,2023-12-23,21,38,Normal,N
3572,5,2023-12-24,122,43,Normal,N
3573,5,2023-12-25,19,33,Normal,N
3574,5,2023-12-26,97,30,Normal,N
3575,5,2023-12-27,44,30,Normal,N
3576,5,2023-12-28,133,24,Normal,N
3577,5,2023-12-29,29,30,Normal,N
3578,5,2023-12-30,64,39,Normal,N
3579,5,2023-12-31,136,36,Normal,N
3580,5,2024-01-01,47,26,Moderate,N
3581,5,2024-01-02,104,42,Normal,N
3582,5,2024-01-03,37,37,Normal,N
3583,5,2024-01-04,87,28,Severe,Y
3584,5,2024-01-05,64,28,Normal,N
3585,5,2024-01-06,56,38,Normal,N
3586,5,2024-01-07,103,35,Normal,N
3587,5,2024-01-08,10,29,Normal,N
3588,5,2024-01-09,43,42,Normal,N
3589,5,2024-01-10,134,33,Normal,N
3590,5,2024-01-11,95,32,Normal,N
3591,5,2024-01-12,42,26,Normal,N
3592,5,2024-01-13,140,29,Normal,N
3593,5,2024-01-14,30,32,Moderate,N
3594,5,2024-01-15,105,25,Normal,N
3595,5,2024-01-16,39,27,Moderate,N
3596,5,2024-01-17,119,38,Normal,N
3597,5,2024-01-18,16,25,Normal,N
3598,5,2024-01-19,34,25,Moderate,N
3599,5,2024-01-20,77,32,Moderate,N
3600,5,2024-01-21,50,42,Normal,N
3601,5,2024-01-22,27,33,Normal,N
3602,5,2024-01-23,21,32,Moderate,N
3603,5,2024-01-24,40,31,Normal,N
3604,5,2024-01-25,102,41,Normal,N
3605,5,2024-01-26,82,40,Moderate,N
3606,5,2024-01-27,11,38,Moderate,N
3607,5,2024-01-28,47,28,Normal,N
3608,5,2024-01-29,109,31,Normal,N
3609,5,2024-01-30,30,33,Normal,N
3610,5,2024-01-31,127,30,Normal,N
3611,5,2024-02-01,110,32,Normal,N
3612,5,2024-02-02,48,24,Normal,N
3613,5,2024-02-03,132,32,Normal,N
3614,6,2022-02-16,110,27,Severe,Y
3615,6,2022-02-17,113,39,Severe,Y
3616,6,2022-02-18,82,42,Normal,N
3617,6,2022-02-19,114,39,Normal,N
3618,6,2022-02-20,76,33,Moderate,N
3619,6,2022-02-21,104,30,Normal,N
3620,6,2022-02-22,14,27,Moderate,N
3621,6,2022-02-23,34,25,Normal,N
3622,6,2022-02-24,30,43,Normal,N
3623,6,2022-02-25,108,42,Normal,N
3624,6,2022-02-26,119,32,Normal,N
3625,6,2022-02-27,12,29,Moderate,N
3626,6,2022-02-28,72,32,Normal,N
3627,6,2022-03-01,121,30,Normal,N
3628,6,2022-03-02,1,34,Severe,Y
3629,6,2022-03-03,67,37,Normal,N
3630,6,2022-03-04,37,43,Normal,N
3631,6,2022-03-05,106,43,Normal,N
3632,6,2022-03-06,50,27,Normal,N
3633,6,2022-03-07,102,24,Normal,N
3634,6,2022-03-08,115,37,Normal,N
3635,6,2022-03-09,8,39,Normal,N
3636,6,2022-03-10,29,36,Severe,Y
3637,6,2022-03-11,71,24,Normal,N
3638,6,2022-03-12,64,33,Normal,N
3639,6,2022-03-13,87,37,Moderate,N
3640,6,2022-03-14,2,31,Normal,N
3641,6,2022-03-15,94,39,Severe,Y
3642,6,2022-03-16,125,37,Normal,N
3643,6,2022-03-17,101,37,Normal,N
3644,6,2022-03-18,36,40,Normal,N
3645,6,2022-03-19,57,39,Severe,Y
3646,6,2022-03-20,89,36,Severe,Y
3647,6,2022-03-21,92,38,Normal,N
3648,6,2022-03-22,114,31,Normal,N
3649,6,2022-03-23,35,39,Normal,N
3650,6,2022-03-24,16,43,Normal,N
3651,6,2022-03-25,135,33,Normal,N
3652,6,2022-03-26,102,35,Normal,N
3653,6,2022-03-27,128,30,Normal,N
3654,6,2022-03-28,27,29,Normal,N
3655,6,2022-03-29,6,27,Normal,N
3656,6,2022-03-30,51,38,Normal,N
3657,6,2022-03-31,140,35,Normal,N
3658,6,2022-04-01,112,24,Normal,N
3659,6,2022-04-02,94,41,Normal,N
3660,6,2022-04-03,82,41,Moderate,N
3661,6,2022-04-04,118,34,Normal,N
3662,6,2022-04-05,117,41,Normal,N
3663,6,2022-04-06,55,41,Moderate,N
3664,6,2022-04-07,44,31,Normal,N
3665,6,2022-04-08,75,41,Normal,N
3666,6,2022-04-09,46,37,Moderate,N
3667,6,2022-04-10,128,39,Moderate,N
3668,6,2022-04-11,48,31,Normal,N
3669,6,2022-04-12,30,33,Normal,N
3670,6,2022-04-13,86,31,Moderate,N
3671,6,2022-04-14,126,34,Severe,Y
3672,6,2022-04-15,67,34,Severe,Y
3673,6,2022-04-16,63,37,Normal,N
3674,6,2022-04-17,115,39,Moderate,N
3675,6,2022-04-18,41,24,Normal,N
3676,6,2022-04-19,37,40,Normal,N
3677,6,2022-04-20,83,36,Normal,N
3678,6,2022-04-21,83,28,Normal,N
3679,6,2022-04-22,51,26,Normal,N
3680,6,2022-04-23,78,29,Normal,N
3681,6,2022-04-24,116,36,Normal,N
3682,6,2022-04-25,100,29,Moderate,N
3683,6,2022-04-26,88,36,Normal,N
3684,6,2022-04-27,58,34,Normal,N
3685,6,2022-04-28,129,27,Normal,N
3686,6,2022-04-29,82,39,Normal,N
3687,6,2022-04-30,109,26,Normal,N
3688,6,2022-05-01,122,30,Normal,N
3689,6,2022-05-02,62,30,Moderate,N
3690,6,2022-05-03,30,35,Normal,N
3691,6,2022-05-04,109,34,Normal,N
3692,6,2022-05-05,112,38,Normal,N
3693,6,2022-05-06,138,39,Normal,N
3694,6,2022-05-07,12,39,Normal,N
3695,6,2022-05-08,123,34,Severe,Y
3696,6,2022-05-09,63,41,Normal,N
3697,6,2022-05-10,64,37,Normal,N
3698,6,2022-05-11,11,41,Normal,N
3699,6,2022-05-12,121,36,Moderate,N
3700,6,2022-05-13,53,27,Normal,N
3701,6,2022-05-14,25,43,Normal,N
3702,6,2022-05-15,21,40,Moderate,N
3703,6,2022-05-16,84,35,Moderate,N
3704,6,2022-05-17,140,40,Normal,N
3705,6,2022-05-18,22,41,Moderate,N
3706,6,2022-05-19,31,43,Normal,N
3707,6,2022-05-20,13,37,Moderate,N
3708,6,2022-05-21,106,40,Moderate,N
3709,6,2022-05-22,124,29,Normal,N
3710,6,2022-05-23,139,31,Moderate,N
3711,6,2022-05-24,62,43,Normal,N
3712,6,2022-05-25,37,30,Severe,Y
3713,6,2022-05-26,84,38,Normal,N
3714,6,2022-05-27,99,37,Normal,N
3715,6,2022-05-28,12,32,Normal,N
3716,6,2022-05-29,76,26,Moderate,N
3717,6,2022-05-30,111,39,Normal,N
3718,6,2022-05-31,103,25,Moderate,N
3719,6,2022-06-01,20,31,Normal,N
3720,6,2022-06-02,21,27,Normal,N
3721,6,2022-06-03,43,36,Moderate,N
3722,6,2022-06-04,53,35,Normal,N
3723,6,2022-06-05,12,37,Normal,N
3724,6,2022-06-06,114,32,Normal,N
3725,6,2022-06-07,99,36,Normal,N
3726,6,2022-06-08,6,32,Normal,N
3727,6,2022-06-09,42,43,Normal,N
3728,6,2022-06-10,134,36,Normal,N
3729,6,2022-06-11,57,36,Normal,N
3730,6,2022-06-12,33,24,Normal,N
3731,6,2022-06-13,127,31,Severe,Y
3732,6,2022-06-14,0,32,Normal,N
3733,6,2022-06-15,82,30,Normal,N
3734,6,2022-06-16,18,41,Normal,N
3735,6,2022-06-17,36,26,Normal,N
3736,6,2022-06-18,68,34,Normal,N
3737,6,2022-06-19,93,26,Severe,Y
3738,6,2022-06-20,29,40,Normal,N
3739,6,2022-06-21,36,29,Normal,N
3740,6,2022-06-22,80,35,Normal,N
3741,6,2022-06-23,44,38,Normal,N
3742,6,2022-06-24,101,39,Normal,N
3743,6,2022-06-25,118,43,Normal,N
3744,6,2022-06-26,94,37,Normal,N
3745,6,2022-06-27,101,28,Moderate,N
3746,6,2022-06-28,111,24,Moderate,N
3747,6,2022-06-29,78,43,Moderate,N
3748,6,2022-06-30,131,24,Normal,N
3749,6,2022-07-01,29,37,Normal,N
3750,6,2022-07-02,22,32,Normal,N
3751,6,2022-07-03,67,33,Severe,Y
3752,6,2022-07-04,85,41,Normal,N
3753,6,2022-07-05,0,24,Severe,Y
3754,6,2022-07-06,58,27,Moderate,N
3755,6,2022-07-07,48,35,Moderate,N
3756,6,2022-07-08,3,35,Moderate,N
3757,6,2022-07-09,84,27,Normal,N
3758,6,2022-07-10,121,26,Normal,N
3759,6,2022-07-11,111,28,Normal,N
3760,6,2022-07-12,106,39,Moderate,N
3761,6,2022-07-13,83,27,Normal,N
3762,6,2022-07-14,106,39,Moderate,N
3763,6,2022-07-15,12,26,Normal,N
3764,6,2022-07-16,109,29,Normal,N
3765,6,2022-07-17,113,31,Normal,N
3766,6,2022-07-18,6,32,Normal,N
3767,6,2022-07-19,119,41,Normal,N
3768,6,2022-07-20,100,41,Moderate,N
3769,6,2022-07-21,20,43,Moderate,N
3770,6,2022-07-22,74,38,Moderate,N
3771,6,2022-07-23,18,29,Normal,N
3772,6,2022-07-24,19,26,Normal,N
3773,6,2022-07-25,39,35,Normal,N
3774,6,2022-07-26,59,26,Normal,N
3775,6,2022-07-27,85,32,Normal,N
3776,6,2022-07-28,7,26,Moderate,N
3777,6,2022-07-29,51,31,Normal,N
3778,6,2022-07-30,3,40,Normal,N
3779,6,2022-07-31,93,34,Normal,N
3780,6,2022-08-01,82,41,Normal,N
3781,6,2022-08-02,92,43,Normal,N
3782,6,2022-08-03,6,28,Normal,N
3783,6,2022-08-04,39,30,Moderate,N
3784,6,2022-08-05,63,38,Normal,N
3785,6,2022-08-06,114,24,Severe,Y
3786,6,2022-08-07,61,38,Normal,N
3787,6,2022-08-08,112,25,Normal,N
3788,6,2022-08-09,80,37,Normal,N
3789,6,2022-08-10,34,37,Normal,N
3790,6,2022-08-11,1,34,Moderate,N
3791,6,2022-08-12,133,27,Normal,N
3792,6,2022-08-13,42,26,Normal,N
3793,6,2022-08-14,38,38,Moderate,N
3794,6,2022-08-15,107,37,Normal,N
3795,6,2022-08-16,49,32,Normal,N
3796,6,2022-08-17,96,38,Severe,Y
3797,6,2022-08-18,69,33,Moderate,N
3798,6,2022-08-19,34,37,Normal,N
3799,6,2022-08-20,81,24,Normal,N
3800,6,2022-08-21,102,34,Normal,N
3801,6,2022-08-22,4,28,Normal,N
3802,6,2022-08-23,88,35,Normal,N
3803,6,2022-08-24,124,32,Normal,N
3804,6,2022-08-25,100,40,Normal,N
3805,6,2022-08-26,18,28,Normal,N
3806,6,2022-08-27,23,40,Normal,N
3807,6,2022-08-28,83,33,Normal,N
3808,6,2022-08-29,107,29,Normal,N
3809,6,2022-08-30,71,30,Normal,N
3810,6,2022-08-31,17,34,Normal,N
3811,6,2022-09-01,84,27,Normal,N
3812,6,2022-09-02,113,27,Normal,N
3813,6,2022-09-03,106,31,Normal,N
3814,6,2022-09-04,45,34,Normal,N
3815,6,2022-09-05,124,35,Normal,N
3816,6,2022-09-06,105,28,Normal,N
3817,6,2022-09-07,71,31,Moderate,N
3818,6,2022-09-08,58,36,Moderate,N
3819,6,2022-09-09,1,28,Normal,N
3820,6,2022-09-10,78,30,Moderate,N
3821,6,2022-09-11,35,29,Normal,N
3822,6,2022-09-12,97,43,Moderate,N
3823,6,2022-09-13,40,32,Normal,N
3824,6,2022-09-14,58,30,Normal,N
3825,6,2022-09-15,102,31,Normal,N
3826,6,2022-09-16,86,38,Normal,N
3827,6,2022-09-17,89,35,Normal,N
3828,6,2022-09-18,21,29,Normal,N
3829,6,2022-09-19,101,43,Moderate,N
3830,6,2022-09-20,28,42,Moderate,N
3831,6,2022-09-21,128,38,Normal,N
3832,6,2022-09-22,82,38,Moderate,N
3833,6,2022-09-23,128,39,Normal,N
3834,6,2022-09-24,56,26,Moderate,N
3835,6,2022-09-25,5,28,Normal,N
3836,6,2022-09-26,29,37,Normal,N
3837,6,2022-09-27,46,40,Moderate,N
3838,6,2022-09-28,140,29,Moderate,N
3839,6,2022-09-29,29,43,Severe,Y
3840,6,2022-09-30,33,33,Moderate,N
3841,6,2022-10-01,125,27,Moderate,N
3842,6,2022-10-02,16,26,Normal,N
3843,6,2022-10-03,118,29,Normal,N
3844,6,2022-10-04,138,37,Moderate,N
3845,6,2022-10-05,29,31,Moderate,N
3846,6,2022-10-06,68,29,Normal,N
3847,6,2022-10-07,27,31,Moderate,N
3848,6,2022-10-08,105,25,Normal,N
3849,6,2022-10-09,17,37,Normal,N
3850,6,2022-10-10,32,32,Moderate,N
3851,6,2022-10-11,88,36,Moderate,N
3852,6,2022-10-12,56,25,Normal,N
3853,6,2022-10-13,46,36,Normal,N
3854,6,2022-10-14,85,36,Moderate,N
3855,6,2022-10-15,73,37,Normal,N
3856,6,2022-10-16,123,41,Normal,N
3857,6,2022-10-17,59,38,Moderate,N
3858,6,2022-10-18,90,36,Normal,N
3859,6,2022-10-19,122,24,Normal,N
3860,6,2022-10-20,40,30,Moderate,N
3861,6,2022-10-21,10,24,Normal,N
3862,6,2022-10-22,40,32,Normal,N
3863,6,2022-10-23,57,34,Normal,N
3864,6,2022-10-24,0,28,Normal,N
3865,6,2022-10-25,15,38,Normal,N
3866,6,2022-10-26,94,35,Normal,N
3867,6,2022-10-27,38,31,Moderate,N
3868,6,2022-10-28,66,38,Normal,N
3869,6,2022-10-29,94,31,Moderate,N
3870,6,2022-10-30,53,37,Normal,N
3871,6,2022-10-31,84,27,Normal,N
3872,6,2022-11-01,86,42,Normal,N
3873,6,2022-11-02,17,24,Normal,N
3874,6,2022-11-03,3,42,Normal,N
3875,6,2022-11-04,97,35,Normal,N
3876,6,2022-11-05,28,40,Severe,Y
3877,6,2022-11-06,136,43,Normal,N
3878,6,2022-11-07,63,24,Moderate,N
3879,6,2022-11-08,125,25,Normal,N
3880,6,2022-11-09,58,42,Normal,N
3881,6,2022-11-10,132,33,Normal,N
3882,6,2022-11-11,16,39,Severe,Y
3883,6,2022-11-12,136,36,Normal,N
3884,6,2022-11-13,20,24,Severe,Y
3885,6,2022-11-14,103,35,Moderate,N
3886,6,2022-11-15,120,30,Normal,N
3887,6,2022-11-16,119,38,Moderate,N
3888,6,2022-11-17,94,33,Normal,N
3889,6,2022-11-18,137,26,Normal,N
3890,6,2022-11-19,12,27,Normal,N
3891,6,2022-11-20,28,42,Normal,N
3892,6,2022-11-21,139,36,Severe,Y
3893,6,2022-11-22,90,24,Normal,N
3894,6,2022-11-23,73,28,Normal,N
3895,6,2022-11-24,27,41,Normal,N
3896,6,2022-11-25,42,25,Moderate,N
3897,6,2022-11-26,134,26,Normal,N
3898,6,2022-11-27,12,25,Normal,N
3899,6,2022-11-28,26,27,Normal,N
3900,6,2022-11-29,91,30,Moderate,N
3901,6,2022-11-30,79,39,Normal,N
3902,6,2022-12-01,82,25,Normal,N
3903,6,2022-12-02,120,40,Normal,N
3904,6,2022-12-03,74,29,Normal,N
3905,6,2022-12-04,134,30,Normal,N
3906,6,2022-12-05,18,34,Normal,N
3907,6,2022-12-06,90,28,Normal,N
3908,6,2022-12-07,3,35,Normal,N
3909,6,2022-12-08,76,35,Normal,N
3910,6,2022-12-09,7,27,Normal,N
3911,6,2022-12-10,73,26,Normal,N
3912,6,2022-12-11,102,40,Normal,N
3913,6,2022-12-12,19,24,Severe,Y
3914,6,2022-12-13,26,27,Normal,N
3915,6,2022-12-14,131,40,Normal,N
3916,6,2022-12-15,23,27,Normal,N
3917,6,2022-12-16,33,25,Normal,N
3918,6,2022-12-17,33,31,Normal,N
3919,6,2022-12-18,105,35,Normal,N
3920,6,2022-12-19,70,35,Moderate,N
3921,6,2022-12-20,93,35,Normal,N
3922,6,2022-12-21,60,35,Normal,N
3923,6,2022-12-22,54,40,Severe,Y
3924,6,2022-12-23,115,34,Normal,N
3925,6,2022-12-24,130,30,Normal,N
3926,6,2022-12-25,31,24,Moderate,N
3927,6,2022-12-26,41,28,Normal,N
3928,6,2022-12-27,60,24,Moderate,N
3929,6,2022-12-28,89,37,Normal,N
3930,6,2022-12-29,119,43,Normal,N
3931,6,2022-12-30,43,24,Normal,N
3932,6,2022-12-31,140,38,Severe,Y
3933,6,2023-01-01,104,24,Severe,Y
3934,6,2023-01-02,10,35,Normal,N
3935,6,2023-01-03,139,25,Normal,N
3936,6,2023-01-04,88,41,Normal,N
3937,6,2023-01-05,133,31,Normal,N
3938,6,2023-01-06,137,39,Normal,N
3939,6,2023-01-07,118,42,Normal,N
3940,6,2023-01-08,101,36,Normal,N
3941,6,2023-01-09,42,43,Moderate,N
3942,6,2023-01-10,113,31,Normal,N
3943,6,2023-01-11,49,25,Normal,N
3944,6,2023-01-12,65,26,Moderate,N
3945,6,2023-01-13,86,25,Normal,N
3946,6,2023-01-14,49,36,Normal,N
3947,6,2023-01-15,100,24,Severe,Y
3948,6,2023-01-16,48,29,Moderate,N
3949,6,2023-01-17,140,28,Severe,Y
3950,6,2023-01-18,10,36,Moderate,N
3951,6,2023-01-19,112,32,Moderate,N
3952,6,2023-01-20,50,39,Normal,N
3953,6,2023-01-21,0,28,Normal,N
3954,6,2023-01-22,56,26,Normal,N
3955,6,2023-01-23,16,41,Normal,N
3956,6,2023-01-24,52,35,Normal,N
3957,6,2023-01-25,41,36,Moderate,N
3958,6,2023-01-26,82,43,Normal,N
3959,6,2023-01-27,22,37,Normal,N
3960,6,2023-01-28,86,26,Moderate,N
3961,6,2023-01-29,63,24,Severe,Y
3962,6,2023-01-30,49,43,Normal,N
3963,6,2023-01-31,23,24,Normal,N
3964,6,2023-02-01,108,34,Normal,N
3965,6,2023-02-02,31,28,Normal,N
3966,6,2023-02-03,95,25,Normal,N
3967,6,2023-02-04,20,35,Normal,N
3968,6,2023-02-05,43,25,Moderate,N
3969,6,2023-02-06,48,42,Normal,N
3970,6,2023-02-07,7,40,Severe,Y
3971,6,2023-02-08,69,30,Moderate,N
3972,6,2023-02-09,138,40,Moderate,N
3973,6,2023-02-10,43,33,Normal,N
3974,6,2023-02-11,38,42,Normal,N
3975,6,2023-02-12,9,38,Severe,Y
3976,6,2023-02-13,101,37,Normal,N
3977,6,2023-02-14,61,39,Severe,Y
3978,6,2023-02-15,90,35,Moderate,N
3979,6,2023-02-16,23,28,Moderate,N
3980,6,2023-02-17,63,28,Severe,Y
3981,6,2023-02-18,58,36,Normal,N
3982,6,2023-02-19,10,34,Normal,N
3983,6,2023-02-20,49,34,Normal,N
3984,6,2023-02-21,51,41,Moderate,N
3985,6,2023-02-22,40,42,Normal,N
3986,6,2023-02-23,68,40,Normal,N
3987,6,2023-02-24,80,41,Normal,N
3988,6,2023-02-25,49,37,Normal,N
3989,6,2023-02-26,14,34,Normal,N
3990,6,2023-02-27,17,37,Normal,N
3991,6,2023-02-28,133,32,Normal,N
3992,6,2023-03-01,137,42,Normal,N
3993,6,2023-03-02,87,27,Moderate,N
3994,6,2023-03-03,23,28,Normal,N
3995,6,2023-03-04,69,31,Severe,Y
3996,6,2023-03-05,122,42,Severe,Y
3997,6,2023-03-06,13,37,Normal,N
3998,6,2023-03-07,78,38,Moderate,N
3999,6,2023-03-08,78,25,Normal,N
4000,6,2023-03-09,104,36,Moderate,N
4001,6,2023-03-10,11,40,Normal,N
4002,6,2023-03-11,65,33,Normal,N
4003,6,2023-03-12,48,40,Normal,N
4004,6,2023-03-13,92,24,Moderate,N
4005,6,2023-03-14,48,30,Moderate,N
4006,6,2023-03-15,75,32,Normal,N
4007,6,2023-03-16,67,42,Normal,N
4008,6,2023-03-17,31,39,Normal,N
4009,6,2023-03-18,46,41,Normal,N
4010,6,2023-03-19,74,41,Normal,N
4011,6,2023-03-20,65,25,Moderate,N
4012,6,2023-03-21,13,40,Normal,N
4013,6,2023-03-22,122,27,Normal,N
4014,6,2023-03-23,78,27,Moderate,N
4015,6,2023-03-24,26,38,Moderate,N
4016,6,2023-03-25,79,25,Moderate,N
4017,6,2023-03-26,133,43,Moderate,N
4018,6,2023-03-27,15,37,Normal,N
4019,6,2023-03-28,92,28,Normal,N
4020,6,2023-03-29,23,36,Normal,N
4021,6,2023-03-30,9,41,Moderate,N
4022,6,2023-03-31,86,33,Normal,N
4023,6,2023-04-01,38,36,Normal,N
4024,6,2023-04-02,2,24,Normal,N
4025,6,2023-04-03,53,29,Normal,N
4026,6,2023-04-04,75,34,Normal,N
4027,6,2023-04-05,34,33,Moderate,N
4028,6,2023-04-06,109,36,Normal,N
4029,6,2023-04-07,38,36,Severe,Y
4030,6,2023-04-08,13,34,Moderate,N
4031,6,2023-04-09,42,29,Normal,N
4032,6,2023-04-10,29,39,Normal,N
4033,6,2023-04-11,132,26,Moderate,N
4034,6,2023-04-12,93,37,Moderate,N
4035,6,2023-04-13,26,36,Normal,N
4036,6,2023-04-14,84,36,Normal,N
4037,6,2023-04-15,128,36,Moderate,N
4038,6,2023-04-16,80,40,Normal,N
4039,6,2023-04-17,2,43,Moderate,N
4040,6,2023-04-18,103,31,Moderate,N
4041,6,2023-04-19,92,39,Moderate,N
4042,6,2023-04-20,5,41,Normal,N
4043,6,2023-04-21,72,42,Moderate,N
4044,6,2023-04-22,13,28,Normal,N
4045,6,2023-04-23,15,36,Moderate,N
4046,6,2023-04-24,120,27,Normal,N
4047,6,2023-04-25,80,27,Normal,N
4048,6,2023-04-26,92,43,Normal,N
4049,6,2023-04-27,32,25,Moderate,N
4050,6,2023-04-28,34,24,Moderate,N
4051,6,2023-04-29,119,37,Moderate,N
4052,6,2023-04-30,138,29,Moderate,N
4053,6,2023-05-01,86,24,Normal,N
4054,6,2023-05-02,21,30,Normal,N
4055,6,2023-05-03,38,26,Normal,N
4056,6,2023-05-04,62,30,Normal,N
4057,6,2023-05-05,29,36,Severe,Y
4058,6,2023-05-06,105,27,Normal,N
4059,6,2023-05-07,45,40,Normal,N
4060,6,2023-05-08,73,41,Normal,N
4061,6,2023-05-09,0,31,Moderate,N
4062,6,2023-05-10,26,27,Normal,N
4063,6,2023-05-11,95,31,Severe,Y
4064,6,2023-05-12,131,30,Normal,N
4065,6,2023-05-13,20,31,Normal,N
4066,6,2023-05-14,33,42,Moderate,N
4067,6,2023-05-15,132,30,Normal,N
4068,6,2023-05-16,13,40,Normal,N
4069,6,2023-05-17,36,25,Normal,N
4070,6,2023-05-18,102,41,Moderate,N
4071,6,2023-05-19,106,41,Normal,N
4072,6,2023-05-20,134,41,Normal,N
4073,6,2023-05-21,60,40,Severe,Y
4074,6,2023-05-22,55,25,Normal,N
4075,6,2023-05-23,91,24,Normal,N
4076,6,2023-05-24,23,26,Normal,N
4077,6,2023-05-25,75,37,Normal,N
4078,6,2023-05-26,55,34,Normal,N
4079,6,2023-05-27,55,26,Moderate,N
4080,6,2023-05-28,29,32,Normal,N
4081,6,2023-05-29,124,40,Normal,N
4082,6,2023-05-30,91,38,Moderate,N
4083,6,2023-05-31,17,30,Moderate,N
4084,6,2023-06-01,19,31,Normal,N
4085,6,2023-06-02,84,33,Normal,N
4086,6,2023-06-03,85,43,Normal,N
4087,6,2023-06-04,125,27,Severe,Y
4088,6,2023-06-05,87,42,Normal,N
4089,6,2023-06-06,94,27,Normal,N
4090,6,2023-06-07,94,42,Normal,N
4091,6,2023-06-08,74,31,Normal,N
4092,6,2023-06-09,119,28,Normal,N
4093,6,2023-06-10,97,31,Moderate,N
4094,6,2023-06-11,34,35,Moderate,N
4095,6,2023-06-12,57,34,Normal,N
4096,6,2023-06-13,61,41,Normal,N
4097,6,2023-06-14,83,34,Normal,N
4098,6,2023-06-15,114,35,Normal,N
4099,6,2023-06-16,28,24,Normal,N
4100,6,2023-06-17,123,41,Normal,N
4101,6,2023-06-18,12,41,Normal,N
4102,6,2023-06-19,100,43,Normal,N
4103,6,2023-06-20,27,38,Severe,Y
4104,6,2023-06-21,76,40,Severe,Y
4105,6,2023-06-22,31,37,Moderate,N
4106,6,2023-06-23,34,43,Normal,N
4107,6,2023-06-24,89,29,Moderate,N
4108,6,2023-06-25,36,37,Moderate,N
4109,6,2023-06-26,3,42,Normal,N
4110,6,2023-06-27,46,36,Normal,N
4111,6,2023-06-28,80,28,Normal,N
4112,6,2023-06-29,52,27,Normal,N
4113,6,2023-06-30,44,39,Normal,N
4114,6,2023-07-01,84,40,Moderate,N
4115,6,2023-07-02,68,26,Moderate,N
4116,6,2023-07-03,68,30,Moderate,N
4117,6,2023-07-04,68,24,Normal,N
4118,6,2023-07-05,9,25,Moderate,N
4119,6,2023-07-06,115,43,Normal,N
4120,6,2023-07-07,135,43,Normal,N
4121,6,2023-07-08,24,27,Normal,N
4122,6,2023-07-09,69,26,Severe,Y
4123,6,2023-07-10,81,35,Moderate,N
4124,6,2023-07-11,140,26,Normal,N
4125,6,2023-07-12,59,29,Normal,N
4126,6,2023-07-13,49,24,Normal,N
4127,6,2023-07-14,38,27,Severe,Y
4128,6,2023-07-15,3,32,Normal,N
4129,6,2023-07-16,50,29,Normal,N
4130,6,2023-07-17,70,36,Severe,Y
4131,6,2023-07-18,112,31,Moderate,N
4132,6,2023-07-19,109,38,Normal,N
4133,6,2023-07-20,78,41,Normal,N
4134,6,2023-07-21,79,41,Normal,N
4135,6,2023-07-22,49,41,Normal,N
4136,6,2023-07-23,90,36,Normal,N
4137,6,2023-07-24,129,42,Normal,N
4138,6,2023-07-25,72,29,Normal,N
4139,6,2023-07-26,18,31,Moderate,N
4140,6,2023-07-27,50,31,Normal,N
4141,6,2023-07-28,109,29,Severe,Y
4142,6,2023-07-29,2,32,Normal,N
4143,6,2023-07-30,16,39,Normal,N
4144,6,2023-07-31,44,28,Normal,N
4145,6,2023-08-01,86,31,Normal,N
4146,6,2023-08-02,26,28,Normal,N
4147,6,2023-08-03,107,35,Moderate,N
4148,6,2023-08-04,88,25,Moderate,N
4149,6,2023-08-05,60,25,Normal,N
4150,6,2023-08-06,104,43,Moderate,N
4151,6,2023-08-07,69,34,Severe,Y
4152,6,2023-08-08,113,43,Normal,N
4153,6,2023-08-09,12,26,Normal,N
4154,6,2023-08-10,139,40,Moderate,N
4155,6,2023-08-11,86,25,Normal,N
4156,6,2023-08-12,54,34,Normal,N
4157,6,2023-08-13,63,34,Moderate,N
4158,6,2023-08-14,111,37,Normal,N
4159,6,2023-08-15,52,33,Normal,N
4160,6,2023-08-16,34,37,Normal,N
4161,6,2023-08-17,116,36,Normal,N
4162,6,2023-08-18,108,28,Severe,Y
4163,6,2023-08-19,137,41,Normal,N
4164,6,2023-08-20,90,26,Normal,N
4165,6,2023-08-21,137,43,Normal,N
4166,6,2023-08-22,49,41,Normal,N
4167,6,2023-08-23,16,41,Severe,Y
4168,6,2023-08-24,83,36,Moderate,N
4169,6,2023-08-25,137,35,Normal,N
4170,6,2023-08-26,102,25,Normal,N
4171,6,2023-08-27,30,40,Normal,N
4172,6,2023-08-28,87,27,Normal,N
4173,6,2023-08-29,73,29,Normal,N
4174,6,2023-08-30,136,37,Normal,N
4175,6,2023-08-31,118,24,Normal,N
4176,6,2023-09-01,32,32,Moderate,N
4177,6,2023-09-02,51,43,Normal,N
4178,6,2023-09-03,110,26,Moderate,N
4179,6,2023-09-04,78,33,Normal,N
4180,6,2023-09-05,94,39,Normal,N
4181,6,2023-09-06,106,34,Moderate,N
4182,6,2023-09-07,58,39,Normal,N
4183,6,2023-09-08,117,38,Normal,N
4184,6,2023-09-09,105,39,Normal,N
4185,6,2023-09-10,110,24,Normal,N
4186,6,2023-09-11,60,30,Moderate,N
4187,6,2023-09-12,90,27,Normal,N
4188,6,2023-09-13,37,43,Normal,N
4189,6,2023-09-14,90,32,Normal,N
4190,6,2023-09-15,15,39,Normal,N
4191,6,2023-09-16,81,31,Severe,Y
4192,6,2023-09-17,55,42,Normal,N
4193,6,2023-09-18,24,38,Normal,N
4194,6,2023-09-19,140,35,Moderate,N
4195,6,2023-09-20,89,38,Normal,N
4196,6,2023-09-21,88,27,Severe,Y
4197,6,2023-09-22,139,28,Normal,N
4198,6,2023-09-23,82,25,Normal,N
4199,6,2023-09-24,7,29,Moderate,N
4200,6,2023-09-25,77,28,Normal,N
4201,6,2023-09-26,56,31,Normal,N
4202,6,2023-09-27,102,24,Moderate,N
4203,6,2023-09-28,24,27,Normal,N
4204,6,2023-09-29,104,30,Normal,N
4205,6,2023-09-30,117,34,Severe,Y
4206,6,2023-10-01,112,37,Normal,N
4207,6,2023-10-02,47,24,Normal,N
4208,6,2023-10-03,41,32,Normal,N
4209,6,2023-10-04,49,37,Normal,N
4210,6,2023-10-05,100,26,Normal,N
4211,6,2023-10-06,55,39,Normal,N
4212,6,2023-10-07,37,29,Severe,Y
4213,6,2023-10-08,84,36,Normal,N
4214,6,2023-10-09,61,39,Moderate,N
4215,6,2023-10-10,83,35,Normal,N
4216,6,2023-10-11,106,32,Normal,N
4217,6,2023-10-12,139,26,Normal,N
4218,6,2023-10-13,16,28,Severe,Y
4219,6,2023-10-14,126,43,Normal,N
4220,6,2023-10-15,10,40,Normal,N
4221,6,2023-10-16,29,43,Normal,N
4222,6,2023-10-17,36,37,Normal,N
4223,6,2023-10-18,101,42,Normal,N
4224,6,2023-10-19,11,32,Moderate,N
4225,6,2023-10-20,103,33,Normal,N
4226,6,2023-10-21,74,34,Normal,N
4227,6,2023-10-22,13,36,Normal,N
4228,6,2023-10-23,74,42,Severe,Y
4229,6,2023-10-24,20,25,Moderate,N
4230,6,2023-10-25,83,24,Moderate,N
4231,6,2023-10-26,20,36,Normal,N
4232,6,2023-10-27,125,26,Normal,N
4233,6,2023-10-28,45,29,Normal,N
4234,6,2023-10-29,30,34,Normal,N
4235,6,2023-10-30,101,24,Normal,N
4236,6,2023-10-31,22,32,Moderate,N
4237,6,2023-11-01,67,37,Moderate,N
4238,6,2023-11-02,65,30,Normal,N
4239,6,2023-11-03,50,28,Normal,N
4240,6,2023-11-04,122,33,Moderate,N
4241,6,2023-11-05,23,38,Normal,N
4242,6,2023-11-06,9,42,Normal,N
4243,6,2023-11-07,54,31,Moderate,N
4244,6,2023-11-08,137,42,Normal,N
4245,6,2023-11-09,77,33,Normal,N
4246,6,2023-11-10,82,30,Moderate,N
4247,6,2023-11-11,84,32,Normal,N
4248,6,2023-11-12,58,38,Normal,N
4249,6,2023-11-13,124,33,Normal,N
4250,6,2023-11-14,75,37,Normal,N
4251,6,2023-11-15,68,25,Normal,N
4252,6,2023-11-16,71,27,Normal,N
4253,6,2023-11-17,22,38,Normal,N
4254,6,2023-11-18,2,43,Normal,N
4255,6,2023-11-19,68,41,Normal,N
4256,6,2023-11-20,118,30,Moderate,N
4257,6,2023-11-21,6,40,Normal,N
4258,6,2023-11-22,117,27,Severe,Y
4259,6,2023-11-23,115,36,Normal,N
4260,6,2023-11-24,120,39,Moderate,N
4261,6,2023-11-25,21,40,Normal,N
4262,6,2023-11-26,59,26,Normal,N
4263,6,2023-11-27,4,33,Moderate,N
4264,6,2023-11-28,47,43,Normal,N
4265,6,2023-11-29,13,43,Severe,Y
4266,6,2023-11-30,73,43,Moderate,N
4267,6,2023-12-01,90,25,Normal,N
4268,6,2023-12-02,104,24,Normal,N
4269,6,2023-12-03,73,42,Normal,N
4270,6,2023-12-04,137,28,Severe,Y
4271,6,2023-12-05,81,38,Normal,N
4272,6,2023-12-06,109,42,Normal,N
4273,6,2023-12-07,63,34,Normal,N
4274,6,2023-12-08,94,24,Normal,N
4275,6,2023-12-09,24,36,Normal,N
4276,6,2023-12-10,7,29,Normal,N
4277,6,2023-12-11,38,39,Normal,N
4278,6,2023-12-12,72,40,Moderate,N
4279,6,2023-12-13,26,25,Normal,N
4280,6,2023-12-14,122,33,Normal,N
4281,6,2023-12-15,47,29,Normal,N
4282,6,2023-12-16,137,40,Normal,N
4283,6,2023-12-17,136,43,Normal,N
4284,6,2023-12-18,105,25,Moderate,N
4285,6,2023-12-19,108,37,Normal,N
4286,6,2023-12-20,89,24,Normal,N
4287,6,2023-12-21,19,24,Normal,N
4288,6,2023-12-22,81,40,Severe,Y
4289,6,2023-12-23,9,31,Normal,N
4290,6,2023-12-24,79,28,Normal,N
4291,6,2023-12-25,80,30,Moderate,N
4292,6,2023-12-26,97,24,Moderate,N
4293,6,2023-12-27,111,24,Normal,N
4294,6,2023-12-28,79,41,Normal,N
4295,6,2023-12-29,18,31,Moderate,N
4296,6,2023-12-30,60,35,Normal,N
4297,6,2023-12-31,76,42,Moderate,N
4298,6,2024-01-01,68,38,Severe,Y
4299,6,2024-01-02,29,30,Normal,N
4300,6,2024-01-03,97,26,Normal,N
4301,6,2024-01-04,140,42,Normal,N
4302,6,2024-01-05,87,40,Normal,N
4303,6,2024-01-06,15,24,Normal,N
4304,6,2024-01-07,84,38,Normal,N
4305,6,2024-01-08,25,38,Moderate,N
4306,6,2024-01-09,131,40,Normal,N
4307,6,2024-01-10,107,38,Normal,N
4308,6,2024-01-11,104,41,Moderate,N
4309,6,2024-01-12,2,35,Moderate,N
4310,6,2024-01-13,108,34,Normal,N
4311,6,2024-01-14,28,34,Normal,N
4312,6,2024-01-15,110,32,Normal,N
4313,6,2024-01-16,13,27,Normal,N
4314,6,2024-01-17,136,38,Normal,N
4315,6,2024-01-18,57,24,Normal,N
4316,6,2024-01-19,115,33,Normal,N
4317,6,2024-01-20,105,30,Moderate,N
4318,6,2024-01-21,4,29,Moderate,N
4319,6,2024-01-22,87,32,Normal,N
4320,6,2024-01-23,109,28,Normal,N
4321,6,2024-01-24,55,31,Moderate,N
4322,6,2024-01-25,26,26,Moderate,N
4323,6,2024-01-26,130,32,Normal,N
4324,6,2024-01-27,66,35,Moderate,N
4325,6,2024-01-28,50,43,Moderate,N
4326,6,2024-01-29,0,38,Normal,N
4327,6,2024-01-30,40,28,Normal,N
4328,6,2024-01-31,37,25,Moderate,N
4329,6,2024-02-01,39,35,Normal,N
4330,6,2024-02-02,73,33,Normal,N
4331,6,2024-02-03,22,39,Normal,N
4332,6,2024-02-04,32,35,Normal,N
4333,6,2024-02-05,107,29,Normal,N
4334,6,2024-02-06,1,33,Normal,N
4335,6,2024-02-07,89,37,Severe,Y
4336,6,2024-02-08,108,40,Normal,N
4337,6,2024-02-09,25,34,Severe,Y
4338,6,2024-02-10,57,25,Normal,N
4339,6,2024-02-11,104,34,Moderate,N
4340,6,2024-02-12,83,40,Normal,N
4341,6,2024-02-13,18,26,Normal,N
4342,6,2024-02-14,8,26,Moderate,N
4343,6,2024-02-15,115,34,Normal,N
4344,6,2024-02-16,71,36,Normal,N
4345,6,2024-02-17,101,34,Normal,N
4346,6,2024-02-18,34,35,Moderate,N
4347,6,2024-02-19,91,41,Moderate,N
4348,6,2024-02-20,49,37,Moderate,N
4349,6,2024-02-21,27,41,Normal,N
4350,6,2024-02-22,130,26,Normal,N
4351,6,2024-02-23,102,43,Moderate,N
4352,6,2024-02-24,110,35,Moderate,N
4353,6,2024-02-25,21,27,Normal,N
4354,6,2024-02-26,129,33,Normal,N
4355,6,2024-02-27,103,33,Moderate,N
4356,6,2024-02-28,81,27,Moderate,N
4357,6,2024-02-29,58,25,Normal,N
4358,6,2024-03-01,71,28,Moderate,N
4359,6,2024-03-02,2,29,Moderate,N
4360,6,2024-03-03,14,35,Normal,N
4361,6,2024-03-04,93,37,Severe,Y
4362,6,2024-03-05,103,26,Moderate,N
4363,6,2024-03-06,135,31,Normal,N
4364,6,2024-03-07,96,25,Normal,N
4365,6,2024-03-08,97,33,Normal,N
4366,6,2024-03-09,114,31,Severe,Y
4367,6,2024-03-10,69,43,Moderate,N
4368,6,2024-03-11,139,39,Severe,Y
4369,6,2024-03-12,90,43,Normal,N
4370,6,2024-03-13,42,30,Moderate,N
4371,6,2024-03-14,58,38,Normal,N
4372,6,2024-03-15,120,28,Moderate,N
4373,6,2024-03-16,12,27,Normal,N
4374,6,2024-03-17,139,28,Normal,N
4375,6,2024-03-18,123,34,Moderate,N
4376,6,2024-03-19,44,26,Severe,Y
4377,6,2024-03-20,125,28,Normal,N
4378,6,2024-03-21,64,37,Normal,N
4379,6,2024-03-22,49,32,Normal,N
4380,6,2024-03-23,51,33,Normal,N
4381,6,2024-03-24,130,39,Normal,N
4382,6,2024-03-25,26,38,Normal,N
4383,6,2024-03-26,22,41,Normal,N
4384,6,2024-03-27,31,37,Normal,N
4385,6,2024-03-28,33,30,Moderate,N
4386,6,2024-03-29,103,25,Moderate,N
4387,6,2024-03-30,0,41,Moderate,N
4388,6,2024-03-31,88,34,Moderate,N
4389,6,2024-04-01,76,32,Moderate,N
4390,6,2024-04-02,56,26,Normal,N
4391,6,2024-04-03,26,41,Normal,N
4392,6,2024-04-04,56,33,Normal,N
4393,6,2024-04-05,70,32,Normal,N
4394,6,2024-04-06,25,39,Normal,N
4395,6,2024-04-07,98,26,Severe,Y
4396,6,2024-04-08,49,43,Severe,Y
4397,6,2024-04-09,87,43,Moderate,N
4398,6,2024-04-10,125,27,Normal,N
4399,6,2024-04-11,98,33,Normal,N
4400,6,2024-04-12,115,37,Normal,N
4401,6,2024-04-13,39,24,Moderate,N
4402,6,2024-04-14,111,27,Normal,N
4403,6,2024-04-15,4,34,Severe,Y
4404,6,2024-04-16,87,43,Moderate,N
4405,6,2024-04-17,27,37,Normal,N
4406,6,2024-04-18,24,27,Normal,N
4407,6,2024-04-19,0,37,Normal,N
4408,6,2024-04-20,15,29,Normal,N
4409,6,2024-04-21,114,36,Normal,N
4410,6,2024-04-22,47,29,Normal,N
4411,6,2024-04-23,115,26,Normal,N
4412,6,2024-04-24,0,31,Normal,N
4413,6,2024-04-25,113,41,Severe,Y
4414,6,2024-04-26,42,36,Normal,N
4415,6,2024-04-27,92,35,Moderate,N
4416,6,2024-04-28,96,29,Normal,N
4417,6,2024-04-29,89,43,Normal,N
4418,6,2024-04-30,128,26,Moderate,N
4419,6,2024-05-01,99,42,Normal,N
4420,6,2024-05-02,5,26,Severe,Y
4421,6,2024-05-03,126,38,Moderate,N
4422,6,2024-05-04,43,37,Normal,N
4423,6,2024-05-05,125,36,Severe,Y
4424,6,2024-05-06,89,42,Moderate,N
4425,6,2024-05-07,106,25,Normal,N
4426,6,2024-05-08,119,28,Severe,Y
4427,6,2024-05-09,43,41,Normal,N
4428,6,2024-05-10,88,38,Moderate,N
4429,6,2024-05-11,139,40,Moderate,N
4430,6,2024-05-12,64,38,Moderate,N
4431,6,2024-05-13,5,27,Normal,N
4432,6,2024-05-14,26,43,Normal,N
4433,6,2024-05-15,45,32,Moderate,N
4434,6,2024-05-16,122,36,Normal,N
4435,6,2024-05-17,85,36,Severe,Y
4436,6,2024-05-18,25,36,Moderate,N
4437,6,2024-05-19,80,25,Normal,N
4438,6,2024-05-20,76,28,Severe,Y
4439,6,2024-05-21,74,38,Normal,N
4440,6,2024-05-22,47,32,Normal,N
4441,6,2024-05-23,127,24,Moderate,N
4442,6,2024-05-24,83,24,Severe,Y
4443,6,2024-05-25,128,41,Moderate,N
4444,6,2024-05-26,24,29,Normal,N
4445,6,2024-05-27,106,31,Severe,Y
4446,6,2024-05-28,113,30,Normal,N
4447,6,2024-05-29,40,35,Severe,Y
4448,6,2024-05-30,67,38,Normal,N
4449,6,2024-05-31,54,32,Normal,N
4450,6,2024-06-01,16,37,Moderate,N
4451,6,2024-06-02,100,35,Normal,N
4452,6,2024-06-03,100,27,Moderate,N
4453,6,2024-06-04,115,28,Moderate,N
4454,6,2024-06-05,7,25,Severe,Y
4455,6,2024-06-06,18,30,Normal,N
4456,6,2024-06-07,116,28,Severe,Y
4457,6,2024-06-08,68,37,Normal,N
4458,6,2024-06-09,99,40,Normal,N
4459,6,2024-06-10,40,31,Moderate,N
4460,6,2024-06-11,82,33,Normal,N
4461,6,2024-06-12,101,42,Moderate,N
4462,6,2024-06-13,5,37,Moderate,N
4463,6,2024-06-14,111,28,Moderate,N
4464,6,2024-06-15,116,38,Normal,N
4465,6,2024-06-16,49,42,Moderate,N
4466,6,2024-06-17,80,39,Normal,N
4467,6,2024-06-18,40,30,Normal,N
4468,6,2024-06-19,17,40,Normal,N
4469,6,2024-06-20,69,37,Moderate,N
4470,6,2024-06-21,96,34,Moderate,N
4471,6,2024-06-22,92,39,Normal,N
4472,7,2022-05-12,94,31,Moderate,N
4473,7,2022-05-13,41,24,Normal,N
4474,7,2022-05-14,52,26,Normal,N
4475,7,2022-05-15,132,28,Normal,N
4476,7,2022-05-16,70,37,Moderate,N
4477,7,2022-05-17,138,27,Normal,N
4478,7,2022-05-18,26,33,Normal,N
4479,7,2022-05-19,103,38,Normal,N
4480,7,2022-05-20,130,37,Normal,N
4481,7,2022-05-21,97,30,Moderate,N
4482,7,2022-05-22,125,30,Normal,N
4483,7,2022-05-23,73,34,Normal,N
4484,7,2022-05-24,1,38,Normal,N
4485,7,2022-05-25,128,31,Normal,N
4486,7,2022-05-26,95,33,Normal,N
4487,7,2022-05-27,88,26,Moderate,N
4488,7,2022-05-28,20,39,Moderate,N
4489,7,2022-05-29,87,32,Normal,N
4490,7,2022-05-30,14,39,Normal,N
4491,7,2022-05-31,27,25,Normal,N
4492,7,2022-06-01,14,32,Moderate,N
4493,7,2022-06-02,93,24,Normal,N
4494,7,2022-06-03,127,32,Normal,N
4495,7,2022-06-04,15,32,Normal,N
4496,7,2022-06-05,93,36,Moderate,N
4497,7,2022-06-06,5,27,Normal,N
4498,7,2022-06-07,43,30,Severe,Y
4499,7,2022-06-08,4,36,Normal,N
4500,7,2022-06-09,27,29,Moderate,N
4501,7,2022-06-10,50,34,Moderate,N
4502,7,2022-06-11,82,39,Moderate,N
4503,7,2022-06-12,31,28,Normal,N
4504,7,2022-06-13,76,34,Moderate,N
4505,7,2022-06-14,37,26,Normal,N
4506,7,2022-06-15,41,33,Normal,N
4507,7,2022-06-16,85,33,Normal,N
4508,7,2022-06-17,134,32,Moderate,N
4509,7,2022-06-18,129,33,Moderate,N
4510,7,2022-06-19,112,33,Normal,N
4511,7,2022-06-20,111,40,Normal,N
4512,7,2022-06-21,15,26,Normal,N
4513,7,2022-06-22,83,35,Normal,N
4514,7,2022-06-23,86,43,Normal,N
4515,7,2022-06-24,86,29,Normal,N
4516,7,2022-06-25,46,33,Normal,N
4517,7,2022-06-26,52,43,Normal,N
4518,7,2022-06-27,30,36,Normal,N
4519,7,2022-06-28,76,35,Moderate,N
4520,7,2022-06-29,130,32,Moderate,N
4521,7,2022-06-30,118,30,Moderate,N
4522,7,2022-07-01,100,28,Normal,N
4523,7,2022-07-02,78,34,Normal,N
4524,7,2022-07-03,107,35,Moderate,N
4525,7,2022-07-04,52,28,Normal,N
4526,7,2022-07-05,137,30,Normal,N
4527,7,2022-07-06,53,42,Severe,Y
4528,7,2022-07-07,41,36,Normal,N
4529,7,2022-07-08,8,36,Normal,N
4530,7,2022-07-09,49,35,Normal,N
4531,7,2022-07-10,99,41,Moderate,N
4532,7,2022-07-11,88,38,Moderate,N
4533,7,2022-07-12,134,35,Normal,N
4534,7,2022-07-13,79,28,Normal,N
4535,7,2022-07-14,25,32,Normal,N
4536,7,2022-07-15,104,43,Normal,N
4537,7,2022-07-16,52,37,Normal,N
4538,7,2022-07-17,39,36,Normal,N
4539,7,2022-07-18,76,25,Normal,N
4540,7,2022-07-19,136,39,Moderate,N
4541,7,2022-07-20,44,26,Moderate,N
4542,7,2022-07-21,27,32,Normal,N
4543,7,2022-07-22,129,35,Moderate,N
4544,7,2022-07-23,35,40,Normal,N
4545,7,2022-07-24,118,33,Normal,N
4546,7,2022-07-25,46,26,Normal,N
4547,7,2022-07-26,10,33,Severe,Y
4548,7,2022-07-27,140,35,Moderate,N
4549,7,2022-07-28,56,38,Moderate,N
4550,7,2022-07-29,123,43,Moderate,N
4551,7,2022-07-30,20,31,Normal,N
4552,7,2022-07-31,33,41,Normal,N
4553,7,2022-08-01,86,33,Normal,N
4554,7,2022-08-02,36,29,Normal,N
4555,7,2022-08-03,24,27,Moderate,N
4556,7,2022-08-04,134,41,Moderate,N
4557,7,2022-08-05,34,40,Moderate,N
4558,7,2022-08-06,139,24,Severe,Y
4559,7,2022-08-07,137,24,Normal,N
4560,7,2022-08-08,2,39,Moderate,N
4561,7,2022-08-09,125,24,Normal,N
4562,7,2022-08-10,138,43,Normal,N
4563,7,2022-08-11,80,36,Moderate,N
4564,7,2022-08-12,83,37,Normal,N
4565,7,2022-08-13,83,29,Normal,N
4566,7,2022-08-14,74,39,Moderate,N
4567,7,2022-08-15,126,34,Moderate,N
4568,7,2022-08-16,15,26,Normal,N
4569,7,2022-08-17,65,30,Normal,N
4570,7,2022-08-18,134,32,Normal,N
4571,7,2022-08-19,43,39,Normal,N
4572,7,2022-08-20,3,31,Normal,N
4573,7,2022-08-21,13,26,Normal,N
4574,7,2022-08-22,70,34,Normal,N
4575,7,2022-08-23,6,32,Normal,N
4576,7,2022-08-24,92,39,Moderate,N
4577,7,2022-08-25,2,40,Normal,N
4578,7,2022-08-26,96,27,Normal,N
4579,7,2022-08-27,48,42,Normal,N
4580,7,2022-08-28,2,31,Normal,N
4581,7,2022-08-29,62,36,Severe,Y
4582,7,2022-08-30,80,38,Normal,N
4583,7,2022-08-31,59,38,Moderate,N
4584,7,2022-09-01,132,26,Moderate,N
4585,7,2022-09-02,108,40,Moderate,N
4586,7,2022-09-03,79,38,Normal,N
4587,7,2022-09-04,123,35,Moderate,N
4588,7,2022-09-05,104,40,Normal,N
4589,7,2022-09-06,119,35,Normal,N
4590,7,2022-09-07,84,41,Normal,N
4591,7,2022-09-08,59,24,Normal,N
4592,7,2022-09-09,34,39,Normal,N
4593,7,2022-09-10,62,25,Normal,N
4594,7,2022-09-11,90,29,Normal,N
4595,7,2022-09-12,54,24,Severe,Y
4596,7,2022-09-13,51,40,Normal,N
4597,7,2022-09-14,11,30,Severe,Y
4598,7,2022-09-15,70,41,Normal,N
4599,7,2022-09-16,107,26,Moderate,N
4600,7,2022-09-17,5,27,Moderate,N
4601,7,2022-09-18,114,40,Moderate,N
4602,7,2022-09-19,97,38,Normal,N
4603,7,2022-09-20,44,40,Normal,N
4604,7,2022-09-21,126,26,Moderate,N
4605,7,2022-09-22,27,25,Normal,N
4606,7,2022-09-23,100,37,Normal,N
4607,7,2022-09-24,75,39,Normal,N
4608,7,2022-09-25,72,42,Normal,N
4609,7,2022-09-26,71,35,Normal,N
4610,7,2022-09-27,45,27,Normal,N
4611,7,2022-09-28,87,36,Moderate,N
4612,7,2022-09-29,140,26,Normal,N
4613,7,2022-09-30,114,40,Normal,N
4614,7,2022-10-01,42,29,Normal,N
4615,7,2022-10-02,9,38,Severe,Y
4616,7,2022-10-03,116,29,Moderate,N
4617,7,2022-10-04,23,34,Normal,N
4618,7,2022-10-05,60,26,Normal,N
4619,7,2022-10-06,62,35,Normal,N
4620,7,2022-10-07,90,36,Normal,N
4621,7,2022-10-08,32,33,Moderate,N
4622,7,2022-10-09,15,27,Normal,N
4623,7,2022-10-10,70,24,Severe,Y
4624,7,2022-10-11,42,24,Normal,N
4625,7,2022-10-12,82,33,Moderate,N
4626,7,2022-10-13,26,39,Normal,N
4627,7,2022-10-14,10,39,Normal,N
4628,7,2022-10-15,55,35,Normal,N
4629,7,2022-10-16,140,42,Moderate,N
4630,7,2022-10-17,97,26,Moderate,N
4631,7,2022-10-18,106,32,Normal,N
4632,7,2022-10-19,88,29,Normal,N
4633,7,2022-10-20,128,24,Normal,N
4634,7,2022-10-21,128,27,Normal,N
4635,7,2022-10-22,129,33,Normal,N
4636,7,2022-10-23,53,40,Normal,N
4637,7,2022-10-24,11,34,Normal,N
4638,7,2022-10-25,90,42,Normal,N
4639,7,2022-10-26,131,39,Normal,N
4640,7,2022-10-27,3,24,Normal,N
4641,7,2022-10-28,124,31,Severe,Y
4642,7,2022-10-29,37,24,Normal,N
4643,7,2022-10-30,16,41,Moderate,N
4644,7,2022-10-31,60,35,Normal,N
4645,7,2022-11-01,129,29,Severe,Y
4646,7,2022-11-02,138,39,Normal,N
4647,7,2022-11-03,76,25,Severe,Y
4648,7,2022-11-04,101,39,Normal,N
4649,7,2022-11-05,71,34,Normal,N
4650,7,2022-11-06,74,27,Moderate,N
4651,7,2022-11-07,127,40,Normal,N
4652,7,2022-11-08,75,40,Normal,N
4653,7,2022-11-09,48,30,Normal,N
4654,7,2022-11-10,84,42,Normal,N
4655,7,2022-11-11,20,28,Normal,N
4656,7,2022-11-12,82,42,Normal,N
4657,7,2022-11-13,136,41,Normal,N
4658,7,2022-11-14,78,25,Normal,N
4659,7,2022-11-15,2,25,Moderate,N
4660,7,2022-11-16,137,41,Moderate,N
4661,7,2022-11-17,73,40,Moderate,N
4662,7,2022-11-18,53,29,Normal,N
4663,7,2022-11-19,92,37,Normal,N
4664,7,2022-11-20,105,26,Moderate,N
4665,7,2022-11-21,88,31,Normal,N
4666,7,2022-11-22,130,31,Normal,N
4667,7,2022-11-23,94,33,Normal,N
4668,7,2022-11-24,62,33,Severe,Y
4669,7,2022-11-25,107,27,Moderate,N
4670,7,2022-11-26,36,28,Normal,N
4671,7,2022-11-27,34,35,Normal,N
4672,7,2022-11-28,135,25,Normal,N
4673,7,2022-11-29,64,31,Moderate,N
4674,7,2022-11-30,10,31,Normal,N
4675,7,2022-12-01,139,26,Moderate,N
4676,7,2022-12-02,36,43,Normal,N
4677,7,2022-12-03,124,35,Normal,N
4678,7,2022-12-04,31,33,Moderate,N
4679,7,2022-12-05,128,32,Normal,N
4680,7,2022-12-06,109,27,Normal,N
4681,7,2022-12-07,118,27,Normal,N
4682,7,2022-12-08,133,42,Normal,N
4683,7,2022-12-09,128,29,Severe,Y
4684,7,2022-12-10,35,39,Severe,Y
4685,7,2022-12-11,119,42,Normal,N
4686,7,2022-12-12,71,32,Normal,N
4687,7,2022-12-13,61,33,Normal,N
4688,7,2022-12-14,53,41,Moderate,N
4689,7,2022-12-15,134,42,Normal,N
4690,7,2022-12-16,15,41,Moderate,N
4691,7,2022-12-17,34,40,Normal,N
4692,7,2022-12-18,132,32,Moderate,N
4693,7,2022-12-19,14,28,Severe,Y
4694,7,2022-12-20,83,32,Normal,N
4695,7,2022-12-21,8,30,Normal,N
4696,7,2022-12-22,47,28,Normal,N
4697,7,2022-12-23,5,29,Normal,N
4698,7,2022-12-24,22,29,Normal,N
4699,7,2022-12-25,62,25,Normal,N
4700,7,2022-12-26,82,35,Normal,N
4701,7,2022-12-27,53,43,Moderate,N
4702,7,2022-12-28,89,28,Normal,N
4703,7,2022-12-29,28,41,Moderate,N
4704,7,2022-12-30,77,38,Normal,N
4705,7,2022-12-31,64,27,Normal,N
4706,7,2023-01-01,68,32,Normal,N
4707,7,2023-01-02,74,27,Normal,N
4708,7,2023-01-03,84,42,Severe,Y
4709,7,2023-01-04,98,34,Moderate,N
4710,7,2023-01-05,5,36,Moderate,N
4711,7,2023-01-06,26,33,Moderate,N
4712,7,2023-01-07,95,37,Normal,N
4713,7,2023-01-08,30,31,Normal,N
4714,7,2023-01-09,113,33,Normal,N
4715,7,2023-01-10,79,27,Moderate,N
4716,7,2023-01-11,50,34,Normal,N
4717,7,2023-01-12,7,42,Normal,N
4718,7,2023-01-13,23,29,Normal,N
4719,7,2023-01-14,67,26,Normal,N
4720,7,2023-01-15,16,38,Moderate,N
4721,7,2023-01-16,61,33,Normal,N
4722,7,2023-01-17,103,41,Normal,N
4723,7,2023-01-18,61,38,Normal,N
4724,7,2023-01-19,65,27,Normal,N
4725,7,2023-01-20,101,31,Normal,N
4726,7,2023-01-21,133,43,Normal,N
4727,7,2023-01-22,123,35,Severe,Y
4728,7,2023-01-23,51,28,Normal,N
4729,7,2023-01-24,37,28,Moderate,N
4730,7,2023-01-25,41,42,Normal,N
4731,7,2023-01-26,56,24,Normal,N
4732,7,2023-01-27,132,28,Normal,N
4733,7,2023-01-28,138,39,Moderate,N
4734,7,2023-01-29,89,42,Normal,N
4735,7,2023-01-30,99,37,Normal,N
4736,7,2023-01-31,27,29,Normal,N
4737,7,2023-02-01,17,25,Normal,N
4738,7,2023-02-02,64,28,Normal,N
4739,7,2023-02-03,118,32,Normal,N
4740,7,2023-02-04,13,43,Moderate,N
4741,7,2023-02-05,5,41,Moderate,N
4742,7,2023-02-06,119,27,Normal,N
4743,7,2023-02-07,2,35,Normal,N
4744,7,2023-02-08,14,37,Moderate,N
4745,7,2023-02-09,9,26,Normal,N
4746,7,2023-02-10,16,29,Normal,N
4747,7,2023-02-11,108,24,Normal,N
4748,7,2023-02-12,56,24,Normal,N
4749,7,2023-02-13,135,39,Normal,N
4750,7,2023-02-14,131,26,Normal,N
4751,7,2023-02-15,140,26,Normal,N
4752,7,2023-02-16,100,28,Severe,Y
4753,7,2023-02-17,91,27,Normal,N
4754,7,2023-02-18,97,25,Normal,N
4755,7,2023-02-19,68,28,Normal,N
4756,7,2023-02-20,79,37,Normal,N
4757,7,2023-02-21,49,35,Normal,N
4758,7,2023-02-22,131,26,Normal,N
4759,7,2023-02-23,96,33,Normal,N
4760,7,2023-02-24,69,39,Normal,N
4761,7,2023-02-25,88,27,Moderate,N
4762,7,2023-02-26,93,24,Moderate,N
4763,7,2023-02-27,47,26,Moderate,N
4764,7,2023-02-28,64,28,Moderate,N
4765,7,2023-03-01,61,31,Normal,N
4766,7,2023-03-02,21,41,Normal,N
4767,7,2023-03-03,135,36,Normal,N
4768,7,2023-03-04,50,27,Severe,Y
4769,7,2023-03-05,8,40,Normal,N
4770,7,2023-03-06,88,41,Severe,Y
4771,7,2023-03-07,17,42,Moderate,N
4772,7,2023-03-08,4,32,Severe,Y
4773,7,2023-03-09,49,31,Moderate,N
4774,7,2023-03-10,139,31,Moderate,N
4775,7,2023-03-11,23,39,Moderate,N
4776,7,2023-03-12,132,40,Moderate,N
4777,7,2023-03-13,89,43,Moderate,N
4778,7,2023-03-14,51,33,Normal,N
4779,7,2023-03-15,131,25,Normal,N
4780,7,2023-03-16,6,29,Moderate,N
4781,7,2023-03-17,19,38,Severe,Y
4782,7,2023-03-18,53,32,Severe,Y
4783,7,2023-03-19,18,40,Severe,Y
4784,7,2023-03-20,97,24,Normal,N
4785,7,2023-03-21,121,41,Normal,N
4786,7,2023-03-22,14,42,Normal,N
4787,7,2023-03-23,15,42,Moderate,N
4788,7,2023-03-24,129,33,Normal,N
4789,7,2023-03-25,61,26,Severe,Y
4790,7,2023-03-26,123,39,Normal,N
4791,7,2023-03-27,110,31,Normal,N
4792,7,2023-03-28,94,25,Normal,N
4793,7,2023-03-29,95,26,Normal,N
4794,7,2023-03-30,71,27,Moderate,N
4795,7,2023-03-31,35,37,Severe,Y
4796,7,2023-04-01,8,26,Normal,N
4797,7,2023-04-02,13,42,Normal,N
4798,7,2023-04-03,102,42,Normal,N
4799,7,2023-04-04,12,24,Moderate,N
4800,7,2023-04-05,44,27,Normal,N
4801,7,2023-04-06,95,37,Moderate,N
4802,7,2023-04-07,98,25,Normal,N
4803,7,2023-04-08,77,29,Moderate,N
4804,7,2023-04-09,29,30,Moderate,N
4805,7,2023-04-10,87,43,Normal,N
4806,7,2023-04-11,100,34,Normal,N
4807,7,2023-04-12,3,43,Normal,N
4808,7,2023-04-13,19,33,Severe,Y
4809,7,2023-04-14,0,30,Normal,N
4810,7,2023-04-15,77,42,Normal,N
4811,7,2023-04-16,15,31,Moderate,N
4812,7,2023-04-17,67,30,Normal,N
4813,7,2023-04-18,113,26,Moderate,N
4814,7,2023-04-19,110,43,Normal,N
4815,7,2023-04-20,51,40,Normal,N
4816,7,2023-04-21,30,32,Normal,N
4817,7,2023-04-22,78,40,Normal,N
4818,7,2023-04-23,49,30,Normal,N
4819,7,2023-04-24,122,31,Moderate,N
4820,7,2023-04-25,53,39,Normal,N
4821,7,2023-04-26,53,30,Moderate,N
4822,7,2023-04-27,26,42,Normal,N
4823,7,2023-04-28,43,38,Normal,N
4824,7,2023-04-29,104,39,Normal,N
4825,7,2023-04-30,80,33,Normal,N
4826,7,2023-05-01,0,29,Severe,Y
4827,7,2023-05-02,81,42,Normal,N
4828,7,2023-05-03,15,42,Normal,N
4829,7,2023-05-04,28,40,Normal,N
4830,7,2023-05-05,121,32,Normal,N
4831,7,2023-05-06,106,36,Severe,Y
4832,7,2023-05-07,121,34,Moderate,N
4833,7,2023-05-08,36,32,Normal,N
4834,7,2023-05-09,110,34,Severe,Y
4835,7,2023-05-10,13,26,Normal,N
4836,7,2023-05-11,61,27,Normal,N
4837,7,2023-05-12,22,25,Moderate,N
4838,7,2023-05-13,122,27,Normal,N
4839,7,2023-05-14,67,42,Normal,N
4840,7,2023-05-15,138,41,Normal,N
4841,7,2023-05-16,75,26,Moderate,N
4842,7,2023-05-17,14,27,Normal,N
4843,7,2023-05-18,75,41,Normal,N
4844,7,2023-05-19,91,32,Severe,Y
4845,7,2023-05-20,94,37,Moderate,N
4846,7,2023-05-21,82,24,Moderate,N
4847,7,2023-05-22,21,41,Severe,Y
4848,7,2023-05-23,97,30,Normal,N
4849,7,2023-05-24,24,38,Moderate,N
4850,7,2023-05-25,115,38,Normal,N
4851,7,2023-05-26,60,40,Normal,N
4852,7,2023-05-27,53,34,Severe,Y
4853,7,2023-05-28,51,24,Normal,N
4854,7,2023-05-29,18,43,Moderate,N
4855,7,2023-05-30,45,24,Normal,N
4856,7,2023-05-31,131,31,Normal,N
4857,7,2023-06-01,134,29,Normal,N
4858,7,2023-06-02,15,38,Normal,N
4859,7,2023-06-03,74,27,Moderate,N
4860,7,2023-06-04,73,25,Moderate,N
4861,7,2023-06-05,96,36,Normal,N
4862,7,2023-06-06,11,37,Moderate,N
4863,7,2023-06-07,118,40,Normal,N
4864,7,2023-06-08,19,35,Normal,N
4865,7,2023-06-09,108,31,Moderate,N
4866,7,2023-06-10,104,40,Moderate,N
4867,7,2023-06-11,53,32,Moderate,N
4868,7,2023-06-12,128,29,Moderate,N
4869,7,2023-06-13,66,29,Normal,N
4870,7,2023-06-14,8,31,Normal,N
4871,7,2023-06-15,95,25,Normal,N
4872,7,2023-06-16,0,31,Normal,N
4873,7,2023-06-17,91,43,Normal,N
4874,7,2023-06-18,85,32,Normal,N
4875,7,2023-06-19,74,35,Normal,N
4876,7,2023-06-20,55,35,Normal,N
4877,7,2023-06-21,103,41,Normal,N
4878,7,2023-06-22,67,38,Moderate,N
4879,7,2023-06-23,42,31,Normal,N
4880,7,2023-06-24,119,41,Moderate,N
4881,7,2023-06-25,4,28,Severe,Y
4882,7,2023-06-26,47,32,Normal,N
4883,7,2023-06-27,96,26,Normal,N
4884,7,2023-06-28,72,37,Normal,N
4885,7,2023-06-29,80,33,Moderate,N
4886,7,2023-06-30,19,35,Normal,N
4887,7,2023-07-01,75,25,Normal,N
4888,7,2023-07-02,49,25,Moderate,N
4889,7,2023-07-03,65,28,Moderate,N
4890,7,2023-07-04,61,29,Normal,N
4891,7,2023-07-05,54,41,Moderate,N
4892,7,2023-07-06,91,39,Moderate,N
4893,7,2023-07-07,17,26,Normal,N
4894,7,2023-07-08,92,34,Normal,N
4895,7,2023-07-09,7,25,Normal,N
4896,7,2023-07-10,59,38,Normal,N
4897,7,2023-07-11,27,43,Severe,Y
4898,7,2023-07-12,0,31,Normal,N
4899,7,2023-07-13,39,25,Normal,N
4900,7,2023-07-14,27,33,Normal,N
4901,7,2023-07-15,50,24,Normal,N
4902,7,2023-07-16,116,35,Severe,Y
4903,7,2023-07-17,29,38,Normal,N
4904,7,2023-07-18,113,40,Normal,N
4905,7,2023-07-19,130,37,Normal,N
4906,7,2023-07-20,15,30,Normal,N
4907,7,2023-07-21,123,31,Moderate,N
4908,7,2023-07-22,92,43,Normal,N
4909,7,2023-07-23,86,37,Normal,N
4910,7,2023-07-24,55,25,Normal,N
4911,7,2023-07-25,101,27,Normal,N
4912,7,2023-07-26,126,28,Normal,N
4913,7,2023-07-27,60,33,Normal,N
4914,7,2023-07-28,71,26,Normal,N
4915,7,2023-07-29,41,36,Normal,N
4916,7,2023-07-30,69,25,Normal,N
4917,7,2023-07-31,62,37,Moderate,N
4918,7,2023-08-01,60,27,Normal,N
4919,7,2023-08-02,51,25,Moderate,N
4920,7,2023-08-03,23,39,Severe,Y
4921,7,2023-08-04,129,42,Normal,N
4922,7,2023-08-05,13,24,Severe,Y
4923,7,2023-08-06,98,39,Normal,N
4924,7,2023-08-07,43,41,Normal,N
4925,7,2023-08-08,67,42,Normal,N
4926,7,2023-08-09,57,24,Moderate,N
4927,7,2023-08-10,55,25,Normal,N
4928,7,2023-08-11,115,28,Moderate,N
4929,7,2023-08-12,26,37,Normal,N
4930,7,2023-08-13,105,40,Normal,N
4931,7,2023-08-14,57,31,Moderate,N
4932,7,2023-08-15,7,30,Normal,N
4933,7,2023-08-16,65,31,Normal,N
4934,7,2023-08-17,38,33,Normal,N
4935,7,2023-08-18,52,39,Moderate,N
4936,7,2023-08-19,64,40,Normal,N
4937,7,2023-08-20,85,30,Normal,N
4938,7,2023-08-21,29,39,Normal,N
4939,7,2023-08-22,23,34,Normal,N
4940,7,2023-08-23,28,32,Normal,N
4941,7,2023-08-24,127,30,Normal,N
4942,7,2023-08-25,46,38,Severe,Y
4943,7,2023-08-26,23,30,Severe,Y
4944,7,2023-08-27,13,34,Severe,Y
4945,7,2023-08-28,137,43,Normal,N
4946,7,2023-08-29,33,29,Normal,N
4947,7,2023-08-30,21,43,Normal,N
4948,7,2023-08-31,47,40,Moderate,N
4949,7,2023-09-01,65,38,Normal,N
4950,7,2023-09-02,97,29,Severe,Y
4951,7,2023-09-03,57,31,Normal,N
4952,7,2023-09-04,102,31,Normal,N
4953,7,2023-09-05,66,41,Normal,N
4954,7,2023-09-06,69,41,Normal,N
4955,7,2023-09-07,110,31,Normal,N
4956,7,2023-09-08,76,36,Moderate,N
4957,7,2023-09-09,125,37,Normal,N
4958,7,2023-09-10,63,41,Moderate,N
4959,7,2023-09-11,114,43,Normal,N
4960,7,2023-09-12,60,25,Severe,Y
4961,7,2023-09-13,32,41,Moderate,N
4962,7,2023-09-14,93,34,Normal,N
4963,7,2023-09-15,79,38,Normal,N
4964,7,2023-09-16,10,41,Normal,N
4965,7,2023-09-17,9,36,Normal,N
4966,7,2023-09-18,13,40,Normal,N
4967,7,2023-09-19,43,41,Moderate,N
4968,7,2023-09-20,118,41,Normal,N
4969,7,2023-09-21,12,25,Normal,N
4970,7,2023-09-22,47,37,Normal,N
4971,7,2023-09-23,111,38,Normal,N
4972,7,2023-09-24,76,25,Normal,N
4973,7,2023-09-25,111,33,Moderate,N
4974,7,2023-09-26,67,37,Normal,N
4975,7,2023-09-27,101,36,Normal,N
4976,7,2023-09-28,113,34,Normal,N
4977,7,2023-09-29,139,32,Normal,N
4978,7,2023-09-30,127,40,Moderate,N
4979,7,2023-10-01,105,35,Normal,N
4980,7,2023-10-02,74,34,Severe,Y
4981,7,2023-10-03,46,34,Moderate,N
4982,7,2023-10-04,25,33,Normal,N
4983,7,2023-10-05,33,35,Normal,N
4984,7,2023-10-06,66,26,Moderate,N
4985,7,2023-10-07,84,29,Normal,N
4986,7,2023-10-08,52,26,Normal,N
4987,7,2023-10-09,44,29,Moderate,N
4988,7,2023-10-10,63,39,Normal,N
4989,7,2023-10-11,11,33,Normal,N
4990,7,2023-10-12,106,26,Normal,N
4991,7,2023-10-13,118,41,Normal,N
4992,7,2023-10-14,59,29,Moderate,N
4993,7,2023-10-15,19,27,Normal,N
4994,7,2023-10-16,54,29,Normal,N
4995,7,2023-10-17,139,31,Moderate,N
4996,7,2023-10-18,76,31,Normal,N
4997,7,2023-10-19,89,25,Normal,N
4998,7,2023-10-20,131,34,Normal,N
4999,7,2023-10-21,131,42,Normal,N
5000,7,2023-10-22,75,27,Normal,N
5001,7,2023-10-23,13,34,Normal,N
5002,7,2023-10-24,44,43,Moderate,N
5003,7,2023-10-25,40,28,Normal,N
5004,7,2023-10-26,113,29,Normal,N
5005,7,2023-10-27,113,27,Normal,N
5006,7,2023-10-28,14,30,Normal,N
5007,7,2023-10-29,22,27,Severe,Y
5008,7,2023-10-30,116,41,Normal,N
5009,7,2023-10-31,74,38,Normal,N
5010,7,2023-11-01,43,30,Normal,N
5011,7,2023-11-02,70,32,Moderate,N
5012,7,2023-11-03,133,29,Moderate,N
5013,7,2023-11-04,11,39,Normal,N
5014,7,2023-11-05,72,29,Moderate,N
5015,7,2023-11-06,50,38,Normal,N
5016,7,2023-11-07,104,25,Normal,N
5017,7,2023-11-08,75,41,Moderate,N
5018,7,2023-11-09,52,35,Moderate,N
5019,7,2023-11-10,127,32,Moderate,N
5020,7,2023-11-11,99,39,Severe,Y
5021,7,2023-11-12,14,37,Normal,N
5022,7,2023-11-13,8,27,Moderate,N
5023,7,2023-11-14,115,41,Normal,N
5024,7,2023-11-15,108,28,Normal,N
5025,7,2023-11-16,75,41,Normal,N
5026,7,2023-11-17,11,31,Moderate,N
5027,7,2023-11-18,80,39,Severe,Y
5028,7,2023-11-19,47,42,Normal,N
5029,7,2023-11-20,102,40,Normal,N
5030,7,2023-11-21,124,38,Normal,N
5031,7,2023-11-22,54,39,Normal,N
5032,7,2023-11-23,64,30,Normal,N
5033,7,2023-11-24,136,38,Normal,N
5034,7,2023-11-25,105,37,Normal,N
5035,7,2023-11-26,5,24,Moderate,N
5036,7,2023-11-27,132,28,Moderate,N
5037,7,2023-11-28,64,25,Normal,N
5038,7,2023-11-29,26,24,Normal,N
5039,7,2023-11-30,27,33,Normal,N
5040,7,2023-12-01,86,35,Normal,N
5041,7,2023-12-02,127,24,Normal,N
5042,7,2023-12-03,32,30,Normal,N
5043,7,2023-12-04,128,39,Moderate,N
5044,7,2023-12-05,10,31,Normal,N
5045,7,2023-12-06,59,33,Normal,N
5046,7,2023-12-07,136,43,Moderate,N
5047,7,2023-12-08,63,43,Moderate,N
5048,7,2023-12-09,84,36,Normal,N
5049,7,2023-12-10,86,33,Severe,Y
5050,7,2023-12-11,25,31,Normal,N
5051,7,2023-12-12,71,37,Normal,N
5052,7,2023-12-13,136,35,Normal,N
5053,7,2023-12-14,21,26,Moderate,N
5054,7,2023-12-15,113,29,Normal,N
5055,7,2023-12-16,92,26,Normal,N
5056,7,2023-12-17,46,37,Normal,N
5057,7,2023-12-18,22,38,Severe,Y
5058,7,2023-12-19,91,42,Severe,Y
5059,7,2023-12-20,74,36,Normal,N
5060,7,2023-12-21,128,37,Normal,N
5061,7,2023-12-22,2,25,Normal,N
5062,7,2023-12-23,4,34,Normal,N
5063,7,2023-12-24,75,33,Normal,N
5064,7,2023-12-25,122,40,Normal,N
5065,7,2023-12-26,21,34,Normal,N
5066,7,2023-12-27,136,27,Severe,Y
5067,7,2023-12-28,119,42,Moderate,N
5068,7,2023-12-29,8,25,Normal,N
5069,7,2023-12-30,127,37,Normal,N
5070,7,2023-12-31,11,34,Moderate,N
5071,7,2024-01-01,8,41,Normal,N
5072,7,2024-01-02,128,29,Normal,N
5073,7,2024-01-03,97,29,Normal,N
5074,7,2024-01-04,128,30,Moderate,N
5075,7,2024-01-05,45,38,Normal,N
5076,7,2024-01-06,28,36,Normal,N
5077,7,2024-01-07,23,41,Normal,N
5078,7,2024-01-08,35,32,Severe,Y
5079,7,2024-01-09,138,25,Moderate,N
5080,7,2024-01-10,130,25,Severe,Y
5081,7,2024-01-11,24,36,Normal,N
5082,7,2024-01-12,96,43,Normal,N
5083,7,2024-01-13,109,26,Normal,N
5084,7,2024-01-14,126,38,Normal,N
5085,7,2024-01-15,72,34,Moderate,N
5086,7,2024-01-16,118,32,Normal,N
5087,7,2024-01-17,0,41,Normal,N
5088,7,2024-01-18,72,25,Normal,N
5089,7,2024-01-19,82,37,Moderate,N
5090,7,2024-01-20,98,28,Normal,N
5091,7,2024-01-21,29,40,Moderate,N
5092,7,2024-01-22,122,43,Moderate,N
5093,7,2024-01-23,19,33,Normal,N
5094,7,2024-01-24,121,42,Normal,N
5095,7,2024-01-25,13,32,Normal,N
5096,7,2024-01-26,60,30,Severe,Y
5097,7,2024-01-27,120,27,Moderate,N
5098,7,2024-01-28,123,34,Normal,N
5099,7,2024-01-29,108,43,Normal,N
5100,7,2024-01-30,77,25,Normal,N
5101,7,2024-01-31,28,31,Normal,N
5102,7,2024-02-01,3,40,Normal,N
5103,7,2024-02-02,61,24,Normal,N
5104,7,2024-02-03,139,30,Normal,N
5105,7,2024-02-04,136,43,Normal,N
5106,7,2024-02-05,34,35,Normal,N
5107,7,2024-02-06,58,35,Normal,N
5108,7,2024-02-07,55,30,Normal,N
5109,7,2024-02-08,74,41,Normal,N
5110,7,2024-02-09,38,39,Normal,N
5111,7,2024-02-10,52,40,Normal,N
5112,7,2024-02-11,23,39,Normal,N
5113,7,2024-02-12,98,24,Moderate,N
5114,7,2024-02-13,130,25,Moderate,N
5115,7,2024-02-14,72,25,Normal,N
5116,7,2024-02-15,122,25,Normal,N
5117,7,2024-02-16,40,32,Normal,N
5118,7,2024-02-17,12,28,Normal,N
5119,7,2024-02-18,43,27,Normal,N
5120,7,2024-02-19,23,40,Normal,N
5121,7,2024-02-20,19,30,Moderate,N
5122,7,2024-02-21,97,35,Moderate,N
5123,7,2024-02-22,140,28,Normal,N
5124,7,2024-02-23,14,26,Normal,N
5125,7,2024-02-24,33,30,Normal,N
5126,7,2024-02-25,71,25,Moderate,N
5127,7,2024-02-26,6,31,Moderate,N
5128,7,2024-02-27,41,27,Moderate,N
5129,7,2024-02-28,129,29,Severe,Y
5130,7,2024-02-29,126,30,Normal,N
5131,7,2024-03-01,5,33,Normal,N
5132,7,2024-03-02,126,25,Moderate,N
5133,7,2024-03-03,51,37,Moderate,N
5134,7,2024-03-04,101,35,Normal,N
5135,7,2024-03-05,139,27,Normal,N
5136,7,2024-03-06,41,31,Normal,N
5137,7,2024-03-07,129,33,Normal,N
5138,7,2024-03-08,134,42,Severe,Y
5139,7,2024-03-09,104,43,Normal,N
5140,7,2024-03-10,82,34,Normal,N
5141,7,2024-03-11,48,34,Normal,N
5142,7,2024-03-12,11,25,Moderate,N
5143,7,2024-03-13,16,29,Normal,N
5144,7,2024-03-14,87,40,Normal,N
5145,7,2024-03-15,56,37,Moderate,N
5146,7,2024-03-16,38,35,Normal,N
5147,7,2024-03-17,54,33,Normal,N
5148,7,2024-03-18,124,34,Severe,Y
5149,7,2024-03-19,33,29,Normal,N
5150,7,2024-03-20,115,36,Normal,N
5151,7,2024-03-21,105,34,Normal,N
5152,7,2024-03-22,101,33,Moderate,N
5153,7,2024-03-23,106,40,Moderate,N
5154,7,2024-03-24,100,43,Moderate,N
5155,7,2024-03-25,44,37,Normal,N
5156,7,2024-03-26,54,39,Moderate,N
5157,7,2024-03-27,104,41,Normal,N
5158,7,2024-03-28,121,34,Moderate,N
5159,7,2024-03-29,8,35,Severe,Y
5160,7,2024-03-30,99,32,Moderate,N
5161,7,2024-03-31,34,43,Moderate,N
5162,7,2024-04-01,12,36,Normal,N
5163,7,2024-04-02,109,25,Normal,N
5164,7,2024-04-03,3,26,Normal,N
5165,7,2024-04-04,56,37,Normal,N
5166,7,2024-04-05,64,39,Moderate,N
5167,7,2024-04-06,123,27,Normal,N
5168,7,2024-04-07,94,24,Normal,N
5169,7,2024-04-08,49,30,Normal,N
5170,7,2024-04-09,128,35,Moderate,N
5171,7,2024-04-10,65,30,Normal,N
5172,7,2024-04-11,113,33,Normal,N
5173,7,2024-04-12,106,40,Moderate,N
5174,7,2024-04-13,138,30,Normal,N
5175,7,2024-04-14,64,26,Normal,N
5176,7,2024-04-15,134,37,Normal,N
5177,7,2024-04-16,6,34,Normal,N
5178,7,2024-04-17,121,39,Severe,Y
5179,7,2024-04-18,16,38,Normal,N
5180,7,2024-04-19,116,36,Moderate,N
5181,7,2024-04-20,94,38,Moderate,N
5182,7,2024-04-21,33,32,Severe,Y
5183,7,2024-04-22,61,32,Severe,Y
5184,7,2024-04-23,139,36,Normal,N
5185,7,2024-04-24,21,42,Moderate,N
5186,7,2024-04-25,5,30,Normal,N
5187,8,2022-06-27,15,41,Normal,N
5188,8,2022-06-28,70,28,Moderate,N
5189,8,2022-06-29,88,40,Normal,N
5190,8,2022-06-30,19,24,Moderate,N
5191,8,2022-07-01,103,39,Normal,N
5192,8,2022-07-02,106,25,Moderate,N
5193,8,2022-07-03,123,28,Normal,N
5194,8,2022-07-04,61,37,Moderate,N
5195,8,2022-07-05,72,25,Normal,N
5196,8,2022-07-06,10,35,Normal,N
5197,8,2022-07-07,43,34,Moderate,N
5198,8,2022-07-08,72,30,Normal,N
5199,8,2022-07-09,112,39,Normal,N
5200,8,2022-07-10,70,32,Normal,N
5201,8,2022-07-11,111,27,Normal,N
5202,8,2022-07-12,85,31,Normal,N
5203,8,2022-07-13,19,39,Normal,N
5204,8,2022-07-14,117,35,Moderate,N
5205,8,2022-07-15,119,35,Normal,N
5206,8,2022-07-16,100,31,Severe,Y
5207,8,2022-07-17,37,29,Moderate,N
5208,8,2022-07-18,130,39,Normal,N
5209,8,2022-07-19,43,25,Moderate,N
5210,8,2022-07-20,10,26,Normal,N
5211,8,2022-07-21,76,41,Normal,N
5212,8,2022-07-22,114,39,Moderate,N
5213,8,2022-07-23,15,35,Normal,N
5214,8,2022-07-24,19,39,Normal,N
5215,8,2022-07-25,101,27,Normal,N
5216,8,2022-07-26,80,36,Severe,Y
5217,8,2022-07-27,0,32,Normal,N
5218,8,2022-07-28,51,30,Normal,N
5219,8,2022-07-29,54,27,Severe,Y
5220,8,2022-07-30,92,32,Normal,N
5221,8,2022-07-31,65,37,Normal,N
5222,8,2022-08-01,115,35,Moderate,N
5223,8,2022-08-02,65,41,Moderate,N
5224,8,2022-08-03,83,27,Normal,N
5225,8,2022-08-04,22,26,Normal,N
5226,8,2022-08-05,3,28,Moderate,N
5227,8,2022-08-06,59,43,Severe,Y
5228,8,2022-08-07,31,32,Moderate,N
5229,8,2022-08-08,93,40,Normal,N
5230,8,2022-08-09,30,27,Normal,N
5231,8,2022-08-10,6,30,Moderate,N
5232,8,2022-08-11,138,33,Normal,N
5233,8,2022-08-12,81,25,Normal,N
5234,8,2022-08-13,28,34,Moderate,N
5235,8,2022-08-14,1,27,Normal,N
5236,8,2022-08-15,3,24,Moderate,N
5237,8,2022-08-16,9,28,Moderate,N
5238,8,2022-08-17,135,42,Moderate,N
5239,8,2022-08-18,67,41,Normal,N
5240,8,2022-08-19,43,38,Normal,N
5241,8,2022-08-20,45,35,Normal,N
5242,8,2022-08-21,98,28,Moderate,N
5243,8,2022-08-22,129,27,Normal,N
5244,8,2022-08-23,125,37,Moderate,N
5245,8,2022-08-24,61,39,Moderate,N
5246,8,2022-08-25,18,43,Normal,N
5247,8,2022-08-26,23,27,Normal,N
5248,8,2022-08-27,58,36,Normal,N
5249,8,2022-08-28,109,38,Normal,N
5250,8,2022-08-29,63,31,Moderate,N
5251,8,2022-08-30,97,36,Normal,N
5252,8,2022-08-31,66,42,Normal,N
5253,8,2022-09-01,89,37,Normal,N
5254,8,2022-09-02,13,38,Moderate,N
5255,8,2022-09-03,64,24,Severe,Y
5256,8,2022-09-04,90,34,Normal,N
5257,8,2022-09-05,62,31,Normal,N
5258,8,2022-09-06,121,25,Severe,Y
5259,8,2022-09-07,108,31,Moderate,N
5260,8,2022-09-08,131,34,Normal,N
5261,8,2022-09-09,26,26,Normal,N
5262,8,2022-09-10,137,28,Normal,N
5263,8,2022-09-11,60,24,Normal,N
5264,8,2022-09-12,71,40,Severe,Y
5265,8,2022-09-13,103,33,Normal,N
5266,8,2022-09-14,39,27,Normal,N
5267,8,2022-09-15,10,31,Normal,N
5268,8,2022-09-16,18,30,Normal,N
5269,8,2022-09-17,105,32,Normal,N
5270,8,2022-09-18,74,40,Normal,N
5271,8,2022-09-19,62,40,Normal,N
5272,8,2022-09-20,14,37,Normal,N
5273,8,2022-09-21,110,37,Normal,N
5274,8,2022-09-22,100,32,Moderate,N
5275,8,2022-09-23,2,24,Normal,N
5276,8,2022-09-24,111,29,Normal,N
5277,8,2022-09-25,33,26,Normal,N
5278,8,2022-09-26,68,31,Normal,N
5279,8,2022-09-27,114,38,Normal,N
5280,8,2022-09-28,14,37,Normal,N
5281,8,2022-09-29,138,42,Normal,N
5282,8,2022-09-30,69,31,Normal,N
5283,8,2022-10-01,124,42,Normal,N
5284,8,2022-10-02,69,37,Normal,N
5285,8,2022-10-03,46,30,Moderate,N
5286,8,2022-10-04,38,30,Normal,N
5287,8,2022-10-05,113,27,Normal,N
5288,8,2022-10-06,12,43,Normal,N
5289,8,2022-10-07,101,30,Normal,N
5290,8,2022-10-08,31,35,Normal,N
5291,8,2022-10-09,45,33,Normal,N
5292,8,2022-10-10,120,28,Normal,N
5293,8,2022-10-11,97,39,Normal,N
5294,8,2022-10-12,38,25,Moderate,N
5295,8,2022-10-13,100,35,Normal,N
5296,8,2022-10-14,97,24,Normal,N
5297,8,2022-10-15,82,42,Normal,N
5298,8,2022-10-16,27,27,Normal,N
5299,8,2022-10-17,83,29,Moderate,N
5300,8,2022-10-18,8,28,Moderate,N
5301,8,2022-10-19,60,36,Normal,N
5302,8,2022-10-20,137,43,Normal,N
5303,8,2022-10-21,82,28,Moderate,N
5304,8,2022-10-22,102,38,Normal,N
5305,8,2022-10-23,112,28,Normal,N
5306,8,2022-10-24,25,33,Normal,N
5307,8,2022-10-25,122,30,Moderate,N
5308,8,2022-10-26,64,33,Normal,N
5309,8,2022-10-27,114,27,Normal,N
5310,8,2022-10-28,18,35,Moderate,N
5311,8,2022-10-29,63,36,Severe,Y
5312,8,2022-10-30,40,29,Normal,N
5313,8,2022-10-31,34,24,Normal,N
5314,8,2022-11-01,105,33,Normal,N
5315,8,2022-11-02,91,40,Normal,N
5316,8,2022-11-03,9,27,Normal,N
5317,8,2022-11-04,71,30,Normal,N
5318,8,2022-11-05,69,31,Severe,Y
5319,8,2022-11-06,70,42,Moderate,N
5320,8,2022-11-07,131,31,Normal,N
5321,8,2022-11-08,124,39,Severe,Y
5322,8,2022-11-09,15,32,Normal,N
5323,8,2022-11-10,110,27,Normal,N
5324,8,2022-11-11,138,36,Normal,N
5325,8,2022-11-12,78,25,Moderate,N
5326,8,2022-11-13,91,32,Normal,N
5327,8,2022-11-14,74,35,Normal,N
5328,8,2022-11-15,5,34,Moderate,N
5329,8,2022-11-16,88,28,Moderate,N
5330,8,2022-11-17,115,25,Moderate,N
5331,8,2022-11-18,39,25,Normal,N
5332,8,2022-11-19,127,32,Severe,Y
5333,8,2022-11-20,58,31,Normal,N
5334,8,2022-11-21,137,24,Normal,N
5335,8,2022-11-22,3,35,Severe,Y
5336,8,2022-11-23,17,35,Normal,N
5337,8,2022-11-24,20,26,Normal,N
5338,8,2022-11-25,23,32,Normal,N
5339,8,2022-11-26,125,32,Normal,N
5340,8,2022-11-27,131,30,Normal,N
5341,8,2022-11-28,76,28,Normal,N
5342,8,2022-11-29,115,39,Normal,N
5343,8,2022-11-30,63,27,Normal,N
5344,8,2022-12-01,20,28,Moderate,N
5345,8,2022-12-02,73,30,Moderate,N
5346,8,2022-12-03,121,35,Normal,N
5347,8,2022-12-04,88,38,Severe,Y
5348,8,2022-12-05,64,43,Normal,N
5349,8,2022-12-06,109,35,Normal,N
5350,8,2022-12-07,12,24,Normal,N
5351,8,2022-12-08,102,38,Moderate,N
5352,8,2022-12-09,95,34,Normal,N
5353,8,2022-12-10,109,32,Moderate,N
5354,8,2022-12-11,98,33,Moderate,N
5355,8,2022-12-12,44,32,Normal,N
5356,8,2022-12-13,53,37,Moderate,N
5357,8,2022-12-14,59,26,Normal,N
5358,8,2022-12-15,88,31,Normal,N
5359,8,2022-12-16,119,30,Moderate,N
5360,8,2022-12-17,8,34,Normal,N
5361,8,2022-12-18,35,31,Normal,N
5362,8,2022-12-19,27,40,Moderate,N
5363,8,2022-12-20,71,40,Normal,N
5364,8,2022-12-21,9,37,Normal,N
5365,8,2022-12-22,39,41,Normal,N
5366,8,2022-12-23,136,35,Normal,N
5367,8,2022-12-24,84,33,Normal,N
5368,8,2022-12-25,35,36,Normal,N
5369,8,2022-12-26,29,39,Normal,N
5370,8,2022-12-27,12,38,Normal,N
5371,8,2022-12-28,60,43,Moderate,N
5372,8,2022-12-29,6,33,Normal,N
5373,8,2022-12-30,92,33,Normal,N
5374,8,2022-12-31,19,37,Normal,N
5375,8,2023-01-01,115,42,Normal,N
5376,8,2023-01-02,139,41,Moderate,N
5377,8,2023-01-03,84,29,Moderate,N
5378,8,2023-01-04,69,37,Normal,N
5379,8,2023-01-05,64,42,Moderate,N
5380,8,2023-01-06,110,38,Normal,N
5381,8,2023-01-07,96,29,Normal,N
5382,8,2023-01-08,119,29,Normal,N
5383,8,2023-01-09,93,30,Normal,N
5384,8,2023-01-10,51,31,Normal,N
5385,8,2023-01-11,64,28,Moderate,N
5386,8,2023-01-12,112,36,Normal,N
5387,8,2023-01-13,24,41,Moderate,N
5388,8,2023-01-14,40,30,Normal,N
5389,8,2023-01-15,14,28,Normal,N
5390,8,2023-01-16,92,35,Normal,N
5391,8,2023-01-17,104,31,Moderate,N
5392,8,2023-01-18,68,35,Severe,Y
5393,8,2023-01-19,120,27,Moderate,N
5394,8,2023-01-20,127,38,Normal,N
5395,8,2023-01-21,9,36,Moderate,N
5396,8,2023-01-22,77,35,Normal,N
5397,8,2023-01-23,101,29,Moderate,N
5398,8,2023-01-24,21,25,Normal,N
5399,8,2023-01-25,9,31,Normal,N
5400,8,2023-01-26,67,40,Severe,Y
5401,8,2023-01-27,129,27,Normal,N
5402,8,2023-01-28,24,30,Normal,N
5403,8,2023-01-29,108,24,Severe,Y
5404,8,2023-01-30,131,29,Normal,N
5405,8,2023-01-31,54,29,Normal,N
5406,8,2023-02-01,75,25,Moderate,N
5407,8,2023-02-02,22,38,Normal,N
5408,8,2023-02-03,109,29,Moderate,N
5409,8,2023-02-04,98,40,Normal,N
5410,8,2023-02-05,93,24,Moderate,N
5411,8,2023-02-06,22,28,Normal,N
5412,8,2023-02-07,77,35,Normal,N
5413,8,2023-02-08,45,37,Severe,Y
5414,8,2023-02-09,106,30,Moderate,N
5415,8,2023-02-10,101,40,Normal,N
5416,8,2023-02-11,99,31,Normal,N
5417,8,2023-02-12,39,37,Normal,N
5418,8,2023-02-13,103,33,Normal,N
5419,8,2023-02-14,125,38,Moderate,N
5420,8,2023-02-15,124,36,Moderate,N
5421,8,2023-02-16,8,36,Moderate,N
5422,8,2023-02-17,50,36,Normal,N
5423,8,2023-02-18,51,37,Normal,N
5424,8,2023-02-19,95,30,Normal,N
5425,8,2023-02-20,54,25,Severe,Y
5426,8,2023-02-21,56,43,Normal,N
5427,8,2023-02-22,38,32,Normal,N
5428,8,2023-02-23,126,27,Moderate,N
5429,8,2023-02-24,22,35,Normal,N
5430,8,2023-02-25,14,33,Moderate,N
5431,8,2023-02-26,122,33,Normal,N
5432,8,2023-02-27,106,27,Normal,N
5433,8,2023-02-28,114,42,Normal,N
5434,8,2023-03-01,13,30,Normal,N
5435,8,2023-03-02,88,27,Normal,N
5436,8,2023-03-03,87,42,Moderate,N
5437,8,2023-03-04,79,34,Moderate,N
5438,8,2023-03-05,69,38,Normal,N
5439,8,2023-03-06,41,36,Normal,N
5440,8,2023-03-07,124,26,Normal,N
5441,8,2023-03-08,66,32,Normal,N
5442,8,2023-03-09,109,26,Normal,N
5443,8,2023-03-10,86,25,Normal,N
5444,8,2023-03-11,36,31,Normal,N
5445,8,2023-03-12,101,39,Moderate,N
5446,8,2023-03-13,123,27,Normal,N
5447,8,2023-03-14,133,34,Normal,N
5448,8,2023-03-15,27,37,Normal,N
5449,8,2023-03-16,11,31,Normal,N
5450,8,2023-03-17,69,30,Moderate,N
5451,8,2023-03-18,45,34,Moderate,N
5452,8,2023-03-19,121,40,Normal,N
5453,8,2023-03-20,20,29,Normal,N
5454,8,2023-03-21,31,31,Moderate,N
5455,8,2023-03-22,47,24,Normal,N
5456,8,2023-03-23,101,38,Moderate,N
5457,8,2023-03-24,111,37,Normal,N
5458,8,2023-03-25,125,39,Normal,N
5459,8,2023-03-26,132,30,Normal,N
5460,8,2023-03-27,32,32,Normal,N
5461,8,2023-03-28,137,38,Moderate,N
5462,8,2023-03-29,45,30,Normal,N
5463,8,2023-03-30,92,37,Normal,N
5464,8,2023-03-31,11,37,Moderate,N
5465,8,2023-04-01,59,37,Normal,N
5466,8,2023-04-02,113,36,Normal,N
5467,8,2023-04-03,14,30,Normal,N
5468,8,2023-04-04,122,34,Moderate,N
5469,8,2023-04-05,67,40,Moderate,N
5470,8,2023-04-06,41,28,Normal,N
5471,8,2023-04-07,57,27,Moderate,N
5472,8,2023-04-08,11,27,Moderate,N
5473,8,2023-04-09,108,37,Normal,N
5474,8,2023-04-10,81,29,Normal,N
5475,8,2023-04-11,8,43,Moderate,N
5476,8,2023-04-12,54,31,Moderate,N
5477,8,2023-04-13,76,38,Normal,N
5478,8,2023-04-14,93,30,Moderate,N
5479,8,2023-04-15,86,41,Moderate,N
5480,8,2023-04-16,124,36,Moderate,N
5481,8,2023-04-17,23,33,Normal,N
5482,8,2023-04-18,9,37,Normal,N
5483,8,2023-04-19,56,26,Normal,N
5484,8,2023-04-20,75,28,Normal,N
5485,8,2023-04-21,100,40,Severe,Y
5486,8,2023-04-22,5,36,Normal,N
5487,8,2023-04-23,128,29,Normal,N
5488,8,2023-04-24,72,34,Normal,N
5489,8,2023-04-25,50,28,Normal,N
5490,8,2023-04-26,59,32,Moderate,N
5491,8,2023-04-27,126,33,Normal,N
5492,8,2023-04-28,2,27,Normal,N
5493,8,2023-04-29,59,37,Moderate,N
5494,8,2023-04-30,77,38,Normal,N
5495,8,2023-05-01,96,34,Normal,N
5496,8,2023-05-02,133,36,Normal,N
5497,8,2023-05-03,74,42,Normal,N
5498,8,2023-05-04,71,43,Severe,Y
5499,8,2023-05-05,6,27,Moderate,N
5500,8,2023-05-06,121,32,Normal,N
5501,8,2023-05-07,95,35,Severe,Y
5502,8,2023-05-08,64,40,Moderate,N
5503,8,2023-05-09,136,40,Normal,N
5504,8,2023-05-10,67,43,Severe,Y
5505,8,2023-05-11,115,31,Normal,N
5506,8,2023-05-12,17,34,Moderate,N
5507,8,2023-05-13,57,31,Normal,N
5508,8,2023-05-14,92,31,Severe,Y
5509,8,2023-05-15,18,36,Normal,N
5510,8,2023-05-16,140,32,Normal,N
5511,8,2023-05-17,17,33,Normal,N
5512,8,2023-05-18,137,43,Normal,N
5513,8,2023-05-19,41,29,Normal,N
5514,8,2023-05-20,114,36,Normal,N
5515,8,2023-05-21,136,26,Normal,N
5516,8,2023-05-22,58,28,Severe,Y
5517,8,2023-05-23,17,39,Normal,N
5518,8,2023-05-24,139,37,Normal,N
5519,8,2023-05-25,107,41,Severe,Y
5520,8,2023-05-26,137,33,Normal,N
5521,8,2023-05-27,91,27,Moderate,N
5522,8,2023-05-28,17,26,Moderate,N
5523,8,2023-05-29,72,38,Moderate,N
5524,8,2023-05-30,14,32,Normal,N
5525,8,2023-05-31,93,30,Moderate,N
5526,8,2023-06-01,7,31,Moderate,N
5527,8,2023-06-02,21,26,Normal,N
5528,8,2023-06-03,73,33,Normal,N
5529,8,2023-06-04,83,33,Moderate,N
5530,8,2023-06-05,131,32,Normal,N
5531,8,2023-06-06,34,29,Moderate,N
5532,8,2023-06-07,135,27,Normal,N
5533,8,2023-06-08,8,29,Normal,N
5534,8,2023-06-09,44,26,Normal,N
5535,8,2023-06-10,83,33,Moderate,N
5536,8,2023-06-11,43,31,Normal,N
5537,8,2023-06-12,79,29,Moderate,N
5538,8,2023-06-13,68,40,Severe,Y
5539,8,2023-06-14,75,26,Severe,Y
5540,8,2023-06-15,24,41,Normal,N
5541,8,2023-06-16,122,36,Normal,N
5542,8,2023-06-17,31,41,Normal,N
5543,8,2023-06-18,75,26,Normal,N
5544,8,2023-06-19,50,28,Moderate,N
5545,8,2023-06-20,131,39,Severe,Y
5546,8,2023-06-21,33,37,Normal,N
5547,8,2023-06-22,59,26,Normal,N
5548,8,2023-06-23,72,36,Normal,N
5549,8,2023-06-24,42,37,Normal,N
5550,8,2023-06-25,137,28,Normal,N
5551,8,2023-06-26,129,31,Moderate,N
5552,8,2023-06-27,33,43,Normal,N
5553,8,2023-06-28,2,39,Normal,N
5554,8,2023-06-29,45,37,Normal,N
5555,8,2023-06-30,79,43,Normal,N
5556,8,2023-07-01,39,28,Normal,N
5557,8,2023-07-02,110,32,Normal,N
5558,8,2023-07-03,108,24,Moderate,N
5559,8,2023-07-04,106,25,Normal,N
5560,8,2023-07-05,31,25,Normal,N
5561,8,2023-07-06,2,42,Normal,N
5562,8,2023-07-07,29,35,Normal,N
5563,8,2023-07-08,130,34,Moderate,N
5564,8,2023-07-09,36,25,Normal,N
5565,8,2023-07-10,115,36,Normal,N
5566,8,2023-07-11,118,37,Normal,N
5567,8,2023-07-12,15,24,Normal,N
5568,8,2023-07-13,62,29,Normal,N
5569,8,2023-07-14,20,37,Moderate,N
5570,8,2023-07-15,115,25,Normal,N
5571,8,2023-07-16,55,41,Normal,N
5572,8,2023-07-17,72,25,Normal,N
5573,8,2023-07-18,65,41,Severe,Y
5574,8,2023-07-19,102,24,Normal,N
5575,8,2023-07-20,26,25,Moderate,N
5576,8,2023-07-21,53,29,Normal,N
5577,8,2023-07-22,21,27,Normal,N
5578,8,2023-07-23,7,39,Moderate,N
5579,8,2023-07-24,6,39,Normal,N
5580,8,2023-07-25,26,34,Normal,N
5581,8,2023-07-26,3,42,Moderate,N
5582,8,2023-07-27,78,24,Normal,N
5583,8,2023-07-28,88,32,Moderate,N
5584,8,2023-07-29,31,36,Normal,N
5585,8,2023-07-30,121,37,Normal,N
5586,8,2023-07-31,134,28,Normal,N
5587,8,2023-08-01,17,28,Normal,N
5588,8,2023-08-02,88,27,Normal,N
5589,8,2023-08-03,62,41,Normal,N
5590,8,2023-08-04,94,43,Moderate,N
5591,8,2023-08-05,104,37,Moderate,N
5592,8,2023-08-06,25,33,Normal,N
5593,8,2023-08-07,50,35,Moderate,N
5594,8,2023-08-08,13,37,Severe,Y
5595,8,2023-08-09,0,29,Normal,N
5596,8,2023-08-10,26,27,Severe,Y
5597,8,2023-08-11,73,32,Moderate,N
5598,8,2023-08-12,60,25,Moderate,N
5599,8,2023-08-13,86,35,Normal,N
5600,8,2023-08-14,107,36,Normal,N
5601,8,2023-08-15,110,32,Normal,N
5602,8,2023-08-16,129,30,Normal,N
5603,8,2023-08-17,112,37,Normal,N
5604,8,2023-08-18,138,37,Normal,N
5605,8,2023-08-19,129,32,Normal,N
5606,8,2023-08-20,3,40,Normal,N
5607,8,2023-08-21,8,34,Moderate,N
5608,8,2023-08-22,11,38,Normal,N
5609,8,2023-08-23,91,34,Normal,N
5610,8,2023-08-24,108,26,Normal,N
5611,8,2023-08-25,134,36,Normal,N
5612,8,2023-08-26,27,38,Normal,N
5613,8,2023-08-27,50,25,Severe,Y
5614,8,2023-08-28,57,39,Normal,N
5615,8,2023-08-29,27,41,Moderate,N
5616,8,2023-08-30,135,37,Moderate,N
5617,8,2023-08-31,58,39,Normal,N
5618,8,2023-09-01,123,32,Normal,N
5619,8,2023-09-02,140,41,Moderate,N
5620,8,2023-09-03,111,36,Normal,N
5621,8,2023-09-04,123,33,Severe,Y
5622,8,2023-09-05,75,30,Severe,Y
5623,8,2023-09-06,91,28,Normal,N
5624,8,2023-09-07,79,29,Moderate,N
5625,8,2023-09-08,104,29,Normal,N
5626,8,2023-09-09,27,36,Normal,N
5627,8,2023-09-10,118,31,Moderate,N
5628,8,2023-09-11,126,37,Moderate,N
5629,8,2023-09-12,109,37,Severe,Y
5630,8,2023-09-13,16,39,Normal,N
5631,8,2023-09-14,80,26,Normal,N
5632,8,2023-09-15,24,25,Moderate,N
5633,8,2023-09-16,134,37,Normal,N
5634,8,2023-09-17,28,36,Moderate,N
5635,8,2023-09-18,16,43,Normal,N
5636,8,2023-09-19,114,40,Normal,N
5637,8,2023-09-20,12,32,Moderate,N
5638,8,2023-09-21,127,34,Normal,N
5639,8,2023-09-22,33,43,Moderate,N
5640,8,2023-09-23,26,42,Normal,N
5641,8,2023-09-24,3,30,Normal,N
5642,8,2023-09-25,12,24,Normal,N
5643,8,2023-09-26,84,31,Normal,N
5644,8,2023-09-27,127,31,Moderate,N
5645,8,2023-09-28,33,31,Normal,N
5646,8,2023-09-29,6,42,Moderate,N
5647,8,2023-09-30,136,35,Moderate,N
5648,8,2023-10-01,87,27,Normal,N
5649,8,2023-10-02,92,43,Normal,N
5650,8,2023-10-03,98,42,Normal,N
5651,8,2023-10-04,132,42,Normal,N
5652,8,2023-10-05,8,31,Moderate,N
5653,8,2023-10-06,140,24,Severe,Y
5654,8,2023-10-07,129,41,Normal,N
5655,8,2023-10-08,54,43,Normal,N
5656,8,2023-10-09,109,43,Normal,N
5657,8,2023-10-10,41,43,Normal,N
5658,8,2023-10-11,53,29,Severe,Y
5659,8,2023-10-12,115,35,Moderate,N
5660,8,2023-10-13,59,37,Normal,N
5661,8,2023-10-14,26,28,Normal,N
5662,8,2023-10-15,112,30,Moderate,N
5663,8,2023-10-16,76,43,Normal,N
5664,8,2023-10-17,77,43,Normal,N
5665,8,2023-10-18,11,41,Normal,N
5666,8,2023-10-19,20,38,Normal,N
5667,8,2023-10-20,51,26,Normal,N
5668,8,2023-10-21,30,33,Normal,N
5669,8,2023-10-22,131,25,Normal,N
5670,8,2023-10-23,67,24,Normal,N
5671,8,2023-10-24,88,41,Normal,N
5672,8,2023-10-25,77,38,Moderate,N
5673,8,2023-10-26,132,29,Normal,N
5674,8,2023-10-27,97,40,Severe,Y
5675,8,2023-10-28,84,38,Normal,N
5676,8,2023-10-29,114,24,Severe,Y
5677,8,2023-10-30,133,35,Normal,N
5678,8,2023-10-31,87,40,Severe,Y
5679,8,2023-11-01,132,43,Normal,N
5680,8,2023-11-02,130,24,Normal,N
5681,8,2023-11-03,133,35,Severe,Y
5682,8,2023-11-04,33,32,Normal,N
5683,8,2023-11-05,45,26,Moderate,N
5684,8,2023-11-06,139,28,Moderate,N
5685,8,2023-11-07,0,36,Normal,N
5686,8,2023-11-08,0,27,Normal,N
5687,8,2023-11-09,71,28,Normal,N
5688,8,2023-11-10,94,33,Moderate,N
5689,8,2023-11-11,74,26,Normal,N
5690,8,2023-11-12,5,32,Normal,N
5691,8,2023-11-13,31,29,Normal,N
5692,8,2023-11-14,76,36,Normal,N
5693,8,2023-11-15,76,32,Normal,N
5694,8,2023-11-16,13,40,Normal,N
5695,8,2023-11-17,7,26,Normal,N
5696,8,2023-11-18,126,32,Normal,N
5697,8,2023-11-19,28,25,Normal,N
5698,8,2023-11-20,25,35,Normal,N
5699,8,2023-11-21,126,32,Moderate,N
5700,8,2023-11-22,130,42,Normal,N
5701,8,2023-11-23,70,26,Normal,N
5702,8,2023-11-24,130,35,Normal,N
5703,8,2023-11-25,80,29,Normal,N
5704,8,2023-11-26,15,27,Normal,N
5705,8,2023-11-27,139,28,Moderate,N
5706,8,2023-11-28,82,25,Severe,Y
5707,8,2023-11-29,59,41,Normal,N
5708,8,2023-11-30,55,37,Normal,N
5709,8,2023-12-01,127,41,Moderate,N
5710,8,2023-12-02,94,33,Normal,N
5711,8,2023-12-03,137,27,Normal,N
5712,8,2023-12-04,105,24,Normal,N
5713,8,2023-12-05,79,29,Normal,N
5714,8,2023-12-06,103,40,Severe,Y
5715,8,2023-12-07,114,35,Moderate,N
5716,8,2023-12-08,105,28,Moderate,N
5717,8,2023-12-09,109,29,Normal,N
5718,8,2023-12-10,68,43,Normal,N
5719,8,2023-12-11,34,28,Normal,N
5720,8,2023-12-12,8,27,Normal,N
5721,8,2023-12-13,74,27,Moderate,N
5722,8,2023-12-14,15,37,Moderate,N
5723,8,2023-12-15,64,36,Normal,N
5724,8,2023-12-16,29,24,Normal,N
5725,8,2023-12-17,19,26,Severe,Y
5726,8,2023-12-18,118,39,Moderate,N
5727,8,2023-12-19,76,26,Normal,N
5728,8,2023-12-20,122,43,Moderate,N
5729,8,2023-12-21,11,31,Normal,N
5730,8,2023-12-22,75,30,Normal,N
5731,8,2023-12-23,73,24,Normal,N
5732,8,2023-12-24,137,27,Normal,N
5733,8,2023-12-25,87,39,Normal,N
5734,8,2023-12-26,87,41,Normal,N
5735,8,2023-12-27,59,30,Normal,N
5736,8,2023-12-28,115,40,Normal,N
5737,8,2023-12-29,5,30,Normal,N
5738,8,2023-12-30,68,35,Moderate,N
5739,8,2023-12-31,17,39,Normal,N
5740,8,2024-01-01,28,40,Normal,N
5741,8,2024-01-02,29,29,Normal,N
5742,8,2024-01-03,64,32,Normal,N
5743,8,2024-01-04,3,43,Normal,N
5744,8,2024-01-05,24,31,Moderate,N
5745,8,2024-01-06,127,43,Severe,Y
5746,8,2024-01-07,46,33,Moderate,N
5747,8,2024-01-08,43,33,Normal,N
5748,8,2024-01-09,136,25,Normal,N
5749,8,2024-01-10,61,36,Moderate,N
5750,8,2024-01-11,122,37,Severe,Y
5751,8,2024-01-12,92,34,Moderate,N
5752,8,2024-01-13,96,32,Severe,Y
5753,8,2024-01-14,86,28,Normal,N
5754,8,2024-01-15,59,38,Moderate,N
5755,8,2024-01-16,80,27,Moderate,N
5756,8,2024-01-17,0,25,Normal,N
5757,8,2024-01-18,134,24,Normal,N
5758,8,2024-01-19,110,28,Moderate,N
5759,8,2024-01-20,32,39,Moderate,N
5760,8,2024-01-21,17,37,Normal,N
5761,8,2024-01-22,7,42,Normal,N
5762,8,2024-01-23,118,31,Normal,N
5763,8,2024-01-24,41,42,Normal,N
5764,8,2024-01-25,50,35,Normal,N
5765,8,2024-01-26,42,39,Normal,N
5766,8,2024-01-27,25,25,Normal,N
5767,8,2024-01-28,74,32,Moderate,N
5768,8,2024-01-29,7,33,Moderate,N
5769,8,2024-01-30,21,26,Normal,N
5770,8,2024-01-31,17,39,Normal,N
5771,8,2024-02-01,30,41,Moderate,N
5772,8,2024-02-02,95,29,Normal,N
5773,8,2024-02-03,31,37,Moderate,N
5774,8,2024-02-04,46,41,Normal,N
5775,8,2024-02-05,26,25,Moderate,N
5776,8,2024-02-06,68,35,Severe,Y
5777,8,2024-02-07,3,41,Severe,Y
5778,8,2024-02-08,114,34,Moderate,N
5779,8,2024-02-09,23,24,Normal,N
5780,8,2024-02-10,134,31,Moderate,N
5781,8,2024-02-11,123,27,Normal,N
5782,8,2024-02-12,23,27,Severe,Y
5783,8,2024-02-13,63,38,Normal,N
5784,8,2024-02-14,54,28,Normal,N
5785,8,2024-02-15,19,42,Normal,N
5786,8,2024-02-16,89,39,Normal,N
5787,8,2024-02-17,37,41,Normal,N
5788,8,2024-02-18,42,40,Moderate,N
5789,8,2024-02-19,70,33,Normal,N
5790,8,2024-02-20,47,24,Normal,N
5791,8,2024-02-21,82,25,Normal,N
5792,8,2024-02-22,70,25,Moderate,N
5793,8,2024-02-23,80,42,Normal,N
5794,8,2024-02-24,46,36,Moderate,N
5795,8,2024-02-25,7,24,Normal,N
5796,8,2024-02-26,69,40,Normal,N
5797,8,2024-02-27,89,28,Moderate,N
5798,8,2024-02-28,92,37,Normal,N
5799,8,2024-02-29,63,27,Moderate,N
5800,8,2024-03-01,7,30,Normal,N
5801,8,2024-03-02,139,25,Normal,N
5802,8,2024-03-03,30,26,Normal,N
5803,8,2024-03-04,101,41,Normal,N
5804,8,2024-03-05,82,29,Normal,N
5805,8,2024-03-06,63,37,Moderate,N
5806,8,2024-03-07,103,36,Normal,N
5807,8,2024-03-08,44,41,Moderate,N
5808,8,2024-03-09,0,39,Moderate,N
5809,8,2024-03-10,83,40,Normal,N
5810,8,2024-03-11,9,24,Normal,N
5811,8,2024-03-12,0,33,Normal,N
5812,8,2024-03-13,128,30,Normal,N
5813,8,2024-03-14,26,37,Normal,N
5814,8,2024-03-15,62,41,Normal,N
5815,8,2024-03-16,17,37,Moderate,N
5816,8,2024-03-17,71,29,Moderate,N
5817,8,2024-03-18,138,31,Normal,N
5818,8,2024-03-19,36,41,Normal,N
5819,8,2024-03-20,112,31,Severe,Y
5820,8,2024-03-21,19,33,Normal,N
5821,8,2024-03-22,12,33,Moderate,N
5822,8,2024-03-23,63,40,Normal,N
5823,8,2024-03-24,54,30,Normal,N
5824,8,2024-03-25,7,38,Normal,N
5825,8,2024-03-26,140,37,Severe,Y
5826,8,2024-03-27,39,27,Severe,Y
5827,8,2024-03-28,42,37,Normal,N
5828,8,2024-03-29,55,36,Moderate,N
5829,8,2024-03-30,105,24,Moderate,N
5830,8,2024-03-31,92,33,Normal,N
5831,8,2024-04-01,116,34,Severe,Y
5832,8,2024-04-02,50,30,Normal,N
5833,8,2024-04-03,71,26,Normal,N
5834,8,2024-04-04,137,24,Normal,N
5835,8,2024-04-05,100,42,Normal,N
5836,8,2024-04-06,62,36,Normal,N
5837,8,2024-04-07,6,35,Moderate,N
5838,8,2024-04-08,95,39,Normal,N
5839,8,2024-04-09,118,43,Normal,N
5840,8,2024-04-10,108,33,Normal,N
5841,8,2024-04-11,2,34,Moderate,N
5842,8,2024-04-12,46,42,Normal,N
5843,8,2024-04-13,37,27,Moderate,N
5844,8,2024-04-14,110,24,Moderate,N
5845,8,2024-04-15,98,25,Normal,N
5846,8,2024-04-16,99,38,Normal,N
5847,8,2024-04-17,4,38,Normal,N
5848,8,2024-04-18,53,33,Normal,N
5849,8,2024-04-19,125,43,Moderate,N
5850,8,2024-04-20,0,37,Normal,N
5851,8,2024-04-21,77,33,Moderate,N
5852,8,2024-04-22,68,41,Normal,N
5853,8,2024-04-23,26,25,Normal,N
5854,8,2024-04-24,40,36,Normal,N
5855,8,2024-04-25,140,29,Moderate,N
5856,8,2024-04-26,67,35,Normal,N
5857,8,2024-04-27,126,24,Normal,N
5858,8,2024-04-28,20,39,Normal,N
5859,8,2024-04-29,12,40,Normal,N
5860,8,2024-04-30,93,33,Normal,N
5861,8,2024-05-01,106,37,Normal,N
5862,8,2024-05-02,96,34,Normal,N
5863,8,2024-05-03,118,33,Moderate,N
5864,8,2024-05-04,17,35,Normal,N
5865,8,2024-05-05,23,24,Normal,N
5866,8,2024-05-06,55,31,Moderate,N
5867,9,2022-01-16,120,39,Normal,N
5868,9,2022-01-17,65,29,Normal,N
5869,9,2022-01-18,61,42,Normal,N
5870,9,2022-01-19,69,37,Moderate,N
5871,9,2022-01-20,56,30,Normal,N
5872,9,2022-01-21,41,38,Moderate,N
5873,9,2022-01-22,83,39,Normal,N
5874,9,2022-01-23,64,29,Moderate,N
5875,9,2022-01-24,98,43,Severe,Y
5876,9,2022-01-25,85,33,Normal,N
5877,9,2022-01-26,7,26,Normal,N
5878,9,2022-01-27,44,24,Normal,N
5879,9,2022-01-28,49,26,Moderate,N
5880,9,2022-01-29,7,41,Normal,N
5881,9,2022-01-30,0,38,Moderate,N
5882,9,2022-01-31,110,43,Normal,N
5883,9,2022-02-01,52,33,Moderate,N
5884,9,2022-02-02,10,40,Normal,N
5885,9,2022-02-03,113,38,Moderate,N
5886,9,2022-02-04,78,25,Normal,N
5887,9,2022-02-05,100,32,Normal,N
5888,9,2022-02-06,103,41,Moderate,N
5889,9,2022-02-07,101,37,Normal,N
5890,9,2022-02-08,69,26,Normal,N
5891,9,2022-02-09,46,36,Moderate,N
5892,9,2022-02-10,33,24,Normal,N
5893,9,2022-02-11,41,31,Normal,N
5894,9,2022-02-12,7,28,Normal,N
5895,9,2022-02-13,112,29,Normal,N
5896,9,2022-02-14,123,40,Severe,Y
5897,9,2022-02-15,131,31,Severe,Y
5898,9,2022-02-16,97,34,Normal,N
5899,9,2022-02-17,128,39,Normal,N
5900,9,2022-02-18,113,38,Normal,N
5901,9,2022-02-19,96,30,Normal,N
5902,9,2022-02-20,54,31,Normal,N
5903,9,2022-02-21,133,27,Severe,Y
5904,9,2022-02-22,86,32,Moderate,N
5905,9,2022-02-23,105,28,Normal,N
5906,9,2022-02-24,80,30,Moderate,N
5907,9,2022-02-25,68,42,Moderate,N
5908,9,2022-02-26,44,41,Normal,N
5909,9,2022-02-27,14,29,Normal,N
5910,9,2022-02-28,30,25,Moderate,N
5911,9,2022-03-01,78,42,Normal,N
5912,9,2022-03-02,96,31,Normal,N
5913,9,2022-03-03,17,31,Moderate,N
5914,9,2022-03-04,26,30,Normal,N
5915,9,2022-03-05,27,43,Normal,N
5916,9,2022-03-06,38,30,Normal,N
5917,9,2022-03-07,112,35,Severe,Y
5918,9,2022-03-08,62,32,Normal,N
5919,9,2022-03-09,103,34,Moderate,N
5920,9,2022-03-10,50,25,Normal,N
5921,9,2022-03-11,86,33,Normal,N
5922,9,2022-03-12,82,27,Moderate,N
5923,9,2022-03-13,105,29,Moderate,N
5924,9,2022-03-14,54,28,Normal,N
5925,9,2022-03-15,109,32,Moderate,N
5926,9,2022-03-16,105,29,Moderate,N
5927,9,2022-03-17,85,27,Moderate,N
5928,9,2022-03-18,116,35,Moderate,N
5929,9,2022-03-19,48,33,Normal,N
5930,9,2022-03-20,64,42,Normal,N
5931,9,2022-03-21,0,27,Normal,N
5932,9,2022-03-22,53,27,Normal,N
5933,9,2022-03-23,118,26,Normal,N
5934,9,2022-03-24,129,34,Moderate,N
5935,9,2022-03-25,1,32,Normal,N
5936,9,2022-03-26,38,31,Normal,N
5937,9,2022-03-27,111,33,Normal,N
5938,9,2022-03-28,22,25,Normal,N
5939,9,2022-03-29,79,37,Moderate,N
5940,9,2022-03-30,1,39,Normal,N
5941,9,2022-03-31,95,32,Normal,N
5942,9,2022-04-01,136,39,Normal,N
5943,9,2022-04-02,71,41,Normal,N
5944,9,2022-04-03,15,36,Severe,Y
5945,9,2022-04-04,112,43,Normal,N
5946,9,2022-04-05,71,35,Normal,N
5947,9,2022-04-06,91,25,Normal,N
5948,9,2022-04-07,120,33,Moderate,N
5949,9,2022-04-08,61,26,Normal,N
5950,9,2022-04-09,92,36,Normal,N
5951,9,2022-04-10,1,39,Moderate,N
5952,9,2022-04-11,14,41,Normal,N
5953,9,2022-04-12,103,34,Normal,N
5954,9,2022-04-13,122,35,Normal,N
5955,9,2022-04-14,118,32,Normal,N
5956,9,2022-04-15,114,32,Moderate,N
5957,9,2022-04-16,102,27,Normal,N
5958,9,2022-04-17,129,40,Normal,N
5959,9,2022-04-18,111,35,Normal,N
5960,9,2022-04-19,138,24,Moderate,N
5961,9,2022-04-20,125,32,Normal,N
5962,9,2022-04-21,124,27,Severe,Y
5963,9,2022-04-22,51,28,Severe,Y
5964,9,2022-04-23,30,38,Normal,N
5965,9,2022-04-24,131,32,Moderate,N
5966,9,2022-04-25,98,39,Severe,Y
5967,9,2022-04-26,56,27,Normal,N
5968,9,2022-04-27,100,24,Normal,N
5969,9,2022-04-28,130,38,Normal,N
5970,9,2022-04-29,122,26,Normal,N
5971,9,2022-04-30,53,39,Normal,N
5972,9,2022-05-01,110,34,Normal,N
5973,9,2022-05-02,122,24,Normal,N
5974,9,2022-05-03,130,41,Normal,N
5975,9,2022-05-04,20,30,Moderate,N
5976,9,2022-05-05,31,27,Normal,N
5977,9,2022-05-06,115,39,Normal,N
5978,9,2022-05-07,96,37,Severe,Y
5979,9,2022-05-08,96,41,Normal,N
5980,9,2022-05-09,63,30,Moderate,N
5981,9,2022-05-10,27,25,Normal,N
5982,9,2022-05-11,6,36,Normal,N
5983,9,2022-05-12,47,39,Normal,N
5984,9,2022-05-13,3,43,Normal,N
5985,9,2022-05-14,83,40,Normal,N
5986,9,2022-05-15,39,29,Moderate,N
5987,9,2022-05-16,134,39,Severe,Y
5988,9,2022-05-17,68,39,Normal,N
5989,9,2022-05-18,50,37,Normal,N
5990,9,2022-05-19,36,26,Normal,N
5991,9,2022-05-20,9,35,Normal,N
5992,9,2022-05-21,52,26,Moderate,N
5993,9,2022-05-22,84,33,Moderate,N
5994,9,2022-05-23,129,31,Normal,N
5995,9,2022-05-24,16,26,Moderate,N
5996,9,2022-05-25,21,35,Normal,N
5997,9,2022-05-26,94,26,Moderate,N
5998,9,2022-05-27,61,33,Normal,N
5999,9,2022-05-28,99,28,Normal,N
6000,9,2022-05-29,106,31,Normal,N
6001,9,2022-05-30,64,36,Normal,N
6002,9,2022-05-31,33,31,Normal,N
6003,9,2022-06-01,103,27,Normal,N
6004,9,2022-06-02,137,30,Moderate,N
6005,9,2022-06-03,76,27,Normal,N
6006,9,2022-06-04,90,29,Normal,N
6007,9,2022-06-05,134,37,Normal,N
6008,9,2022-06-06,62,28,Normal,N
6009,9,2022-06-07,119,35,Normal,N
6010,9,2022-06-08,137,30,Normal,N
6011,9,2022-06-09,24,29,Normal,N
6012,9,2022-06-10,106,28,Normal,N
6013,9,2022-06-11,24,32,Normal,N
6014,9,2022-06-12,41,35,Normal,N
6015,9,2022-06-13,81,25,Normal,N
6016,9,2022-06-14,67,29,Normal,N
6017,9,2022-06-15,96,40,Moderate,N
6018,9,2022-06-16,59,28,Severe,Y
6019,9,2022-06-17,20,26,Moderate,N
6020,9,2022-06-18,21,42,Normal,N
6021,9,2022-06-19,27,39,Normal,N
6022,9,2022-06-20,110,28,Normal,N
6023,9,2022-06-21,78,41,Normal,N
6024,9,2022-06-22,53,24,Normal,N
6025,9,2022-06-23,115,37,Normal,N
6026,9,2022-06-24,83,27,Moderate,N
6027,9,2022-06-25,102,31,Normal,N
6028,9,2022-06-26,78,29,Moderate,N
6029,9,2022-06-27,10,25,Normal,N
6030,9,2022-06-28,13,37,Normal,N
6031,9,2022-06-29,60,40,Normal,N
6032,9,2022-06-30,97,41,Normal,N
6033,9,2022-07-01,33,29,Normal,N
6034,9,2022-07-02,77,33,Moderate,N
6035,9,2022-07-03,38,39,Severe,Y
6036,9,2022-07-04,133,26,Moderate,N
6037,9,2022-07-05,26,40,Normal,N
6038,9,2022-07-06,17,37,Normal,N
6039,9,2022-07-07,16,38,Normal,N
6040,9,2022-07-08,11,34,Normal,N
6041,9,2022-07-09,5,35,Severe,Y
6042,9,2022-07-10,22,35,Normal,N
6043,9,2022-07-11,129,35,Moderate,N
6044,9,2022-07-12,118,33,Normal,N
6045,9,2022-07-13,108,36,Moderate,N
6046,9,2022-07-14,63,43,Moderate,N
6047,9,2022-07-15,2,29,Moderate,N
6048,9,2022-07-16,30,32,Normal,N
6049,9,2022-07-17,4,40,Moderate,N
6050,9,2022-07-18,102,41,Moderate,N
6051,9,2022-07-19,122,25,Normal,N
6052,9,2022-07-20,14,34,Severe,Y
6053,9,2022-07-21,116,42,Normal,N
6054,9,2022-07-22,29,30,Normal,N
6055,9,2022-07-23,83,39,Normal,N
6056,9,2022-07-24,102,40,Normal,N
6057,9,2022-07-25,43,38,Severe,Y
6058,9,2022-07-26,45,28,Severe,Y
6059,9,2022-07-27,66,32,Moderate,N
6060,9,2022-07-28,102,27,Normal,N
6061,9,2022-07-29,55,36,Moderate,N
6062,9,2022-07-30,90,31,Normal,N
6063,9,2022-07-31,78,24,Normal,N
6064,9,2022-08-01,28,30,Moderate,N
6065,9,2022-08-02,2,25,Normal,N
6066,9,2022-08-03,128,35,Normal,N
6067,9,2022-08-04,64,24,Normal,N
6068,9,2022-08-05,64,36,Normal,N
6069,9,2022-08-06,99,42,Moderate,N
6070,9,2022-08-07,82,37,Normal,N
6071,9,2022-08-08,91,31,Severe,Y
6072,9,2022-08-09,22,26,Normal,N
6073,9,2022-08-10,94,35,Moderate,N
6074,9,2022-08-11,15,39,Moderate,N
6075,9,2022-08-12,106,41,Normal,N
6076,9,2022-08-13,137,35,Moderate,N
6077,9,2022-08-14,54,41,Normal,N
6078,9,2022-08-15,11,38,Normal,N
6079,9,2022-08-16,132,24,Normal,N
6080,9,2022-08-17,39,38,Normal,N
6081,9,2022-08-18,64,24,Normal,N
6082,9,2022-08-19,21,33,Normal,N
6083,9,2022-08-20,42,27,Normal,N
6084,9,2022-08-21,46,38,Normal,N
6085,9,2022-08-22,26,33,Normal,N
6086,9,2022-08-23,22,42,Normal,N
6087,9,2022-08-24,18,31,Normal,N
6088,9,2022-08-25,42,36,Normal,N
6089,9,2022-08-26,107,33,Normal,N
6090,9,2022-08-27,51,37,Moderate,N
6091,9,2022-08-28,7,43,Severe,Y
6092,9,2022-08-29,30,37,Normal,N
6093,9,2022-08-30,31,31,Normal,N
6094,9,2022-08-31,113,42,Normal,N
6095,9,2022-09-01,83,29,Moderate,N
6096,9,2022-09-02,129,41,Normal,N
6097,9,2022-09-03,15,27,Normal,N
6098,9,2022-09-04,83,26,Normal,N
6099,9,2022-09-05,17,29,Normal,N
6100,9,2022-09-06,115,28,Moderate,N
6101,9,2022-09-07,86,24,Moderate,N
6102,9,2022-09-08,109,33,Normal,N
6103,9,2022-09-09,70,33,Normal,N
6104,9,2022-09-10,139,33,Normal,N
6105,9,2022-09-11,67,33,Normal,N
6106,9,2022-09-12,64,36,Moderate,N
6107,9,2022-09-13,58,38,Severe,Y
6108,9,2022-09-14,115,35,Normal,N
6109,9,2022-09-15,133,25,Normal,N
6110,9,2022-09-16,75,28,Moderate,N
6111,9,2022-09-17,42,39,Moderate,N
6112,9,2022-09-18,79,29,Normal,N
6113,9,2022-09-19,58,42,Normal,N
6114,9,2022-09-20,88,27,Normal,N
6115,9,2022-09-21,63,42,Normal,N
6116,9,2022-09-22,85,37,Moderate,N
6117,9,2022-09-23,92,42,Normal,N
6118,9,2022-09-24,53,43,Moderate,N
6119,9,2022-09-25,68,38,Severe,Y
6120,9,2022-09-26,111,25,Normal,N
6121,9,2022-09-27,29,35,Normal,N
6122,9,2022-09-28,37,42,Normal,N
6123,9,2022-09-29,110,35,Normal,N
6124,9,2022-09-30,89,26,Normal,N
6125,9,2022-10-01,33,29,Normal,N
6126,9,2022-10-02,81,39,Moderate,N
6127,9,2022-10-03,56,33,Normal,N
6128,9,2022-10-04,25,36,Moderate,N
6129,9,2022-10-05,4,34,Moderate,N
6130,9,2022-10-06,112,29,Normal,N
6131,9,2022-10-07,39,26,Moderate,N
6132,9,2022-10-08,93,25,Normal,N
6133,9,2022-10-09,131,32,Moderate,N
6134,9,2022-10-10,50,39,Normal,N
6135,9,2022-10-11,22,32,Moderate,N
6136,9,2022-10-12,92,40,Moderate,N
6137,9,2022-10-13,65,33,Moderate,N
6138,9,2022-10-14,103,30,Normal,N
6139,9,2022-10-15,106,40,Normal,N
6140,9,2022-10-16,13,37,Normal,N
6141,9,2022-10-17,10,32,Moderate,N
6142,9,2022-10-18,37,43,Normal,N
6143,9,2022-10-19,37,40,Severe,Y
6144,9,2022-10-20,2,32,Severe,Y
6145,9,2022-10-21,3,27,Normal,N
6146,9,2022-10-22,61,40,Normal,N
6147,9,2022-10-23,29,30,Normal,N
6148,9,2022-10-24,60,41,Normal,N
6149,9,2022-10-25,104,43,Normal,N
6150,9,2022-10-26,52,32,Normal,N
6151,9,2022-10-27,62,39,Severe,Y
6152,9,2022-10-28,115,43,Normal,N
6153,9,2022-10-29,34,29,Normal,N
6154,9,2022-10-30,48,43,Normal,N
6155,9,2022-10-31,73,24,Moderate,N
6156,9,2022-11-01,24,33,Normal,N
6157,9,2022-11-02,128,24,Moderate,N
6158,9,2022-11-03,93,30,Normal,N
6159,9,2022-11-04,34,42,Normal,N
6160,9,2022-11-05,101,42,Normal,N
6161,9,2022-11-06,75,24,Normal,N
6162,9,2022-11-07,46,25,Normal,N
6163,9,2022-11-08,20,28,Normal,N
6164,9,2022-11-09,43,43,Normal,N
6165,9,2022-11-10,104,36,Severe,Y
6166,9,2022-11-11,116,25,Normal,N
6167,9,2022-11-12,5,34,Moderate,N
6168,9,2022-11-13,78,25,Normal,N
6169,9,2022-11-14,21,27,Normal,N
6170,9,2022-11-15,90,39,Normal,N
6171,9,2022-11-16,29,37,Normal,N
6172,9,2022-11-17,76,34,Moderate,N
6173,9,2022-11-18,83,29,Severe,Y
6174,9,2022-11-19,31,36,Normal,N
6175,9,2022-11-20,88,35,Normal,N
6176,9,2022-11-21,98,35,Moderate,N
6177,9,2022-11-22,32,37,Normal,N
6178,9,2022-11-23,119,26,Moderate,N
6179,9,2022-11-24,28,36,Severe,Y
6180,9,2022-11-25,98,40,Normal,N
6181,9,2022-11-26,120,35,Normal,N
6182,9,2022-11-27,72,40,Moderate,N
6183,9,2022-11-28,1,36,Normal,N
6184,9,2022-11-29,126,41,Normal,N
6185,9,2022-11-30,97,24,Normal,N
6186,9,2022-12-01,70,40,Severe,Y
6187,9,2022-12-02,11,30,Normal,N
6188,9,2022-12-03,107,31,Severe,Y
6189,9,2022-12-04,46,41,Moderate,N
6190,9,2022-12-05,137,42,Normal,N
6191,9,2022-12-06,110,35,Normal,N
6192,9,2022-12-07,63,36,Normal,N
6193,9,2022-12-08,109,37,Moderate,N
6194,9,2022-12-09,1,30,Moderate,N
6195,9,2022-12-10,11,33,Severe,Y
6196,9,2022-12-11,106,26,Normal,N
6197,9,2022-12-12,26,35,Normal,N
6198,9,2022-12-13,67,26,Normal,N
6199,9,2022-12-14,75,30,Normal,N
6200,9,2022-12-15,81,36,Normal,N
6201,9,2022-12-16,123,39,Normal,N
6202,9,2022-12-17,6,40,Normal,N
6203,9,2022-12-18,111,38,Severe,Y
6204,9,2022-12-19,4,33,Normal,N
6205,9,2022-12-20,34,28,Normal,N
6206,9,2022-12-21,128,37,Moderate,N
6207,9,2022-12-22,125,35,Normal,N
6208,9,2022-12-23,36,40,Normal,N
6209,9,2022-12-24,135,26,Normal,N
6210,9,2022-12-25,98,40,Normal,N
6211,9,2022-12-26,13,43,Normal,N
6212,9,2022-12-27,78,37,Moderate,N
6213,9,2022-12-28,15,35,Normal,N
6214,9,2022-12-29,11,35,Normal,N
6215,9,2022-12-30,116,27,Normal,N
6216,9,2022-12-31,121,33,Normal,N
6217,9,2023-01-01,28,35,Normal,N
6218,9,2023-01-02,79,43,Normal,N
6219,9,2023-01-03,16,24,Moderate,N
6220,9,2023-01-04,65,38,Severe,Y
6221,9,2023-01-05,70,25,Normal,N
6222,9,2023-01-06,18,30,Normal,N
6223,9,2023-01-07,136,26,Moderate,N
6224,9,2023-01-08,102,36,Normal,N
6225,9,2023-01-09,96,40,Normal,N
6226,9,2023-01-10,10,29,Normal,N
6227,9,2023-01-11,102,27,Normal,N
6228,9,2023-01-12,54,36,Moderate,N
6229,9,2023-01-13,42,39,Normal,N
6230,9,2023-01-14,37,40,Normal,N
6231,9,2023-01-15,62,40,Severe,Y
6232,9,2023-01-16,140,40,Normal,N
6233,9,2023-01-17,2,35,Severe,Y
6234,9,2023-01-18,45,38,Moderate,N
6235,9,2023-01-19,137,33,Normal,N
6236,9,2023-01-20,87,37,Moderate,N
6237,9,2023-01-21,101,24,Moderate,N
6238,9,2023-01-22,80,26,Normal,N
6239,9,2023-01-23,91,38,Severe,Y
6240,9,2023-01-24,83,42,Normal,N
6241,9,2023-01-25,113,34,Normal,N
6242,9,2023-01-26,89,42,Moderate,N
6243,9,2023-01-27,74,30,Normal,N
6244,9,2023-01-28,88,34,Normal,N
6245,9,2023-01-29,33,26,Normal,N
6246,9,2023-01-30,7,42,Normal,N
6247,9,2023-01-31,15,28,Normal,N
6248,9,2023-02-01,51,34,Normal,N
6249,9,2023-02-02,121,26,Normal,N
6250,9,2023-02-03,103,33,Normal,N
6251,9,2023-02-04,67,31,Severe,Y
6252,9,2023-02-05,103,31,Normal,N
6253,9,2023-02-06,11,31,Normal,N
6254,9,2023-02-07,110,31,Normal,N
6255,9,2023-02-08,86,37,Normal,N
6256,9,2023-02-09,35,34,Normal,N
6257,9,2023-02-10,21,38,Normal,N
6258,9,2023-02-11,11,35,Severe,Y
6259,9,2023-02-12,131,31,Moderate,N
6260,9,2023-02-13,38,40,Severe,Y
6261,9,2023-02-14,97,24,Normal,N
6262,9,2023-02-15,10,42,Normal,N
6263,9,2023-02-16,120,29,Normal,N
6264,9,2023-02-17,123,27,Normal,N
6265,9,2023-02-18,3,31,Normal,N
6266,9,2023-02-19,113,30,Moderate,N
6267,9,2023-02-20,55,31,Normal,N
6268,9,2023-02-21,45,30,Severe,Y
6269,9,2023-02-22,110,25,Normal,N
6270,9,2023-02-23,93,34,Moderate,N
6271,9,2023-02-24,75,33,Moderate,N
6272,9,2023-02-25,47,34,Moderate,N
6273,9,2023-02-26,3,33,Normal,N
6274,9,2023-02-27,68,40,Moderate,N
6275,9,2023-02-28,43,36,Normal,N
6276,9,2023-03-01,140,42,Normal,N
6277,9,2023-03-02,120,34,Normal,N
6278,9,2023-03-03,66,37,Normal,N
6279,9,2023-03-04,50,27,Normal,N
6280,9,2023-03-05,31,37,Normal,N
6281,9,2023-03-06,1,38,Moderate,N
6282,9,2023-03-07,121,42,Severe,Y
6283,9,2023-03-08,93,24,Normal,N
6284,9,2023-03-09,68,29,Normal,N
6285,9,2023-03-10,37,31,Moderate,N
6286,9,2023-03-11,16,33,Normal,N
6287,9,2023-03-12,38,27,Normal,N
6288,9,2023-03-13,133,34,Normal,N
6289,9,2023-03-14,99,31,Normal,N
6290,9,2023-03-15,32,24,Normal,N
6291,9,2023-03-16,41,37,Normal,N
6292,9,2023-03-17,34,34,Normal,N
6293,9,2023-03-18,82,31,Normal,N
6294,9,2023-03-19,135,34,Normal,N
6295,9,2023-03-20,26,39,Moderate,N
6296,9,2023-03-21,121,31,Moderate,N
6297,9,2023-03-22,88,24,Normal,N
6298,9,2023-03-23,136,24,Normal,N
6299,9,2023-03-24,133,40,Normal,N
6300,9,2023-03-25,3,33,Normal,N
6301,9,2023-03-26,91,41,Normal,N
6302,9,2023-03-27,59,31,Normal,N
6303,9,2023-03-28,139,33,Moderate,N
6304,9,2023-03-29,32,40,Normal,N
6305,9,2023-03-30,128,35,Severe,Y
6306,9,2023-03-31,133,36,Moderate,N
6307,9,2023-04-01,130,27,Normal,N
6308,9,2023-04-02,85,28,Moderate,N
6309,9,2023-04-03,133,36,Normal,N
6310,9,2023-04-04,136,34,Moderate,N
6311,9,2023-04-05,78,25,Normal,N
6312,9,2023-04-06,19,32,Normal,N
6313,9,2023-04-07,54,30,Severe,Y
6314,9,2023-04-08,86,32,Normal,N
6315,9,2023-04-09,3,28,Moderate,N
6316,9,2023-04-10,133,40,Normal,N
6317,9,2023-04-11,66,40,Moderate,N
6318,9,2023-04-12,117,27,Moderate,N
6319,9,2023-04-13,137,33,Moderate,N
6320,9,2023-04-14,22,40,Normal,N
6321,9,2023-04-15,123,32,Normal,N
6322,9,2023-04-16,128,28,Normal,N
6323,9,2023-04-17,24,38,Severe,Y
6324,9,2023-04-18,117,29,Normal,N
6325,9,2023-04-19,55,34,Moderate,N
6326,9,2023-04-20,118,24,Normal,N
6327,9,2023-04-21,89,28,Normal,N
6328,9,2023-04-22,21,33,Normal,N
6329,9,2023-04-23,16,40,Normal,N
6330,9,2023-04-24,108,35,Severe,Y
6331,9,2023-04-25,123,32,Normal,N
6332,9,2023-04-26,110,42,Normal,N
6333,9,2023-04-27,76,26,Normal,N
6334,9,2023-04-28,86,27,Normal,N
6335,9,2023-04-29,55,42,Severe,Y
6336,9,2023-04-30,102,30,Normal,N
6337,9,2023-05-01,48,27,Normal,N
6338,9,2023-05-02,117,35,Moderate,N
6339,9,2023-05-03,23,38,Moderate,N
6340,9,2023-05-04,50,37,Normal,N
6341,9,2023-05-05,138,39,Normal,N
6342,9,2023-05-06,5,39,Normal,N
6343,9,2023-05-07,78,39,Normal,N
6344,9,2023-05-08,3,34,Moderate,N
6345,9,2023-05-09,59,40,Normal,N
6346,9,2023-05-10,57,41,Normal,N
6347,9,2023-05-11,21,26,Normal,N
6348,9,2023-05-12,9,28,Normal,N
6349,9,2023-05-13,125,34,Moderate,N
6350,9,2023-05-14,57,24,Moderate,N
6351,9,2023-05-15,50,25,Moderate,N
6352,9,2023-05-16,79,25,Normal,N
6353,9,2023-05-17,44,31,Moderate,N
6354,9,2023-05-18,118,30,Normal,N
6355,9,2023-05-19,31,24,Severe,Y
6356,9,2023-05-20,24,27,Normal,N
6357,9,2023-05-21,108,39,Severe,Y
6358,9,2023-05-22,140,39,Moderate,N
6359,9,2023-05-23,81,25,Severe,Y
6360,9,2023-05-24,91,24,Normal,N
6361,9,2023-05-25,9,34,Normal,N
6362,9,2023-05-26,127,26,Normal,N
6363,9,2023-05-27,88,29,Moderate,N
6364,9,2023-05-28,139,37,Moderate,N
6365,9,2023-05-29,86,35,Normal,N
6366,9,2023-05-30,17,30,Normal,N
6367,9,2023-05-31,46,39,Normal,N
6368,9,2023-06-01,77,33,Normal,N
6369,9,2023-06-02,60,30,Normal,N
6370,9,2023-06-03,45,34,Severe,Y
6371,9,2023-06-04,126,28,Normal,N
6372,9,2023-06-05,113,32,Normal,N
6373,9,2023-06-06,12,42,Moderate,N
6374,9,2023-06-07,139,31,Normal,N
6375,9,2023-06-08,23,28,Moderate,N
6376,9,2023-06-09,0,27,Normal,N
6377,9,2023-06-10,21,24,Severe,Y
6378,9,2023-06-11,79,26,Normal,N
6379,9,2023-06-12,37,33,Normal,N
6380,9,2023-06-13,100,28,Severe,Y
6381,9,2023-06-14,91,31,Normal,N
6382,9,2023-06-15,107,38,Normal,N
6383,9,2023-06-16,75,35,Normal,N
6384,9,2023-06-17,138,36,Normal,N
6385,9,2023-06-18,108,39,Normal,N
6386,9,2023-06-19,11,39,Moderate,N
6387,9,2023-06-20,136,32,Severe,Y
6388,9,2023-06-21,90,26,Normal,N
6389,9,2023-06-22,111,34,Normal,N
6390,9,2023-06-23,63,40,Normal,N
6391,9,2023-06-24,104,29,Moderate,N
6392,9,2023-06-25,24,37,Severe,Y
6393,9,2023-06-26,48,27,Normal,N
6394,9,2023-06-27,1,39,Normal,N
6395,9,2023-06-28,107,28,Normal,N
6396,9,2023-06-29,46,34,Moderate,N
6397,9,2023-06-30,92,43,Normal,N
6398,9,2023-07-01,90,35,Normal,N
6399,9,2023-07-02,76,25,Normal,N
6400,9,2023-07-03,79,38,Moderate,N
6401,9,2023-07-04,121,42,Normal,N
6402,9,2023-07-05,133,41,Moderate,N
6403,9,2023-07-06,33,31,Normal,N
6404,9,2023-07-07,7,32,Normal,N
6405,9,2023-07-08,30,26,Moderate,N
6406,9,2023-07-09,125,36,Moderate,N
6407,9,2023-07-10,10,39,Normal,N
6408,9,2023-07-11,19,39,Normal,N
6409,9,2023-07-12,64,32,Normal,N
6410,9,2023-07-13,0,31,Normal,N
6411,9,2023-07-14,129,34,Normal,N
6412,9,2023-07-15,34,32,Normal,N
6413,9,2023-07-16,62,28,Moderate,N
6414,9,2023-07-17,113,37,Moderate,N
6415,9,2023-07-18,15,30,Severe,Y
6416,9,2023-07-19,133,42,Normal,N
6417,9,2023-07-20,63,42,Normal,N
6418,9,2023-07-21,109,42,Normal,N
6419,9,2023-07-22,122,31,Moderate,N
6420,9,2023-07-23,101,32,Normal,N
6421,9,2023-07-24,15,26,Normal,N
6422,9,2023-07-25,16,31,Normal,N
6423,9,2023-07-26,23,32,Normal,N
6424,9,2023-07-27,87,27,Severe,Y
6425,9,2023-07-28,99,33,Moderate,N
6426,9,2023-07-29,48,26,Moderate,N
6427,9,2023-07-30,132,31,Normal,N
6428,9,2023-07-31,123,39,Normal,N
6429,9,2023-08-01,50,28,Moderate,N
6430,9,2023-08-02,4,33,Normal,N
6431,9,2023-08-03,15,27,Moderate,N
6432,9,2023-08-04,41,30,Normal,N
6433,9,2023-08-05,23,39,Normal,N
6434,9,2023-08-06,114,39,Normal,N
6435,9,2023-08-07,13,30,Normal,N
6436,9,2023-08-08,123,41,Moderate,N
6437,9,2023-08-09,98,36,Moderate,N
6438,9,2023-08-10,10,43,Moderate,N
6439,9,2023-08-11,114,41,Normal,N
6440,9,2023-08-12,120,34,Normal,N
6441,9,2023-08-13,83,41,Moderate,N
6442,9,2023-08-14,111,43,Normal,N
6443,9,2023-08-15,87,37,Normal,N
6444,9,2023-08-16,91,25,Normal,N
6445,9,2023-08-17,66,42,Normal,N
6446,9,2023-08-18,37,39,Moderate,N
6447,9,2023-08-19,72,25,Normal,N
6448,9,2023-08-20,38,35,Severe,Y
6449,9,2023-08-21,6,40,Normal,N
6450,9,2023-08-22,69,35,Severe,Y
6451,9,2023-08-23,128,36,Normal,N
6452,9,2023-08-24,12,36,Normal,N
6453,9,2023-08-25,10,25,Normal,N
6454,9,2023-08-26,89,35,Normal,N
6455,9,2023-08-27,115,31,Normal,N
6456,9,2023-08-28,66,32,Moderate,N
6457,9,2023-08-29,106,25,Normal,N
6458,9,2023-08-30,131,27,Normal,N
6459,9,2023-08-31,71,35,Normal,N
6460,9,2023-09-01,109,33,Normal,N
6461,9,2023-09-02,36,31,Normal,N
6462,9,2023-09-03,69,35,Severe,Y
6463,9,2023-09-04,48,24,Normal,N
6464,9,2023-09-05,101,30,Moderate,N
6465,9,2023-09-06,97,28,Normal,N
6466,9,2023-09-07,19,43,Normal,N
6467,9,2023-09-08,97,43,Normal,N
6468,9,2023-09-09,34,32,Severe,Y
6469,9,2023-09-10,74,41,Moderate,N
6470,9,2023-09-11,54,26,Moderate,N
6471,9,2023-09-12,49,27,Normal,N
6472,9,2023-09-13,11,41,Normal,N
6473,9,2023-09-14,43,31,Normal,N
6474,9,2023-09-15,41,30,Normal,N
6475,9,2023-09-16,43,43,Severe,Y
6476,9,2023-09-17,66,36,Moderate,N
6477,9,2023-09-18,140,36,Moderate,N
6478,9,2023-09-19,60,25,Normal,N
6479,9,2023-09-20,78,32,Moderate,N
6480,9,2023-09-21,56,29,Normal,N
6481,9,2023-09-22,54,35,Normal,N
6482,9,2023-09-23,122,31,Normal,N
6483,9,2023-09-24,129,36,Normal,N
6484,9,2023-09-25,76,32,Normal,N
6485,9,2023-09-26,98,31,Moderate,N
6486,9,2023-09-27,124,34,Normal,N
6487,9,2023-09-28,116,26,Normal,N
6488,9,2023-09-29,2,31,Moderate,N
6489,9,2023-09-30,62,26,Moderate,N
6490,9,2023-10-01,41,38,Normal,N
6491,9,2023-10-02,54,34,Normal,N
6492,9,2023-10-03,91,26,Moderate,N
6493,9,2023-10-04,125,43,Moderate,N
6494,9,2023-10-05,23,36,Moderate,N
6495,9,2023-10-06,115,30,Normal,N
6496,9,2023-10-07,130,24,Normal,N
6497,9,2023-10-08,27,25,Normal,N
6498,9,2023-10-09,74,43,Moderate,N
6499,9,2023-10-10,131,34,Moderate,N
6500,9,2023-10-11,105,39,Moderate,N
6501,9,2023-10-12,131,33,Moderate,N
6502,9,2023-10-13,132,40,Moderate,N
6503,9,2023-10-14,90,40,Normal,N
6504,9,2023-10-15,8,40,Normal,N
6505,9,2023-10-16,58,32,Normal,N
6506,9,2023-10-17,106,38,Moderate,N
6507,9,2023-10-18,125,24,Moderate,N
6508,9,2023-10-19,14,26,Normal,N
6509,9,2023-10-20,19,29,Severe,Y
6510,9,2023-10-21,106,39,Normal,N
6511,9,2023-10-22,67,43,Severe,Y
6512,9,2023-10-23,54,42,Normal,N
6513,9,2023-10-24,132,27,Normal,N
6514,9,2023-10-25,126,36,Moderate,N
6515,9,2023-10-26,6,31,Severe,Y
6516,9,2023-10-27,114,27,Normal,N
6517,9,2023-10-28,78,27,Moderate,N
6518,9,2023-10-29,38,27,Severe,Y
6519,9,2023-10-30,121,29,Normal,N
6520,9,2023-10-31,50,29,Normal,N
6521,9,2023-11-01,98,31,Normal,N
6522,9,2023-11-02,27,38,Normal,N
6523,9,2023-11-03,16,36,Normal,N
6524,9,2023-11-04,111,37,Normal,N
6525,9,2023-11-05,93,32,Severe,Y
6526,9,2023-11-06,90,34,Normal,N
6527,9,2023-11-07,11,32,Normal,N
6528,9,2023-11-08,22,30,Moderate,N
6529,9,2023-11-09,104,33,Normal,N
6530,9,2023-11-10,74,33,Normal,N
6531,9,2023-11-11,22,31,Moderate,N
6532,9,2023-11-12,88,38,Moderate,N
6533,9,2023-11-13,134,24,Normal,N
6534,9,2023-11-14,11,28,Normal,N
6535,9,2023-11-15,66,28,Normal,N
6536,9,2023-11-16,32,32,Normal,N
6537,9,2023-11-17,96,26,Moderate,N
6538,9,2023-11-18,39,32,Normal,N
6539,9,2023-11-19,2,41,Moderate,N
6540,9,2023-11-20,35,27,Normal,N
6541,9,2023-11-21,72,33,Normal,N
6542,9,2023-11-22,24,39,Normal,N
6543,9,2023-11-23,77,26,Normal,N
6544,9,2023-11-24,7,25,Normal,N
6545,9,2023-11-25,105,28,Normal,N
6546,9,2023-11-26,81,33,Normal,N
6547,9,2023-11-27,16,25,Normal,N
6548,9,2023-11-28,90,24,Normal,N
6549,9,2023-11-29,70,27,Normal,N
6550,9,2023-11-30,65,32,Normal,N
6551,9,2023-12-01,30,36,Normal,N
6552,9,2023-12-02,17,43,Normal,N
6553,9,2023-12-03,86,34,Normal,N
6554,9,2023-12-04,51,32,Severe,Y
6555,9,2023-12-05,31,42,Normal,N
6556,9,2023-12-06,30,30,Normal,N
6557,9,2023-12-07,83,28,Moderate,N
6558,9,2023-12-08,58,41,Normal,N
6559,9,2023-12-09,16,33,Normal,N
6560,9,2023-12-10,35,30,Normal,N
6561,9,2023-12-11,55,29,Moderate,N
6562,9,2023-12-12,42,25,Normal,N
6563,9,2023-12-13,65,30,Normal,N
6564,9,2023-12-14,90,42,Moderate,N
6565,9,2023-12-15,24,32,Normal,N
6566,9,2023-12-16,82,28,Normal,N
6567,9,2023-12-17,27,30,Normal,N
6568,9,2023-12-18,28,42,Moderate,N
6569,9,2023-12-19,36,35,Normal,N
6570,9,2023-12-20,80,43,Normal,N
6571,9,2023-12-21,123,31,Normal,N
6572,9,2023-12-22,59,36,Severe,Y
6573,9,2023-12-23,47,37,Normal,N
6574,9,2023-12-24,53,43,Moderate,N
6575,9,2023-12-25,93,43,Moderate,N
6576,9,2023-12-26,31,26,Severe,Y
6577,9,2023-12-27,47,33,Moderate,N
6578,9,2023-12-28,51,31,Moderate,N
6579,9,2023-12-29,118,39,Normal,N
6580,9,2023-12-30,77,26,Normal,N
6581,9,2023-12-31,111,25,Normal,N
6582,9,2024-01-01,33,38,Normal,N
6583,9,2024-01-02,80,39,Normal,N
6584,9,2024-01-03,66,38,Normal,N
6585,9,2024-01-04,10,27,Normal,N
6586,9,2024-01-05,95,26,Severe,Y
6587,9,2024-01-06,47,43,Normal,N
6588,9,2024-01-07,102,27,Normal,N
6589,9,2024-01-08,102,36,Moderate,N
6590,9,2024-01-09,55,32,Normal,N
6591,9,2024-01-10,90,27,Normal,N
6592,9,2024-01-11,126,31,Normal,N
6593,9,2024-01-12,11,28,Normal,N
6594,9,2024-01-13,62,33,Normal,N
6595,9,2024-01-14,72,32,Normal,N
6596,9,2024-01-15,106,35,Moderate,N
6597,9,2024-01-16,40,33,Normal,N
6598,9,2024-01-17,119,36,Normal,N
6599,9,2024-01-18,65,34,Moderate,N
6600,9,2024-01-19,90,31,Moderate,N
6601,9,2024-01-20,1,30,Normal,N
6602,9,2024-01-21,23,33,Normal,N
6603,9,2024-01-22,109,41,Normal,N
6604,9,2024-01-23,66,27,Moderate,N
6605,9,2024-01-24,122,33,Normal,N
6606,9,2024-01-25,100,39,Normal,N
6607,9,2024-01-26,48,36,Normal,N
6608,9,2024-01-27,81,33,Moderate,N
6609,9,2024-01-28,43,28,Moderate,N
6610,9,2024-01-29,32,35,Normal,N
6611,9,2024-01-30,120,40,Moderate,N
6612,9,2024-01-31,115,28,Moderate,N
6613,9,2024-02-01,93,28,Normal,N
6614,9,2024-02-02,138,24,Normal,N
6615,9,2024-02-03,133,24,Normal,N
6616,9,2024-02-04,100,41,Normal,N
6617,9,2024-02-05,14,27,Moderate,N
6618,9,2024-02-06,11,25,Normal,N
6619,9,2024-02-07,125,43,Severe,Y
6620,9,2024-02-08,18,24,Normal,N
6621,9,2024-02-09,132,24,Normal,N
6622,9,2024-02-10,94,25,Normal,N
6623,9,2024-02-11,56,33,Normal,N
6624,9,2024-02-12,122,29,Moderate,N
6625,9,2024-02-13,17,42,Normal,N
6626,9,2024-02-14,80,24,Normal,N
6627,9,2024-02-15,2,25,Normal,N
6628,9,2024-02-16,3,25,Severe,Y
6629,9,2024-02-17,80,40,Normal,N
6630,9,2024-02-18,83,30,Normal,N
6631,9,2024-02-19,130,40,Normal,N
6632,9,2024-02-20,47,40,Normal,N
6633,9,2024-02-21,57,38,Moderate,N
6634,9,2024-02-22,31,30,Normal,N
6635,9,2024-02-23,4,38,Moderate,N
6636,9,2024-02-24,90,27,Normal,N
6637,9,2024-02-25,33,24,Moderate,N
6638,9,2024-02-26,0,33,Normal,N
6639,9,2024-02-27,77,41,Normal,N
6640,9,2024-02-28,50,36,Normal,N
6641,9,2024-02-29,73,37,Normal,N
6642,9,2024-03-01,80,29,Normal,N
6643,9,2024-03-02,42,34,Normal,N
6644,9,2024-03-03,133,43,Normal,N
6645,9,2024-03-04,89,36,Severe,Y
6646,9,2024-03-05,128,37,Normal,N
6647,9,2024-03-06,59,29,Normal,N
6648,9,2024-03-07,66,39,Normal,N
6649,9,2024-03-08,93,37,Normal,N
6650,9,2024-03-09,87,38,Severe,Y
6651,9,2024-03-10,29,35,Normal,N
6652,9,2024-03-11,8,37,Normal,N
6653,9,2024-03-12,18,40,Normal,N
6654,9,2024-03-13,100,25,Moderate,N
6655,9,2024-03-14,30,31,Moderate,N
6656,9,2024-03-15,72,28,Normal,N
6657,9,2024-03-16,22,26,Moderate,N
6658,9,2024-03-17,136,30,Normal,N
6659,9,2024-03-18,90,39,Normal,N
6660,9,2024-03-19,138,36,Normal,N
6661,9,2024-03-20,73,41,Normal,N
6662,9,2024-03-21,110,36,Normal,N
6663,9,2024-03-22,125,31,Normal,N
6664,9,2024-03-23,47,34,Normal,N
6665,9,2024-03-24,28,31,Normal,N
6666,9,2024-03-25,78,30,Normal,N
6667,9,2024-03-26,19,39,Severe,Y
6668,9,2024-03-27,35,33,Normal,N
6669,9,2024-03-28,119,24,Moderate,N
6670,9,2024-03-29,76,30,Normal,N
6671,9,2024-03-30,8,39,Moderate,N
6672,9,2024-03-31,41,29,Normal,N
6673,9,2024-04-01,108,31,Moderate,N
6674,9,2024-04-02,41,27,Normal,N
6675,9,2024-04-03,86,31,Normal,N
6676,9,2024-04-04,127,38,Normal,N
6677,9,2024-04-05,28,41,Normal,N
6678,9,2024-04-06,43,24,Normal,N
6679,9,2024-04-07,122,26,Normal,N
6680,9,2024-04-08,44,43,Severe,Y
6681,9,2024-04-09,118,33,Normal,N
6682,9,2024-04-10,130,41,Normal,N
6683,9,2024-04-11,100,40,Moderate,N
6684,9,2024-04-12,88,32,Moderate,N
6685,9,2024-04-13,14,28,Normal,N
6686,9,2024-04-14,9,35,Moderate,N
6687,9,2024-04-15,139,33,Moderate,N
6688,9,2024-04-16,47,34,Normal,N
6689,9,2024-04-17,42,28,Normal,N
6690,9,2024-04-18,78,43,Normal,N
6691,9,2024-04-19,8,40,Normal,N
6692,9,2024-04-20,66,30,Normal,N
6693,9,2024-04-21,91,40,Severe,Y
6694,9,2024-04-22,71,28,Normal,N
6695,9,2024-04-23,57,40,Moderate,N
6696,9,2024-04-24,23,41,Normal,N
6697,9,2024-04-25,41,31,Moderate,N
6698,9,2024-04-26,6,40,Normal,N
6699,9,2024-04-27,33,43,Normal,N
6700,9,2024-04-28,115,35,Normal,N
6701,9,2024-04-29,7,39,Normal,N
6702,9,2024-04-30,125,24,Normal,N
6703,9,2024-05-01,113,35,Moderate,N
6704,9,2024-05-02,56,39,Normal,N
6705,9,2024-05-03,83,42,Normal,N
6706,9,2024-05-04,32,36,Normal,N
6707,9,2024-05-05,29,39,Normal,N
6708,9,2024-05-06,90,36,Normal,N
6709,9,2024-05-07,61,38,Normal,N
6710,9,2024-05-08,117,42,Normal,N
6711,9,2024-05-09,17,34,Moderate,N
6712,9,2024-05-10,22,25,Normal,N
6713,9,2024-05-11,115,34,Moderate,N
6714,9,2024-05-12,42,32,Moderate,N
6715,9,2024-05-13,88,36,Moderate,N
6716,9,2024-05-14,98,36,Normal,N
6717,9,2024-05-15,103,32,Normal,N
6718,9,2024-05-16,102,43,Normal,N
6719,9,2024-05-17,109,37,Moderate,N
6720,9,2024-05-18,41,41,Moderate,N
6721,9,2024-05-19,78,28,Normal,N
6722,9,2024-05-20,7,27,Normal,N
6723,9,2024-05-21,76,36,Normal,N
6724,9,2024-05-22,131,36,Normal,N
6725,9,2024-05-23,101,24,Normal,N
6726,9,2024-05-24,103,40,Normal,N
6727,9,2024-05-25,102,29,Normal,N
6728,9,2024-05-26,96,42,Moderate,N
6729,9,2024-05-27,113,29,Normal,N
6730,9,2024-05-28,4,30,Normal,N
6731,9,2024-05-29,95,38,Normal,N
6732,9,2024-05-30,9,33,Moderate,N
6733,9,2024-05-31,98,42,Normal,N
6734,9,2024-06-01,67,40,Normal,N
6735,9,2024-06-02,121,31,Normal,N
6736,9,2024-06-03,126,43,Normal,N
6737,9,2024-06-04,38,26,Moderate,N
6738,9,2024-06-05,79,40,Normal,N
6739,9,2024-06-06,48,43,Normal,N
6740,9,2024-06-07,22,35,Normal,N
6741,9,2024-06-08,85,30,Normal,N
6742,10,2022-04-29,51,28,Normal,N
6743,10,2022-04-30,80,34,Normal,N
6744,10,2022-05-01,132,29,Normal,N
6745,10,2022-05-02,117,28,Severe,Y
6746,10,2022-05-03,3,36,Severe,Y
6747,10,2022-05-04,83,32,Normal,N
6748,10,2022-05-05,41,25,Normal,N
6749,10,2022-05-06,65,37,Normal,N
6750,10,2022-05-07,64,28,Moderate,N
6751,10,2022-05-08,2,31,Normal,N
6752,10,2022-05-09,131,26,Normal,N
6753,10,2022-05-10,58,40,Normal,N
6754,10,2022-05-11,10,39,Severe,Y
6755,10,2022-05-12,53,39,Normal,N
6756,10,2022-05-13,20,33,Severe,Y
6757,10,2022-05-14,137,40,Normal,N
6758,10,2022-05-15,94,31,Moderate,N
6759,10,2022-05-16,54,43,Normal,N
6760,10,2022-05-17,15,41,Normal,N
6761,10,2022-05-18,54,35,Moderate,N
6762,10,2022-05-19,103,31,Normal,N
6763,10,2022-05-20,1,35,Moderate,N
6764,10,2022-05-21,112,34,Moderate,N
6765,10,2022-05-22,71,34,Normal,N
6766,10,2022-05-23,104,35,Normal,N
6767,10,2022-05-24,98,38,Normal,N
6768,10,2022-05-25,132,26,Moderate,N
6769,10,2022-05-26,76,26,Normal,N
6770,10,2022-05-27,49,35,Normal,N
6771,10,2022-05-28,50,39,Normal,N
6772,10,2022-05-29,73,34,Moderate,N
6773,10,2022-05-30,63,34,Normal,N
6774,10,2022-05-31,81,43,Normal,N
6775,10,2022-06-01,97,40,Normal,N
6776,10,2022-06-02,122,43,Normal,N
6777,10,2022-06-03,47,27,Normal,N
6778,10,2022-06-04,25,32,Normal,N
6779,10,2022-06-05,46,41,Moderate,N
6780,10,2022-06-06,114,30,Normal,N
6781,10,2022-06-07,126,33,Normal,N
6782,10,2022-06-08,28,34,Normal,N
6783,10,2022-06-09,135,28,Normal,N
6784,10,2022-06-10,36,33,Normal,N
6785,10,2022-06-11,138,32,Moderate,N
6786,10,2022-06-12,68,32,Normal,N
6787,10,2022-06-13,53,36,Normal,N
6788,10,2022-06-14,22,41,Moderate,N
6789,10,2022-06-15,8,41,Severe,Y
6790,10,2022-06-16,134,24,Severe,Y
6791,10,2022-06-17,86,26,Moderate,N
6792,10,2022-06-18,66,29,Moderate,N
6793,10,2022-06-19,34,33,Normal,N
6794,10,2022-06-20,82,25,Normal,N
6795,10,2022-06-21,66,28,Normal,N
6796,10,2022-06-22,2,39,Normal,N
6797,10,2022-06-23,122,25,Normal,N
6798,10,2022-06-24,51,24,Normal,N
6799,10,2022-06-25,60,38,Normal,N
6800,10,2022-06-26,115,38,Normal,N
6801,10,2022-06-27,55,24,Moderate,N
6802,10,2022-06-28,74,39,Moderate,N
6803,10,2022-06-29,108,26,Normal,N
6804,10,2022-06-30,133,42,Normal,N
6805,10,2022-07-01,71,24,Normal,N
6806,10,2022-07-02,9,27,Severe,Y
6807,10,2022-07-03,133,25,Moderate,N
6808,10,2022-07-04,72,25,Normal,N
6809,10,2022-07-05,101,41,Normal,N
6810,10,2022-07-06,24,31,Moderate,N
6811,10,2022-07-07,127,30,Normal,N
6812,10,2022-07-08,128,36,Severe,Y
6813,10,2022-07-09,51,42,Moderate,N
6814,10,2022-07-10,30,24,Moderate,N
6815,10,2022-07-11,81,27,Normal,N
6816,10,2022-07-12,121,33,Severe,Y
6817,10,2022-07-13,84,28,Normal,N
6818,10,2022-07-14,2,24,Normal,N
6819,10,2022-07-15,104,35,Normal,N
6820,10,2022-07-16,24,29,Normal,N
6821,10,2022-07-17,34,32,Normal,N
6822,10,2022-07-18,81,33,Normal,N
6823,10,2022-07-19,35,27,Normal,N
6824,10,2022-07-20,103,31,Normal,N
6825,10,2022-07-21,99,42,Moderate,N
6826,10,2022-07-22,64,28,Normal,N
6827,10,2022-07-23,60,35,Normal,N
6828,10,2022-07-24,124,26,Normal,N
6829,10,2022-07-25,8,26,Normal,N
6830,10,2022-07-26,82,38,Severe,Y
6831,10,2022-07-27,131,32,Normal,N
6832,10,2022-07-28,103,39,Normal,N
6833,10,2022-07-29,106,42,Severe,Y
6834,10,2022-07-30,34,36,Normal,N
6835,10,2022-07-31,32,42,Normal,N
6836,10,2022-08-01,46,31,Moderate,N
6837,10,2022-08-02,104,38,Normal,N
6838,10,2022-08-03,108,39,Normal,N
6839,10,2022-08-04,41,27,Moderate,N
6840,10,2022-08-05,97,24,Normal,N
6841,10,2022-08-06,37,40,Normal,N
6842,10,2022-08-07,98,36,Normal,N
6843,10,2022-08-08,106,31,Normal,N
6844,10,2022-08-09,57,41,Normal,N
6845,10,2022-08-10,62,43,Normal,N
6846,10,2022-08-11,61,24,Severe,Y
6847,10,2022-08-12,95,42,Normal,N
6848,10,2022-08-13,88,35,Normal,N
6849,10,2022-08-14,128,25,Normal,N
6850,10,2022-08-15,55,34,Severe,Y
6851,10,2022-08-16,120,41,Normal,N
6852,10,2022-08-17,52,43,Moderate,N
6853,10,2022-08-18,51,39,Normal,N
6854,10,2022-08-19,65,34,Severe,Y
6855,10,2022-08-20,33,43,Normal,N
6856,10,2022-08-21,10,32,Moderate,N
6857,10,2022-08-22,10,26,Moderate,N
6858,10,2022-08-23,110,42,Moderate,N
6859,10,2022-08-24,44,39,Normal,N
6860,10,2022-08-25,80,28,Moderate,N
6861,10,2022-08-26,63,42,Severe,Y
6862,10,2022-08-27,115,40,Severe,Y
6863,10,2022-08-28,34,26,Normal,N
6864,10,2022-08-29,138,28,Normal,N
6865,10,2022-08-30,21,34,Normal,N
6866,10,2022-08-31,86,38,Severe,Y
6867,10,2022-09-01,89,26,Normal,N
6868,10,2022-09-02,35,26,Moderate,N
6869,10,2022-09-03,67,25,Moderate,N
6870,10,2022-09-04,74,28,Normal,N
6871,10,2022-09-05,84,41,Severe,Y
6872,10,2022-09-06,119,39,Moderate,N
6873,10,2022-09-07,1,25,Severe,Y
6874,10,2022-09-08,29,41,Moderate,N
6875,10,2022-09-09,68,26,Normal,N
6876,10,2022-09-10,16,25,Moderate,N
6877,10,2022-09-11,47,36,Severe,Y
6878,10,2022-09-12,95,26,Normal,N
6879,10,2022-09-13,128,27,Normal,N
6880,10,2022-09-14,86,28,Normal,N
6881,10,2022-09-15,47,24,Normal,N
6882,10,2022-09-16,27,25,Moderate,N
6883,10,2022-09-17,28,29,Normal,N
6884,10,2022-09-18,37,31,Moderate,N
6885,10,2022-09-19,136,28,Normal,N
6886,10,2022-09-20,47,41,Normal,N
6887,10,2022-09-21,82,37,Normal,N
6888,10,2022-09-22,47,32,Normal,N
6889,10,2022-09-23,65,39,Normal,N
6890,10,2022-09-24,134,29,Moderate,N
6891,10,2022-09-25,139,24,Normal,N
6892,10,2022-09-26,99,34,Normal,N
6893,10,2022-09-27,110,28,Moderate,N
6894,10,2022-09-28,56,42,Normal,N
6895,10,2022-09-29,119,31,Normal,N
6896,10,2022-09-30,97,31,Normal,N
6897,10,2022-10-01,4,33,Normal,N
6898,10,2022-10-02,47,31,Normal,N
6899,10,2022-10-03,21,38,Normal,N
6900,10,2022-10-04,108,40,Normal,N
6901,10,2022-10-05,24,35,Moderate,N
6902,10,2022-10-06,53,25,Moderate,N
6903,10,2022-10-07,60,24,Severe,Y
6904,10,2022-10-08,136,38,Normal,N
6905,10,2022-10-09,71,27,Normal,N
6906,10,2022-10-10,34,34,Normal,N
6907,10,2022-10-11,65,29,Severe,Y
6908,10,2022-10-12,14,36,Normal,N
6909,10,2022-10-13,72,33,Severe,Y
6910,10,2022-10-14,120,27,Normal,N
6911,10,2022-10-15,86,27,Moderate,N
6912,10,2022-10-16,123,40,Moderate,N
6913,10,2022-10-17,7,34,Moderate,N
6914,10,2022-10-18,135,29,Moderate,N
6915,10,2022-10-19,23,24,Normal,N
6916,10,2022-10-20,37,35,Normal,N
6917,10,2022-10-21,24,33,Normal,N
6918,10,2022-10-22,58,34,Normal,N
6919,10,2022-10-23,85,29,Normal,N
6920,10,2022-10-24,48,34,Normal,N
6921,10,2022-10-25,129,40,Normal,N
6922,10,2022-10-26,62,24,Moderate,N
6923,10,2022-10-27,92,43,Severe,Y
6924,10,2022-10-28,80,43,Normal,N
6925,10,2022-10-29,26,38,Normal,N
6926,10,2022-10-30,59,26,Normal,N
6927,10,2022-10-31,119,39,Severe,Y
6928,10,2022-11-01,135,42,Normal,N
6929,10,2022-11-02,121,36,Severe,Y
6930,10,2022-11-03,38,43,Normal,N
6931,10,2022-11-04,54,26,Severe,Y
6932,10,2022-11-05,128,25,Moderate,N
6933,10,2022-11-06,66,35,Normal,N
6934,10,2022-11-07,52,27,Normal,N
6935,10,2022-11-08,1,29,Normal,N
6936,10,2022-11-09,78,42,Moderate,N
6937,10,2022-11-10,137,43,Normal,N
6938,10,2022-11-11,94,31,Normal,N
6939,10,2022-11-12,51,25,Moderate,N
6940,10,2022-11-13,8,36,Normal,N
6941,10,2022-11-14,22,42,Normal,N
6942,10,2022-11-15,43,29,Severe,Y
6943,10,2022-11-16,2,35,Moderate,N
6944,10,2022-11-17,130,37,Normal,N
6945,10,2022-11-18,65,36,Normal,N
6946,10,2022-11-19,83,42,Normal,N
6947,10,2022-11-20,114,35,Normal,N
6948,10,2022-11-21,89,33,Normal,N
6949,10,2022-11-22,17,31,Normal,N
6950,10,2022-11-23,67,35,Normal,N
6951,10,2022-11-24,137,34,Normal,N
6952,10,2022-11-25,52,31,Normal,N
6953,10,2022-11-26,55,36,Normal,N
6954,10,2022-11-27,13,29,Normal,N
6955,10,2022-11-28,104,31,Normal,N
6956,10,2022-11-29,103,43,Normal,N
6957,10,2022-11-30,136,26,Normal,N
6958,10,2022-12-01,37,36,Normal,N
6959,10,2022-12-02,24,38,Normal,N
6960,10,2022-12-03,11,28,Normal,N
6961,10,2022-12-04,16,30,Normal,N
6962,10,2022-12-05,140,24,Normal,N
6963,10,2022-12-06,71,34,Normal,N
6964,10,2022-12-07,97,43,Moderate,N
6965,10,2022-12-08,66,25,Normal,N
6966,10,2022-12-09,60,24,Normal,N
6967,10,2022-12-10,33,39,Normal,N
6968,10,2022-12-11,2,37,Normal,N
6969,10,2022-12-12,1,37,Normal,N
6970,10,2022-12-13,108,37,Moderate,N
6971,10,2022-12-14,87,39,Normal,N
6972,10,2022-12-15,56,36,Moderate,N
6973,10,2022-12-16,98,42,Normal,N
6974,10,2022-12-17,16,32,Normal,N
6975,10,2022-12-18,14,39,Normal,N
6976,10,2022-12-19,118,38,Moderate,N
6977,10,2022-12-20,58,28,Normal,N
6978,10,2022-12-21,138,32,Normal,N
6979,10,2022-12-22,109,29,Moderate,N
6980,10,2022-12-23,54,37,Normal,N
6981,10,2022-12-24,30,26,Moderate,N
6982,10,2022-12-25,112,35,Normal,N
6983,10,2022-12-26,8,35,Normal,N
6984,10,2022-12-27,118,33,Moderate,N
6985,10,2022-12-28,75,27,Normal,N
6986,10,2022-12-29,47,38,Normal,N
6987,10,2022-12-30,104,43,Normal,N
6988,10,2022-12-31,117,30,Severe,Y
6989,10,2023-01-01,29,35,Normal,N
6990,10,2023-01-02,105,42,Normal,N
6991,10,2023-01-03,11,36,Moderate,N
6992,10,2023-01-04,37,36,Normal,N
6993,10,2023-01-05,62,30,Normal,N
6994,10,2023-01-06,18,25,Normal,N
6995,10,2023-01-07,52,34,Moderate,N
6996,10,2023-01-08,92,24,Moderate,N
6997,10,2023-01-09,63,30,Moderate,N
6998,10,2023-01-10,76,40,Normal,N
6999,10,2023-01-11,101,35,Normal,N
7000,10,2023-01-12,121,38,Severe,Y
7001,10,2023-01-13,67,41,Moderate,N
7002,10,2023-01-14,75,34,Normal,N
7003,10,2023-01-15,89,30,Moderate,N
7004,10,2023-01-16,122,37,Normal,N
7005,10,2023-01-17,13,40,Normal,N
7006,10,2023-01-18,117,35,Normal,N
7007,10,2023-01-19,123,37,Normal,N
7008,10,2023-01-20,6,32,Normal,N
7009,10,2023-01-21,99,37,Normal,N
7010,10,2023-01-22,127,42,Normal,N
7011,10,2023-01-23,61,30,Normal,N
7012,10,2023-01-24,115,40,Normal,N
7013,10,2023-01-25,127,39,Normal,N
7014,10,2023-01-26,134,41,Severe,Y
7015,10,2023-01-27,51,32,Moderate,N
7016,10,2023-01-28,44,33,Moderate,N
7017,10,2023-01-29,80,36,Normal,N
7018,10,2023-01-30,75,38,Normal,N
7019,10,2023-01-31,51,38,Normal,N
7020,10,2023-02-01,98,27,Normal,N
7021,10,2023-02-02,55,26,Normal,N
7022,10,2023-02-03,38,35,Severe,Y
7023,10,2023-02-04,114,33,Normal,N
7024,10,2023-02-05,11,27,Normal,N
7025,10,2023-02-06,128,40,Normal,N
7026,10,2023-02-07,67,37,Moderate,N
7027,10,2023-02-08,132,36,Normal,N
7028,10,2023-02-09,54,42,Severe,Y
7029,10,2023-02-10,79,25,Normal,N
7030,10,2023-02-11,111,41,Normal,N
7031,10,2023-02-12,74,24,Severe,Y
7032,10,2023-02-13,102,35,Moderate,N
7033,10,2023-02-14,108,24,Normal,N
7034,10,2023-02-15,102,29,Moderate,N
7035,10,2023-02-16,71,40,Normal,N
7036,10,2023-02-17,41,42,Moderate,N
7037,10,2023-02-18,95,28,Normal,N
7038,10,2023-02-19,51,39,Normal,N
7039,10,2023-02-20,22,42,Moderate,N
7040,10,2023-02-21,53,37,Normal,N
7041,10,2023-02-22,116,26,Normal,N
7042,10,2023-02-23,13,30,Normal,N
7043,10,2023-02-24,54,28,Normal,N
7044,10,2023-02-25,5,25,Moderate,N
7045,10,2023-02-26,137,36,Moderate,N
7046,10,2023-02-27,129,24,Moderate,N
7047,10,2023-02-28,93,37,Normal,N
7048,10,2023-03-01,30,43,Moderate,N
7049,10,2023-03-02,33,36,Severe,Y
7050,10,2023-03-03,65,41,Normal,N
7051,10,2023-03-04,69,37,Moderate,N
7052,10,2023-03-05,140,41,Normal,N
7053,10,2023-03-06,31,34,Normal,N
7054,10,2023-03-07,54,34,Moderate,N
7055,10,2023-03-08,42,32,Moderate,N
7056,10,2023-03-09,95,29,Normal,N
7057,10,2023-03-10,4,39,Normal,N
7058,10,2023-03-11,56,27,Normal,N
7059,10,2023-03-12,139,42,Normal,N
7060,10,2023-03-13,21,40,Moderate,N
7061,10,2023-03-14,115,43,Normal,N
7062,10,2023-03-15,110,29,Normal,N
7063,10,2023-03-16,50,37,Normal,N
7064,10,2023-03-17,48,25,Severe,Y
7065,10,2023-03-18,87,32,Moderate,N
7066,10,2023-03-19,64,28,Severe,Y
7067,10,2023-03-20,101,43,Normal,N
7068,10,2023-03-21,8,34,Moderate,N
7069,10,2023-03-22,81,40,Normal,N
7070,10,2023-03-23,3,42,Normal,N
7071,10,2023-03-24,127,32,Normal,N
7072,10,2023-03-25,11,25,Normal,N
7073,10,2023-03-26,81,34,Moderate,N
7074,10,2023-03-27,132,32,Normal,N
7075,10,2023-03-28,14,40,Normal,N
7076,10,2023-03-29,16,39,Moderate,N
7077,10,2023-03-30,118,37,Normal,N
7078,10,2023-03-31,1,31,Moderate,N
7079,10,2023-04-01,51,38,Normal,N
7080,10,2023-04-02,71,25,Normal,N
7081,10,2023-04-03,58,37,Normal,N
7082,10,2023-04-04,95,33,Normal,N
7083,10,2023-04-05,27,36,Normal,N
7084,10,2023-04-06,30,34,Normal,N
7085,10,2023-04-07,70,29,Normal,N
7086,10,2023-04-08,133,28,Normal,N
7087,10,2023-04-09,69,36,Moderate,N
7088,10,2023-04-10,60,37,Normal,N
7089,10,2023-04-11,112,35,Moderate,N
7090,10,2023-04-12,139,37,Severe,Y
7091,10,2023-04-13,12,34,Normal,N
7092,10,2023-04-14,37,36,Normal,N
7093,10,2023-04-15,21,31,Moderate,N
7094,10,2023-04-16,96,38,Normal,N
7095,10,2023-04-17,55,38,Normal,N
7096,10,2023-04-18,124,28,Normal,N
7097,10,2023-04-19,120,39,Normal,N
7098,10,2023-04-20,89,37,Normal,N
7099,10,2023-04-21,58,30,Moderate,N
7100,10,2023-04-22,45,40,Severe,Y
7101,10,2023-04-23,12,36,Normal,N
7102,10,2023-04-24,112,26,Severe,Y
7103,10,2023-04-25,41,39,Moderate,N
7104,10,2023-04-26,68,42,Severe,Y
7105,10,2023-04-27,74,35,Moderate,N
7106,10,2023-04-28,92,25,Severe,Y
7107,10,2023-04-29,39,26,Moderate,N
7108,10,2023-04-30,134,27,Moderate,N
7109,10,2023-05-01,86,29,Normal,N
7110,10,2023-05-02,131,27,Normal,N
7111,10,2023-05-03,37,29,Normal,N
7112,10,2023-05-04,0,40,Normal,N
7113,10,2023-05-05,33,40,Moderate,N
7114,10,2023-05-06,100,40,Normal,N
7115,10,2023-05-07,107,28,Moderate,N
7116,10,2023-05-08,26,35,Normal,N
7117,10,2023-05-09,10,32,Normal,N
7118,10,2023-05-10,90,38,Normal,N
7119,10,2023-05-11,77,39,Normal,N
7120,10,2023-05-12,43,43,Severe,Y
7121,10,2023-05-13,74,38,Moderate,N
7122,10,2023-05-14,44,36,Severe,Y
7123,10,2023-05-15,56,34,Moderate,N
7124,10,2023-05-16,23,30,Moderate,N
7125,10,2023-05-17,56,26,Normal,N
7126,10,2023-05-18,6,41,Normal,N
7127,10,2023-05-19,111,29,Normal,N
7128,10,2023-05-20,52,29,Moderate,N
7129,10,2023-05-21,99,38,Severe,Y
7130,10,2023-05-22,70,39,Normal,N
7131,10,2023-05-23,126,32,Normal,N
7132,10,2023-05-24,113,27,Normal,N
7133,10,2023-05-25,112,30,Moderate,N
7134,10,2023-05-26,48,36,Normal,N
7135,10,2023-05-27,2,35,Severe,Y
7136,10,2023-05-28,124,32,Moderate,N
7137,10,2023-05-29,44,34,Normal,N
7138,10,2023-05-30,134,40,Normal,N
7139,10,2023-05-31,112,32,Normal,N
7140,10,2023-06-01,25,33,Normal,N
7141,10,2023-06-02,53,43,Moderate,N
7142,10,2023-06-03,30,35,Moderate,N
7143,10,2023-06-04,86,24,Severe,Y
7144,10,2023-06-05,139,38,Normal,N
7145,10,2023-06-06,28,25,Normal,N
7146,10,2023-06-07,95,37,Normal,N
7147,10,2023-06-08,69,27,Moderate,N
7148,10,2023-06-09,68,29,Normal,N
7149,10,2023-06-10,56,28,Normal,N
7150,10,2023-06-11,36,40,Normal,N
7151,10,2023-06-12,68,34,Moderate,N
7152,10,2023-06-13,77,30,Moderate,N
7153,10,2023-06-14,14,34,Moderate,N
7154,10,2023-06-15,129,26,Normal,N
7155,10,2023-06-16,91,30,Normal,N
7156,10,2023-06-17,10,39,Normal,N
7157,10,2023-06-18,82,39,Normal,N
7158,10,2023-06-19,50,30,Normal,N
7159,10,2023-06-20,45,41,Severe,Y
7160,10,2023-06-21,54,32,Normal,N
7161,10,2023-06-22,112,38,Normal,N
7162,10,2023-06-23,70,31,Normal,N
7163,10,2023-06-24,132,41,Normal,N
7164,10,2023-06-25,22,41,Normal,N
7165,10,2023-06-26,25,40,Normal,N
7166,10,2023-06-27,13,37,Moderate,N
7167,10,2023-06-28,97,38,Moderate,N
7168,10,2023-06-29,83,31,Normal,N
7169,10,2023-06-30,70,35,Normal,N
7170,10,2023-07-01,107,43,Normal,N
7171,10,2023-07-02,40,41,Normal,N
7172,10,2023-07-03,105,34,Normal,N
7173,10,2023-07-04,109,43,Severe,Y
7174,10,2023-07-05,92,40,Normal,N
7175,10,2023-07-06,74,27,Normal,N
7176,10,2023-07-07,33,33,Normal,N
7177,10,2023-07-08,100,33,Normal,N
7178,10,2023-07-09,130,37,Normal,N
7179,10,2023-07-10,100,27,Normal,N
7180,10,2023-07-11,35,39,Normal,N
7181,10,2023-07-12,66,32,Moderate,N
7182,10,2023-07-13,47,43,Normal,N
7183,10,2023-07-14,79,41,Normal,N
7184,10,2023-07-15,117,42,Normal,N
7185,10,2023-07-16,48,28,Normal,N
7186,10,2023-07-17,29,39,Normal,N
7187,10,2023-07-18,10,41,Normal,N
7188,10,2023-07-19,13,38,Normal,N
7189,10,2023-07-20,115,30,Moderate,N
7190,10,2023-07-21,114,40,Normal,N
7191,10,2023-07-22,47,38,Normal,N
7192,10,2023-07-23,33,42,Moderate,N
7193,10,2023-07-24,38,40,Moderate,N
7194,10,2023-07-25,33,26,Normal,N
7195,10,2023-07-26,22,24,Moderate,N
7196,10,2023-07-27,115,36,Moderate,N
7197,10,2023-07-28,109,25,Normal,N
7198,10,2023-07-29,89,27,Severe,Y
7199,10,2023-07-30,24,38,Severe,Y
7200,10,2023-07-31,14,43,Normal,N
7201,10,2023-08-01,71,33,Normal,N
7202,10,2023-08-02,73,42,Moderate,N
7203,10,2023-08-03,35,34,Normal,N
7204,10,2023-08-04,137,24,Normal,N
7205,10,2023-08-05,99,36,Normal,N
7206,10,2023-08-06,27,42,Normal,N
7207,10,2023-08-07,10,25,Normal,N
7208,10,2023-08-08,34,35,Normal,N
7209,10,2023-08-09,58,41,Normal,N
7210,10,2023-08-10,69,30,Normal,N
7211,10,2023-08-11,130,33,Normal,N
7212,10,2023-08-12,133,24,Moderate,N
7213,10,2023-08-13,34,30,Normal,N
7214,10,2023-08-14,66,43,Normal,N
7215,10,2023-08-15,0,27,Normal,N
7216,10,2023-08-16,83,24,Normal,N
7217,10,2023-08-17,68,39,Normal,N
7218,10,2023-08-18,70,39,Normal,N
7219,10,2023-08-19,114,37,Normal,N
7220,10,2023-08-20,133,37,Normal,N
7221,10,2023-08-21,15,33,Moderate,N
7222,10,2023-08-22,69,35,Normal,N
7223,10,2023-08-23,73,28,Normal,N
7224,10,2023-08-24,89,33,Moderate,N
7225,10,2023-08-25,73,39,Normal,N
7226,10,2023-08-26,36,24,Moderate,N
7227,10,2023-08-27,120,36,Normal,N
7228,10,2023-08-28,71,26,Normal,N
7229,10,2023-08-29,77,27,Normal,N
7230,10,2023-08-30,134,36,Severe,Y
7231,10,2023-08-31,82,29,Moderate,N
7232,10,2023-09-01,67,34,Normal,N
7233,10,2023-09-02,13,33,Moderate,N
7234,10,2023-09-03,96,33,Moderate,N
7235,10,2023-09-04,75,37,Normal,N
7236,10,2023-09-05,121,37,Normal,N
7237,10,2023-09-06,36,30,Normal,N
7238,10,2023-09-07,66,28,Severe,Y
7239,10,2023-09-08,74,33,Normal,N
7240,10,2023-09-09,54,28,Moderate,N
7241,10,2023-09-10,0,24,Normal,N
7242,10,2023-09-11,86,39,Normal,N
7243,10,2023-09-12,27,41,Severe,Y
7244,10,2023-09-13,47,36,Moderate,N
7245,10,2023-09-14,123,30,Moderate,N
7246,10,2023-09-15,40,39,Normal,N
7247,10,2023-09-16,35,33,Normal,N
7248,10,2023-09-17,14,38,Normal,N
7249,10,2023-09-18,110,41,Normal,N
7250,10,2023-09-19,97,26,Moderate,N
7251,10,2023-09-20,58,33,Normal,N
7252,10,2023-09-21,140,36,Normal,N
7253,10,2023-09-22,114,42,Normal,N
7254,10,2023-09-23,32,41,Normal,N
7255,10,2023-09-24,35,38,Normal,N
7256,10,2023-09-25,88,42,Severe,Y
7257,10,2023-09-26,85,42,Normal,N
7258,10,2023-09-27,8,26,Moderate,N
7259,10,2023-09-28,85,30,Severe,Y
7260,10,2023-09-29,14,25,Normal,N
7261,10,2023-09-30,92,40,Severe,Y
7262,10,2023-10-01,138,26,Normal,N
7263,10,2023-10-02,53,24,Normal,N
7264,10,2023-10-03,32,27,Normal,N
7265,10,2023-10-04,121,34,Normal,N
7266,10,2023-10-05,43,39,Normal,N
7267,10,2023-10-06,28,39,Moderate,N
7268,10,2023-10-07,134,35,Severe,Y
7269,10,2023-10-08,109,32,Normal,N
7270,10,2023-10-09,89,43,Normal,N
7271,10,2023-10-10,69,40,Normal,N
7272,10,2023-10-11,52,33,Normal,N
7273,10,2023-10-12,99,39,Normal,N
7274,10,2023-10-13,117,33,Normal,N
7275,10,2023-10-14,87,26,Normal,N
7276,10,2023-10-15,25,36,Normal,N
7277,10,2023-10-16,14,42,Moderate,N
7278,10,2023-10-17,69,25,Normal,N
7279,10,2023-10-18,77,39,Normal,N
7280,10,2023-10-19,30,27,Severe,Y
7281,10,2023-10-20,67,37,Moderate,N
7282,10,2023-10-21,75,37,Normal,N
7283,10,2023-10-22,93,40,Normal,N
7284,10,2023-10-23,65,42,Normal,N
7285,10,2023-10-24,68,33,Moderate,N
7286,10,2023-10-25,46,41,Normal,N
7287,10,2023-10-26,120,26,Severe,Y
7288,10,2023-10-27,77,41,Normal,N
7289,10,2023-10-28,63,36,Normal,N
7290,10,2023-10-29,128,25,Normal,N
7291,10,2023-10-30,115,25,Normal,N
7292,10,2023-10-31,50,26,Moderate,N
7293,10,2023-11-01,78,25,Normal,N
7294,10,2023-11-02,115,37,Moderate,N
7295,10,2023-11-03,36,29,Normal,N
7296,10,2023-11-04,41,25,Normal,N
7297,10,2023-11-05,71,40,Moderate,N
7298,10,2023-11-06,77,41,Normal,N
7299,10,2023-11-07,95,26,Moderate,N
7300,10,2023-11-08,63,30,Moderate,N
7301,10,2023-11-09,54,25,Moderate,N
7302,10,2023-11-10,131,35,Normal,N
7303,10,2023-11-11,94,37,Normal,N
7304,10,2023-11-12,118,28,Normal,N
7305,10,2023-11-13,50,25,Normal,N
7306,10,2023-11-14,113,43,Moderate,N
7307,10,2023-11-15,42,37,Normal,N
7308,10,2023-11-16,99,31,Moderate,N
7309,10,2023-11-17,43,42,Moderate,N
7310,10,2023-11-18,133,43,Normal,N
7311,10,2023-11-19,44,29,Normal,N
7312,10,2023-11-20,134,39,Normal,N
7313,10,2023-11-21,122,32,Normal,N
7314,10,2023-11-22,70,41,Normal,N
7315,10,2023-11-23,139,33,Severe,Y
7316,10,2023-11-24,104,32,Normal,N
7317,10,2023-11-25,79,34,Normal,N
7318,10,2023-11-26,133,33,Normal,N
7319,10,2023-11-27,95,29,Moderate,N
7320,10,2023-11-28,14,39,Normal,N
7321,10,2023-11-29,11,28,Normal,N
7322,10,2023-11-30,100,32,Normal,N
7323,10,2023-12-01,115,39,Normal,N
7324,10,2023-12-02,45,25,Moderate,N
7325,10,2023-12-03,112,32,Normal,N
7326,10,2023-12-04,43,43,Normal,N
7327,10,2023-12-05,47,39,Normal,N
7328,10,2023-12-06,48,30,Normal,N
7329,10,2023-12-07,96,36,Normal,N
7330,10,2023-12-08,91,32,Normal,N
7331,10,2023-12-09,107,29,Normal,N
7332,10,2023-12-10,31,27,Normal,N
7333,10,2023-12-11,62,29,Moderate,N
7334,10,2023-12-12,104,32,Normal,N
7335,10,2023-12-13,109,36,Normal,N
7336,10,2023-12-14,86,24,Normal,N
7337,10,2023-12-15,67,38,Normal,N
7338,10,2023-12-16,61,35,Moderate,N
7339,10,2023-12-17,53,37,Moderate,N
7340,10,2023-12-18,59,36,Normal,N
7341,10,2023-12-19,67,36,Normal,N
7342,10,2023-12-20,138,33,Normal,N
7343,10,2023-12-21,11,24,Normal,N
7344,10,2023-12-22,64,27,Normal,N
7345,10,2023-12-23,129,33,Normal,N
7346,10,2023-12-24,17,40,Moderate,N
7347,10,2023-12-25,123,27,Normal,N
7348,10,2023-12-26,130,35,Normal,N
7349,10,2023-12-27,46,36,Moderate,N
7350,10,2023-12-28,119,36,Moderate,N
7351,10,2023-12-29,113,39,Moderate,N
7352,10,2023-12-30,97,29,Normal,N
7353,10,2023-12-31,71,30,Severe,Y
7354,10,2024-01-01,20,27,Moderate,N
7355,10,2024-01-02,35,42,Severe,Y
7356,10,2024-01-03,137,40,Normal,N
7357,10,2024-01-04,116,33,Normal,N
7358,10,2024-01-05,41,26,Normal,N
7359,10,2024-01-06,86,38,Normal,N
7360,10,2024-01-07,21,34,Normal,N
7361,10,2024-01-08,91,26,Moderate,N
7362,10,2024-01-09,138,31,Moderate,N
7363,10,2024-01-10,22,30,Normal,N
7364,10,2024-01-11,132,34,Moderate,N
7365,10,2024-01-12,70,35,Normal,N
7366,10,2024-01-13,70,28,Severe,Y
7367,10,2024-01-14,95,27,Normal,N
7368,10,2024-01-15,119,28,Normal,N
7369,10,2024-01-16,2,32,Normal,N
7370,10,2024-01-17,68,26,Normal,N
7371,10,2024-01-18,65,27,Moderate,N
7372,10,2024-01-19,3,40,Moderate,N
7373,10,2024-01-20,113,39,Normal,N
7374,10,2024-01-21,89,25,Normal,N
7375,10,2024-01-22,80,35,Normal,N
7376,10,2024-01-23,69,37,Normal,N
7377,10,2024-01-24,88,32,Normal,N
7378,10,2024-01-25,138,37,Moderate,N
7379,10,2024-01-26,107,38,Severe,Y
7380,10,2024-01-27,58,42,Normal,N
7381,10,2024-01-28,28,26,Normal,N
7382,10,2024-01-29,56,34,Severe,Y
7383,10,2024-01-30,72,38,Normal,N
7384,10,2024-01-31,11,35,Normal,N
7385,10,2024-02-01,14,43,Normal,N
7386,10,2024-02-02,13,34,Normal,N
7387,10,2024-02-03,117,30,Moderate,N
7388,10,2024-02-04,77,41,Normal,N
7389,10,2024-02-05,75,39,Normal,N
7390,10,2024-02-06,48,43,Moderate,N
7391,10,2024-02-07,104,35,Normal,N
7392,10,2024-02-08,33,37,Normal,N
7393,10,2024-02-09,90,28,Normal,N
7394,10,2024-02-10,6,35,Moderate,N
7395,10,2024-02-11,72,25,Severe,Y
7396,10,2024-02-12,82,34,Moderate,N
7397,10,2024-02-13,118,25,Normal,N
7398,10,2024-02-14,4,41,Normal,N
7399,10,2024-02-15,59,41,Normal,N
7400,10,2024-02-16,58,39,Normal,N
7401,10,2024-02-17,63,41,Normal,N
7402,10,2024-02-18,119,25,Moderate,N
7403,10,2024-02-19,44,37,Moderate,N
7404,10,2024-02-20,57,25,Normal,N
7405,10,2024-02-21,52,43,Normal,N
7406,10,2024-02-22,84,26,Severe,Y
7407,10,2024-02-23,6,34,Normal,N
7408,10,2024-02-24,87,27,Normal,N
7409,10,2024-02-25,47,39,Normal,N
7410,10,2024-02-26,109,33,Normal,N
7411,10,2024-02-27,85,37,Normal,N
7412,10,2024-02-28,81,40,Moderate,N
7413,10,2024-02-29,114,43,Normal,N
7414,10,2024-03-01,54,37,Normal,N
7415,10,2024-03-02,11,34,Moderate,N
7416,10,2024-03-03,116,35,Normal,N
7417,10,2024-03-04,1,24,Normal,N
7418,10,2024-03-05,100,32,Normal,N
7419,10,2024-03-06,68,28,Normal,N
7420,10,2024-03-07,87,39,Normal,N
7421,10,2024-03-08,74,30,Normal,N
7422,10,2024-03-09,118,37,Moderate,N
7423,10,2024-03-10,15,38,Normal,N
7424,11,2022-04-11,10,31,Normal,N
7425,11,2022-04-12,96,40,Normal,N
7426,11,2022-04-13,121,28,Normal,N
7427,11,2022-04-14,84,29,Normal,N
7428,11,2022-04-15,67,37,Moderate,N
7429,11,2022-04-16,123,32,Normal,N
7430,11,2022-04-17,49,29,Normal,N
7431,11,2022-04-18,40,40,Moderate,N
7432,11,2022-04-19,103,40,Moderate,N
7433,11,2022-04-20,83,31,Normal,N
7434,11,2022-04-21,51,33,Normal,N
7435,11,2022-04-22,94,38,Normal,N
7436,11,2022-04-23,15,41,Normal,N
7437,11,2022-04-24,54,37,Normal,N
7438,11,2022-04-25,99,29,Moderate,N
7439,11,2022-04-26,140,35,Normal,N
7440,11,2022-04-27,49,40,Moderate,N
7441,11,2022-04-28,97,29,Normal,N
7442,11,2022-04-29,108,34,Normal,N
7443,11,2022-04-30,136,41,Moderate,N
7444,11,2022-05-01,19,41,Normal,N
7445,11,2022-05-02,87,35,Normal,N
7446,11,2022-05-03,82,38,Normal,N
7447,11,2022-05-04,64,36,Normal,N
7448,11,2022-05-05,110,37,Normal,N
7449,11,2022-05-06,114,30,Normal,N
7450,11,2022-05-07,75,33,Normal,N
7451,11,2022-05-08,2,24,Severe,Y
7452,11,2022-05-09,81,28,Moderate,N
7453,11,2022-05-10,18,42,Normal,N
7454,11,2022-05-11,13,31,Normal,N
7455,11,2022-05-12,11,31,Normal,N
7456,11,2022-05-13,137,37,Normal,N
7457,11,2022-05-14,23,39,Normal,N
7458,11,2022-05-15,82,24,Normal,N
7459,11,2022-05-16,51,40,Severe,Y
7460,11,2022-05-17,97,37,Normal,N
7461,11,2022-05-18,9,24,Normal,N
7462,11,2022-05-19,2,39,Moderate,N
7463,11,2022-05-20,44,41,Normal,N
7464,11,2022-05-21,85,39,Moderate,N
7465,11,2022-05-22,36,35,Moderate,N
7466,11,2022-05-23,116,27,Normal,N
7467,11,2022-05-24,140,42,Severe,Y
7468,11,2022-05-25,86,28,Severe,Y
7469,11,2022-05-26,114,29,Normal,N
7470,11,2022-05-27,82,27,Normal,N
7471,11,2022-05-28,83,38,Normal,N
7472,11,2022-05-29,14,29,Normal,N
7473,11,2022-05-30,31,31,Normal,N
7474,11,2022-05-31,94,25,Moderate,N
7475,11,2022-06-01,100,34,Normal,N
7476,11,2022-06-02,48,32,Normal,N
7477,11,2022-06-03,77,32,Normal,N
7478,11,2022-06-04,86,27,Normal,N
7479,11,2022-06-05,11,39,Severe,Y
7480,11,2022-06-06,15,24,Normal,N
7481,11,2022-06-07,85,43,Normal,N
7482,11,2022-06-08,36,41,Normal,N
7483,11,2022-06-09,42,37,Severe,Y
7484,11,2022-06-10,27,35,Normal,N
7485,11,2022-06-11,130,31,Normal,N
7486,11,2022-06-12,11,24,Normal,N
7487,11,2022-06-13,89,30,Normal,N
7488,11,2022-06-14,43,33,Severe,Y
7489,11,2022-06-15,109,42,Normal,N
7490,11,2022-06-16,135,39,Normal,N
7491,11,2022-06-17,131,34,Normal,N
7492,11,2022-06-18,10,24,Moderate,N
7493,11,2022-06-19,111,34,Normal,N
7494,11,2022-06-20,61,24,Moderate,N
7495,11,2022-06-21,137,32,Normal,N
7496,11,2022-06-22,119,24,Normal,N
7497,11,2022-06-23,97,39,Normal,N
7498,11,2022-06-24,138,34,Severe,Y
7499,11,2022-06-25,136,35,Normal,N
7500,11,2022-06-26,52,27,Normal,N
7501,11,2022-06-27,43,42,Normal,N
7502,11,2022-06-28,17,40,Moderate,N
7503,11,2022-06-29,131,35,Severe,Y
7504,11,2022-06-30,52,26,Normal,N
7505,11,2022-07-01,102,25,Normal,N
7506,11,2022-07-02,119,32,Normal,N
7507,11,2022-07-03,98,33,Normal,N
7508,11,2022-07-04,83,32,Normal,N
7509,11,2022-07-05,102,37,Normal,N
7510,11,2022-07-06,51,25,Normal,N
7511,11,2022-07-07,74,25,Normal,N
7512,11,2022-07-08,118,27,Moderate,N
7513,11,2022-07-09,5,40,Moderate,N
7514,11,2022-07-10,28,41,Normal,N
7515,11,2022-07-11,89,30,Moderate,N
7516,11,2022-07-12,135,37,Normal,N
7517,11,2022-07-13,114,36,Normal,N
7518,11,2022-07-14,29,37,Moderate,N
7519,11,2022-07-15,137,25,Normal,N
7520,11,2022-07-16,105,29,Normal,N
7521,11,2022-07-17,94,32,Moderate,N
7522,11,2022-07-18,127,36,Normal,N
7523,11,2022-07-19,56,40,Normal,N
7524,11,2022-07-20,66,37,Moderate,N
7525,11,2022-07-21,47,24,Normal,N
7526,11,2022-07-22,135,36,Normal,N
7527,11,2022-07-23,98,43,Moderate,N
7528,11,2022-07-24,32,38,Normal,N
7529,11,2022-07-25,0,34,Normal,N
7530,11,2022-07-26,129,39,Moderate,N
7531,11,2022-07-27,31,42,Severe,Y
7532,11,2022-07-28,25,30,Normal,N
7533,11,2022-07-29,9,35,Moderate,N
7534,11,2022-07-30,92,30,Normal,N
7535,11,2022-07-31,3,38,Normal,N
7536,11,2022-08-01,46,38,Normal,N
7537,11,2022-08-02,30,24,Normal,N
7538,11,2022-08-03,81,32,Normal,N
7539,11,2022-08-04,61,34,Normal,N
7540,11,2022-08-05,54,41,Normal,N
7541,11,2022-08-06,6,32,Normal,N
7542,11,2022-08-07,90,41,Moderate,N
7543,11,2022-08-08,27,30,Normal,N
7544,11,2022-08-09,2,30,Moderate,N
7545,11,2022-08-10,44,41,Normal,N
7546,11,2022-08-11,7,42,Normal,N
7547,11,2022-08-12,116,41,Severe,Y
7548,11,2022-08-13,24,36,Normal,N
7549,11,2022-08-14,109,34,Normal,N
7550,11,2022-08-15,59,41,Normal,N
7551,11,2022-08-16,106,39,Normal,N
7552,11,2022-08-17,132,37,Moderate,N
7553,11,2022-08-18,13,35,Normal,N
7554,11,2022-08-19,114,42,Moderate,N
7555,11,2022-08-20,121,35,Moderate,N
7556,11,2022-08-21,76,42,Normal,N
7557,11,2022-08-22,0,27,Normal,N
7558,11,2022-08-23,127,37,Normal,N
7559,11,2022-08-24,61,28,Moderate,N
7560,11,2022-08-25,132,35,Normal,N
7561,11,2022-08-26,65,33,Normal,N
7562,11,2022-08-27,110,36,Moderate,N
7563,11,2022-08-28,0,32,Severe,Y
7564,11,2022-08-29,122,36,Moderate,N
7565,11,2022-08-30,128,26,Normal,N
7566,11,2022-08-31,106,38,Severe,Y
7567,11,2022-09-01,26,24,Normal,N
7568,11,2022-09-02,133,35,Normal,N
7569,11,2022-09-03,9,29,Moderate,N
7570,11,2022-09-04,59,41,Normal,N
7571,11,2022-09-05,53,39,Moderate,N
7572,11,2022-09-06,116,36,Moderate,N
7573,11,2022-09-07,91,36,Severe,Y
7574,11,2022-09-08,103,30,Normal,N
7575,11,2022-09-09,115,25,Normal,N
7576,11,2022-09-10,29,24,Moderate,N
7577,11,2022-09-11,41,40,Moderate,N
7578,11,2022-09-12,110,38,Normal,N
7579,11,2022-09-13,38,37,Moderate,N
7580,11,2022-09-14,28,36,Moderate,N
7581,11,2022-09-15,54,42,Moderate,N
7582,11,2022-09-16,74,34,Normal,N
7583,11,2022-09-17,2,42,Severe,Y
7584,11,2022-09-18,78,43,Normal,N
7585,11,2022-09-19,101,27,Normal,N
7586,11,2022-09-20,47,30,Normal,N
7587,11,2022-09-21,98,30,Normal,N
7588,11,2022-09-22,105,35,Normal,N
7589,11,2022-09-23,122,33,Normal,N
7590,11,2022-09-24,96,40,Normal,N
7591,11,2022-09-25,54,40,Normal,N
7592,11,2022-09-26,36,30,Moderate,N
7593,11,2022-09-27,134,42,Moderate,N
7594,11,2022-09-28,55,25,Normal,N
7595,11,2022-09-29,80,28,Normal,N
7596,11,2022-09-30,99,29,Normal,N
7597,11,2022-10-01,13,42,Moderate,N
7598,11,2022-10-02,27,30,Severe,Y
7599,11,2022-10-03,37,33,Normal,N
7600,11,2022-10-04,68,30,Normal,N
7601,11,2022-10-05,26,37,Severe,Y
7602,11,2022-10-06,105,36,Moderate,N
7603,11,2022-10-07,31,32,Moderate,N
7604,11,2022-10-08,99,25,Normal,N
7605,11,2022-10-09,110,27,Normal,N
7606,11,2022-10-10,22,32,Normal,N
7607,11,2022-10-11,133,31,Normal,N
7608,11,2022-10-12,84,26,Normal,N
7609,11,2022-10-13,58,28,Normal,N
7610,11,2022-10-14,34,42,Normal,N
7611,11,2022-10-15,64,41,Severe,Y
7612,11,2022-10-16,75,36,Normal,N
7613,11,2022-10-17,132,39,Normal,N
7614,11,2022-10-18,121,43,Severe,Y
7615,11,2022-10-19,63,35,Severe,Y
7616,11,2022-10-20,112,41,Moderate,N
7617,11,2022-10-21,27,34,Severe,Y
7618,11,2022-10-22,18,43,Normal,N
7619,11,2022-10-23,64,32,Normal,N
7620,11,2022-10-24,32,26,Normal,N
7621,11,2022-10-25,53,24,Normal,N
7622,11,2022-10-26,130,39,Severe,Y
7623,11,2022-10-27,50,38,Normal,N
7624,11,2022-10-28,37,40,Severe,Y
7625,11,2022-10-29,126,28,Moderate,N
7626,11,2022-10-30,87,24,Moderate,N
7627,11,2022-10-31,33,42,Normal,N
7628,11,2022-11-01,40,24,Normal,N
7629,11,2022-11-02,91,34,Normal,N
7630,11,2022-11-03,47,41,Normal,N
7631,11,2022-11-04,107,27,Normal,N
7632,11,2022-11-05,105,28,Normal,N
7633,11,2022-11-06,66,34,Normal,N
7634,11,2022-11-07,116,37,Normal,N
7635,11,2022-11-08,125,39,Severe,Y
7636,11,2022-11-09,71,38,Normal,N
7637,11,2022-11-10,127,34,Normal,N
7638,11,2022-11-11,29,39,Normal,N
7639,11,2022-11-12,119,31,Normal,N
7640,11,2022-11-13,16,41,Normal,N
7641,11,2022-11-14,19,32,Moderate,N
7642,11,2022-11-15,76,30,Moderate,N
7643,11,2022-11-16,76,41,Severe,Y
7644,11,2022-11-17,25,35,Normal,N
7645,11,2022-11-18,37,40,Normal,N
7646,11,2022-11-19,14,41,Normal,N
7647,11,2022-11-20,56,24,Normal,N
7648,11,2022-11-21,70,39,Severe,Y
7649,11,2022-11-22,50,42,Moderate,N
7650,11,2022-11-23,115,24,Moderate,N
7651,11,2022-11-24,25,25,Severe,Y
7652,11,2022-11-25,84,38,Normal,N
7653,11,2022-11-26,113,34,Normal,N
7654,11,2022-11-27,63,28,Normal,N
7655,11,2022-11-28,10,40,Moderate,N
7656,11,2022-11-29,127,30,Normal,N
7657,11,2022-11-30,22,41,Normal,N
7658,11,2022-12-01,39,28,Normal,N
7659,11,2022-12-02,40,43,Severe,Y
7660,11,2022-12-03,105,29,Moderate,N
7661,11,2022-12-04,6,37,Moderate,N
7662,11,2022-12-05,98,30,Normal,N
7663,11,2022-12-06,6,37,Moderate,N
7664,11,2022-12-07,118,39,Normal,N
7665,11,2022-12-08,6,39,Moderate,N
7666,11,2022-12-09,93,29,Normal,N
7667,11,2022-12-10,36,36,Normal,N
7668,11,2022-12-11,31,38,Normal,N
7669,11,2022-12-12,2,27,Normal,N
7670,11,2022-12-13,130,37,Normal,N
7671,11,2022-12-14,83,32,Moderate,N
7672,11,2022-12-15,129,33,Normal,N
7673,11,2022-12-16,64,37,Normal,N
7674,11,2022-12-17,122,28,Severe,Y
7675,11,2022-12-18,111,29,Normal,N
7676,11,2022-12-19,102,30,Normal,N
7677,11,2022-12-20,80,36,Normal,N
7678,11,2022-12-21,101,34,Normal,N
7679,11,2022-12-22,127,32,Normal,N
7680,11,2022-12-23,30,35,Normal,N
7681,11,2022-12-24,60,34,Moderate,N
7682,11,2022-12-25,21,39,Normal,N
7683,11,2022-12-26,81,27,Moderate,N
7684,11,2022-12-27,137,40,Normal,N
7685,11,2022-12-28,86,25,Normal,N
7686,11,2022-12-29,14,31,Normal,N
7687,11,2022-12-30,132,30,Moderate,N
7688,11,2022-12-31,68,34,Normal,N
7689,11,2023-01-01,79,34,Normal,N
7690,11,2023-01-02,7,24,Moderate,N
7691,11,2023-01-03,134,30,Moderate,N
7692,11,2023-01-04,82,38,Normal,N
7693,11,2023-01-05,122,36,Moderate,N
7694,11,2023-01-06,64,40,Normal,N
7695,11,2023-01-07,14,29,Moderate,N
7696,11,2023-01-08,129,39,Normal,N
7697,11,2023-01-09,129,26,Normal,N
7698,11,2023-01-10,73,25,Normal,N
7699,11,2023-01-11,128,35,Moderate,N
7700,11,2023-01-12,78,29,Normal,N
7701,11,2023-01-13,18,38,Moderate,N
7702,11,2023-01-14,131,31,Moderate,N
7703,11,2023-01-15,37,31,Moderate,N
7704,11,2023-01-16,115,36,Normal,N
7705,11,2023-01-17,35,41,Normal,N
7706,11,2023-01-18,128,25,Normal,N
7707,11,2023-01-19,85,30,Normal,N
7708,11,2023-01-20,113,33,Normal,N
7709,11,2023-01-21,85,35,Moderate,N
7710,11,2023-01-22,125,32,Moderate,N
7711,11,2023-01-23,97,32,Moderate,N
7712,11,2023-01-24,1,40,Normal,N
7713,11,2023-01-25,96,36,Moderate,N
7714,11,2023-01-26,87,36,Normal,N
7715,11,2023-01-27,85,26,Moderate,N
7716,11,2023-01-28,102,39,Normal,N
7717,11,2023-01-29,122,41,Normal,N
7718,11,2023-01-30,119,29,Moderate,N
7719,11,2023-01-31,101,34,Normal,N
7720,11,2023-02-01,62,24,Normal,N
7721,11,2023-02-02,118,27,Normal,N
7722,11,2023-02-03,94,43,Moderate,N
7723,11,2023-02-04,42,40,Normal,N
7724,11,2023-02-05,29,32,Normal,N
7725,11,2023-02-06,19,42,Normal,N
7726,11,2023-02-07,34,40,Severe,Y
7727,11,2023-02-08,129,33,Normal,N
7728,11,2023-02-09,69,29,Normal,N
7729,11,2023-02-10,18,28,Normal,N
7730,11,2023-02-11,42,34,Severe,Y
7731,11,2023-02-12,140,36,Normal,N
7732,11,2023-02-13,25,37,Normal,N
7733,11,2023-02-14,0,33,Normal,N
7734,11,2023-02-15,118,24,Moderate,N
7735,11,2023-02-16,58,40,Moderate,N
7736,11,2023-02-17,36,41,Moderate,N
7737,11,2023-02-18,12,24,Normal,N
7738,11,2023-02-19,69,26,Severe,Y
7739,11,2023-02-20,103,33,Severe,Y
7740,11,2023-02-21,81,27,Normal,N
7741,11,2023-02-22,24,42,Normal,N
7742,11,2023-02-23,77,37,Severe,Y
7743,11,2023-02-24,64,27,Moderate,N
7744,11,2023-02-25,114,28,Normal,N
7745,11,2023-02-26,73,40,Moderate,N
7746,11,2023-02-27,12,27,Normal,N
7747,11,2023-02-28,38,37,Normal,N
7748,11,2023-03-01,66,39,Severe,Y
7749,11,2023-03-02,138,33,Normal,N
7750,11,2023-03-03,80,32,Normal,N
7751,11,2023-03-04,110,35,Normal,N
7752,11,2023-03-05,126,31,Severe,Y
7753,11,2023-03-06,121,35,Normal,N
7754,11,2023-03-07,56,28,Normal,N
7755,11,2023-03-08,139,26,Normal,N
7756,11,2023-03-09,61,27,Normal,N
7757,11,2023-03-10,17,29,Moderate,N
7758,11,2023-03-11,115,33,Severe,Y
7759,11,2023-03-12,22,39,Moderate,N
7760,11,2023-03-13,4,28,Severe,Y
7761,11,2023-03-14,127,36,Moderate,N
7762,11,2023-03-15,41,40,Normal,N
7763,11,2023-03-16,23,36,Severe,Y
7764,11,2023-03-17,125,39,Normal,N
7765,11,2023-03-18,50,24,Normal,N
7766,11,2023-03-19,113,26,Normal,N
7767,11,2023-03-20,51,41,Normal,N
7768,11,2023-03-21,93,30,Normal,N
7769,11,2023-03-22,26,42,Normal,N
7770,11,2023-03-23,124,30,Normal,N
7771,11,2023-03-24,104,30,Severe,Y
7772,11,2023-03-25,97,43,Moderate,N
7773,11,2023-03-26,19,34,Normal,N
7774,11,2023-03-27,4,31,Normal,N
7775,11,2023-03-28,64,27,Moderate,N
7776,11,2023-03-29,130,30,Normal,N
7777,11,2023-03-30,15,31,Normal,N
7778,11,2023-03-31,61,41,Normal,N
7779,11,2023-04-01,110,43,Normal,N
7780,11,2023-04-02,67,42,Moderate,N
7781,11,2023-04-03,59,43,Normal,N
7782,11,2023-04-04,43,27,Normal,N
7783,11,2023-04-05,99,27,Moderate,N
7784,11,2023-04-06,122,25,Normal,N
7785,11,2023-04-07,8,40,Moderate,N
7786,11,2023-04-08,31,43,Normal,N
7787,11,2023-04-09,2,33,Moderate,N
7788,11,2023-04-10,46,32,Normal,N
7789,11,2023-04-11,42,41,Severe,Y
7790,11,2023-04-12,138,36,Normal,N
7791,11,2023-04-13,138,39,Normal,N
7792,11,2023-04-14,67,30,Normal,N
7793,11,2023-04-15,61,24,Normal,N
7794,11,2023-04-16,112,31,Moderate,N
7795,11,2023-04-17,95,26,Moderate,N
7796,11,2023-04-18,69,42,Severe,Y
7797,11,2023-04-19,87,32,Normal,N
7798,11,2023-04-20,123,35,Normal,N
7799,11,2023-04-21,15,39,Normal,N
7800,11,2023-04-22,17,32,Normal,N
7801,11,2023-04-23,93,34,Normal,N
7802,11,2023-04-24,69,35,Normal,N
7803,11,2023-04-25,42,40,Moderate,N
7804,11,2023-04-26,0,40,Moderate,N
7805,11,2023-04-27,52,33,Moderate,N
7806,11,2023-04-28,62,25,Normal,N
7807,11,2023-04-29,83,28,Normal,N
7808,11,2023-04-30,42,36,Normal,N
7809,11,2023-05-01,32,31,Normal,N
7810,11,2023-05-02,72,38,Moderate,N
7811,11,2023-05-03,112,24,Moderate,N
7812,11,2023-05-04,14,26,Moderate,N
7813,11,2023-05-05,110,42,Normal,N
7814,11,2023-05-06,73,41,Moderate,N
7815,11,2023-05-07,18,43,Moderate,N
7816,11,2023-05-08,43,34,Normal,N
7817,11,2023-05-09,24,24,Normal,N
7818,11,2023-05-10,87,30,Normal,N
7819,11,2023-05-11,120,25,Normal,N
7820,11,2023-05-12,116,30,Normal,N
7821,11,2023-05-13,11,31,Moderate,N
7822,11,2023-05-14,4,33,Normal,N
7823,11,2023-05-15,5,27,Moderate,N
7824,11,2023-05-16,131,41,Moderate,N
7825,11,2023-05-17,113,26,Moderate,N
7826,11,2023-05-18,43,33,Moderate,N
7827,11,2023-05-19,119,28,Normal,N
7828,11,2023-05-20,112,30,Normal,N
7829,11,2023-05-21,46,29,Moderate,N
7830,11,2023-05-22,100,43,Normal,N
7831,11,2023-05-23,80,33,Moderate,N
7832,11,2023-05-24,138,25,Normal,N
7833,11,2023-05-25,59,29,Moderate,N
7834,11,2023-05-26,84,39,Normal,N
7835,11,2023-05-27,73,42,Normal,N
7836,11,2023-05-28,62,31,Normal,N
7837,11,2023-05-29,58,42,Normal,N
7838,11,2023-05-30,56,32,Normal,N
7839,11,2023-05-31,137,39,Normal,N
7840,11,2023-06-01,40,36,Normal,N
7841,11,2023-06-02,10,33,Normal,N
7842,11,2023-06-03,133,28,Moderate,N
7843,11,2023-06-04,24,24,Normal,N
7844,11,2023-06-05,4,33,Moderate,N
7845,11,2023-06-06,73,30,Normal,N
7846,11,2023-06-07,81,43,Normal,N
7847,11,2023-06-08,3,27,Normal,N
7848,11,2023-06-09,15,42,Moderate,N
7849,11,2023-06-10,20,35,Moderate,N
7850,11,2023-06-11,95,35,Normal,N
7851,11,2023-06-12,46,39,Severe,Y
7852,11,2023-06-13,117,32,Moderate,N
7853,11,2023-06-14,76,33,Normal,N
7854,11,2023-06-15,67,37,Normal,N
7855,11,2023-06-16,36,26,Normal,N
7856,11,2023-06-17,111,39,Moderate,N
7857,11,2023-06-18,54,30,Normal,N
7858,11,2023-06-19,15,29,Moderate,N
7859,11,2023-06-20,119,31,Normal,N
7860,11,2023-06-21,78,25,Normal,N
7861,11,2023-06-22,89,29,Severe,Y
7862,11,2023-06-23,109,35,Normal,N
7863,11,2023-06-24,58,41,Severe,Y
7864,11,2023-06-25,125,30,Normal,N
7865,11,2023-06-26,45,43,Moderate,N
7866,11,2023-06-27,1,33,Moderate,N
7867,11,2023-06-28,14,35,Normal,N
7868,11,2023-06-29,8,32,Normal,N
7869,11,2023-06-30,55,25,Normal,N
7870,11,2023-07-01,42,39,Severe,Y
7871,11,2023-07-02,104,31,Normal,N
7872,11,2023-07-03,88,30,Normal,N
7873,11,2023-07-04,79,37,Normal,N
7874,11,2023-07-05,60,32,Normal,N
7875,11,2023-07-06,0,43,Normal,N
7876,11,2023-07-07,84,26,Normal,N
7877,11,2023-07-08,86,41,Normal,N
7878,11,2023-07-09,130,38,Normal,N
7879,11,2023-07-10,46,42,Normal,N
7880,11,2023-07-11,75,29,Normal,N
7881,11,2023-07-12,101,33,Normal,N
7882,11,2023-07-13,1,40,Severe,Y
7883,11,2023-07-14,25,28,Normal,N
7884,11,2023-07-15,61,25,Moderate,N
7885,11,2023-07-16,18,24,Moderate,N
7886,11,2023-07-17,107,34,Normal,N
7887,11,2023-07-18,44,35,Normal,N
7888,11,2023-07-19,56,42,Moderate,N
7889,11,2023-07-20,122,38,Normal,N
7890,11,2023-07-21,133,41,Normal,N
7891,11,2023-07-22,82,28,Normal,N
7892,11,2023-07-23,102,43,Normal,N
7893,11,2023-07-24,50,33,Normal,N
7894,11,2023-07-25,122,34,Normal,N
7895,11,2023-07-26,119,25,Normal,N
7896,11,2023-07-27,28,24,Normal,N
7897,11,2023-07-28,20,32,Severe,Y
7898,11,2023-07-29,134,36,Normal,N
7899,11,2023-07-30,98,40,Normal,N
7900,11,2023-07-31,93,28,Normal,N
7901,11,2023-08-01,46,26,Normal,N
7902,11,2023-08-02,41,30,Moderate,N
7903,11,2023-08-03,3,24,Severe,Y
7904,11,2023-08-04,53,34,Severe,Y
7905,11,2023-08-05,30,30,Normal,N
7906,11,2023-08-06,42,31,Severe,Y
7907,11,2023-08-07,131,36,Normal,N
7908,11,2023-08-08,77,35,Normal,N
7909,11,2023-08-09,27,38,Normal,N
7910,11,2023-08-10,118,31,Normal,N
7911,11,2023-08-11,9,40,Normal,N
7912,11,2023-08-12,139,28,Normal,N
7913,11,2023-08-13,67,34,Normal,N
7914,11,2023-08-14,79,35,Moderate,N
7915,11,2023-08-15,16,32,Normal,N
7916,11,2023-08-16,104,37,Normal,N
7917,11,2023-08-17,110,40,Normal,N
7918,11,2023-08-18,79,42,Normal,N
7919,11,2023-08-19,102,35,Moderate,N
7920,11,2023-08-20,14,28,Normal,N
7921,11,2023-08-21,112,37,Moderate,N
7922,11,2023-08-22,84,41,Normal,N
7923,11,2023-08-23,2,40,Normal,N
7924,11,2023-08-24,118,30,Normal,N
7925,11,2023-08-25,65,30,Severe,Y
7926,11,2023-08-26,1,28,Normal,N
7927,11,2023-08-27,82,39,Normal,N
7928,11,2023-08-28,1,31,Moderate,N
7929,11,2023-08-29,124,25,Normal,N
7930,11,2023-08-30,81,36,Moderate,N
7931,11,2023-08-31,87,28,Normal,N
7932,11,2023-09-01,85,39,Normal,N
7933,11,2023-09-02,134,43,Moderate,N
7934,11,2023-09-03,29,26,Normal,N
7935,11,2023-09-04,46,33,Normal,N
7936,11,2023-09-05,133,43,Normal,N
7937,11,2023-09-06,91,35,Normal,N
7938,11,2023-09-07,52,29,Moderate,N
7939,11,2023-09-08,37,38,Normal,N
7940,11,2023-09-09,77,41,Normal,N
7941,11,2023-09-10,106,29,Normal,N
7942,11,2023-09-11,53,25,Normal,N
7943,11,2023-09-12,86,33,Normal,N
7944,11,2023-09-13,38,42,Normal,N
7945,11,2023-09-14,128,27,Moderate,N
7946,11,2023-09-15,91,31,Severe,Y
7947,11,2023-09-16,80,25,Normal,N
7948,11,2023-09-17,121,29,Normal,N
7949,11,2023-09-18,126,25,Normal,N
7950,11,2023-09-19,81,32,Normal,N
7951,11,2023-09-20,82,32,Normal,N
7952,11,2023-09-21,44,40,Moderate,N
7953,11,2023-09-22,13,37,Moderate,N
7954,11,2023-09-23,17,33,Moderate,N
7955,11,2023-09-24,25,29,Normal,N
7956,11,2023-09-25,6,35,Severe,Y
7957,11,2023-09-26,32,28,Normal,N
7958,11,2023-09-27,15,38,Normal,N
7959,11,2023-09-28,83,32,Normal,N
7960,11,2023-09-29,118,25,Normal,N
7961,11,2023-09-30,9,34,Moderate,N
7962,11,2023-10-01,110,42,Moderate,N
7963,11,2023-10-02,42,41,Normal,N
7964,11,2023-10-03,85,25,Normal,N
7965,11,2023-10-04,10,40,Normal,N
7966,11,2023-10-05,38,26,Normal,N
7967,11,2023-10-06,116,37,Severe,Y
7968,11,2023-10-07,58,28,Moderate,N
7969,11,2023-10-08,14,36,Moderate,N
7970,11,2023-10-09,50,41,Moderate,N
7971,11,2023-10-10,2,39,Moderate,N
7972,11,2023-10-11,132,40,Normal,N
7973,11,2023-10-12,83,25,Moderate,N
7974,11,2023-10-13,112,33,Normal,N
7975,11,2023-10-14,127,25,Normal,N
7976,11,2023-10-15,41,40,Moderate,N
7977,11,2023-10-16,99,32,Normal,N
7978,11,2023-10-17,123,42,Normal,N
7979,11,2023-10-18,30,27,Normal,N
7980,11,2023-10-19,83,28,Normal,N
7981,11,2023-10-20,82,29,Normal,N
7982,11,2023-10-21,71,31,Moderate,N
7983,11,2023-10-22,91,34,Normal,N
7984,11,2023-10-23,13,34,Normal,N
7985,11,2023-10-24,16,30,Moderate,N
7986,11,2023-10-25,71,42,Normal,N
7987,11,2023-10-26,90,33,Moderate,N
7988,11,2023-10-27,97,40,Normal,N
7989,11,2023-10-28,92,34,Normal,N
7990,11,2023-10-29,53,28,Normal,N
7991,11,2023-10-30,45,38,Severe,Y
7992,11,2023-10-31,97,41,Moderate,N
7993,11,2023-11-01,7,40,Normal,N
7994,11,2023-11-02,126,33,Severe,Y
7995,11,2023-11-03,125,35,Normal,N
7996,11,2023-11-04,98,29,Normal,N
7997,11,2023-11-05,47,26,Normal,N
7998,11,2023-11-06,83,41,Normal,N
7999,11,2023-11-07,73,42,Normal,N
8000,11,2023-11-08,127,27,Normal,N
8001,11,2023-11-09,122,41,Normal,N
8002,11,2023-11-10,111,27,Normal,N
8003,11,2023-11-11,22,34,Normal,N
8004,11,2023-11-12,21,35,Moderate,N
8005,11,2023-11-13,45,24,Moderate,N
8006,11,2023-11-14,29,42,Normal,N
8007,11,2023-11-15,95,28,Normal,N
8008,11,2023-11-16,27,24,Normal,N
8009,11,2023-11-17,17,31,Normal,N
8010,11,2023-11-18,105,26,Severe,Y
8011,11,2023-11-19,15,42,Normal,N
8012,11,2023-11-20,73,34,Normal,N
8013,11,2023-11-21,70,33,Moderate,N
8014,11,2023-11-22,65,40,Normal,N
8015,11,2023-11-23,84,25,Normal,N
8016,11,2023-11-24,29,34,Normal,N
8017,11,2023-11-25,8,24,Severe,Y
8018,11,2023-11-26,138,34,Normal,N
8019,11,2023-11-27,63,39,Normal,N
8020,11,2023-11-28,10,28,Normal,N
8021,11,2023-11-29,14,37,Normal,N
8022,11,2023-11-30,3,43,Normal,N
8023,11,2023-12-01,57,26,Normal,N
8024,11,2023-12-02,83,33,Normal,N
8025,11,2023-12-03,132,38,Normal,N
8026,11,2023-12-04,47,28,Normal,N
8027,11,2023-12-05,56,24,Moderate,N
8028,11,2023-12-06,70,34,Normal,N
8029,11,2023-12-07,33,31,Normal,N
8030,11,2023-12-08,103,30,Normal,N
8031,11,2023-12-09,11,35,Moderate,N
8032,11,2023-12-10,2,39,Normal,N
8033,11,2023-12-11,133,43,Normal,N
8034,11,2023-12-12,0,26,Normal,N
8035,11,2023-12-13,85,34,Normal,N
8036,11,2023-12-14,28,37,Moderate,N
8037,11,2023-12-15,79,30,Normal,N
8038,11,2023-12-16,61,30,Moderate,N
8039,11,2023-12-17,63,34,Normal,N
8040,11,2023-12-18,106,32,Normal,N
8041,11,2023-12-19,82,30,Normal,N
8042,11,2023-12-20,39,26,Normal,N
8043,11,2023-12-21,16,27,Normal,N
8044,11,2023-12-22,14,39,Normal,N
8045,11,2023-12-23,26,43,Normal,N
8046,11,2023-12-24,70,35,Normal,N
8047,11,2023-12-25,135,25,Severe,Y
8048,11,2023-12-26,85,28,Normal,N
8049,11,2023-12-27,79,33,Normal,N
8050,11,2023-12-28,41,38,Moderate,N
8051,11,2023-12-29,73,35,Normal,N
8052,11,2023-12-30,24,25,Severe,Y
8053,11,2023-12-31,6,34,Normal,N
8054,11,2024-01-01,140,34,Normal,N
8055,11,2024-01-02,68,25,Moderate,N
8056,11,2024-01-03,6,43,Normal,N
8057,11,2024-01-04,119,29,Normal,N
8058,11,2024-01-05,138,36,Normal,N
8059,11,2024-01-06,33,30,Severe,Y
8060,11,2024-01-07,78,35,Normal,N
8061,11,2024-01-08,42,35,Moderate,N
8062,11,2024-01-09,67,40,Normal,N
8063,11,2024-01-10,60,37,Normal,N
8064,11,2024-01-11,70,32,Normal,N
8065,11,2024-01-12,20,29,Normal,N
8066,11,2024-01-13,33,41,Normal,N
8067,11,2024-01-14,20,31,Normal,N
8068,11,2024-01-15,86,33,Moderate,N
8069,11,2024-01-16,64,30,Normal,N
8070,11,2024-01-17,2,38,Normal,N
8071,11,2024-01-18,137,40,Moderate,N
8072,11,2024-01-19,3,25,Normal,N
8073,11,2024-01-20,124,31,Severe,Y
8074,11,2024-01-21,41,26,Normal,N
8075,11,2024-01-22,8,26,Normal,N
8076,11,2024-01-23,85,38,Normal,N
8077,11,2024-01-24,85,40,Normal,N
8078,11,2024-01-25,0,43,Normal,N
8079,11,2024-01-26,108,35,Normal,N
8080,11,2024-01-27,76,32,Normal,N
8081,11,2024-01-28,68,40,Severe,Y
8082,11,2024-01-29,10,38,Moderate,N
8083,11,2024-01-30,50,40,Normal,N
8084,11,2024-01-31,121,41,Severe,Y
8085,11,2024-02-01,18,24,Moderate,N
8086,11,2024-02-02,1,34,Moderate,N
8087,11,2024-02-03,45,37,Moderate,N
8088,11,2024-02-04,21,34,Normal,N
8089,11,2024-02-05,81,27,Normal,N
8090,11,2024-02-06,16,40,Severe,Y
8091,11,2024-02-07,113,34,Severe,Y
8092,11,2024-02-08,58,24,Severe,Y
8093,11,2024-02-09,64,34,Normal,N
8094,11,2024-02-10,127,25,Normal,N
8095,11,2024-02-11,7,27,Severe,Y
8096,11,2024-02-12,113,34,Normal,N
8097,11,2024-02-13,51,35,Normal,N
8098,11,2024-02-14,124,34,Normal,N
8099,11,2024-02-15,27,35,Moderate,N
8100,11,2024-02-16,46,27,Normal,N
8101,11,2024-02-17,132,25,Normal,N
8102,11,2024-02-18,4,36,Normal,N
8103,11,2024-02-19,106,33,Normal,N
8104,11,2024-02-20,50,39,Normal,N
8105,11,2024-02-21,81,39,Normal,N
8106,11,2024-02-22,38,25,Normal,N
8107,11,2024-02-23,87,32,Normal,N
8108,11,2024-02-24,140,43,Normal,N
8109,11,2024-02-25,91,26,Normal,N
8110,11,2024-02-26,17,36,Moderate,N
8111,11,2024-02-27,79,40,Normal,N
8112,11,2024-02-28,53,43,Moderate,N
8113,11,2024-02-29,96,26,Normal,N
8114,11,2024-03-01,85,28,Normal,N
8115,11,2024-03-02,59,31,Normal,N
8116,11,2024-03-03,72,43,Severe,Y
8117,11,2024-03-04,132,42,Normal,N
8118,11,2024-03-05,42,27,Severe,Y
8119,11,2024-03-06,47,36,Normal,N
8120,11,2024-03-07,54,31,Normal,N
8121,11,2024-03-08,51,24,Normal,N
8122,11,2024-03-09,76,42,Normal,N
8123,11,2024-03-10,88,27,Moderate,N
8124,11,2024-03-11,36,38,Normal,N
8125,11,2024-03-12,0,27,Normal,N
8126,11,2024-03-13,2,25,Moderate,N
8127,11,2024-03-14,50,30,Normal,N
8128,11,2024-03-15,123,36,Normal,N
8129,11,2024-03-16,66,40,Normal,N
8130,11,2024-03-17,85,42,Severe,Y
8131,11,2024-03-18,8,31,Moderate,N
8132,11,2024-03-19,94,29,Normal,N
8133,11,2024-03-20,54,30,Normal,N
8134,11,2024-03-21,32,35,Severe,Y
8135,11,2024-03-22,23,37,Normal,N
8136,11,2024-03-23,0,34,Normal,N
8137,11,2024-03-24,105,31,Moderate,N
8138,11,2024-03-25,7,33,Normal,N
8139,11,2024-03-26,87,29,Normal,N
8140,11,2024-03-27,104,43,Normal,N
8141,11,2024-03-28,68,27,Normal,N
8142,11,2024-03-29,125,28,Normal,N
8143,11,2024-03-30,130,30,Normal,N
8144,11,2024-03-31,76,30,Moderate,N
8145,11,2024-04-01,19,30,Normal,N
8146,11,2024-04-02,48,34,Normal,N
8147,11,2024-04-03,85,35,Normal,N
8148,11,2024-04-04,131,34,Moderate,N
8149,11,2024-04-05,137,31,Moderate,N
8150,11,2024-04-06,6,29,Normal,N
8151,11,2024-04-07,76,38,Normal,N
8152,11,2024-04-08,97,32,Moderate,N
8153,11,2024-04-09,28,25,Moderate,N
8154,11,2024-04-10,17,40,Normal,N
8155,11,2024-04-11,2,38,Moderate,N
8156,11,2024-04-12,140,29,Moderate,N
8157,11,2024-04-13,39,34,Normal,N
8158,11,2024-04-14,119,25,Normal,N
8159,11,2024-04-15,87,35,Normal,N
8160,11,2024-04-16,95,24,Normal,N
8161,11,2024-04-17,44,29,Normal,N
8162,11,2024-04-18,89,32,Severe,Y
8163,11,2024-04-19,12,38,Normal,N
8164,11,2024-04-20,20,32,Normal,N
8165,11,2024-04-21,125,25,Normal,N
8166,11,2024-04-22,72,34,Normal,N
8167,11,2024-04-23,76,34,Normal,N
8168,11,2024-04-24,66,31,Normal,N
8169,11,2024-04-25,29,25,Normal,N
8170,11,2024-04-26,60,40,Normal,N
8171,11,2024-04-27,58,37,Normal,N
8172,11,2024-04-28,58,31,Normal,N
8173,11,2024-04-29,1,26,Normal,N
8174,11,2024-04-30,103,24,Normal,N
8175,11,2024-05-01,80,35,Moderate,N
8176,11,2024-05-02,87,33,Moderate,N
8177,11,2024-05-03,22,31,Normal,N
8178,11,2024-05-04,120,27,Normal,N
8179,12,2022-04-02,40,43,Severe,Y
8180,12,2022-04-03,84,37,Moderate,N
8181,12,2022-04-04,121,32,Normal,N
8182,12,2022-04-05,88,30,Moderate,N
8183,12,2022-04-06,39,33,Moderate,N
8184,12,2022-04-07,21,34,Normal,N
8185,12,2022-04-08,56,24,Normal,N
8186,12,2022-04-09,1,27,Moderate,N
8187,12,2022-04-10,62,39,Moderate,N
8188,12,2022-04-11,4,32,Normal,N
8189,12,2022-04-12,87,36,Normal,N
8190,12,2022-04-13,56,31,Normal,N
8191,12,2022-04-14,34,32,Normal,N
8192,12,2022-04-15,129,27,Normal,N
8193,12,2022-04-16,99,34,Normal,N
8194,12,2022-04-17,95,43,Normal,N
8195,12,2022-04-18,4,37,Normal,N
8196,12,2022-04-19,19,34,Normal,N
8197,12,2022-04-20,106,40,Moderate,N
8198,12,2022-04-21,91,41,Moderate,N
8199,12,2022-04-22,1,43,Severe,Y
8200,12,2022-04-23,26,37,Moderate,N
8201,12,2022-04-24,34,35,Normal,N
8202,12,2022-04-25,136,32,Normal,N
8203,12,2022-04-26,98,34,Moderate,N
8204,12,2022-04-27,120,25,Normal,N
8205,12,2022-04-28,62,27,Normal,N
8206,12,2022-04-29,57,25,Normal,N
8207,12,2022-04-30,40,42,Normal,N
8208,12,2022-05-01,66,43,Normal,N
8209,12,2022-05-02,10,42,Normal,N
8210,12,2022-05-03,5,42,Normal,N
8211,12,2022-05-04,62,41,Normal,N
8212,12,2022-05-05,131,39,Normal,N
8213,12,2022-05-06,48,40,Normal,N
8214,12,2022-05-07,100,43,Normal,N
8215,12,2022-05-08,76,30,Normal,N
8216,12,2022-05-09,107,29,Normal,N
8217,12,2022-05-10,17,35,Severe,Y
8218,12,2022-05-11,115,31,Normal,N
8219,12,2022-05-12,102,32,Normal,N
8220,12,2022-05-13,135,41,Moderate,N
8221,12,2022-05-14,54,34,Normal,N
8222,12,2022-05-15,123,43,Moderate,N
8223,12,2022-05-16,89,27,Normal,N
8224,12,2022-05-17,132,43,Normal,N
8225,12,2022-05-18,131,40,Severe,Y
8226,12,2022-05-19,89,40,Severe,Y
8227,12,2022-05-20,114,26,Normal,N
8228,12,2022-05-21,59,25,Normal,N
8229,12,2022-05-22,76,31,Normal,N
8230,12,2022-05-23,20,39,Severe,Y
8231,12,2022-05-24,17,41,Normal,N
8232,12,2022-05-25,136,38,Moderate,N
8233,12,2022-05-26,128,26,Normal,N
8234,12,2022-05-27,114,27,Normal,N
8235,12,2022-05-28,14,34,Normal,N
8236,12,2022-05-29,62,35,Moderate,N
8237,12,2022-05-30,102,29,Normal,N
8238,12,2022-05-31,30,43,Normal,N
8239,12,2022-06-01,109,37,Severe,Y
8240,12,2022-06-02,124,27,Normal,N
8241,12,2022-06-03,111,29,Normal,N
8242,12,2022-06-04,85,29,Normal,N
8243,12,2022-06-05,50,39,Normal,N
8244,12,2022-06-06,27,38,Normal,N
8245,12,2022-06-07,109,35,Moderate,N
8246,12,2022-06-08,78,41,Normal,N
8247,12,2022-06-09,65,36,Normal,N
8248,12,2022-06-10,13,32,Moderate,N
8249,12,2022-06-11,61,27,Normal,N
8250,12,2022-06-12,43,39,Moderate,N
8251,12,2022-06-13,76,43,Normal,N
8252,12,2022-06-14,45,25,Moderate,N
8253,12,2022-06-15,104,36,Normal,N
8254,12,2022-06-16,120,41,Normal,N
8255,12,2022-06-17,93,31,Moderate,N
8256,12,2022-06-18,128,26,Moderate,N
8257,12,2022-06-19,137,42,Normal,N
8258,12,2022-06-20,112,26,Normal,N
8259,12,2022-06-21,13,34,Moderate,N
8260,12,2022-06-22,53,28,Moderate,N
8261,12,2022-06-23,95,26,Moderate,N
8262,12,2022-06-24,14,34,Normal,N
8263,12,2022-06-25,124,43,Normal,N
8264,12,2022-06-26,42,27,Normal,N
8265,12,2022-06-27,32,38,Severe,Y
8266,12,2022-06-28,22,31,Normal,N
8267,12,2022-06-29,109,29,Normal,N
8268,12,2022-06-30,69,33,Normal,N
8269,12,2022-07-01,88,38,Normal,N
8270,12,2022-07-02,122,36,Normal,N
8271,12,2022-07-03,108,33,Normal,N
8272,12,2022-07-04,59,31,Normal,N
8273,12,2022-07-05,75,34,Normal,N
8274,12,2022-07-06,35,35,Severe,Y
8275,12,2022-07-07,80,32,Normal,N
8276,12,2022-07-08,132,39,Moderate,N
8277,12,2022-07-09,48,32,Severe,Y
8278,12,2022-07-10,25,39,Normal,N
8279,12,2022-07-11,50,24,Moderate,N
8280,12,2022-07-12,62,33,Normal,N
8281,12,2022-07-13,12,33,Normal,N
8282,12,2022-07-14,59,41,Moderate,N
8283,12,2022-07-15,62,25,Moderate,N
8284,12,2022-07-16,122,42,Moderate,N
8285,12,2022-07-17,82,39,Normal,N
8286,12,2022-07-18,73,38,Normal,N
8287,12,2022-07-19,126,38,Moderate,N
8288,12,2022-07-20,82,29,Normal,N
8289,12,2022-07-21,22,26,Severe,Y
8290,12,2022-07-22,131,31,Severe,Y
8291,12,2022-07-23,78,41,Normal,N
8292,12,2022-07-24,66,42,Normal,N
8293,12,2022-07-25,130,42,Normal,N
8294,12,2022-07-26,50,30,Severe,Y
8295,12,2022-07-27,124,31,Normal,N
8296,12,2022-07-28,34,26,Normal,N
8297,12,2022-07-29,126,25,Normal,N
8298,12,2022-07-30,110,25,Moderate,N
8299,12,2022-07-31,122,36,Normal,N
8300,12,2022-08-01,139,35,Normal,N
8301,12,2022-08-02,17,26,Normal,N
8302,12,2022-08-03,95,40,Moderate,N
8303,12,2022-08-04,111,27,Moderate,N
8304,12,2022-08-05,61,31,Normal,N
8305,12,2022-08-06,46,27,Moderate,N
8306,12,2022-08-07,3,41,Normal,N
8307,12,2022-08-08,105,40,Severe,Y
8308,12,2022-08-09,50,36,Normal,N
8309,12,2022-08-10,96,39,Normal,N
8310,12,2022-08-11,122,24,Moderate,N
8311,12,2022-08-12,136,35,Normal,N
8312,12,2022-08-13,54,28,Normal,N
8313,12,2022-08-14,17,28,Moderate,N
8314,12,2022-08-15,62,36,Normal,N
8315,12,2022-08-16,114,41,Normal,N
8316,12,2022-08-17,36,31,Normal,N
8317,12,2022-08-18,49,25,Normal,N
8318,12,2022-08-19,140,28,Normal,N
8319,12,2022-08-20,93,40,Normal,N
8320,12,2022-08-21,66,36,Normal,N
8321,12,2022-08-22,130,24,Normal,N
8322,12,2022-08-23,39,40,Normal,N
8323,12,2022-08-24,99,31,Moderate,N
8324,12,2022-08-25,12,34,Moderate,N
8325,12,2022-08-26,97,35,Normal,N
8326,12,2022-08-27,122,39,Normal,N
8327,12,2022-08-28,89,36,Normal,N
8328,12,2022-08-29,111,32,Normal,N
8329,12,2022-08-30,63,32,Moderate,N
8330,12,2022-08-31,74,31,Normal,N
8331,12,2022-09-01,18,39,Normal,N
8332,12,2022-09-02,16,43,Moderate,N
8333,12,2022-09-03,92,31,Normal,N
8334,12,2022-09-04,86,39,Normal,N
8335,12,2022-09-05,54,32,Normal,N
8336,12,2022-09-06,97,26,Normal,N
8337,12,2022-09-07,25,30,Moderate,N
8338,12,2022-09-08,34,39,Moderate,N
8339,12,2022-09-09,67,37,Normal,N
8340,12,2022-09-10,54,42,Normal,N
8341,12,2022-09-11,35,40,Normal,N
8342,12,2022-09-12,89,43,Normal,N
8343,12,2022-09-13,0,27,Normal,N
8344,12,2022-09-14,108,43,Normal,N
8345,12,2022-09-15,43,42,Normal,N
8346,12,2022-09-16,98,43,Normal,N
8347,12,2022-09-17,41,34,Normal,N
8348,12,2022-09-18,100,31,Normal,N
8349,12,2022-09-19,118,24,Normal,N
8350,12,2022-09-20,136,36,Moderate,N
8351,12,2022-09-21,135,26,Normal,N
8352,12,2022-09-22,28,41,Normal,N
8353,12,2022-09-23,48,30,Moderate,N
8354,12,2022-09-24,61,30,Moderate,N
8355,12,2022-09-25,5,41,Moderate,N
8356,12,2022-09-26,80,24,Normal,N
8357,12,2022-09-27,51,41,Normal,N
8358,12,2022-09-28,3,35,Moderate,N
8359,12,2022-09-29,49,43,Moderate,N
8360,12,2022-09-30,135,28,Normal,N
8361,12,2022-10-01,78,39,Severe,Y
8362,12,2022-10-02,123,39,Normal,N
8363,12,2022-10-03,131,33,Normal,N
8364,12,2022-10-04,29,37,Moderate,N
8365,12,2022-10-05,57,37,Severe,Y
8366,12,2022-10-06,58,32,Normal,N
8367,12,2022-10-07,89,35,Normal,N
8368,12,2022-10-08,103,38,Moderate,N
8369,12,2022-10-09,27,35,Normal,N
8370,12,2022-10-10,23,36,Normal,N
8371,12,2022-10-11,5,26,Normal,N
8372,12,2022-10-12,67,35,Normal,N
8373,12,2022-10-13,15,26,Moderate,N
8374,12,2022-10-14,6,38,Normal,N
8375,12,2022-10-15,114,26,Moderate,N
8376,12,2022-10-16,4,28,Moderate,N
8377,12,2022-10-17,24,41,Normal,N
8378,12,2022-10-18,9,39,Moderate,N
8379,12,2022-10-19,136,31,Normal,N
8380,12,2022-10-20,54,26,Normal,N
8381,12,2022-10-21,119,27,Severe,Y
8382,12,2022-10-22,102,34,Normal,N
8383,12,2022-10-23,62,25,Normal,N
8384,12,2022-10-24,133,34,Normal,N
8385,12,2022-10-25,128,39,Normal,N
8386,12,2022-10-26,53,42,Normal,N
8387,12,2022-10-27,124,29,Moderate,N
8388,12,2022-10-28,72,36,Normal,N
8389,12,2022-10-29,95,40,Moderate,N
8390,12,2022-10-30,116,32,Normal,N
8391,12,2022-10-31,103,31,Normal,N
8392,12,2022-11-01,49,38,Normal,N
8393,12,2022-11-02,16,24,Normal,N
8394,12,2022-11-03,106,30,Severe,Y
8395,12,2022-11-04,35,39,Severe,Y
8396,12,2022-11-05,113,37,Normal,N
8397,12,2022-11-06,68,25,Moderate,N
8398,12,2022-11-07,47,28,Normal,N
8399,12,2022-11-08,93,43,Normal,N
8400,12,2022-11-09,66,42,Normal,N
8401,12,2022-11-10,76,33,Normal,N
8402,12,2022-11-11,134,30,Normal,N
8403,12,2022-11-12,23,33,Normal,N
8404,12,2022-11-13,30,41,Normal,N
8405,12,2022-11-14,0,37,Moderate,N
8406,12,2022-11-15,139,33,Normal,N
8407,12,2022-11-16,99,30,Moderate,N
8408,12,2022-11-17,82,31,Normal,N
8409,12,2022-11-18,20,42,Normal,N
8410,12,2022-11-19,55,37,Normal,N
8411,12,2022-11-20,86,40,Normal,N
8412,12,2022-11-21,59,39,Normal,N
8413,12,2022-11-22,136,34,Normal,N
8414,12,2022-11-23,103,42,Moderate,N
8415,12,2022-11-24,43,32,Normal,N
8416,12,2022-11-25,85,43,Normal,N
8417,12,2022-11-26,61,26,Moderate,N
8418,12,2022-11-27,112,27,Normal,N
8419,12,2022-11-28,40,33,Normal,N
8420,12,2022-11-29,27,29,Moderate,N
8421,12,2022-11-30,80,24,Normal,N
8422,12,2022-12-01,33,30,Moderate,N
8423,12,2022-12-02,84,27,Moderate,N
8424,12,2022-12-03,14,31,Moderate,N
8425,12,2022-12-04,53,39,Normal,N
8426,12,2022-12-05,125,34,Severe,Y
8427,12,2022-12-06,72,29,Moderate,N
8428,12,2022-12-07,11,37,Moderate,N
8429,12,2022-12-08,102,28,Normal,N
8430,12,2022-12-09,49,30,Normal,N
8431,12,2022-12-10,59,33,Normal,N
8432,12,2022-12-11,122,26,Moderate,N
8433,12,2022-12-12,17,33,Severe,Y
8434,12,2022-12-13,7,25,Moderate,N
8435,12,2022-12-14,80,30,Moderate,N
8436,12,2022-12-15,36,24,Normal,N
8437,12,2022-12-16,21,32,Moderate,N
8438,12,2022-12-17,7,31,Severe,Y
8439,12,2022-12-18,8,25,Normal,N
8440,12,2022-12-19,72,38,Normal,N
8441,12,2022-12-20,77,33,Normal,N
8442,12,2022-12-21,104,32,Normal,N
8443,12,2022-12-22,60,34,Normal,N
8444,12,2022-12-23,35,31,Moderate,N
8445,12,2022-12-24,98,36,Severe,Y
8446,12,2022-12-25,87,30,Normal,N
8447,12,2022-12-26,45,25,Moderate,N
8448,12,2022-12-27,124,42,Normal,N
8449,12,2022-12-28,21,30,Moderate,N
8450,12,2022-12-29,18,24,Normal,N
8451,12,2022-12-30,22,39,Normal,N
8452,12,2022-12-31,32,39,Normal,N
8453,12,2023-01-01,6,36,Normal,N
8454,12,2023-01-02,113,39,Normal,N
8455,12,2023-01-03,21,32,Normal,N
8456,12,2023-01-04,67,36,Normal,N
8457,12,2023-01-05,117,32,Moderate,N
8458,12,2023-01-06,20,39,Moderate,N
8459,12,2023-01-07,88,27,Normal,N
8460,12,2023-01-08,53,35,Normal,N
8461,12,2023-01-09,63,43,Moderate,N
8462,12,2023-01-10,1,25,Normal,N
8463,12,2023-01-11,65,32,Severe,Y
8464,12,2023-01-12,29,37,Moderate,N
8465,12,2023-01-13,101,39,Moderate,N
8466,12,2023-01-14,47,43,Normal,N
8467,12,2023-01-15,119,35,Normal,N
8468,12,2023-01-16,110,30,Normal,N
8469,12,2023-01-17,34,43,Normal,N
8470,12,2023-01-18,51,26,Severe,Y
8471,12,2023-01-19,22,31,Normal,N
8472,12,2023-01-20,70,28,Moderate,N
8473,12,2023-01-21,124,38,Normal,N
8474,12,2023-01-22,84,39,Moderate,N
8475,12,2023-01-23,52,30,Normal,N
8476,12,2023-01-24,134,26,Normal,N
8477,12,2023-01-25,139,35,Moderate,N
8478,12,2023-01-26,110,40,Normal,N
8479,12,2023-01-27,23,25,Normal,N
8480,12,2023-01-28,32,37,Normal,N
8481,12,2023-01-29,64,42,Normal,N
8482,12,2023-01-30,126,41,Normal,N
8483,12,2023-01-31,125,39,Normal,N
8484,12,2023-02-01,23,28,Moderate,N
8485,12,2023-02-02,45,33,Normal,N
8486,12,2023-02-03,95,31,Moderate,N
8487,12,2023-02-04,56,41,Normal,N
8488,12,2023-02-05,10,32,Normal,N
8489,12,2023-02-06,86,36,Normal,N
8490,12,2023-02-07,26,42,Normal,N
8491,12,2023-02-08,116,41,Moderate,N
8492,12,2023-02-09,79,32,Severe,Y
8493,12,2023-02-10,125,29,Normal,N
8494,12,2023-02-11,53,36,Normal,N
8495,12,2023-02-12,81,31,Moderate,N
8496,12,2023-02-13,133,35,Normal,N
8497,12,2023-02-14,133,34,Moderate,N
8498,12,2023-02-15,126,25,Normal,N
8499,12,2023-02-16,124,28,Severe,Y
8500,12,2023-02-17,71,33,Moderate,N
8501,12,2023-02-18,6,30,Normal,N
8502,12,2023-02-19,29,40,Normal,N
8503,12,2023-02-20,120,29,Moderate,N
8504,12,2023-02-21,115,26,Normal,N
8505,12,2023-02-22,82,41,Normal,N
8506,12,2023-02-23,40,28,Severe,Y
8507,12,2023-02-24,17,31,Normal,N
8508,12,2023-02-25,135,43,Normal,N
8509,12,2023-02-26,25,26,Normal,N
8510,12,2023-02-27,2,38,Normal,N
8511,12,2023-02-28,79,28,Normal,N
8512,12,2023-03-01,130,38,Normal,N
8513,12,2023-03-02,12,30,Normal,N
8514,12,2023-03-03,107,31,Moderate,N
8515,12,2023-03-04,47,31,Moderate,N
8516,12,2023-03-05,86,29,Moderate,N
8517,12,2023-03-06,9,42,Normal,N
8518,12,2023-03-07,131,42,Normal,N
8519,12,2023-03-08,135,38,Normal,N
8520,12,2023-03-09,45,38,Severe,Y
8521,12,2023-03-10,90,34,Normal,N
8522,12,2023-03-11,123,29,Normal,N
8523,12,2023-03-12,30,30,Moderate,N
8524,12,2023-03-13,106,26,Normal,N
8525,12,2023-03-14,110,43,Normal,N
8526,12,2023-03-15,14,37,Moderate,N
8527,12,2023-03-16,17,27,Normal,N
8528,12,2023-03-17,107,27,Normal,N
8529,12,2023-03-18,74,33,Normal,N
8530,12,2023-03-19,68,32,Moderate,N
8531,12,2023-03-20,133,26,Normal,N
8532,12,2023-03-21,125,24,Severe,Y
8533,12,2023-03-22,36,29,Normal,N
8534,12,2023-03-23,130,40,Moderate,N
8535,12,2023-03-24,136,38,Moderate,N
8536,12,2023-03-25,3,27,Normal,N
8537,12,2023-03-26,21,35,Normal,N
8538,12,2023-03-27,139,43,Normal,N
8539,12,2023-03-28,66,42,Normal,N
8540,12,2023-03-29,44,30,Moderate,N
8541,12,2023-03-30,20,35,Normal,N
8542,12,2023-03-31,136,26,Normal,N
8543,12,2023-04-01,17,33,Moderate,N
8544,12,2023-04-02,42,35,Normal,N
8545,12,2023-04-03,30,37,Normal,N
8546,12,2023-04-04,73,29,Normal,N
8547,12,2023-04-05,83,34,Normal,N
8548,12,2023-04-06,40,32,Moderate,N
8549,12,2023-04-07,132,37,Normal,N
8550,12,2023-04-08,16,39,Normal,N
8551,12,2023-04-09,75,37,Moderate,N
8552,12,2023-04-10,126,30,Normal,N
8553,12,2023-04-11,124,38,Normal,N
8554,12,2023-04-12,100,24,Normal,N
8555,12,2023-04-13,35,24,Normal,N
8556,12,2023-04-14,139,40,Normal,N
8557,12,2023-04-15,58,36,Severe,Y
8558,12,2023-04-16,78,36,Severe,Y
8559,12,2023-04-17,65,29,Moderate,N
8560,12,2023-04-18,27,40,Moderate,N
8561,12,2023-04-19,37,33,Normal,N
8562,12,2023-04-20,100,26,Severe,Y
8563,12,2023-04-21,84,37,Normal,N
8564,12,2023-04-22,66,39,Normal,N
8565,12,2023-04-23,118,42,Normal,N
8566,12,2023-04-24,60,33,Normal,N
8567,12,2023-04-25,80,27,Moderate,N
8568,12,2023-04-26,0,37,Normal,N
8569,12,2023-04-27,30,30,Normal,N
8570,12,2023-04-28,124,38,Moderate,N
8571,12,2023-04-29,42,33,Normal,N
8572,12,2023-04-30,76,40,Normal,N
8573,12,2023-05-01,45,31,Normal,N
8574,12,2023-05-02,0,38,Normal,N
8575,12,2023-05-03,27,42,Moderate,N
8576,12,2023-05-04,103,37,Severe,Y
8577,12,2023-05-05,16,26,Moderate,N
8578,12,2023-05-06,129,27,Moderate,N
8579,12,2023-05-07,20,33,Normal,N
8580,12,2023-05-08,88,24,Normal,N
8581,12,2023-05-09,104,36,Normal,N
8582,12,2023-05-10,94,43,Normal,N
8583,12,2023-05-11,112,39,Moderate,N
8584,12,2023-05-12,5,40,Normal,N
8585,12,2023-05-13,132,37,Normal,N
8586,12,2023-05-14,36,42,Normal,N
8587,12,2023-05-15,97,37,Moderate,N
8588,12,2023-05-16,22,42,Normal,N
8589,12,2023-05-17,80,32,Severe,Y
8590,12,2023-05-18,53,36,Normal,N
8591,12,2023-05-19,108,38,Normal,N
8592,12,2023-05-20,139,27,Normal,N
8593,12,2023-05-21,119,28,Moderate,N
8594,12,2023-05-22,1,27,Moderate,N
8595,12,2023-05-23,39,30,Moderate,N
8596,12,2023-05-24,91,24,Moderate,N
8597,12,2023-05-25,18,42,Normal,N
8598,12,2023-05-26,80,25,Moderate,N
8599,12,2023-05-27,98,26,Normal,N
8600,12,2023-05-28,56,29,Severe,Y
8601,12,2023-05-29,134,33,Normal,N
8602,12,2023-05-30,27,30,Severe,Y
8603,12,2023-05-31,116,38,Normal,N
8604,12,2023-06-01,47,28,Normal,N
8605,12,2023-06-02,130,35,Severe,Y
8606,12,2023-06-03,76,37,Normal,N
8607,12,2023-06-04,56,29,Normal,N
8608,12,2023-06-05,36,29,Normal,N
8609,12,2023-06-06,77,25,Normal,N
8610,12,2023-06-07,84,42,Moderate,N
8611,12,2023-06-08,47,40,Normal,N
8612,12,2023-06-09,32,24,Normal,N
8613,12,2023-06-10,96,40,Normal,N
8614,12,2023-06-11,136,31,Normal,N
8615,12,2023-06-12,25,29,Normal,N
8616,12,2023-06-13,51,33,Moderate,N
8617,12,2023-06-14,68,35,Normal,N
8618,12,2023-06-15,98,29,Normal,N
8619,12,2023-06-16,112,43,Normal,N
8620,12,2023-06-17,82,29,Moderate,N
8621,12,2023-06-18,64,27,Severe,Y
8622,12,2023-06-19,14,36,Moderate,N
8623,12,2023-06-20,55,39,Normal,N
8624,12,2023-06-21,123,26,Moderate,N
8625,12,2023-06-22,73,27,Normal,N
8626,12,2023-06-23,30,42,Normal,N
8627,12,2023-06-24,115,28,Moderate,N
8628,12,2023-06-25,105,32,Severe,Y
8629,12,2023-06-26,124,28,Moderate,N
8630,12,2023-06-27,109,36,Moderate,N
8631,12,2023-06-28,15,31,Moderate,N
8632,12,2023-06-29,30,37,Normal,N
8633,12,2023-06-30,0,42,Moderate,N
8634,12,2023-07-01,123,26,Normal,N
8635,12,2023-07-02,8,33,Normal,N
8636,12,2023-07-03,29,36,Normal,N
8637,12,2023-07-04,134,24,Normal,N
8638,12,2023-07-05,129,33,Moderate,N
8639,12,2023-07-06,110,37,Normal,N
8640,12,2023-07-07,56,25,Normal,N
8641,12,2023-07-08,57,34,Normal,N
8642,12,2023-07-09,74,43,Moderate,N
8643,12,2023-07-10,28,28,Normal,N
8644,12,2023-07-11,83,32,Normal,N
8645,12,2023-07-12,85,29,Normal,N
8646,12,2023-07-13,10,43,Normal,N
8647,12,2023-07-14,24,24,Normal,N
8648,12,2023-07-15,134,27,Normal,N
8649,12,2023-07-16,139,34,Normal,N
8650,12,2023-07-17,20,25,Normal,N
8651,12,2023-07-18,59,31,Normal,N
8652,12,2023-07-19,23,31,Normal,N
8653,12,2023-07-20,50,36,Moderate,N
8654,12,2023-07-21,113,38,Normal,N
8655,12,2023-07-22,10,30,Severe,Y
8656,12,2023-07-23,6,42,Normal,N
8657,12,2023-07-24,59,35,Normal,N
8658,12,2023-07-25,57,43,Normal,N
8659,12,2023-07-26,7,31,Moderate,N
8660,12,2023-07-27,3,36,Moderate,N
8661,12,2023-07-28,34,26,Normal,N
8662,12,2023-07-29,77,32,Moderate,N
8663,12,2023-07-30,3,34,Moderate,N
8664,12,2023-07-31,5,27,Moderate,N
8665,12,2023-08-01,127,32,Moderate,N
8666,12,2023-08-02,13,28,Normal,N
8667,12,2023-08-03,83,26,Normal,N
8668,12,2023-08-04,51,40,Moderate,N
8669,12,2023-08-05,106,29,Normal,N
8670,12,2023-08-06,57,37,Severe,Y
8671,12,2023-08-07,85,38,Moderate,N
8672,12,2023-08-08,70,41,Severe,Y
8673,12,2023-08-09,79,40,Normal,N
8674,12,2023-08-10,78,24,Moderate,N
8675,12,2023-08-11,25,38,Normal,N
8676,12,2023-08-12,73,24,Normal,N
8677,12,2023-08-13,122,26,Severe,Y
8678,12,2023-08-14,17,41,Normal,N
8679,12,2023-08-15,33,28,Normal,N
8680,12,2023-08-16,47,27,Normal,N
8681,12,2023-08-17,52,29,Normal,N
8682,12,2023-08-18,96,33,Normal,N
8683,12,2023-08-19,119,25,Normal,N
8684,12,2023-08-20,31,41,Normal,N
8685,12,2023-08-21,130,42,Normal,N
8686,12,2023-08-22,38,41,Normal,N
8687,12,2023-08-23,7,25,Normal,N
8688,12,2023-08-24,5,43,Severe,Y
8689,12,2023-08-25,122,25,Normal,N
8690,12,2023-08-26,53,42,Moderate,N
8691,12,2023-08-27,80,29,Normal,N
8692,12,2023-08-28,27,34,Severe,Y
8693,12,2023-08-29,89,29,Severe,Y
8694,12,2023-08-30,98,32,Normal,N
8695,12,2023-08-31,94,33,Normal,N
8696,12,2023-09-01,37,33,Moderate,N
8697,12,2023-09-02,133,36,Normal,N
8698,12,2023-09-03,65,33,Normal,N
8699,12,2023-09-04,99,32,Normal,N
8700,12,2023-09-05,20,39,Severe,Y
8701,12,2023-09-06,53,42,Normal,N
8702,12,2023-09-07,124,42,Moderate,N
8703,12,2023-09-08,122,37,Moderate,N
8704,12,2023-09-09,46,41,Moderate,N
8705,12,2023-09-10,127,36,Moderate,N
8706,12,2023-09-11,68,31,Normal,N
8707,12,2023-09-12,93,29,Normal,N
8708,12,2023-09-13,5,30,Moderate,N
8709,12,2023-09-14,72,37,Normal,N
8710,12,2023-09-15,95,32,Normal,N
8711,12,2023-09-16,132,37,Normal,N
8712,12,2023-09-17,113,38,Normal,N
8713,12,2023-09-18,42,29,Normal,N
8714,12,2023-09-19,10,43,Moderate,N
8715,12,2023-09-20,125,40,Normal,N
8716,12,2023-09-21,83,27,Moderate,N
8717,12,2023-09-22,68,33,Severe,Y
8718,12,2023-09-23,73,39,Moderate,N
8719,12,2023-09-24,15,34,Normal,N
8720,12,2023-09-25,16,42,Normal,N
8721,12,2023-09-26,25,41,Normal,N
8722,12,2023-09-27,52,27,Severe,Y
8723,12,2023-09-28,104,34,Normal,N
8724,12,2023-09-29,61,35,Normal,N
8725,12,2023-09-30,107,34,Normal,N
8726,12,2023-10-01,128,35,Normal,N
8727,12,2023-10-02,130,28,Normal,N
8728,12,2023-10-03,69,32,Moderate,N
8729,12,2023-10-04,76,43,Moderate,N
8730,12,2023-10-05,40,41,Normal,N
8731,12,2023-10-06,101,30,Normal,N
8732,12,2023-10-07,63,39,Normal,N
8733,12,2023-10-08,59,29,Normal,N
8734,12,2023-10-09,97,26,Normal,N
8735,12,2023-10-10,18,38,Moderate,N
8736,12,2023-10-11,81,36,Normal,N
8737,12,2023-10-12,0,35,Moderate,N
8738,12,2023-10-13,73,27,Normal,N
8739,12,2023-10-14,44,25,Moderate,N
8740,12,2023-10-15,106,33,Normal,N
8741,12,2023-10-16,73,30,Normal,N
8742,12,2023-10-17,114,30,Normal,N
8743,12,2023-10-18,84,32,Normal,N
8744,12,2023-10-19,2,38,Normal,N
8745,12,2023-10-20,61,29,Moderate,N
8746,12,2023-10-21,65,38,Normal,N
8747,12,2023-10-22,37,40,Moderate,N
8748,12,2023-10-23,93,43,Severe,Y
8749,12,2023-10-24,9,30,Normal,N
8750,12,2023-10-25,70,34,Normal,N
8751,12,2023-10-26,30,33,Moderate,N
8752,12,2023-10-27,13,33,Moderate,N
8753,12,2023-10-28,38,42,Normal,N
8754,12,2023-10-29,59,43,Normal,N
8755,12,2023-10-30,38,35,Normal,N
8756,12,2023-10-31,47,37,Severe,Y
8757,12,2023-11-01,85,26,Normal,N
8758,12,2023-11-02,59,40,Normal,N
8759,12,2023-11-03,8,34,Normal,N
8760,12,2023-11-04,97,28,Normal,N
8761,12,2023-11-05,56,41,Moderate,N
8762,12,2023-11-06,124,36,Normal,N
8763,12,2023-11-07,62,28,Normal,N
8764,12,2023-11-08,125,25,Normal,N
8765,12,2023-11-09,59,31,Normal,N
8766,12,2023-11-10,15,41,Moderate,N
8767,12,2023-11-11,52,28,Normal,N
8768,12,2023-11-12,77,37,Normal,N
8769,12,2023-11-13,52,32,Normal,N
8770,12,2023-11-14,106,38,Moderate,N
8771,12,2023-11-15,122,41,Normal,N
8772,12,2023-11-16,138,41,Moderate,N
8773,12,2023-11-17,13,24,Normal,N
8774,12,2023-11-18,91,36,Normal,N
8775,12,2023-11-19,60,30,Normal,N
8776,12,2023-11-20,118,26,Moderate,N
8777,12,2023-11-21,128,24,Normal,N
8778,12,2023-11-22,46,29,Normal,N
8779,12,2023-11-23,101,33,Normal,N
8780,12,2023-11-24,109,42,Normal,N
8781,12,2023-11-25,29,29,Moderate,N
8782,12,2023-11-26,102,28,Normal,N
8783,12,2023-11-27,50,24,Normal,N
8784,12,2023-11-28,10,26,Normal,N
8785,12,2023-11-29,39,40,Normal,N
8786,12,2023-11-30,102,43,Normal,N
8787,12,2023-12-01,86,32,Severe,Y
8788,12,2023-12-02,32,27,Normal,N
8789,12,2023-12-03,35,39,Normal,N
8790,12,2023-12-04,52,32,Severe,Y
8791,12,2023-12-05,126,41,Normal,N
8792,12,2023-12-06,13,26,Normal,N
8793,12,2023-12-07,48,30,Normal,N
8794,12,2023-12-08,67,25,Moderate,N
8795,12,2023-12-09,26,33,Normal,N
8796,12,2023-12-10,133,24,Normal,N
8797,12,2023-12-11,27,35,Normal,N
8798,12,2023-12-12,50,27,Normal,N
8799,12,2023-12-13,24,32,Normal,N
8800,12,2023-12-14,104,41,Normal,N
8801,12,2023-12-15,37,39,Normal,N
8802,12,2023-12-16,36,38,Moderate,N
8803,12,2023-12-17,25,40,Normal,N
8804,12,2023-12-18,18,41,Moderate,N
8805,12,2023-12-19,125,32,Moderate,N
8806,12,2023-12-20,11,30,Moderate,N
8807,12,2023-12-21,29,34,Moderate,N
8808,12,2023-12-22,6,24,Moderate,N
8809,12,2023-12-23,39,29,Moderate,N
8810,12,2023-12-24,139,35,Normal,N
8811,12,2023-12-25,65,34,Normal,N
8812,12,2023-12-26,96,28,Normal,N
8813,12,2023-12-27,56,28,Normal,N
8814,12,2023-12-28,73,27,Severe,Y
8815,12,2023-12-29,137,42,Normal,N
8816,12,2023-12-30,34,42,Normal,N
8817,12,2023-12-31,4,40,Normal,N
8818,12,2024-01-01,80,27,Moderate,N
8819,12,2024-01-02,30,43,Normal,N
8820,12,2024-01-03,41,31,Normal,N
8821,12,2024-01-04,31,39,Moderate,N
8822,12,2024-01-05,53,38,Normal,N
8823,12,2024-01-06,34,42,Normal,N
8824,12,2024-01-07,44,36,Normal,N
8825,12,2024-01-08,45,25,Moderate,N
8826,12,2024-01-09,80,30,Normal,N
8827,12,2024-01-10,129,36,Normal,N
8828,12,2024-01-11,128,31,Normal,N
8829,12,2024-01-12,126,33,Normal,N
8830,12,2024-01-13,140,29,Moderate,N
8831,12,2024-01-14,121,30,Normal,N
8832,12,2024-01-15,71,24,Normal,N
8833,12,2024-01-16,91,36,Moderate,N
8834,12,2024-01-17,67,43,Moderate,N
8835,12,2024-01-18,28,33,Normal,N
8836,12,2024-01-19,87,26,Normal,N
8837,12,2024-01-20,115,27,Severe,Y
8838,12,2024-01-21,78,26,Moderate,N
8839,12,2024-01-22,59,26,Moderate,N
8840,12,2024-01-23,15,38,Moderate,N
8841,12,2024-01-24,85,38,Severe,Y
8842,12,2024-01-25,13,27,Normal,N
8843,12,2024-01-26,137,32,Normal,N
8844,12,2024-01-27,89,36,Moderate,N
8845,12,2024-01-28,3,33,Moderate,N
8846,12,2024-01-29,14,37,Normal,N
8847,12,2024-01-30,0,31,Normal,N
8848,12,2024-01-31,63,41,Normal,N
8849,12,2024-02-01,40,39,Normal,N
8850,12,2024-02-02,75,39,Normal,N
8851,12,2024-02-03,7,24,Moderate,N
8852,12,2024-02-04,31,27,Normal,N
8853,12,2024-02-05,79,43,Severe,Y
8854,12,2024-02-06,78,24,Normal,N
8855,12,2024-02-07,25,42,Normal,N
8856,12,2024-02-08,56,29,Normal,N
8857,12,2024-02-09,2,39,Normal,N
8858,12,2024-02-10,5,34,Normal,N
8859,12,2024-02-11,70,41,Normal,N
8860,12,2024-02-12,72,40,Normal,N
8861,12,2024-02-13,121,30,Normal,N
8862,12,2024-02-14,123,34,Normal,N
8863,12,2024-02-15,83,35,Severe,Y
8864,12,2024-02-16,134,37,Normal,N
8865,12,2024-02-17,91,42,Severe,Y
8866,12,2024-02-18,53,32,Moderate,N
8867,12,2024-02-19,24,42,Normal,N
8868,12,2024-02-20,49,35,Moderate,N
8869,12,2024-02-21,62,29,Severe,Y
8870,12,2024-02-22,128,31,Normal,N
8871,12,2024-02-23,123,26,Moderate,N
8872,12,2024-02-24,69,33,Moderate,N
8873,12,2024-02-25,69,36,Moderate,N
8874,12,2024-02-26,38,24,Normal,N
8875,12,2024-02-27,111,37,Moderate,N
8876,12,2024-02-28,55,32,Normal,N
8877,12,2024-02-29,63,41,Normal,N
8878,12,2024-03-01,21,28,Normal,N
8879,12,2024-03-02,8,39,Normal,N
8880,12,2024-03-03,3,26,Normal,N
8881,12,2024-03-04,11,36,Moderate,N
8882,12,2024-03-05,133,35,Normal,N
8883,12,2024-03-06,114,38,Moderate,N
8884,12,2024-03-07,75,42,Moderate,N
8885,12,2024-03-08,46,36,Normal,N
8886,12,2024-03-09,67,33,Moderate,N
8887,12,2024-03-10,50,39,Moderate,N
8888,12,2024-03-11,6,41,Severe,Y
8889,12,2024-03-12,102,43,Normal,N
8890,12,2024-03-13,43,40,Severe,Y
8891,12,2024-03-14,8,27,Severe,Y
8892,12,2024-03-15,81,39,Normal,N
8893,12,2024-03-16,14,37,Severe,Y
8894,12,2024-03-17,124,26,Normal,N
8895,12,2024-03-18,131,25,Normal,N
8896,12,2024-03-19,59,35,Normal,N
8897,12,2024-03-20,44,41,Normal,N
8898,12,2024-03-21,11,27,Normal,N
8899,12,2024-03-22,22,28,Moderate,N
8900,12,2024-03-23,69,27,Severe,Y
8901,12,2024-03-24,8,30,Severe,Y
8902,12,2024-03-25,43,38,Normal,N
8903,12,2024-03-26,138,33,Normal,N
8904,12,2024-03-27,92,35,Normal,N
8905,12,2024-03-28,0,34,Normal,N
8906,12,2024-03-29,102,32,Normal,N
8907,12,2024-03-30,111,27,Normal,N
8908,12,2024-03-31,83,30,Normal,N
8909,12,2024-04-01,67,28,Moderate,N
8910,12,2024-04-02,21,24,Moderate,N
8911,12,2024-04-03,107,39,Moderate,N
8912,12,2024-04-04,59,39,Normal,N
8913,12,2024-04-05,6,34,Normal,N
8914,12,2024-04-06,77,32,Normal,N
8915,12,2024-04-07,13,29,Normal,N
8916,12,2024-04-08,84,24,Normal,N
8917,12,2024-04-09,71,32,Normal,N
8918,12,2024-04-10,132,41,Severe,Y
8919,12,2024-04-11,110,29,Moderate,N
8920,12,2024-04-12,29,39,Normal,N
8921,12,2024-04-13,101,28,Normal,N
8922,12,2024-04-14,1,33,Moderate,N
8923,12,2024-04-15,16,29,Normal,N
8924,12,2024-04-16,69,39,Normal,N
8925,12,2024-04-17,66,35,Moderate,N
8926,12,2024-04-18,134,41,Normal,N
8927,12,2024-04-19,67,30,Normal,N
8928,12,2024-04-20,17,38,Moderate,N
8929,12,2024-04-21,26,39,Normal,N
8930,12,2024-04-22,49,26,Moderate,N
8931,12,2024-04-23,24,34,Moderate,N
8932,12,2024-04-24,70,36,Normal,N
8933,12,2024-04-25,86,41,Normal,N
8934,12,2024-04-26,83,39,Normal,N
8935,12,2024-04-27,129,33,Normal,N
8936,12,2024-04-28,99,36,Normal,N
8937,12,2024-04-29,22,37,Moderate,N
8938,12,2024-04-30,137,37,Normal,N
8939,12,2024-05-01,64,25,Moderate,N
8940,12,2024-05-02,136,35,Normal,N
8941,12,2024-05-03,83,40,Normal,N
8942,12,2024-05-04,41,39,Normal,N
8943,12,2024-05-05,97,42,Normal,N
8944,12,2024-05-06,7,37,Normal,N
8945,12,2024-05-07,53,32,Moderate,N
8946,12,2024-05-08,126,41,Normal,N
8947,12,2024-05-09,89,37,Normal,N
8948,12,2024-05-10,106,43,Moderate,N
8949,12,2024-05-11,108,33,Normal,N
8950,12,2024-05-12,91,41,Moderate,N
8951,12,2024-05-13,5,43,Normal,N
8952,12,2024-05-14,76,29,Normal,N
8953,12,2024-05-15,73,41,Normal,N
8954,12,2024-05-16,55,38,Normal,N
8955,12,2024-05-17,37,31,Severe,Y
8956,12,2024-05-18,71,40,Normal,N
8957,12,2024-05-19,102,29,Severe,Y
8958,12,2024-05-20,63,35,Moderate,N
8959,12,2024-05-21,16,32,Normal,N
8960,12,2024-05-22,70,42,Normal,N
8961,12,2024-05-23,31,32,Normal,N
8962,12,2024-05-24,140,30,Normal,N
8963,12,2024-05-25,96,25,Severe,Y
8964,12,2024-05-26,26,29,Normal,N
8965,12,2024-05-27,131,32,Moderate,N
8966,12,2024-05-28,111,36,Normal,N
8967,12,2024-05-29,103,36,Moderate,N
8968,12,2024-05-30,134,25,Severe,Y
8969,12,2024-05-31,43,38,Normal,N
8970,12,2024-06-01,140,28,Normal,N
8971,12,2024-06-02,62,33,Normal,N
8972,12,2024-06-03,73,29,Normal,N
8973,12,2024-06-04,124,39,Moderate,N
8974,12,2024-06-05,55,40,Normal,N
8975,12,2024-06-06,120,32,Severe,Y
8976,12,2024-06-07,129,39,Normal,N
8977,12,2024-06-08,58,31,Normal,N
8978,12,2024-06-09,79,29,Normal,N
8979,12,2024-06-10,88,24,Normal,N
8980,12,2024-06-11,57,38,Normal,N
8981,12,2024-06-12,66,25,Normal,N
8982,12,2024-06-13,133,25,Normal,N
8983,12,2024-06-14,9,29,Severe,Y
8984,12,2024-06-15,124,31,Moderate,N
8985,12,2024-06-16,87,37,Moderate,N
8986,12,2024-06-17,28,25,Normal,N
8987,12,2024-06-18,77,40,Moderate,N
8988,12,2024-06-19,38,29,Normal,N
8989,12,2024-06-20,5,30,Normal,N
8990,12,2024-06-21,108,43,Normal,N
8991,12,2024-06-22,55,37,Severe,Y
8992,12,2024-06-23,122,38,Normal,N
8993,12,2024-06-24,79,33,Severe,Y
8994,12,2024-06-25,22,32,Normal,N
8995,12,2024-06-26,54,40,Moderate,N
8996,12,2024-06-27,56,41,Normal,N
8997,12,2024-06-28,79,31,Moderate,N
8998,12,2024-06-29,22,39,Normal,N
8999,12,2024-06-30,131,39,Normal,N
9000,12,2024-07-01,8,34,Moderate,N
9001,12,2024-07-02,10,35,Normal,N
9002,12,2024-07-03,121,35,Normal,N
9003,12,2024-07-04,130,40,Normal,N
9004,12,2024-07-05,71,41,Moderate,N
9005,12,2024-07-06,48,36,Moderate,N
9006,12,2024-07-07,19,35,Normal,N
9007,12,2024-07-08,61,30,Normal,N
9008,12,2024-07-09,20,36,Moderate,N
9009,12,2024-07-10,46,40,Moderate,N
9010,12,2024-07-11,18,33,Normal,N
9011,12,2024-07-12,111,31,Moderate,N
9012,12,2024-07-13,4,32,Normal,N
9013,12,2024-07-14,114,31,Normal,N
9014,12,2024-07-15,38,33,Severe,Y
9015,12,2024-07-16,103,39,Severe,Y
9016,12,2024-07-17,49,33,Severe,Y
9017,12,2024-07-18,17,31,Normal,N
9018,12,2024-07-19,42,41,Moderate,N
9019,12,2024-07-20,74,27,Normal,N
9020,12,2024-07-21,105,26,Normal,N
9021,12,2024-07-22,75,29,Normal,N
9022,12,2024-07-23,74,29,Moderate,N
9023,12,2024-07-24,2,34,Severe,Y
9024,12,2024-07-25,11,27,Normal,N
9025,12,2024-07-26,120,34,Normal,N
9026,12,2024-07-27,109,35,Normal,N
9027,12,2024-07-28,60,32,Moderate,N
9028,12,2024-07-29,0,31,Moderate,N
9029,13,2022-03-09,39,33,Normal,N
9030,13,2022-03-10,138,25,Severe,Y
9031,13,2022-03-11,2,43,Severe,Y
9032,13,2022-03-12,34,25,Normal,N
9033,13,2022-03-13,29,43,Normal,N
9034,13,2022-03-14,127,30,Severe,Y
9035,13,2022-03-15,43,29,Moderate,N
9036,13,2022-03-16,39,35,Normal,N
9037,13,2022-03-17,118,29,Normal,N
9038,13,2022-03-18,66,41,Moderate,N
9039,13,2022-03-19,0,24,Severe,Y
9040,13,2022-03-20,9,33,Normal,N
9041,13,2022-03-21,55,32,Normal,N
9042,13,2022-03-22,121,30,Normal,N
9043,13,2022-03-23,10,26,Normal,N
9044,13,2022-03-24,107,34,Normal,N
9045,13,2022-03-25,16,30,Normal,N
9046,13,2022-03-26,127,28,Normal,N
9047,13,2022-03-27,107,34,Normal,N
9048,13,2022-03-28,35,38,Moderate,N
9049,13,2022-03-29,37,36,Normal,N
9050,13,2022-03-30,43,43,Normal,N
9051,13,2022-03-31,121,31,Normal,N
9052,13,2022-04-01,118,27,Normal,N
9053,13,2022-04-02,64,27,Normal,N
9054,13,2022-04-03,128,42,Normal,N
9055,13,2022-04-04,28,31,Moderate,N
9056,13,2022-04-05,71,32,Moderate,N
9057,13,2022-04-06,53,36,Severe,Y
9058,13,2022-04-07,55,39,Moderate,N
9059,13,2022-04-08,60,34,Severe,Y
9060,13,2022-04-09,75,43,Normal,N
9061,13,2022-04-10,96,39,Moderate,N
9062,13,2022-04-11,93,41,Normal,N
9063,13,2022-04-12,25,26,Normal,N
9064,13,2022-04-13,62,41,Normal,N
9065,13,2022-04-14,81,35,Moderate,N
9066,13,2022-04-15,84,40,Normal,N
9067,13,2022-04-16,52,43,Normal,N
9068,13,2022-04-17,78,36,Moderate,N
9069,13,2022-04-18,37,30,Moderate,N
9070,13,2022-04-19,1,25,Moderate,N
9071,13,2022-04-20,48,32,Normal,N
9072,13,2022-04-21,29,37,Normal,N
9073,13,2022-04-22,135,29,Normal,N
9074,13,2022-04-23,123,32,Moderate,N
9075,13,2022-04-24,99,34,Moderate,N
9076,13,2022-04-25,16,34,Normal,N
9077,13,2022-04-26,132,40,Normal,N
9078,13,2022-04-27,95,26,Moderate,N
9079,13,2022-04-28,11,43,Normal,N
9080,13,2022-04-29,39,39,Normal,N
9081,13,2022-04-30,83,38,Moderate,N
9082,13,2022-05-01,84,24,Moderate,N
9083,13,2022-05-02,11,41,Normal,N
9084,13,2022-05-03,15,28,Moderate,N
9085,13,2022-05-04,125,39,Moderate,N
9086,13,2022-05-05,6,27,Normal,N
9087,13,2022-05-06,59,42,Moderate,N
9088,13,2022-05-07,65,42,Moderate,N
9089,13,2022-05-08,105,24,Normal,N
9090,13,2022-05-09,130,34,Moderate,N
9091,13,2022-05-10,71,34,Normal,N
9092,13,2022-05-11,23,37,Normal,N
9093,13,2022-05-12,104,37,Severe,Y
9094,13,2022-05-13,124,27,Normal,N
9095,13,2022-05-14,62,43,Normal,N
9096,13,2022-05-15,48,33,Normal,N
9097,13,2022-05-16,99,43,Normal,N
9098,13,2022-05-17,109,39,Normal,N
9099,13,2022-05-18,97,34,Moderate,N
9100,13,2022-05-19,37,40,Normal,N
9101,13,2022-05-20,37,36,Moderate,N
9102,13,2022-05-21,83,24,Normal,N
9103,13,2022-05-22,3,38,Normal,N
9104,13,2022-05-23,63,25,Normal,N
9105,13,2022-05-24,116,34,Normal,N
9106,13,2022-05-25,44,38,Severe,Y
9107,13,2022-05-26,12,29,Normal,N
9108,13,2022-05-27,32,28,Normal,N
9109,13,2022-05-28,39,37,Normal,N
9110,13,2022-05-29,69,42,Normal,N
9111,13,2022-05-30,123,33,Normal,N
9112,13,2022-05-31,107,24,Normal,N
9113,13,2022-06-01,41,39,Severe,Y
9114,13,2022-06-02,69,40,Normal,N
9115,13,2022-06-03,75,41,Normal,N
9116,13,2022-06-04,40,40,Moderate,N
9117,13,2022-06-05,66,32,Normal,N
9118,13,2022-06-06,57,37,Normal,N
9119,13,2022-06-07,47,34,Normal,N
9120,13,2022-06-08,71,36,Moderate,N
9121,13,2022-06-09,107,30,Normal,N
9122,13,2022-06-10,108,26,Normal,N
9123,13,2022-06-11,15,40,Moderate,N
9124,13,2022-06-12,68,25,Normal,N
9125,13,2022-06-13,45,41,Severe,Y
9126,13,2022-06-14,122,26,Moderate,N
9127,13,2022-06-15,135,27,Normal,N
9128,13,2022-06-16,92,37,Moderate,N
9129,13,2022-06-17,37,38,Normal,N
9130,13,2022-06-18,5,42,Moderate,N
9131,13,2022-06-19,23,24,Normal,N
9132,13,2022-06-20,23,27,Normal,N
9133,13,2022-06-21,101,38,Normal,N
9134,13,2022-06-22,82,36,Moderate,N
9135,13,2022-06-23,121,27,Normal,N
9136,13,2022-06-24,47,32,Normal,N
9137,13,2022-06-25,83,37,Normal,N
9138,13,2022-06-26,124,33,Normal,N
9139,13,2022-06-27,121,35,Severe,Y
9140,13,2022-06-28,138,36,Normal,N
9141,13,2022-06-29,99,32,Normal,N
9142,13,2022-06-30,80,39,Normal,N
9143,13,2022-07-01,16,41,Severe,Y
9144,13,2022-07-02,83,40,Severe,Y
9145,13,2022-07-03,11,39,Normal,N
9146,13,2022-07-04,2,35,Normal,N
9147,13,2022-07-05,131,25,Normal,N
9148,13,2022-07-06,38,33,Normal,N
9149,13,2022-07-07,63,29,Severe,Y
9150,13,2022-07-08,41,40,Normal,N
9151,13,2022-07-09,137,43,Normal,N
9152,13,2022-07-10,73,24,Normal,N
9153,13,2022-07-11,87,35,Moderate,N
9154,13,2022-07-12,5,43,Normal,N
9155,13,2022-07-13,26,31,Normal,N
9156,13,2022-07-14,98,41,Normal,N
9157,13,2022-07-15,83,25,Normal,N
9158,13,2022-07-16,16,41,Moderate,N
9159,13,2022-07-17,14,40,Moderate,N
9160,13,2022-07-18,71,30,Normal,N
9161,13,2022-07-19,116,31,Normal,N
9162,13,2022-07-20,82,37,Normal,N
9163,13,2022-07-21,7,32,Normal,N
9164,13,2022-07-22,72,24,Moderate,N
9165,13,2022-07-23,103,28,Normal,N
9166,13,2022-07-24,48,36,Normal,N
9167,13,2022-07-25,111,30,Normal,N
9168,13,2022-07-26,1,35,Normal,N
9169,13,2022-07-27,0,40,Moderate,N
9170,13,2022-07-28,83,39,Normal,N
9171,13,2022-07-29,51,31,Moderate,N
9172,13,2022-07-30,32,36,Moderate,N
9173,13,2022-07-31,14,39,Moderate,N
9174,13,2022-08-01,120,30,Normal,N
9175,13,2022-08-02,44,38,Normal,N
9176,13,2022-08-03,23,37,Normal,N
9177,13,2022-08-04,43,29,Normal,N
9178,13,2022-08-05,77,35,Normal,N
9179,13,2022-08-06,105,27,Normal,N
9180,13,2022-08-07,20,41,Moderate,N
9181,13,2022-08-08,140,29,Normal,N
9182,13,2022-08-09,98,25,Normal,N
9183,13,2022-08-10,50,25,Normal,N
9184,13,2022-08-11,57,37,Normal,N
9185,13,2022-08-12,23,42,Normal,N
9186,13,2022-08-13,53,30,Moderate,N
9187,13,2022-08-14,140,30,Moderate,N
9188,13,2022-08-15,72,29,Normal,N
9189,13,2022-08-16,50,34,Normal,N
9190,13,2022-08-17,104,27,Normal,N
9191,13,2022-08-18,117,41,Moderate,N
9192,13,2022-08-19,31,29,Moderate,N
9193,13,2022-08-20,22,26,Normal,N
9194,13,2022-08-21,133,40,Moderate,N
9195,13,2022-08-22,56,28,Normal,N
9196,13,2022-08-23,105,36,Normal,N
9197,13,2022-08-24,11,42,Normal,N
9198,13,2022-08-25,31,30,Moderate,N
9199,13,2022-08-26,38,30,Normal,N
9200,13,2022-08-27,87,33,Normal,N
9201,13,2022-08-28,96,29,Normal,N
9202,13,2022-08-29,95,30,Normal,N
9203,13,2022-08-30,5,30,Normal,N
9204,13,2022-08-31,91,24,Normal,N
9205,13,2022-09-01,91,26,Normal,N
9206,13,2022-09-02,57,35,Normal,N
9207,13,2022-09-03,103,32,Moderate,N
9208,13,2022-09-04,121,40,Normal,N
9209,13,2022-09-05,61,40,Normal,N
9210,13,2022-09-06,80,31,Normal,N
9211,13,2022-09-07,128,37,Normal,N
9212,13,2022-09-08,112,26,Normal,N
9213,13,2022-09-09,127,34,Normal,N
9214,13,2022-09-10,55,39,Normal,N
9215,13,2022-09-11,19,43,Normal,N
9216,13,2022-09-12,90,31,Normal,N
9217,13,2022-09-13,58,28,Normal,N
9218,13,2022-09-14,5,31,Moderate,N
9219,13,2022-09-15,97,33,Moderate,N
9220,13,2022-09-16,101,38,Normal,N
9221,13,2022-09-17,12,35,Normal,N
9222,13,2022-09-18,107,37,Normal,N
9223,13,2022-09-19,42,29,Normal,N
9224,13,2022-09-20,4,40,Normal,N
9225,13,2022-09-21,5,31,Normal,N
9226,13,2022-09-22,91,39,Moderate,N
9227,13,2022-09-23,118,26,Normal,N
9228,13,2022-09-24,94,24,Normal,N
9229,13,2022-09-25,108,40,Normal,N
9230,13,2022-09-26,32,31,Moderate,N
9231,13,2022-09-27,60,30,Normal,N
9232,13,2022-09-28,96,42,Normal,N
9233,13,2022-09-29,48,31,Normal,N
9234,13,2022-09-30,49,32,Severe,Y
9235,13,2022-10-01,55,31,Moderate,N
9236,13,2022-10-02,19,35,Normal,N
9237,13,2022-10-03,98,29,Moderate,N
9238,13,2022-10-04,16,24,Normal,N
9239,13,2022-10-05,24,39,Normal,N
9240,13,2022-10-06,67,29,Normal,N
9241,13,2022-10-07,126,25,Normal,N
9242,13,2022-10-08,129,27,Normal,N
9243,13,2022-10-09,41,28,Normal,N
9244,13,2022-10-10,21,40,Normal,N
9245,13,2022-10-11,85,38,Normal,N
9246,13,2022-10-12,32,30,Normal,N
9247,13,2022-10-13,138,39,Normal,N
9248,13,2022-10-14,59,31,Moderate,N
9249,13,2022-10-15,24,27,Normal,N
9250,13,2022-10-16,133,28,Moderate,N
9251,13,2022-10-17,24,42,Moderate,N
9252,13,2022-10-18,3,35,Normal,N
9253,13,2022-10-19,67,27,Normal,N
9254,13,2022-10-20,24,30,Normal,N
9255,13,2022-10-21,45,43,Normal,N
9256,13,2022-10-22,137,28,Moderate,N
9257,13,2022-10-23,17,24,Moderate,N
9258,13,2022-10-24,23,35,Normal,N
9259,13,2022-10-25,41,34,Normal,N
9260,13,2022-10-26,16,24,Normal,N
9261,13,2022-10-27,24,35,Normal,N
9262,13,2022-10-28,27,25,Normal,N
9263,13,2022-10-29,75,28,Moderate,N
9264,13,2022-10-30,132,26,Moderate,N
9265,13,2022-10-31,48,28,Moderate,N
9266,13,2022-11-01,105,33,Normal,N
9267,13,2022-11-02,51,34,Normal,N
9268,13,2022-11-03,122,30,Normal,N
9269,13,2022-11-04,42,24,Moderate,N
9270,13,2022-11-05,20,43,Normal,N
9271,13,2022-11-06,138,30,Normal,N
9272,13,2022-11-07,2,38,Normal,N
9273,13,2022-11-08,65,43,Normal,N
9274,13,2022-11-09,37,26,Moderate,N
9275,13,2022-11-10,91,39,Normal,N
9276,13,2022-11-11,55,32,Moderate,N
9277,13,2022-11-12,14,25,Severe,Y
9278,13,2022-11-13,113,27,Normal,N
9279,13,2022-11-14,23,32,Moderate,N
9280,13,2022-11-15,40,28,Moderate,N
9281,13,2022-11-16,130,25,Normal,N
9282,13,2022-11-17,88,32,Normal,N
9283,13,2022-11-18,54,36,Normal,N
9284,13,2022-11-19,98,27,Normal,N
9285,13,2022-11-20,39,24,Normal,N
9286,13,2022-11-21,58,25,Normal,N
9287,13,2022-11-22,132,27,Severe,Y
9288,13,2022-11-23,55,37,Normal,N
9289,13,2022-11-24,88,32,Normal,N
9290,13,2022-11-25,75,27,Moderate,N
9291,13,2022-11-26,137,29,Moderate,N
9292,13,2022-11-27,55,25,Normal,N
9293,13,2022-11-28,58,31,Normal,N
9294,13,2022-11-29,47,42,Severe,Y
9295,13,2022-11-30,9,34,Normal,N
9296,13,2022-12-01,77,36,Moderate,N
9297,13,2022-12-02,34,43,Moderate,N
9298,13,2022-12-03,23,26,Normal,N
9299,13,2022-12-04,103,38,Severe,Y
9300,13,2022-12-05,101,27,Moderate,N
9301,13,2022-12-06,58,37,Normal,N
9302,13,2022-12-07,106,37,Normal,N
9303,13,2022-12-08,73,35,Severe,Y
9304,13,2022-12-09,38,41,Normal,N
9305,13,2022-12-10,66,28,Normal,N
9306,13,2022-12-11,136,38,Normal,N
9307,13,2022-12-12,85,43,Normal,N
9308,13,2022-12-13,6,32,Normal,N
9309,13,2022-12-14,102,38,Normal,N
9310,13,2022-12-15,6,28,Moderate,N
9311,13,2022-12-16,92,40,Normal,N
9312,13,2022-12-17,3,31,Normal,N
9313,13,2022-12-18,16,36,Normal,N
9314,13,2022-12-19,77,25,Normal,N
9315,13,2022-12-20,35,31,Normal,N
9316,13,2022-12-21,35,42,Normal,N
9317,13,2022-12-22,121,41,Severe,Y
9318,13,2022-12-23,103,30,Normal,N
9319,13,2022-12-24,53,39,Normal,N
9320,13,2022-12-25,72,36,Normal,N
9321,13,2022-12-26,29,31,Normal,N
9322,13,2022-12-27,100,27,Normal,N
9323,13,2022-12-28,16,36,Normal,N
9324,13,2022-12-29,30,40,Severe,Y
9325,13,2022-12-30,96,34,Moderate,N
9326,13,2022-12-31,44,30,Normal,N
9327,13,2023-01-01,68,39,Severe,Y
9328,13,2023-01-02,50,29,Normal,N
9329,13,2023-01-03,125,36,Normal,N
9330,13,2023-01-04,101,39,Normal,N
9331,13,2023-01-05,109,32,Normal,N
9332,13,2023-01-06,95,28,Moderate,N
9333,13,2023-01-07,106,33,Moderate,N
9334,13,2023-01-08,41,40,Moderate,N
9335,13,2023-01-09,67,41,Normal,N
9336,13,2023-01-10,10,28,Normal,N
9337,13,2023-01-11,39,38,Normal,N
9338,13,2023-01-12,58,36,Moderate,N
9339,13,2023-01-13,46,43,Severe,Y
9340,13,2023-01-14,131,42,Moderate,N
9341,13,2023-01-15,56,43,Moderate,N
9342,13,2023-01-16,64,40,Normal,N
9343,13,2023-01-17,110,24,Normal,N
9344,13,2023-01-18,96,29,Normal,N
9345,13,2023-01-19,113,33,Moderate,N
9346,13,2023-01-20,131,27,Severe,Y
9347,13,2023-01-21,13,38,Normal,N
9348,13,2023-01-22,125,39,Severe,Y
9349,13,2023-01-23,38,43,Normal,N
9350,13,2023-01-24,95,43,Normal,N
9351,13,2023-01-25,3,36,Normal,N
9352,13,2023-01-26,127,40,Moderate,N
9353,13,2023-01-27,25,39,Severe,Y
9354,13,2023-01-28,5,40,Normal,N
9355,13,2023-01-29,48,30,Normal,N
9356,13,2023-01-30,138,26,Normal,N
9357,13,2023-01-31,57,34,Normal,N
9358,13,2023-02-01,43,26,Normal,N
9359,13,2023-02-02,77,32,Normal,N
9360,13,2023-02-03,44,24,Normal,N
9361,13,2023-02-04,43,33,Moderate,N
9362,13,2023-02-05,103,37,Normal,N
9363,13,2023-02-06,100,25,Moderate,N
9364,13,2023-02-07,8,27,Normal,N
9365,13,2023-02-08,21,29,Normal,N
9366,13,2023-02-09,138,31,Severe,Y
9367,13,2023-02-10,11,27,Normal,N
9368,13,2023-02-11,34,32,Normal,N
9369,13,2023-02-12,115,42,Normal,N
9370,13,2023-02-13,59,34,Severe,Y
9371,13,2023-02-14,55,42,Moderate,N
9372,13,2023-02-15,110,33,Normal,N
9373,13,2023-02-16,137,39,Normal,N
9374,13,2023-02-17,64,24,Normal,N
9375,13,2023-02-18,6,39,Severe,Y
9376,13,2023-02-19,27,32,Normal,N
9377,13,2023-02-20,122,29,Moderate,N
9378,13,2023-02-21,37,42,Normal,N
9379,13,2023-02-22,50,37,Severe,Y
9380,13,2023-02-23,71,33,Normal,N
9381,13,2023-02-24,116,27,Moderate,N
9382,13,2023-02-25,0,29,Normal,N
9383,13,2023-02-26,4,24,Normal,N
9384,13,2023-02-27,24,38,Normal,N
9385,13,2023-02-28,93,33,Normal,N
9386,13,2023-03-01,91,27,Normal,N
9387,13,2023-03-02,99,37,Severe,Y
9388,13,2023-03-03,67,35,Moderate,N
9389,13,2023-03-04,9,39,Normal,N
9390,13,2023-03-05,66,35,Moderate,N
9391,13,2023-03-06,135,42,Normal,N
9392,13,2023-03-07,49,29,Moderate,N
9393,13,2023-03-08,56,24,Normal,N
9394,13,2023-03-09,22,43,Severe,Y
9395,13,2023-03-10,136,37,Normal,N
9396,13,2023-03-11,124,24,Normal,N
9397,13,2023-03-12,27,33,Moderate,N
9398,13,2023-03-13,30,31,Normal,N
9399,13,2023-03-14,23,35,Normal,N
9400,13,2023-03-15,134,26,Normal,N
9401,13,2023-03-16,127,32,Normal,N
9402,13,2023-03-17,140,43,Normal,N
9403,13,2023-03-18,135,42,Normal,N
9404,13,2023-03-19,61,39,Normal,N
9405,13,2023-03-20,90,27,Normal,N
9406,13,2023-03-21,38,38,Moderate,N
9407,13,2023-03-22,28,27,Moderate,N
9408,13,2023-03-23,43,31,Normal,N
9409,13,2023-03-24,94,27,Moderate,N
9410,13,2023-03-25,24,35,Moderate,N
9411,13,2023-03-26,11,30,Normal,N
9412,13,2023-03-27,15,43,Normal,N
9413,13,2023-03-28,34,40,Moderate,N
9414,13,2023-03-29,115,25,Normal,N
9415,13,2023-03-30,130,30,Normal,N
9416,13,2023-03-31,130,29,Normal,N
9417,13,2023-04-01,124,35,Normal,N
9418,13,2023-04-02,46,25,Moderate,N
9419,13,2023-04-03,117,38,Moderate,N
9420,13,2023-04-04,45,25,Moderate,N
9421,13,2023-04-05,22,31,Normal,N
9422,13,2023-04-06,140,28,Normal,N
9423,13,2023-04-07,33,26,Normal,N
9424,13,2023-04-08,99,28,Normal,N
9425,13,2023-04-09,75,30,Normal,N
9426,13,2023-04-10,84,31,Normal,N
9427,13,2023-04-11,135,30,Normal,N
9428,13,2023-04-12,79,41,Normal,N
9429,13,2023-04-13,64,37,Normal,N
9430,13,2023-04-14,31,26,Normal,N
9431,13,2023-04-15,27,40,Moderate,N
9432,13,2023-04-16,83,29,Normal,N
9433,13,2023-04-17,20,39,Moderate,N
9434,13,2023-04-18,129,37,Normal,N
9435,13,2023-04-19,3,28,Normal,N
9436,13,2023-04-20,74,40,Normal,N
9437,13,2023-04-21,125,41,Normal,N
9438,13,2023-04-22,112,29,Moderate,N
9439,13,2023-04-23,52,26,Moderate,N
9440,13,2023-04-24,5,27,Normal,N
9441,13,2023-04-25,44,31,Severe,Y
9442,13,2023-04-26,104,34,Normal,N
9443,13,2023-04-27,13,39,Normal,N
9444,13,2023-04-28,89,43,Severe,Y
9445,13,2023-04-29,30,31,Normal,N
9446,13,2023-04-30,127,42,Severe,Y
9447,13,2023-05-01,21,32,Moderate,N
9448,13,2023-05-02,95,29,Normal,N
9449,13,2023-05-03,75,28,Normal,N
9450,13,2023-05-04,69,42,Moderate,N
9451,13,2023-05-05,56,29,Normal,N
9452,13,2023-05-06,119,25,Normal,N
9453,13,2023-05-07,125,37,Normal,N
9454,13,2023-05-08,60,25,Moderate,N
9455,13,2023-05-09,38,25,Normal,N
9456,13,2023-05-10,63,38,Moderate,N
9457,13,2023-05-11,33,29,Normal,N
9458,13,2023-05-12,3,27,Normal,N
9459,13,2023-05-13,76,35,Moderate,N
9460,13,2023-05-14,78,30,Normal,N
9461,13,2023-05-15,101,27,Moderate,N
9462,13,2023-05-16,17,34,Normal,N
9463,13,2023-05-17,127,37,Moderate,N
9464,13,2023-05-18,74,27,Normal,N
9465,13,2023-05-19,98,38,Normal,N
9466,13,2023-05-20,138,29,Normal,N
9467,13,2023-05-21,1,36,Normal,N
9468,13,2023-05-22,120,40,Normal,N
9469,13,2023-05-23,48,30,Moderate,N
9470,13,2023-05-24,76,38,Normal,N
9471,13,2023-05-25,94,42,Severe,Y
9472,13,2023-05-26,78,31,Moderate,N
9473,13,2023-05-27,0,43,Normal,N
9474,13,2023-05-28,34,42,Normal,N
9475,13,2023-05-29,62,37,Normal,N
9476,13,2023-05-30,15,40,Normal,N
9477,13,2023-05-31,54,37,Normal,N
9478,13,2023-06-01,31,42,Normal,N
9479,13,2023-06-02,119,27,Normal,N
9480,13,2023-06-03,87,32,Normal,N
9481,13,2023-06-04,127,27,Normal,N
9482,13,2023-06-05,42,37,Moderate,N
9483,13,2023-06-06,128,40,Normal,N
9484,13,2023-06-07,19,28,Normal,N
9485,13,2023-06-08,26,41,Moderate,N
9486,13,2023-06-09,140,37,Severe,Y
9487,13,2023-06-10,36,27,Normal,N
9488,13,2023-06-11,84,43,Normal,N
9489,13,2023-06-12,23,30,Moderate,N
9490,13,2023-06-13,138,37,Normal,N
9491,13,2023-06-14,26,26,Normal,N
9492,13,2023-06-15,67,28,Moderate,N
9493,13,2023-06-16,34,28,Moderate,N
9494,13,2023-06-17,91,25,Normal,N
9495,13,2023-06-18,113,28,Severe,Y
9496,13,2023-06-19,137,30,Normal,N
9497,13,2023-06-20,33,38,Severe,Y
9498,13,2023-06-21,6,41,Normal,N
9499,13,2023-06-22,128,41,Normal,N
9500,13,2023-06-23,89,35,Normal,N
9501,13,2023-06-24,31,27,Normal,N
9502,13,2023-06-25,121,27,Moderate,N
9503,13,2023-06-26,45,24,Normal,N
9504,13,2023-06-27,125,25,Severe,Y
9505,13,2023-06-28,18,25,Moderate,N
9506,13,2023-06-29,64,26,Severe,Y
9507,13,2023-06-30,124,27,Severe,Y
9508,13,2023-07-01,61,24,Moderate,N
9509,13,2023-07-02,62,30,Moderate,N
9510,13,2023-07-03,21,40,Normal,N
9511,13,2023-07-04,133,39,Normal,N
9512,13,2023-07-05,140,39,Normal,N
9513,13,2023-07-06,46,33,Normal,N
9514,13,2023-07-07,136,25,Moderate,N
9515,13,2023-07-08,17,35,Normal,N
9516,13,2023-07-09,60,32,Normal,N
9517,13,2023-07-10,29,40,Moderate,N
9518,13,2023-07-11,14,43,Normal,N
9519,13,2023-07-12,57,34,Moderate,N
9520,13,2023-07-13,15,30,Normal,N
9521,13,2023-07-14,14,34,Normal,N
9522,13,2023-07-15,5,42,Normal,N
9523,13,2023-07-16,75,39,Normal,N
9524,13,2023-07-17,120,43,Normal,N
9525,13,2023-07-18,101,35,Normal,N
9526,13,2023-07-19,91,37,Normal,N
9527,13,2023-07-20,75,28,Moderate,N
9528,13,2023-07-21,131,31,Normal,N
9529,13,2023-07-22,3,30,Normal,N
9530,13,2023-07-23,56,27,Normal,N
9531,13,2023-07-24,51,40,Normal,N
9532,13,2023-07-25,10,28,Normal,N
9533,13,2023-07-26,64,36,Severe,Y
9534,13,2023-07-27,11,26,Normal,N
9535,13,2023-07-28,83,30,Severe,Y
9536,13,2023-07-29,46,32,Moderate,N
9537,13,2023-07-30,2,24,Normal,N
9538,13,2023-07-31,0,31,Normal,N
9539,13,2023-08-01,91,36,Normal,N
9540,13,2023-08-02,121,36,Normal,N
9541,13,2023-08-03,33,32,Normal,N
9542,13,2023-08-04,61,41,Normal,N
9543,13,2023-08-05,17,38,Normal,N
9544,13,2023-08-06,4,42,Moderate,N
9545,13,2023-08-07,41,25,Moderate,N
9546,13,2023-08-08,61,28,Moderate,N
9547,13,2023-08-09,115,26,Normal,N
9548,13,2023-08-10,108,34,Moderate,N
9549,13,2023-08-11,75,38,Severe,Y
9550,13,2023-08-12,135,31,Normal,N
9551,13,2023-08-13,67,29,Normal,N
9552,13,2023-08-14,100,25,Normal,N
9553,13,2023-08-15,127,40,Normal,N
9554,13,2023-08-16,1,26,Moderate,N
9555,13,2023-08-17,7,30,Normal,N
9556,13,2023-08-18,37,31,Moderate,N
9557,13,2023-08-19,15,36,Normal,N
9558,13,2023-08-20,110,28,Normal,N
9559,13,2023-08-21,109,42,Normal,N
9560,13,2023-08-22,105,26,Normal,N
9561,13,2023-08-23,93,28,Normal,N
9562,13,2023-08-24,47,39,Normal,N
9563,13,2023-08-25,77,39,Normal,N
9564,13,2023-08-26,135,42,Severe,Y
9565,13,2023-08-27,11,37,Normal,N
9566,13,2023-08-28,2,42,Severe,Y
9567,13,2023-08-29,89,30,Normal,N
9568,13,2023-08-30,121,26,Moderate,N
9569,13,2023-08-31,78,26,Normal,N
9570,13,2023-09-01,114,33,Moderate,N
9571,13,2023-09-02,2,36,Normal,N
9572,13,2023-09-03,18,39,Moderate,N
9573,13,2023-09-04,137,29,Normal,N
9574,13,2023-09-05,116,29,Moderate,N
9575,13,2023-09-06,3,38,Normal,N
9576,13,2023-09-07,114,24,Normal,N
9577,13,2023-09-08,76,30,Normal,N
9578,13,2023-09-09,82,39,Normal,N
9579,13,2023-09-10,76,40,Normal,N
9580,13,2023-09-11,115,28,Normal,N
9581,13,2023-09-12,139,33,Normal,N
9582,13,2023-09-13,95,36,Moderate,N
9583,13,2023-09-14,29,25,Moderate,N
9584,13,2023-09-15,71,39,Moderate,N
9585,13,2023-09-16,37,25,Moderate,N
9586,13,2023-09-17,93,31,Severe,Y
9587,13,2023-09-18,133,39,Normal,N
9588,13,2023-09-19,35,39,Severe,Y
9589,13,2023-09-20,3,41,Normal,N
9590,13,2023-09-21,112,34,Normal,N
9591,13,2023-09-22,111,24,Normal,N
9592,13,2023-09-23,139,30,Moderate,N
9593,13,2023-09-24,103,25,Moderate,N
9594,13,2023-09-25,96,42,Normal,N
9595,13,2023-09-26,43,34,Normal,N
9596,13,2023-09-27,2,28,Normal,N
9597,13,2023-09-28,88,34,Moderate,N
9598,13,2023-09-29,61,39,Normal,N
9599,13,2023-09-30,104,40,Moderate,N
9600,13,2023-10-01,60,35,Moderate,N
9601,13,2023-10-02,1,39,Severe,Y
9602,13,2023-10-03,16,35,Normal,N
9603,13,2023-10-04,37,28,Normal,N
9604,13,2023-10-05,100,34,Moderate,N
9605,13,2023-10-06,75,41,Normal,N
9606,13,2023-10-07,107,41,Normal,N
9607,13,2023-10-08,34,25,Normal,N
9608,13,2023-10-09,140,36,Moderate,N
9609,13,2023-10-10,56,34,Moderate,N
9610,13,2023-10-11,129,26,Normal,N
9611,13,2023-10-12,50,34,Normal,N
9612,13,2023-10-13,130,33,Moderate,N
9613,13,2023-10-14,139,29,Normal,N
9614,13,2023-10-15,90,25,Moderate,N
9615,13,2023-10-16,80,43,Moderate,N
9616,13,2023-10-17,48,26,Normal,N
9617,13,2023-10-18,123,33,Severe,Y
9618,13,2023-10-19,81,39,Normal,N
9619,13,2023-10-20,115,43,Severe,Y
9620,13,2023-10-21,17,30,Severe,Y
9621,13,2023-10-22,22,31,Moderate,N
9622,13,2023-10-23,64,25,Moderate,N
9623,13,2023-10-24,6,31,Moderate,N
9624,13,2023-10-25,24,37,Moderate,N
9625,13,2023-10-26,110,25,Moderate,N
9626,13,2023-10-27,28,35,Normal,N
9627,13,2023-10-28,80,30,Moderate,N
9628,13,2023-10-29,21,25,Normal,N
9629,13,2023-10-30,128,39,Normal,N
9630,13,2023-10-31,89,27,Moderate,N
9631,13,2023-11-01,3,32,Normal,N
9632,13,2023-11-02,68,36,Moderate,N
9633,13,2023-11-03,19,25,Normal,N
9634,13,2023-11-04,104,26,Normal,N
9635,13,2023-11-05,36,39,Normal,N
9636,13,2023-11-06,121,24,Moderate,N
9637,13,2023-11-07,27,38,Normal,N
9638,13,2023-11-08,17,38,Normal,N
9639,13,2023-11-09,83,24,Normal,N
9640,13,2023-11-10,39,39,Normal,N
9641,13,2023-11-11,64,25,Moderate,N
9642,13,2023-11-12,31,39,Moderate,N
9643,13,2023-11-13,106,24,Normal,N
9644,13,2023-11-14,107,24,Normal,N
9645,13,2023-11-15,19,34,Moderate,N
9646,13,2023-11-16,120,38,Normal,N
9647,13,2023-11-17,48,43,Normal,N
9648,13,2023-11-18,25,29,Normal,N
9649,13,2023-11-19,77,32,Normal,N
9650,13,2023-11-20,67,34,Normal,N
9651,13,2023-11-21,15,28,Normal,N
9652,13,2023-11-22,40,32,Normal,N
9653,13,2023-11-23,115,36,Normal,N
9654,13,2023-11-24,8,34,Normal,N
9655,13,2023-11-25,27,29,Severe,Y
9656,13,2023-11-26,26,26,Normal,N
9657,13,2023-11-27,3,42,Normal,N
9658,13,2023-11-28,8,34,Normal,N
9659,13,2023-11-29,40,35,Moderate,N
9660,13,2023-11-30,73,38,Normal,N
9661,13,2023-12-01,70,31,Normal,N
9662,13,2023-12-02,112,37,Moderate,N
9663,13,2023-12-03,75,26,Moderate,N
9664,13,2023-12-04,27,34,Normal,N
9665,13,2023-12-05,125,40,Normal,N
9666,13,2023-12-06,32,42,Normal,N
9667,13,2023-12-07,31,33,Normal,N
9668,13,2023-12-08,134,27,Severe,Y
9669,13,2023-12-09,121,33,Normal,N
9670,13,2023-12-10,11,39,Moderate,N
9671,13,2023-12-11,3,35,Moderate,N
9672,13,2023-12-12,122,32,Normal,N
9673,13,2023-12-13,70,31,Normal,N
9674,14,2022-07-19,119,29,Normal,N
9675,14,2022-07-20,47,32,Moderate,N
9676,14,2022-07-21,38,25,Normal,N
9677,14,2022-07-22,117,26,Severe,Y
9678,14,2022-07-23,74,29,Moderate,N
9679,14,2022-07-24,1,40,Normal,N
9680,14,2022-07-25,131,34,Normal,N
9681,14,2022-07-26,5,29,Normal,N
9682,14,2022-07-27,68,30,Moderate,N
9683,14,2022-07-28,132,31,Normal,N
9684,14,2022-07-29,134,30,Moderate,N
9685,14,2022-07-30,28,31,Normal,N
9686,14,2022-07-31,67,31,Severe,Y
9687,14,2022-08-01,71,32,Normal,N
9688,14,2022-08-02,27,29,Moderate,N
9689,14,2022-08-03,65,38,Normal,N
9690,14,2022-08-04,25,40,Normal,N
9691,14,2022-08-05,32,42,Normal,N
9692,14,2022-08-06,11,31,Normal,N
9693,14,2022-08-07,47,38,Normal,N
9694,14,2022-08-08,50,37,Normal,N
9695,14,2022-08-09,51,24,Normal,N
9696,14,2022-08-10,77,38,Normal,N
9697,14,2022-08-11,110,39,Normal,N
9698,14,2022-08-12,63,25,Normal,N
9699,14,2022-08-13,12,27,Normal,N
9700,14,2022-08-14,110,31,Normal,N
9701,14,2022-08-15,69,27,Normal,N
9702,14,2022-08-16,98,25,Normal,N
9703,14,2022-08-17,19,43,Normal,N
9704,14,2022-08-18,50,28,Severe,Y
9705,14,2022-08-19,3,40,Normal,N
9706,14,2022-08-20,117,36,Normal,N
9707,14,2022-08-21,134,36,Normal,N
9708,14,2022-08-22,50,39,Normal,N
9709,14,2022-08-23,108,28,Normal,N
9710,14,2022-08-24,58,29,Moderate,N
9711,14,2022-08-25,64,37,Normal,N
9712,14,2022-08-26,91,31,Normal,N
9713,14,2022-08-27,0,38,Normal,N
9714,14,2022-08-28,24,39,Severe,Y
9715,14,2022-08-29,106,34,Severe,Y
9716,14,2022-08-30,93,43,Moderate,N
9717,14,2022-08-31,106,33,Normal,N
9718,14,2022-09-01,63,42,Normal,N
9719,14,2022-09-02,116,29,Normal,N
9720,14,2022-09-03,73,26,Normal,N
9721,14,2022-09-04,58,35,Moderate,N
9722,14,2022-09-05,60,39,Normal,N
9723,14,2022-09-06,44,36,Severe,Y
9724,14,2022-09-07,76,39,Moderate,N
9725,14,2022-09-08,2,40,Normal,N
9726,14,2022-09-09,139,37,Moderate,N
9727,14,2022-09-10,1,37,Normal,N
9728,14,2022-09-11,92,25,Normal,N
9729,14,2022-09-12,135,34,Normal,N
9730,14,2022-09-13,80,42,Normal,N
9731,14,2022-09-14,19,33,Normal,N
9732,14,2022-09-15,39,38,Normal,N
9733,14,2022-09-16,124,32,Normal,N
9734,14,2022-09-17,55,40,Severe,Y
9735,14,2022-09-18,43,37,Normal,N
9736,14,2022-09-19,83,30,Normal,N
9737,14,2022-09-20,94,27,Moderate,N
9738,14,2022-09-21,127,39,Severe,Y
9739,14,2022-09-22,131,39,Severe,Y
9740,14,2022-09-23,74,29,Normal,N
9741,14,2022-09-24,100,24,Moderate,N
9742,14,2022-09-25,48,37,Normal,N
9743,14,2022-09-26,48,43,Severe,Y
9744,14,2022-09-27,4,40,Severe,Y
9745,14,2022-09-28,15,40,Moderate,N
9746,14,2022-09-29,87,37,Normal,N
9747,14,2022-09-30,118,42,Severe,Y
9748,14,2022-10-01,10,24,Normal,N
9749,14,2022-10-02,124,43,Normal,N
9750,14,2022-10-03,79,39,Normal,N
9751,14,2022-10-04,120,34,Normal,N
9752,14,2022-10-05,105,32,Normal,N
9753,14,2022-10-06,132,24,Normal,N
9754,14,2022-10-07,48,24,Normal,N
9755,14,2022-10-08,54,30,Normal,N
9756,14,2022-10-09,35,32,Moderate,N
9757,14,2022-10-10,54,33,Moderate,N
9758,14,2022-10-11,113,31,Normal,N
9759,14,2022-10-12,41,25,Moderate,N
9760,14,2022-10-13,63,27,Normal,N
9761,14,2022-10-14,98,31,Normal,N
9762,14,2022-10-15,19,29,Normal,N
9763,14,2022-10-16,62,33,Moderate,N
9764,14,2022-10-17,22,34,Normal,N
9765,14,2022-10-18,90,30,Normal,N
9766,14,2022-10-19,96,27,Normal,N
9767,14,2022-10-20,28,33,Normal,N
9768,14,2022-10-21,74,28,Normal,N
9769,14,2022-10-22,125,34,Severe,Y
9770,14,2022-10-23,5,43,Normal,N
9771,14,2022-10-24,32,24,Normal,N
9772,14,2022-10-25,29,42,Normal,N
9773,14,2022-10-26,56,31,Severe,Y
9774,14,2022-10-27,140,33,Moderate,N
9775,14,2022-10-28,67,32,Moderate,N
9776,14,2022-10-29,138,27,Moderate,N
9777,14,2022-10-30,57,24,Moderate,N
9778,14,2022-10-31,135,27,Normal,N
9779,14,2022-11-01,22,33,Normal,N
9780,14,2022-11-02,31,39,Normal,N
9781,14,2022-11-03,102,40,Normal,N
9782,14,2022-11-04,123,37,Moderate,N
9783,14,2022-11-05,124,33,Normal,N
9784,14,2022-11-06,110,42,Normal,N
9785,14,2022-11-07,4,25,Severe,Y
9786,14,2022-11-08,38,38,Moderate,N
9787,14,2022-11-09,7,29,Normal,N
9788,14,2022-11-10,38,28,Severe,Y
9789,14,2022-11-11,61,32,Moderate,N
9790,14,2022-11-12,18,27,Normal,N
9791,14,2022-11-13,137,32,Moderate,N
9792,14,2022-11-14,48,40,Normal,N
9793,14,2022-11-15,19,25,Normal,N
9794,14,2022-11-16,117,33,Severe,Y
9795,14,2022-11-17,112,37,Moderate,N
9796,14,2022-11-18,59,37,Moderate,N
9797,14,2022-11-19,138,33,Normal,N
9798,14,2022-11-20,93,27,Severe,Y
9799,14,2022-11-21,92,24,Normal,N
9800,14,2022-11-22,17,41,Normal,N
9801,14,2022-11-23,84,34,Normal,N
9802,14,2022-11-24,37,28,Normal,N
9803,14,2022-11-25,9,30,Severe,Y
9804,14,2022-11-26,122,37,Moderate,N
9805,14,2022-11-27,68,28,Normal,N
9806,14,2022-11-28,5,28,Normal,N
9807,14,2022-11-29,124,34,Normal,N
9808,14,2022-11-30,67,42,Moderate,N
9809,14,2022-12-01,21,40,Normal,N
9810,14,2022-12-02,6,43,Severe,Y
9811,14,2022-12-03,118,41,Normal,N
9812,14,2022-12-04,38,34,Moderate,N
9813,14,2022-12-05,59,28,Normal,N
9814,14,2022-12-06,25,32,Normal,N
9815,14,2022-12-07,56,24,Normal,N
9816,14,2022-12-08,49,24,Normal,N
9817,14,2022-12-09,117,26,Normal,N
9818,14,2022-12-10,126,32,Severe,Y
9819,14,2022-12-11,27,27,Moderate,N
9820,14,2022-12-12,62,24,Normal,N
9821,14,2022-12-13,5,41,Normal,N
9822,14,2022-12-14,80,37,Moderate,N
9823,14,2022-12-15,67,41,Normal,N
9824,14,2022-12-16,1,34,Moderate,N
9825,14,2022-12-17,97,28,Normal,N
9826,14,2022-12-18,7,38,Moderate,N
9827,14,2022-12-19,37,31,Normal,N
9828,14,2022-12-20,68,38,Normal,N
9829,14,2022-12-21,81,43,Moderate,N
9830,14,2022-12-22,15,31,Moderate,N
9831,14,2022-12-23,3,32,Normal,N
9832,14,2022-12-24,94,37,Normal,N
9833,14,2022-12-25,137,33,Severe,Y
9834,14,2022-12-26,93,31,Severe,Y
9835,14,2022-12-27,99,27,Moderate,N
9836,14,2022-12-28,77,34,Moderate,N
9837,14,2022-12-29,26,37,Normal,N
9838,14,2022-12-30,52,35,Normal,N
9839,14,2022-12-31,72,43,Moderate,N
9840,14,2023-01-01,57,34,Severe,Y
9841,14,2023-01-02,47,26,Normal,N
9842,14,2023-01-03,83,32,Normal,N
9843,14,2023-01-04,8,35,Normal,N
9844,14,2023-01-05,77,26,Normal,N
9845,14,2023-01-06,62,33,Moderate,N
9846,14,2023-01-07,19,40,Normal,N
9847,14,2023-01-08,12,41,Normal,N
9848,14,2023-01-09,27,41,Normal,N
9849,14,2023-01-10,73,41,Normal,N
9850,14,2023-01-11,29,25,Normal,N
9851,14,2023-01-12,110,25,Normal,N
9852,14,2023-01-13,7,31,Normal,N
9853,14,2023-01-14,103,25,Normal,N
9854,14,2023-01-15,127,42,Normal,N
9855,14,2023-01-16,83,34,Normal,N
9856,14,2023-01-17,123,32,Moderate,N
9857,14,2023-01-18,136,38,Normal,N
9858,14,2023-01-19,69,36,Normal,N
9859,14,2023-01-20,53,42,Normal,N
9860,14,2023-01-21,80,27,Normal,N
9861,14,2023-01-22,116,30,Normal,N
9862,14,2023-01-23,73,34,Moderate,N
9863,14,2023-01-24,92,43,Moderate,N
9864,14,2023-01-25,86,33,Normal,N
9865,14,2023-01-26,124,26,Severe,Y
9866,14,2023-01-27,0,29,Normal,N
9867,14,2023-01-28,82,29,Normal,N
9868,14,2023-01-29,37,32,Normal,N
9869,14,2023-01-30,57,39,Normal,N
9870,14,2023-01-31,64,39,Normal,N
9871,14,2023-02-01,71,34,Normal,N
9872,14,2023-02-02,18,29,Normal,N
9873,14,2023-02-03,35,42,Normal,N
9874,14,2023-02-04,128,29,Normal,N
9875,14,2023-02-05,126,38,Normal,N
9876,14,2023-02-06,81,25,Normal,N
9877,14,2023-02-07,40,43,Moderate,N
9878,14,2023-02-08,107,41,Moderate,N
9879,14,2023-02-09,101,25,Normal,N
9880,14,2023-02-10,27,30,Normal,N
9881,14,2023-02-11,114,42,Normal,N
9882,14,2023-02-12,60,29,Normal,N
9883,14,2023-02-13,98,34,Normal,N
9884,14,2023-02-14,96,36,Normal,N
9885,14,2023-02-15,50,30,Normal,N
9886,14,2023-02-16,15,28,Moderate,N
9887,14,2023-02-17,108,31,Normal,N
9888,14,2023-02-18,8,41,Normal,N
9889,14,2023-02-19,99,40,Normal,N
9890,14,2023-02-20,10,33,Normal,N
9891,14,2023-02-21,119,38,Normal,N
9892,14,2023-02-22,102,34,Normal,N
9893,14,2023-02-23,68,27,Normal,N
9894,14,2023-02-24,120,40,Normal,N
9895,14,2023-02-25,140,36,Moderate,N
9896,14,2023-02-26,68,27,Moderate,N
9897,14,2023-02-27,85,33,Severe,Y
9898,14,2023-02-28,14,31,Moderate,N
9899,14,2023-03-01,96,41,Moderate,N
9900,14,2023-03-02,112,39,Moderate,N
9901,14,2023-03-03,90,33,Normal,N
9902,14,2023-03-04,87,39,Normal,N
9903,14,2023-03-05,20,35,Normal,N
9904,14,2023-03-06,41,43,Moderate,N
9905,14,2023-03-07,116,28,Normal,N
9906,14,2023-03-08,112,31,Normal,N
9907,14,2023-03-09,59,31,Moderate,N
9908,14,2023-03-10,37,32,Severe,Y
9909,14,2023-03-11,137,31,Moderate,N
9910,14,2023-03-12,108,32,Normal,N
9911,14,2023-03-13,53,41,Severe,Y
9912,14,2023-03-14,89,27,Severe,Y
9913,14,2023-03-15,128,37,Normal,N
9914,14,2023-03-16,97,31,Normal,N
9915,14,2023-03-17,137,30,Normal,N
9916,14,2023-03-18,95,32,Normal,N
9917,14,2023-03-19,5,41,Normal,N
9918,14,2023-03-20,40,39,Normal,N
9919,14,2023-03-21,6,26,Normal,N
9920,14,2023-03-22,137,39,Normal,N
9921,14,2023-03-23,120,39,Normal,N
9922,14,2023-03-24,87,39,Normal,N
9923,14,2023-03-25,68,38,Normal,N
9924,14,2023-03-26,1,35,Normal,N
9925,14,2023-03-27,116,36,Normal,N
9926,14,2023-03-28,48,41,Normal,N
9927,14,2023-03-29,111,31,Moderate,N
9928,14,2023-03-30,51,27,Normal,N
9929,14,2023-03-31,101,24,Normal,N
9930,14,2023-04-01,137,30,Normal,N
9931,14,2023-04-02,133,43,Normal,N
9932,14,2023-04-03,120,33,Normal,N
9933,14,2023-04-04,31,26,Moderate,N
9934,14,2023-04-05,133,32,Normal,N
9935,14,2023-04-06,37,40,Normal,N
9936,14,2023-04-07,44,35,Moderate,N
9937,14,2023-04-08,130,35,Moderate,N
9938,14,2023-04-09,22,25,Severe,Y
9939,14,2023-04-10,102,26,Normal,N
9940,14,2023-04-11,137,39,Normal,N
9941,14,2023-04-12,61,37,Moderate,N
9942,14,2023-04-13,99,37,Normal,N
9943,14,2023-04-14,59,42,Moderate,N
9944,14,2023-04-15,14,33,Severe,Y
9945,14,2023-04-16,95,33,Normal,N
9946,14,2023-04-17,77,28,Normal,N
9947,14,2023-04-18,115,35,Normal,N
9948,14,2023-04-19,125,42,Normal,N
9949,14,2023-04-20,60,32,Normal,N
9950,14,2023-04-21,15,39,Moderate,N
9951,14,2023-04-22,97,31,Severe,Y
9952,14,2023-04-23,119,25,Normal,N
9953,14,2023-04-24,5,39,Normal,N
9954,14,2023-04-25,17,24,Normal,N
9955,14,2023-04-26,128,37,Normal,N
9956,14,2023-04-27,80,36,Normal,N
9957,14,2023-04-28,11,32,Moderate,N
9958,14,2023-04-29,31,31,Moderate,N
9959,14,2023-04-30,59,33,Normal,N
9960,14,2023-05-01,38,29,Severe,Y
9961,14,2023-05-02,108,27,Normal,N
9962,14,2023-05-03,26,32,Normal,N
9963,14,2023-05-04,115,27,Moderate,N
9964,14,2023-05-05,88,26,Normal,N
9965,14,2023-05-06,4,29,Moderate,N
9966,14,2023-05-07,112,36,Moderate,N
9967,14,2023-05-08,125,36,Moderate,N
9968,14,2023-05-09,62,31,Moderate,N
9969,14,2023-05-10,31,40,Normal,N
9970,14,2023-05-11,26,37,Normal,N
9971,14,2023-05-12,98,32,Moderate,N
9972,14,2023-05-13,95,39,Normal,N
9973,14,2023-05-14,79,29,Normal,N
9974,14,2023-05-15,20,27,Normal,N
9975,14,2023-05-16,96,25,Normal,N
9976,14,2023-05-17,10,31,Moderate,N
9977,14,2023-05-18,133,39,Normal,N
9978,14,2023-05-19,65,39,Normal,N
9979,14,2023-05-20,72,41,Moderate,N
9980,14,2023-05-21,27,25,Normal,N
9981,14,2023-05-22,119,31,Moderate,N
9982,14,2023-05-23,83,31,Normal,N
9983,14,2023-05-24,74,24,Moderate,N
9984,14,2023-05-25,101,36,Normal,N
9985,14,2023-05-26,85,28,Moderate,N
9986,14,2023-05-27,6,41,Normal,N
9987,14,2023-05-28,7,40,Normal,N
9988,14,2023-05-29,139,25,Normal,N
9989,14,2023-05-30,88,36,Moderate,N
9990,14,2023-05-31,2,24,Moderate,N
9991,14,2023-06-01,22,27,Normal,N
9992,14,2023-06-02,97,26,Severe,Y
9993,14,2023-06-03,53,36,Normal,N
9994,14,2023-06-04,2,40,Moderate,N
9995,14,2023-06-05,7,38,Moderate,N
9996,14,2023-06-06,77,28,Moderate,N
9997,14,2023-06-07,106,30,Normal,N
9998,14,2023-06-08,136,32,Normal,N
9999,14,2023-06-09,12,32,Normal,N
10000,14,2023-06-10,2,37,Normal,N
10001,14,2023-06-11,133,26,Normal,N
10002,14,2023-06-12,36,32,Normal,N
10003,14,2023-06-13,95,33,Normal,N
10004,14,2023-06-14,109,29,Normal,N
10005,14,2023-06-15,52,34,Normal,N
10006,14,2023-06-16,102,26,Normal,N
10007,14,2023-06-17,121,38,Normal,N
10008,14,2023-06-18,50,24,Normal,N
10009,14,2023-06-19,59,28,Normal,N
10010,14,2023-06-20,45,33,Normal,N
10011,14,2023-06-21,87,32,Normal,N
10012,14,2023-06-22,49,38,Normal,N
10013,14,2023-06-23,29,40,Moderate,N
10014,14,2023-06-24,101,33,Normal,N
10015,14,2023-06-25,126,41,Severe,Y
10016,14,2023-06-26,36,33,Normal,N
10017,14,2023-06-27,23,28,Severe,Y
10018,14,2023-06-28,105,31,Normal,N
10019,14,2023-06-29,29,43,Normal,N
10020,14,2023-06-30,46,29,Severe,Y
10021,14,2023-07-01,13,37,Normal,N
10022,14,2023-07-02,100,39,Normal,N
10023,14,2023-07-03,111,37,Normal,N
10024,14,2023-07-04,103,43,Normal,N
10025,14,2023-07-05,135,38,Moderate,N
10026,14,2023-07-06,95,33,Normal,N
10027,14,2023-07-07,116,24,Normal,N
10028,14,2023-07-08,3,36,Normal,N
10029,14,2023-07-09,123,40,Severe,Y
10030,14,2023-07-10,29,24,Normal,N
10031,14,2023-07-11,119,24,Severe,Y
10032,14,2023-07-12,103,39,Normal,N
10033,14,2023-07-13,126,26,Normal,N
10034,14,2023-07-14,1,33,Moderate,N
10035,14,2023-07-15,49,26,Normal,N
10036,14,2023-07-16,50,24,Normal,N
10037,14,2023-07-17,40,37,Normal,N
10038,14,2023-07-18,58,29,Severe,Y
10039,14,2023-07-19,129,40,Normal,N
10040,14,2023-07-20,80,41,Severe,Y
10041,14,2023-07-21,129,28,Normal,N
10042,14,2023-07-22,37,33,Moderate,N
10043,14,2023-07-23,64,30,Normal,N
10044,14,2023-07-24,9,28,Normal,N
10045,14,2023-07-25,33,24,Moderate,N
10046,14,2023-07-26,28,35,Normal,N
10047,14,2023-07-27,17,30,Moderate,N
10048,14,2023-07-28,56,29,Normal,N
10049,14,2023-07-29,107,30,Normal,N
10050,14,2023-07-30,86,26,Normal,N
10051,14,2023-07-31,12,37,Normal,N
10052,14,2023-08-01,20,24,Normal,N
10053,14,2023-08-02,72,35,Normal,N
10054,14,2023-08-03,40,29,Normal,N
10055,14,2023-08-04,11,33,Severe,Y
10056,14,2023-08-05,84,31,Normal,N
10057,14,2023-08-06,72,33,Moderate,N
10058,14,2023-08-07,55,37,Moderate,N
10059,14,2023-08-08,138,32,Severe,Y
10060,14,2023-08-09,84,34,Normal,N
10061,14,2023-08-10,62,33,Normal,N
10062,14,2023-08-11,54,42,Moderate,N
10063,14,2023-08-12,95,34,Moderate,N
10064,14,2023-08-13,62,38,Moderate,N
10065,14,2023-08-14,38,30,Moderate,N
10066,14,2023-08-15,118,41,Normal,N
10067,14,2023-08-16,2,29,Normal,N
10068,14,2023-08-17,89,43,Normal,N
10069,14,2023-08-18,111,34,Moderate,N
10070,14,2023-08-19,40,37,Normal,N
10071,14,2023-08-20,4,42,Normal,N
10072,14,2023-08-21,85,27,Normal,N
10073,14,2023-08-22,13,26,Normal,N
10074,14,2023-08-23,117,40,Normal,N
10075,14,2023-08-24,83,43,Normal,N
10076,14,2023-08-25,119,38,Normal,N
10077,14,2023-08-26,84,43,Normal,N
10078,14,2023-08-27,12,42,Normal,N
10079,14,2023-08-28,76,30,Normal,N
10080,14,2023-08-29,67,32,Moderate,N
10081,14,2023-08-30,131,26,Normal,N
10082,14,2023-08-31,126,24,Moderate,N
10083,14,2023-09-01,133,26,Severe,Y
10084,14,2023-09-02,89,42,Normal,N
10085,14,2023-09-03,27,30,Normal,N
10086,14,2023-09-04,36,29,Normal,N
10087,14,2023-09-05,114,40,Normal,N
10088,14,2023-09-06,129,41,Severe,Y
10089,14,2023-09-07,47,34,Moderate,N
10090,14,2023-09-08,91,27,Normal,N
10091,14,2023-09-09,45,27,Normal,N
10092,14,2023-09-10,108,39,Normal,N
10093,14,2023-09-11,56,43,Severe,Y
10094,14,2023-09-12,111,43,Normal,N
10095,14,2023-09-13,1,27,Normal,N
10096,14,2023-09-14,95,26,Normal,N
10097,14,2023-09-15,6,42,Severe,Y
10098,14,2023-09-16,96,35,Normal,N
10099,14,2023-09-17,29,31,Normal,N
10100,14,2023-09-18,14,36,Normal,N
10101,14,2023-09-19,37,36,Normal,N
10102,14,2023-09-20,64,43,Normal,N
10103,14,2023-09-21,119,33,Normal,N
10104,14,2023-09-22,137,27,Moderate,N
10105,14,2023-09-23,138,27,Normal,N
10106,14,2023-09-24,34,30,Normal,N
10107,14,2023-09-25,121,42,Severe,Y
10108,14,2023-09-26,38,38,Moderate,N
10109,14,2023-09-27,97,25,Normal,N
10110,14,2023-09-28,104,25,Normal,N
10111,14,2023-09-29,125,37,Severe,Y
10112,14,2023-09-30,126,33,Moderate,N
10113,14,2023-10-01,123,41,Normal,N
10114,14,2023-10-02,131,37,Severe,Y
10115,14,2023-10-03,90,27,Moderate,N
10116,14,2023-10-04,117,24,Normal,N
10117,14,2023-10-05,107,36,Moderate,N
10118,14,2023-10-06,48,41,Normal,N
10119,14,2023-10-07,2,26,Normal,N
10120,14,2023-10-08,130,43,Normal,N
10121,14,2023-10-09,85,42,Severe,Y
10122,14,2023-10-10,91,29,Normal,N
10123,14,2023-10-11,25,36,Normal,N
10124,14,2023-10-12,121,35,Normal,N
10125,14,2023-10-13,106,28,Severe,Y
10126,14,2023-10-14,135,36,Normal,N
10127,14,2023-10-15,3,26,Normal,N
10128,14,2023-10-16,120,38,Normal,N
10129,14,2023-10-17,88,28,Moderate,N
10130,14,2023-10-18,130,31,Severe,Y
10131,14,2023-10-19,10,30,Normal,N
10132,14,2023-10-20,38,33,Normal,N
10133,14,2023-10-21,44,34,Normal,N
10134,14,2023-10-22,101,33,Moderate,N
10135,14,2023-10-23,27,26,Severe,Y
10136,14,2023-10-24,136,31,Normal,N
10137,14,2023-10-25,27,39,Moderate,N
10138,14,2023-10-26,69,32,Moderate,N
10139,14,2023-10-27,100,27,Normal,N
10140,14,2023-10-28,40,28,Moderate,N
10141,14,2023-10-29,23,39,Normal,N
10142,14,2023-10-30,93,31,Normal,N
10143,14,2023-10-31,74,32,Normal,N
10144,14,2023-11-01,70,36,Normal,N
10145,14,2023-11-02,69,34,Normal,N
10146,14,2023-11-03,101,37,Normal,N
10147,14,2023-11-04,38,31,Moderate,N
10148,14,2023-11-05,8,28,Normal,N
10149,14,2023-11-06,137,41,Moderate,N
10150,14,2023-11-07,102,31,Moderate,N
10151,14,2023-11-08,110,24,Normal,N
10152,14,2023-11-09,130,36,Normal,N
10153,14,2023-11-10,86,36,Normal,N
10154,14,2023-11-11,11,27,Normal,N
10155,14,2023-11-12,49,36,Normal,N
10156,14,2023-11-13,35,40,Moderate,N
10157,14,2023-11-14,4,35,Normal,N
10158,14,2023-11-15,101,41,Normal,N
10159,14,2023-11-16,120,31,Normal,N
10160,14,2023-11-17,32,25,Normal,N
10161,14,2023-11-18,106,24,Normal,N
10162,14,2023-11-19,62,37,Moderate,N
10163,14,2023-11-20,55,33,Normal,N
10164,14,2023-11-21,14,33,Moderate,N
10165,14,2023-11-22,16,30,Normal,N
10166,14,2023-11-23,68,24,Normal,N
10167,14,2023-11-24,134,31,Normal,N
10168,14,2023-11-25,31,40,Normal,N
10169,14,2023-11-26,0,30,Moderate,N
10170,14,2023-11-27,64,35,Normal,N
10171,14,2023-11-28,111,34,Normal,N
10172,14,2023-11-29,115,28,Moderate,N
10173,14,2023-11-30,124,36,Normal,N
10174,14,2023-12-01,101,42,Normal,N
10175,14,2023-12-02,73,34,Moderate,N
10176,14,2023-12-03,27,33,Normal,N
10177,14,2023-12-04,118,42,Normal,N
10178,14,2023-12-05,83,27,Normal,N
10179,14,2023-12-06,25,33,Normal,N
10180,14,2023-12-07,21,28,Normal,N
10181,14,2023-12-08,76,33,Normal,N
10182,14,2023-12-09,39,36,Normal,N
10183,14,2023-12-10,55,40,Moderate,N
10184,14,2023-12-11,15,25,Moderate,N
10185,14,2023-12-12,22,33,Normal,N
10186,14,2023-12-13,39,39,Normal,N
10187,14,2023-12-14,19,28,Normal,N
10188,14,2023-12-15,26,27,Normal,N
10189,14,2023-12-16,118,34,Normal,N
10190,14,2023-12-17,78,30,Moderate,N
10191,14,2023-12-18,92,42,Normal,N
10192,14,2023-12-19,34,37,Normal,N
10193,14,2023-12-20,34,33,Normal,N
10194,14,2023-12-21,88,35,Normal,N
10195,14,2023-12-22,64,43,Normal,N
10196,14,2023-12-23,107,24,Normal,N
10197,14,2023-12-24,74,31,Moderate,N
10198,14,2023-12-25,50,25,Severe,Y
10199,14,2023-12-26,102,24,Moderate,N
10200,14,2023-12-27,11,39,Normal,N
10201,14,2023-12-28,68,32,Normal,N
10202,14,2023-12-29,98,29,Moderate,N
10203,14,2023-12-30,29,34,Normal,N
10204,14,2023-12-31,129,34,Moderate,N
10205,14,2024-01-01,0,27,Normal,N
10206,14,2024-01-02,105,30,Normal,N
10207,14,2024-01-03,34,38,Moderate,N
10208,14,2024-01-04,49,26,Normal,N
10209,14,2024-01-05,33,35,Normal,N
10210,14,2024-01-06,82,31,Normal,N
10211,14,2024-01-07,89,39,Moderate,N
10212,14,2024-01-08,137,26,Moderate,N
10213,14,2024-01-09,12,30,Moderate,N
10214,14,2024-01-10,106,36,Moderate,N
10215,14,2024-01-11,46,40,Moderate,N
10216,14,2024-01-12,90,36,Normal,N
10217,14,2024-01-13,112,29,Moderate,N
10218,14,2024-01-14,17,26,Moderate,N
10219,14,2024-01-15,99,41,Moderate,N
10220,14,2024-01-16,55,43,Moderate,N
10221,14,2024-01-17,81,41,Normal,N
10222,14,2024-01-18,4,41,Normal,N
10223,14,2024-01-19,8,36,Moderate,N
10224,14,2024-01-20,7,37,Normal,N
10225,14,2024-01-21,54,38,Normal,N
10226,14,2024-01-22,80,39,Normal,N
10227,14,2024-01-23,57,33,Normal,N
10228,14,2024-01-24,18,43,Moderate,N
10229,14,2024-01-25,133,40,Severe,Y
10230,14,2024-01-26,111,36,Moderate,N
10231,14,2024-01-27,75,35,Moderate,N
10232,14,2024-01-28,27,32,Normal,N
10233,14,2024-01-29,93,39,Severe,Y
10234,14,2024-01-30,132,24,Normal,N
10235,14,2024-01-31,126,41,Normal,N
10236,14,2024-02-01,125,31,Normal,N
10237,14,2024-02-02,87,32,Normal,N
10238,14,2024-02-03,56,43,Moderate,N
10239,14,2024-02-04,72,42,Normal,N
10240,14,2024-02-05,119,33,Moderate,N
10241,14,2024-02-06,36,33,Moderate,N
10242,14,2024-02-07,137,40,Normal,N
10243,14,2024-02-08,133,26,Normal,N
10244,14,2024-02-09,1,38,Normal,N
10245,14,2024-02-10,2,28,Moderate,N
10246,14,2024-02-11,29,42,Normal,N
10247,14,2024-02-12,45,40,Normal,N
10248,14,2024-02-13,1,31,Normal,N
10249,14,2024-02-14,134,40,Normal,N
10250,14,2024-02-15,84,38,Normal,N
10251,14,2024-02-16,19,34,Moderate,N
10252,14,2024-02-17,3,25,Normal,N
10253,14,2024-02-18,48,27,Normal,N
10254,14,2024-02-19,93,25,Normal,N
10255,14,2024-02-20,4,29,Severe,Y
10256,14,2024-02-21,139,27,Normal,N
10257,14,2024-02-22,29,28,Normal,N
10258,14,2024-02-23,64,25,Normal,N
10259,14,2024-02-24,21,34,Moderate,N
10260,14,2024-02-25,31,25,Normal,N
10261,14,2024-02-26,57,31,Normal,N
10262,14,2024-02-27,70,42,Moderate,N
10263,14,2024-02-28,140,42,Normal,N
10264,14,2024-02-29,114,42,Normal,N
10265,14,2024-03-01,27,38,Normal,N
10266,14,2024-03-02,48,31,Severe,Y
10267,14,2024-03-03,49,33,Moderate,N
10268,14,2024-03-04,79,37,Normal,N
10269,14,2024-03-05,8,41,Severe,Y
10270,14,2024-03-06,70,32,Normal,N
10271,14,2024-03-07,20,30,Normal,N
10272,14,2024-03-08,47,43,Severe,Y
10273,14,2024-03-09,59,24,Moderate,N
10274,14,2024-03-10,1,30,Severe,Y
10275,14,2024-03-11,1,31,Normal,N
10276,14,2024-03-12,106,40,Normal,N
10277,14,2024-03-13,9,39,Normal,N
10278,14,2024-03-14,105,27,Moderate,N
10279,14,2024-03-15,122,29,Normal,N
10280,14,2024-03-16,123,41,Normal,N
10281,14,2024-03-17,118,26,Normal,N
10282,14,2024-03-18,29,35,Normal,N
10283,14,2024-03-19,16,33,Normal,N
10284,14,2024-03-20,117,39,Normal,N
10285,14,2024-03-21,12,35,Normal,N
10286,14,2024-03-22,100,24,Moderate,N
10287,14,2024-03-23,92,36,Normal,N
10288,14,2024-03-24,117,35,Moderate,N
10289,14,2024-03-25,43,32,Normal,N
10290,14,2024-03-26,43,32,Moderate,N
10291,14,2024-03-27,51,26,Severe,Y
10292,14,2024-03-28,101,25,Severe,Y
10293,14,2024-03-29,24,26,Moderate,N
10294,14,2024-03-30,10,38,Normal,N
10295,14,2024-03-31,113,28,Moderate,N
10296,14,2024-04-01,78,41,Moderate,N
10297,14,2024-04-02,79,40,Normal,N
10298,14,2024-04-03,119,41,Moderate,N
10299,14,2024-04-04,17,42,Moderate,N
10300,14,2024-04-05,90,37,Normal,N
10301,14,2024-04-06,74,38,Moderate,N
10302,14,2024-04-07,139,38,Normal,N
10303,14,2024-04-08,37,43,Moderate,N
10304,14,2024-04-09,27,40,Severe,Y
10305,14,2024-04-10,137,31,Moderate,N
10306,14,2024-04-11,3,40,Normal,N
10307,14,2024-04-12,27,40,Normal,N
10308,14,2024-04-13,64,28,Normal,N
10309,14,2024-04-14,90,29,Normal,N
10310,14,2024-04-15,39,42,Moderate,N
10311,14,2024-04-16,118,35,Normal,N
10312,14,2024-04-17,101,42,Normal,N
10313,14,2024-04-18,68,41,Normal,N
10314,14,2024-04-19,65,27,Normal,N
10315,14,2024-04-20,138,30,Moderate,N
10316,14,2024-04-21,11,30,Normal,N
10317,14,2024-04-22,58,32,Normal,N
10318,14,2024-04-23,19,33,Normal,N
10319,14,2024-04-24,12,34,Normal,N
10320,14,2024-04-25,89,37,Normal,N
10321,14,2024-04-26,41,30,Severe,Y
10322,14,2024-04-27,31,34,Moderate,N
10323,14,2024-04-28,69,27,Normal,N
10324,14,2024-04-29,88,29,Normal,N
10325,14,2024-04-30,106,28,Normal,N
10326,14,2024-05-01,84,29,Severe,Y
10327,14,2024-05-02,68,30,Normal,N
10328,14,2024-05-03,90,32,Moderate,N
10329,14,2024-05-04,39,24,Normal,N
10330,14,2024-05-05,43,31,Normal,N
10331,14,2024-05-06,86,37,Moderate,N
10332,14,2024-05-07,96,30,Normal,N
10333,14,2024-05-08,33,39,Moderate,N
10334,14,2024-05-09,111,38,Normal,N
10335,14,2024-05-10,139,33,Normal,N
10336,14,2024-05-11,40,38,Normal,N
10337,14,2024-05-12,70,27,Moderate,N
10338,14,2024-05-13,28,29,Moderate,N
10339,14,2024-05-14,136,32,Normal,N
10340,14,2024-05-15,31,32,Normal,N
10341,14,2024-05-16,93,31,Normal,N
10342,14,2024-05-17,72,25,Moderate,N
10343,14,2024-05-18,118,26,Normal,N
10344,14,2024-05-19,5,25,Normal,N
10345,14,2024-05-20,18,26,Normal,N
10346,14,2024-05-21,32,32,Normal,N
10347,14,2024-05-22,114,40,Moderate,N
10348,14,2024-05-23,48,24,Normal,N
10349,14,2024-05-24,113,39,Moderate,N
10350,14,2024-05-25,73,35,Normal,N
10351,14,2024-05-26,93,35,Moderate,N
10352,14,2024-05-27,135,40,Moderate,N
10353,14,2024-05-28,105,41,Normal,N
10354,14,2024-05-29,21,40,Normal,N
10355,14,2024-05-30,15,27,Normal,N
10356,14,2024-05-31,116,29,Moderate,N
10357,14,2024-06-01,77,29,Normal,N
10358,14,2024-06-02,31,37,Normal,N
10359,14,2024-06-03,39,28,Normal,N
10360,14,2024-06-04,69,31,Normal,N
10361,14,2024-06-05,116,42,Normal,N
10362,14,2024-06-06,27,29,Normal,N
10363,14,2024-06-07,67,30,Normal,N
10364,14,2024-06-08,93,37,Moderate,N
10365,14,2024-06-09,68,27,Normal,N
10366,14,2024-06-10,99,25,Normal,N
10367,14,2024-06-11,94,31,Moderate,N
10368,14,2024-06-12,108,32,Normal,N
10369,14,2024-06-13,58,42,Normal,N
10370,14,2024-06-14,82,32,Normal,N
10371,14,2024-06-15,120,42,Normal,N
10372,14,2024-06-16,53,28,Moderate,N
10373,14,2024-06-17,2,26,Normal,N
10374,14,2024-06-18,53,40,Normal,N
10375,14,2024-06-19,2,26,Normal,N
10376,14,2024-06-20,20,29,Normal,N
10377,14,2024-06-21,97,43,Moderate,N
10378,14,2024-06-22,50,33,Moderate,N
10379,14,2024-06-23,110,41,Moderate,N
10380,14,2024-06-24,140,33,Moderate,N
10381,14,2024-06-25,92,29,Normal,N
10382,14,2024-06-26,30,27,Normal,N
10383,14,2024-06-27,102,41,Moderate,N
10384,14,2024-06-28,97,34,Severe,Y
10385,14,2024-06-29,81,40,Moderate,N
10386,14,2024-06-30,24,30,Normal,N
10387,14,2024-07-01,39,28,Normal,N
10388,14,2024-07-02,34,33,Severe,Y
10389,14,2024-07-03,124,26,Normal,N
10390,14,2024-07-04,140,40,Normal,N
10391,14,2024-07-05,45,38,Normal,N
10392,14,2024-07-06,85,37,Normal,N
10393,14,2024-07-07,52,25,Moderate,N
10394,14,2024-07-08,77,26,Normal,N
10395,14,2024-07-09,67,37,Normal,N
10396,14,2024-07-10,63,33,Normal,N
10397,14,2024-07-11,68,33,Moderate,N
10398,14,2024-07-12,132,38,Normal,N
10399,14,2024-07-13,115,30,Normal,N
10400,14,2024-07-14,108,39,Moderate,N
10401,14,2024-07-15,53,27,Moderate,N
10402,14,2024-07-16,83,33,Severe,Y
10403,14,2024-07-17,139,35,Normal,N
10404,14,2024-07-18,60,29,Severe,Y
10405,14,2024-07-19,82,32,Moderate,N
10406,14,2024-07-20,63,28,Normal,N
10407,14,2024-07-21,46,26,Normal,N
10408,14,2024-07-22,1,37,Normal,N
10409,14,2024-07-23,112,24,Normal,N
10410,14,2024-07-24,0,31,Normal,N
10411,14,2024-07-25,140,37,Normal,N
10412,14,2024-07-26,56,27,Moderate,N
10413,14,2024-07-27,84,37,Moderate,N
10414,14,2024-07-28,11,41,Normal,N
10415,14,2024-07-29,4,39,Moderate,N
10416,14,2024-07-30,86,42,Normal,N
10417,14,2024-07-31,8,26,Normal,N
10418,14,2024-08-01,83,43,Severe,Y
10419,14,2024-08-02,91,34,Normal,N
10420,14,2024-08-03,48,40,Normal,N
10421,14,2024-08-04,14,35,Moderate,N
10422,14,2024-08-05,18,32,Normal,N
10423,14,2024-08-06,140,39,Normal,N
10424,14,2024-08-07,70,37,Normal,N
10425,14,2024-08-08,83,25,Normal,N
10426,14,2024-08-09,10,43,Severe,Y
10427,14,2024-08-10,24,28,Moderate,N
10428,14,2024-08-11,71,37,Moderate,N
10429,14,2024-08-12,9,42,Normal,N
10430,14,2024-08-13,36,40,Moderate,N
10431,14,2024-08-14,11,42,Moderate,N
10432,14,2024-08-15,118,37,Normal,N
10433,14,2024-08-16,38,32,Moderate,N
10434,14,2024-08-17,70,40,Moderate,N
10435,14,2024-08-18,70,25,Normal,N
10436,14,2024-08-19,122,39,Normal,N
10437,14,2024-08-20,29,26,Normal,N
10438,14,2024-08-21,89,33,Normal,N
10439,14,2024-08-22,41,29,Normal,N
10440,14,2024-08-23,0,36,Moderate,N
10441,14,2024-08-24,55,41,Normal,N
10442,14,2024-08-25,104,34,Moderate,N
10443,14,2024-08-26,110,39,Moderate,N
10444,14,2024-08-27,129,32,Moderate,N
10445,14,2024-08-28,46,43,Normal,N
10446,14,2024-08-29,51,43,Normal,N
10447,14,2024-08-30,16,29,Moderate,N
10448,14,2024-08-31,24,28,Normal,N
10449,14,2024-09-01,55,35,Normal,N
10450,14,2024-09-02,23,36,Normal,N
10451,14,2024-09-03,80,40,Moderate,N
10452,14,2024-09-04,130,28,Normal,N
10453,14,2024-09-05,120,42,Normal,N
10454,14,2024-09-06,130,38,Normal,N
10455,14,2024-09-07,85,39,Normal,N
10456,14,2024-09-08,7,26,Normal,N
10457,14,2024-09-09,40,41,Severe,Y
10458,14,2024-09-10,33,24,Normal,N
10459,14,2024-09-11,43,25,Normal,N
10460,14,2024-09-12,68,27,Normal,N
10461,14,2024-09-13,37,31,Normal,N
10462,14,2024-09-14,132,25,Normal,N
10463,14,2024-09-15,65,36,Normal,N
10464,14,2024-09-16,140,40,Normal,N
10465,14,2024-09-17,17,42,Normal,N
10466,14,2024-09-18,20,35,Normal,N
10467,14,2024-09-19,57,30,Moderate,N
10468,14,2024-09-20,95,26,Normal,N
10469,14,2024-09-21,0,33,Severe,Y
10470,14,2024-09-22,77,31,Normal,N
10471,14,2024-09-23,133,35,Normal,N
10472,14,2024-09-24,66,43,Moderate,N
10473,14,2024-09-25,0,41,Normal,N
10474,14,2024-09-26,3,24,Normal,N
10475,14,2024-09-27,104,30,Normal,N
10476,14,2024-09-28,82,36,Moderate,N
10477,14,2024-09-29,89,30,Normal,N
10478,14,2024-09-30,21,27,Moderate,N
10479,14,2024-10-01,101,26,Moderate,N
10480,14,2024-10-02,32,40,Severe,Y
10481,14,2024-10-03,8,38,Normal,N
10482,14,2024-10-04,78,26,Normal,N
10483,14,2024-10-05,10,30,Normal,N
10484,14,2024-10-06,92,27,Normal,N
10485,14,2024-10-07,125,27,Normal,N
10486,14,2024-10-08,20,34,Normal,N
10487,14,2024-10-09,61,42,Normal,N
10488,14,2024-10-10,74,35,Normal,N
10489,14,2024-10-11,112,24,Normal,N
10490,14,2024-10-12,14,43,Moderate,N
10491,14,2024-10-13,123,42,Normal,N
10492,14,2024-10-14,129,39,Normal,N
10493,14,2024-10-15,97,25,Normal,N
10494,14,2024-10-16,7,41,Normal,N
10495,14,2024-10-17,56,38,Normal,N
10496,14,2024-10-18,135,35,Moderate,N
10497,14,2024-10-19,61,25,Normal,N
10498,14,2024-10-20,86,39,Normal,N
10499,14,2024-10-21,41,25,Severe,Y
10500,14,2024-10-22,68,31,Normal,N
10501,14,2024-10-23,91,41,Normal,N
10502,14,2024-10-24,27,38,Normal,N
10503,14,2024-10-25,131,41,Normal,N
10504,14,2024-10-26,18,30,Normal,N
10505,14,2024-10-27,100,27,Normal,N
10506,14,2024-10-28,108,39,Normal,N
10507,14,2024-10-29,34,38,Moderate,N
10508,14,2024-10-30,113,39,Moderate,N
10509,14,2024-10-31,115,34,Normal,N
10510,14,2024-11-01,121,26,Normal,N
10511,14,2024-11-02,15,38,Normal,N
10512,14,2024-11-03,52,40,Moderate,N
10513,14,2024-11-04,63,32,Normal,N
10514,14,2024-11-05,54,36,Normal,N
10515,14,2024-11-06,27,29,Normal,N
10516,14,2024-11-07,1,40,Moderate,N
10517,14,2024-11-08,134,27,Normal,N
10518,14,2024-11-09,93,34,Normal,N
10519,14,2024-11-10,79,37,Normal,N
10520,14,2024-11-11,62,36,Normal,N
10521,14,2024-11-12,52,32,Normal,N
10522,14,2024-11-13,123,33,Moderate,N
10523,15,2022-02-23,64,41,Normal,N
10524,15,2022-02-24,34,30,Moderate,N
10525,15,2022-02-25,63,37,Normal,N
10526,15,2022-02-26,70,29,Moderate,N
10527,15,2022-02-27,42,26,Severe,Y
10528,15,2022-02-28,68,35,Severe,Y
10529,15,2022-03-01,129,43,Normal,N
10530,15,2022-03-02,22,33,Moderate,N
10531,15,2022-03-03,58,40,Normal,N
10532,15,2022-03-04,135,33,Normal,N
10533,15,2022-03-05,125,24,Normal,N
10534,15,2022-03-06,67,25,Normal,N
10535,15,2022-03-07,41,24,Normal,N
10536,15,2022-03-08,85,33,Normal,N
10537,15,2022-03-09,71,31,Normal,N
10538,15,2022-03-10,12,32,Normal,N
10539,15,2022-03-11,17,32,Severe,Y
10540,15,2022-03-12,42,41,Normal,N
10541,15,2022-03-13,16,25,Normal,N
10542,15,2022-03-14,51,41,Moderate,N
10543,15,2022-03-15,97,40,Normal,N
10544,15,2022-03-16,93,35,Normal,N
10545,15,2022-03-17,95,24,Normal,N
10546,15,2022-03-18,2,40,Severe,Y
10547,15,2022-03-19,90,39,Normal,N
10548,15,2022-03-20,48,24,Normal,N
10549,15,2022-03-21,36,35,Normal,N
10550,15,2022-03-22,50,29,Moderate,N
10551,15,2022-03-23,90,43,Normal,N
10552,15,2022-03-24,106,37,Normal,N
10553,15,2022-03-25,52,39,Moderate,N
10554,15,2022-03-26,75,30,Moderate,N
10555,15,2022-03-27,32,30,Normal,N
10556,15,2022-03-28,49,33,Moderate,N
10557,15,2022-03-29,92,34,Normal,N
10558,15,2022-03-30,130,38,Normal,N
10559,15,2022-03-31,109,33,Normal,N
10560,15,2022-04-01,6,29,Normal,N
10561,15,2022-04-02,29,30,Moderate,N
10562,15,2022-04-03,55,29,Normal,N
10563,15,2022-04-04,37,37,Moderate,N
10564,15,2022-04-05,100,39,Normal,N
10565,15,2022-04-06,122,34,Normal,N
10566,15,2022-04-07,94,30,Severe,Y
10567,15,2022-04-08,26,29,Moderate,N
10568,15,2022-04-09,91,37,Normal,N
10569,15,2022-04-10,46,32,Normal,N
10570,15,2022-04-11,33,40,Normal,N
10571,15,2022-04-12,80,37,Normal,N
10572,15,2022-04-13,1,39,Severe,Y
10573,15,2022-04-14,78,43,Normal,N
10574,15,2022-04-15,107,42,Normal,N
10575,15,2022-04-16,123,28,Moderate,N
10576,15,2022-04-17,33,27,Normal,N
10577,15,2022-04-18,121,30,Normal,N
10578,15,2022-04-19,27,35,Moderate,N
10579,15,2022-04-20,110,35,Normal,N
10580,15,2022-04-21,46,31,Normal,N
10581,15,2022-04-22,111,29,Normal,N
10582,15,2022-04-23,74,36,Normal,N
10583,15,2022-04-24,52,38,Severe,Y
10584,15,2022-04-25,101,26,Normal,N
10585,15,2022-04-26,51,42,Normal,N
10586,15,2022-04-27,55,34,Moderate,N
10587,15,2022-04-28,27,27,Normal,N
10588,15,2022-04-29,88,39,Normal,N
10589,15,2022-04-30,47,43,Moderate,N
10590,15,2022-05-01,57,34,Moderate,N
10591,15,2022-05-02,138,28,Normal,N
10592,15,2022-05-03,16,40,Moderate,N
10593,15,2022-05-04,114,42,Normal,N
10594,15,2022-05-05,5,39,Normal,N
10595,15,2022-05-06,116,41,Severe,Y
10596,15,2022-05-07,58,42,Normal,N
10597,15,2022-05-08,47,38,Normal,N
10598,15,2022-05-09,92,29,Normal,N
10599,15,2022-05-10,123,36,Normal,N
10600,15,2022-05-11,74,24,Normal,N
10601,15,2022-05-12,63,25,Normal,N
10602,15,2022-05-13,128,38,Normal,N
10603,15,2022-05-14,92,33,Normal,N
10604,15,2022-05-15,21,35,Moderate,N
10605,15,2022-05-16,59,28,Normal,N
10606,15,2022-05-17,116,25,Severe,Y
10607,15,2022-05-18,26,31,Severe,Y
10608,15,2022-05-19,30,36,Normal,N
10609,15,2022-05-20,45,27,Normal,N
10610,15,2022-05-21,129,30,Normal,N
10611,15,2022-05-22,126,41,Normal,N
10612,15,2022-05-23,41,33,Normal,N
10613,15,2022-05-24,44,24,Normal,N
10614,15,2022-05-25,126,36,Normal,N
10615,15,2022-05-26,17,30,Normal,N
10616,15,2022-05-27,63,39,Normal,N
10617,15,2022-05-28,11,37,Normal,N
10618,15,2022-05-29,61,43,Moderate,N
10619,15,2022-05-30,19,40,Moderate,N
10620,15,2022-05-31,12,29,Normal,N
10621,15,2022-06-01,101,40,Normal,N
10622,15,2022-06-02,9,35,Normal,N
10623,15,2022-06-03,53,42,Normal,N
10624,15,2022-06-04,22,25,Normal,N
10625,15,2022-06-05,103,29,Severe,Y
10626,15,2022-06-06,42,32,Normal,N
10627,15,2022-06-07,122,29,Normal,N
10628,15,2022-06-08,2,41,Normal,N
10629,15,2022-06-09,20,35,Normal,N
10630,15,2022-06-10,112,36,Moderate,N
10631,15,2022-06-11,0,29,Severe,Y
10632,15,2022-06-12,116,28,Normal,N
10633,15,2022-06-13,14,38,Moderate,N
10634,15,2022-06-14,25,24,Normal,N
10635,15,2022-06-15,36,35,Normal,N
10636,15,2022-06-16,92,35,Moderate,N
10637,15,2022-06-17,97,42,Normal,N
10638,15,2022-06-18,39,36,Normal,N
10639,15,2022-06-19,121,38,Normal,N
10640,15,2022-06-20,68,43,Normal,N
10641,15,2022-06-21,39,43,Normal,N
10642,15,2022-06-22,51,43,Normal,N
10643,15,2022-06-23,4,30,Moderate,N
10644,15,2022-06-24,93,31,Normal,N
10645,15,2022-06-25,66,41,Moderate,N
10646,15,2022-06-26,20,28,Moderate,N
10647,15,2022-06-27,28,30,Moderate,N
10648,15,2022-06-28,6,32,Normal,N
10649,15,2022-06-29,132,39,Normal,N
10650,15,2022-06-30,137,39,Normal,N
10651,15,2022-07-01,80,31,Severe,Y
10652,15,2022-07-02,119,31,Moderate,N
10653,15,2022-07-03,22,31,Normal,N
10654,15,2022-07-04,19,32,Moderate,N
10655,15,2022-07-05,110,34,Normal,N
10656,15,2022-07-06,17,32,Normal,N
10657,15,2022-07-07,79,35,Normal,N
10658,15,2022-07-08,40,33,Normal,N
10659,15,2022-07-09,63,35,Severe,Y
10660,15,2022-07-10,102,41,Normal,N
10661,15,2022-07-11,132,29,Moderate,N
10662,15,2022-07-12,111,38,Normal,N
10663,15,2022-07-13,75,37,Severe,Y
10664,15,2022-07-14,68,33,Moderate,N
10665,15,2022-07-15,78,30,Moderate,N
10666,15,2022-07-16,111,28,Normal,N
10667,15,2022-07-17,3,33,Moderate,N
10668,15,2022-07-18,57,43,Normal,N
10669,15,2022-07-19,109,24,Normal,N
10670,15,2022-07-20,102,36,Normal,N
10671,15,2022-07-21,59,28,Moderate,N
10672,15,2022-07-22,128,29,Moderate,N
10673,15,2022-07-23,76,31,Normal,N
10674,15,2022-07-24,104,34,Normal,N
10675,15,2022-07-25,22,24,Moderate,N
10676,15,2022-07-26,24,37,Moderate,N
10677,15,2022-07-27,70,26,Normal,N
10678,15,2022-07-28,51,43,Normal,N
10679,15,2022-07-29,75,35,Normal,N
10680,15,2022-07-30,24,31,Normal,N
10681,15,2022-07-31,75,35,Normal,N
10682,15,2022-08-01,97,41,Normal,N
10683,15,2022-08-02,110,29,Normal,N
10684,15,2022-08-03,18,27,Normal,N
10685,15,2022-08-04,99,42,Moderate,N
10686,15,2022-08-05,101,31,Normal,N
10687,15,2022-08-06,69,42,Normal,N
10688,15,2022-08-07,22,29,Normal,N
10689,15,2022-08-08,69,36,Normal,N
10690,15,2022-08-09,119,35,Normal,N
10691,15,2022-08-10,113,24,Moderate,N
10692,15,2022-08-11,70,43,Normal,N
10693,15,2022-08-12,0,24,Normal,N
10694,15,2022-08-13,107,28,Normal,N
10695,15,2022-08-14,128,32,Normal,N
10696,15,2022-08-15,38,29,Normal,N
10697,15,2022-08-16,121,24,Moderate,N
10698,15,2022-08-17,116,24,Normal,N
10699,15,2022-08-18,94,26,Normal,N
10700,15,2022-08-19,139,32,Normal,N
10701,15,2022-08-20,96,40,Moderate,N
10702,15,2022-08-21,65,39,Moderate,N
10703,15,2022-08-22,74,27,Normal,N
10704,15,2022-08-23,55,32,Normal,N
10705,15,2022-08-24,105,38,Normal,N
10706,15,2022-08-25,24,35,Normal,N
10707,15,2022-08-26,43,32,Moderate,N
10708,15,2022-08-27,82,30,Normal,N
10709,15,2022-08-28,104,29,Normal,N
10710,15,2022-08-29,65,27,Normal,N
10711,15,2022-08-30,98,30,Moderate,N
10712,15,2022-08-31,44,43,Normal,N
10713,15,2022-09-01,85,27,Normal,N
10714,15,2022-09-02,74,27,Moderate,N
10715,15,2022-09-03,14,26,Normal,N
10716,15,2022-09-04,103,40,Moderate,N
10717,15,2022-09-05,37,43,Normal,N
10718,15,2022-09-06,43,42,Normal,N
10719,15,2022-09-07,120,38,Normal,N
10720,15,2022-09-08,91,26,Moderate,N
10721,15,2022-09-09,77,29,Moderate,N
10722,15,2022-09-10,13,37,Normal,N
10723,15,2022-09-11,65,32,Normal,N
10724,15,2022-09-12,63,29,Moderate,N
10725,15,2022-09-13,73,33,Moderate,N
10726,15,2022-09-14,10,39,Normal,N
10727,15,2022-09-15,115,43,Normal,N
10728,15,2022-09-16,83,28,Normal,N
10729,15,2022-09-17,107,33,Normal,N
10730,15,2022-09-18,109,35,Moderate,N
10731,15,2022-09-19,88,36,Normal,N
10732,15,2022-09-20,103,35,Normal,N
10733,15,2022-09-21,115,43,Moderate,N
10734,15,2022-09-22,80,38,Normal,N
10735,15,2022-09-23,102,30,Normal,N
10736,15,2022-09-24,23,27,Normal,N
10737,15,2022-09-25,137,38,Normal,N
10738,15,2022-09-26,29,43,Moderate,N
10739,15,2022-09-27,42,36,Normal,N
10740,15,2022-09-28,103,42,Moderate,N
10741,15,2022-09-29,18,35,Normal,N
10742,15,2022-09-30,74,25,Normal,N
10743,15,2022-10-01,49,36,Normal,N
10744,15,2022-10-02,139,26,Moderate,N
10745,15,2022-10-03,110,39,Normal,N
10746,15,2022-10-04,101,38,Normal,N
10747,15,2022-10-05,27,24,Normal,N
10748,15,2022-10-06,79,27,Moderate,N
10749,15,2022-10-07,75,32,Normal,N
10750,15,2022-10-08,97,27,Moderate,N
10751,15,2022-10-09,75,24,Normal,N
10752,15,2022-10-10,97,40,Normal,N
10753,15,2022-10-11,24,26,Normal,N
10754,15,2022-10-12,134,38,Moderate,N
10755,15,2022-10-13,113,40,Severe,Y
10756,15,2022-10-14,19,39,Normal,N
10757,15,2022-10-15,82,25,Moderate,N
10758,15,2022-10-16,96,24,Normal,N
10759,15,2022-10-17,113,43,Normal,N
10760,15,2022-10-18,63,24,Normal,N
10761,15,2022-10-19,140,29,Normal,N
10762,15,2022-10-20,95,30,Normal,N
10763,15,2022-10-21,15,30,Normal,N
10764,15,2022-10-22,52,39,Moderate,N
10765,15,2022-10-23,119,29,Normal,N
10766,15,2022-10-24,42,25,Normal,N
10767,15,2022-10-25,129,33,Normal,N
10768,15,2022-10-26,1,36,Normal,N
10769,15,2022-10-27,72,31,Normal,N
10770,15,2022-10-28,98,32,Normal,N
10771,15,2022-10-29,132,40,Moderate,N
10772,15,2022-10-30,36,37,Severe,Y
10773,15,2022-10-31,25,38,Moderate,N
10774,15,2022-11-01,126,39,Moderate,N
10775,15,2022-11-02,65,25,Moderate,N
10776,15,2022-11-03,99,35,Normal,N
10777,15,2022-11-04,3,29,Moderate,N
10778,15,2022-11-05,70,35,Normal,N
10779,15,2022-11-06,56,30,Moderate,N
10780,15,2022-11-07,70,36,Normal,N
10781,15,2022-11-08,10,43,Normal,N
10782,15,2022-11-09,65,25,Normal,N
10783,15,2022-11-10,59,31,Normal,N
10784,15,2022-11-11,121,27,Severe,Y
10785,15,2022-11-12,130,33,Moderate,N
10786,15,2022-11-13,3,36,Moderate,N
10787,15,2022-11-14,54,30,Normal,N
10788,15,2022-11-15,92,25,Normal,N
10789,15,2022-11-16,104,33,Moderate,N
10790,15,2022-11-17,88,34,Normal,N
10791,15,2022-11-18,65,26,Severe,Y
10792,15,2022-11-19,127,34,Severe,Y
10793,15,2022-11-20,23,30,Normal,N
10794,15,2022-11-21,140,40,Normal,N
10795,15,2022-11-22,51,25,Moderate,N
10796,15,2022-11-23,48,33,Normal,N
10797,15,2022-11-24,67,24,Normal,N
10798,15,2022-11-25,113,25,Normal,N
10799,15,2022-11-26,30,39,Normal,N
10800,15,2022-11-27,35,38,Moderate,N
10801,15,2022-11-28,4,29,Normal,N
10802,15,2022-11-29,44,31,Moderate,N
10803,15,2022-11-30,60,36,Normal,N
10804,15,2022-12-01,23,42,Moderate,N
10805,15,2022-12-02,75,39,Normal,N
10806,15,2022-12-03,53,25,Moderate,N
10807,15,2022-12-04,61,37,Moderate,N
10808,15,2022-12-05,21,31,Normal,N
10809,15,2022-12-06,32,39,Normal,N
10810,15,2022-12-07,83,30,Normal,N
10811,15,2022-12-08,20,26,Normal,N
10812,15,2022-12-09,116,27,Normal,N
10813,15,2022-12-10,122,37,Normal,N
10814,15,2022-12-11,61,25,Normal,N
10815,15,2022-12-12,122,28,Severe,Y
10816,15,2022-12-13,11,34,Normal,N
10817,15,2022-12-14,1,26,Normal,N
10818,15,2022-12-15,51,33,Moderate,N
10819,15,2022-12-16,105,28,Moderate,N
10820,15,2022-12-17,71,39,Normal,N
10821,15,2022-12-18,68,42,Severe,Y
10822,15,2022-12-19,126,27,Normal,N
10823,15,2022-12-20,111,29,Normal,N
10824,15,2022-12-21,26,35,Normal,N
10825,15,2022-12-22,99,37,Normal,N
10826,15,2022-12-23,16,42,Normal,N
10827,15,2022-12-24,133,39,Normal,N
10828,15,2022-12-25,55,30,Normal,N
10829,15,2022-12-26,101,41,Normal,N
10830,15,2022-12-27,21,24,Normal,N
10831,15,2022-12-28,109,34,Normal,N
10832,15,2022-12-29,133,41,Normal,N
10833,15,2022-12-30,49,43,Normal,N
10834,15,2022-12-31,120,31,Normal,N
10835,15,2023-01-01,86,32,Moderate,N
10836,15,2023-01-02,103,34,Severe,Y
10837,15,2023-01-03,95,36,Moderate,N
10838,15,2023-01-04,34,40,Normal,N
10839,15,2023-01-05,118,31,Moderate,N
10840,15,2023-01-06,90,28,Normal,N
10841,15,2023-01-07,137,39,Moderate,N
10842,15,2023-01-08,131,38,Normal,N
10843,15,2023-01-09,47,34,Moderate,N
10844,15,2023-01-10,21,29,Normal,N
10845,15,2023-01-11,24,39,Normal,N
10846,15,2023-01-12,127,36,Normal,N
10847,15,2023-01-13,30,36,Normal,N
10848,15,2023-01-14,17,24,Severe,Y
10849,15,2023-01-15,16,31,Normal,N
10850,15,2023-01-16,32,37,Normal,N
10851,15,2023-01-17,59,32,Normal,N
10852,15,2023-01-18,107,37,Moderate,N
10853,15,2023-01-19,94,40,Normal,N
10854,15,2023-01-20,12,31,Moderate,N
10855,15,2023-01-21,49,43,Severe,Y
10856,15,2023-01-22,83,39,Normal,N
10857,15,2023-01-23,66,41,Moderate,N
10858,15,2023-01-24,39,27,Severe,Y
10859,15,2023-01-25,84,39,Normal,N
10860,15,2023-01-26,82,40,Normal,N
10861,15,2023-01-27,106,30,Normal,N
10862,15,2023-01-28,9,24,Normal,N
10863,15,2023-01-29,119,40,Normal,N
10864,15,2023-01-30,29,25,Normal,N
10865,15,2023-01-31,74,43,Normal,N
10866,15,2023-02-01,14,32,Normal,N
10867,15,2023-02-02,119,41,Normal,N
10868,15,2023-02-03,15,29,Normal,N
10869,15,2023-02-04,129,40,Normal,N
10870,15,2023-02-05,49,24,Normal,N
10871,15,2023-02-06,38,40,Normal,N
10872,15,2023-02-07,114,29,Severe,Y
10873,15,2023-02-08,51,36,Moderate,N
10874,15,2023-02-09,62,40,Normal,N
10875,15,2023-02-10,8,34,Moderate,N
10876,15,2023-02-11,13,37,Moderate,N
10877,15,2023-02-12,58,26,Normal,N
10878,15,2023-02-13,18,43,Normal,N
10879,15,2023-02-14,40,31,Moderate,N
10880,15,2023-02-15,72,40,Normal,N
10881,15,2023-02-16,20,41,Normal,N
10882,15,2023-02-17,92,29,Normal,N
10883,15,2023-02-18,81,25,Moderate,N
10884,15,2023-02-19,88,31,Normal,N
10885,15,2023-02-20,106,30,Moderate,N
10886,15,2023-02-21,102,30,Severe,Y
10887,15,2023-02-22,118,31,Normal,N
10888,15,2023-02-23,88,36,Moderate,N
10889,15,2023-02-24,91,43,Moderate,N
10890,15,2023-02-25,31,32,Moderate,N
10891,15,2023-02-26,68,28,Normal,N
10892,15,2023-02-27,80,29,Normal,N
10893,15,2023-02-28,94,28,Normal,N
10894,15,2023-03-01,24,24,Normal,N
10895,15,2023-03-02,117,29,Moderate,N
10896,15,2023-03-03,107,33,Normal,N
10897,15,2023-03-04,136,36,Normal,N
10898,15,2023-03-05,2,27,Severe,Y
10899,15,2023-03-06,41,38,Normal,N
10900,15,2023-03-07,134,36,Moderate,N
10901,15,2023-03-08,113,40,Severe,Y
10902,15,2023-03-09,42,24,Normal,N
10903,15,2023-03-10,96,38,Normal,N
10904,15,2023-03-11,24,31,Moderate,N
10905,15,2023-03-12,113,33,Moderate,N
10906,15,2023-03-13,61,35,Moderate,N
10907,15,2023-03-14,82,37,Severe,Y
10908,15,2023-03-15,8,41,Normal,N
10909,15,2023-03-16,106,41,Normal,N
10910,15,2023-03-17,2,36,Normal,N
10911,15,2023-03-18,64,42,Moderate,N
10912,15,2023-03-19,55,25,Moderate,N
10913,15,2023-03-20,101,34,Moderate,N
10914,15,2023-03-21,83,29,Normal,N
10915,15,2023-03-22,130,28,Normal,N
10916,15,2023-03-23,2,34,Normal,N
10917,15,2023-03-24,116,30,Normal,N
10918,15,2023-03-25,123,29,Moderate,N
10919,15,2023-03-26,79,30,Normal,N
10920,15,2023-03-27,34,41,Moderate,N
10921,15,2023-03-28,49,33,Moderate,N
10922,15,2023-03-29,110,32,Severe,Y
10923,15,2023-03-30,22,24,Normal,N
10924,15,2023-03-31,30,34,Normal,N
10925,15,2023-04-01,83,43,Normal,N
10926,15,2023-04-02,93,36,Moderate,N
10927,15,2023-04-03,134,30,Normal,N
10928,15,2023-04-04,66,34,Severe,Y
10929,15,2023-04-05,102,35,Normal,N
10930,15,2023-04-06,60,26,Normal,N
10931,15,2023-04-07,112,43,Normal,N
10932,15,2023-04-08,133,29,Severe,Y
10933,15,2023-04-09,103,26,Moderate,N
10934,15,2023-04-10,104,30,Moderate,N
10935,15,2023-04-11,108,33,Normal,N
10936,15,2023-04-12,121,29,Severe,Y
10937,15,2023-04-13,45,24,Normal,N
10938,15,2023-04-14,9,29,Normal,N
10939,15,2023-04-15,42,34,Normal,N
10940,15,2023-04-16,80,25,Normal,N
10941,15,2023-04-17,34,27,Normal,N
10942,15,2023-04-18,55,35,Moderate,N
10943,15,2023-04-19,11,37,Moderate,N
10944,15,2023-04-20,133,27,Moderate,N
10945,15,2023-04-21,82,38,Normal,N
10946,15,2023-04-22,85,27,Normal,N
10947,15,2023-04-23,84,31,Severe,Y
10948,15,2023-04-24,82,30,Severe,Y
10949,15,2023-04-25,35,42,Normal,N
10950,15,2023-04-26,127,41,Normal,N
10951,15,2023-04-27,43,34,Normal,N
10952,15,2023-04-28,85,32,Normal,N
10953,15,2023-04-29,7,43,Normal,N
10954,15,2023-04-30,120,34,Moderate,N
10955,15,2023-05-01,12,24,Normal,N
10956,15,2023-05-02,61,26,Normal,N
10957,15,2023-05-03,114,35,Normal,N
10958,15,2023-05-04,79,36,Normal,N
10959,15,2023-05-05,2,41,Severe,Y
10960,15,2023-05-06,127,37,Normal,N
10961,15,2023-05-07,13,30,Moderate,N
10962,15,2023-05-08,100,30,Severe,Y
10963,15,2023-05-09,52,40,Severe,Y
10964,15,2023-05-10,66,43,Moderate,N
10965,15,2023-05-11,99,37,Normal,N
10966,15,2023-05-12,18,26,Normal,N
10967,15,2023-05-13,107,30,Normal,N
10968,15,2023-05-14,123,39,Severe,Y
10969,15,2023-05-15,105,36,Normal,N
10970,15,2023-05-16,58,27,Normal,N
10971,15,2023-05-17,46,34,Normal,N
10972,15,2023-05-18,112,28,Normal,N
10973,15,2023-05-19,81,28,Severe,Y
10974,15,2023-05-20,100,38,Normal,N
10975,15,2023-05-21,50,37,Severe,Y
10976,15,2023-05-22,17,33,Normal,N
10977,15,2023-05-23,42,42,Normal,N
10978,15,2023-05-24,112,34,Normal,N
10979,15,2023-05-25,73,30,Normal,N
10980,15,2023-05-26,7,26,Moderate,N
10981,15,2023-05-27,82,28,Severe,Y
10982,15,2023-05-28,125,24,Normal,N
10983,15,2023-05-29,77,25,Moderate,N
10984,15,2023-05-30,12,28,Moderate,N
10985,15,2023-05-31,39,33,Normal,N
10986,15,2023-06-01,94,27,Severe,Y
10987,15,2023-06-02,19,40,Normal,N
10988,15,2023-06-03,66,36,Normal,N
10989,15,2023-06-04,45,39,Moderate,N
10990,15,2023-06-05,59,28,Moderate,N
10991,15,2023-06-06,36,30,Normal,N
10992,15,2023-06-07,21,32,Normal,N
10993,15,2023-06-08,39,41,Normal,N
10994,15,2023-06-09,139,24,Moderate,N
10995,15,2023-06-10,93,35,Moderate,N
10996,15,2023-06-11,115,27,Normal,N
10997,15,2023-06-12,132,34,Normal,N
10998,15,2023-06-13,42,26,Normal,N
10999,15,2023-06-14,45,30,Moderate,N
11000,15,2023-06-15,15,40,Moderate,N
11001,15,2023-06-16,30,42,Normal,N
11002,15,2023-06-17,23,35,Moderate,N
11003,15,2023-06-18,51,41,Normal,N
11004,15,2023-06-19,130,38,Normal,N
11005,15,2023-06-20,92,25,Normal,N
11006,15,2023-06-21,44,31,Normal,N
11007,15,2023-06-22,96,34,Normal,N
11008,15,2023-06-23,98,43,Normal,N
11009,15,2023-06-24,81,27,Normal,N
11010,15,2023-06-25,106,43,Severe,Y
11011,15,2023-06-26,101,26,Normal,N
11012,15,2023-06-27,113,37,Normal,N
11013,15,2023-06-28,4,30,Normal,N
11014,15,2023-06-29,91,26,Normal,N
11015,15,2023-06-30,120,32,Normal,N
11016,15,2023-07-01,134,36,Severe,Y
11017,15,2023-07-02,134,34,Normal,N
11018,15,2023-07-03,26,24,Normal,N
11019,15,2023-07-04,90,35,Severe,Y
11020,15,2023-07-05,112,39,Normal,N
11021,15,2023-07-06,35,41,Normal,N
11022,15,2023-07-07,43,30,Severe,Y
11023,15,2023-07-08,48,37,Normal,N
11024,15,2023-07-09,42,41,Normal,N
11025,15,2023-07-10,65,34,Normal,N
11026,15,2023-07-11,46,41,Normal,N
11027,15,2023-07-12,23,32,Normal,N
11028,15,2023-07-13,9,38,Normal,N
11029,15,2023-07-14,30,30,Normal,N
11030,15,2023-07-15,96,27,Normal,N
11031,15,2023-07-16,109,30,Normal,N
11032,15,2023-07-17,97,24,Normal,N
11033,15,2023-07-18,22,35,Normal,N
11034,15,2023-07-19,7,25,Severe,Y
11035,15,2023-07-20,55,38,Moderate,N
11036,15,2023-07-21,75,37,Moderate,N
11037,15,2023-07-22,59,38,Normal,N
11038,15,2023-07-23,70,40,Severe,Y
11039,15,2023-07-24,27,28,Normal,N
11040,15,2023-07-25,92,30,Normal,N
11041,15,2023-07-26,128,41,Normal,N
11042,15,2023-07-27,3,32,Moderate,N
11043,15,2023-07-28,5,26,Normal,N
11044,15,2023-07-29,25,24,Normal,N
11045,15,2023-07-30,16,39,Normal,N
11046,15,2023-07-31,124,34,Normal,N
11047,15,2023-08-01,93,40,Normal,N
11048,15,2023-08-02,45,31,Normal,N
11049,15,2023-08-03,139,37,Moderate,N
11050,15,2023-08-04,100,41,Normal,N
11051,15,2023-08-05,57,28,Normal,N
11052,15,2023-08-06,51,37,Severe,Y
11053,15,2023-08-07,102,25,Moderate,N
11054,15,2023-08-08,52,37,Normal,N
11055,15,2023-08-09,120,27,Normal,N
11056,15,2023-08-10,110,26,Moderate,N
11057,15,2023-08-11,17,24,Normal,N
11058,15,2023-08-12,97,39,Normal,N
11059,15,2023-08-13,39,35,Normal,N
11060,15,2023-08-14,31,39,Severe,Y
11061,15,2023-08-15,62,30,Moderate,N
11062,15,2023-08-16,106,35,Moderate,N
11063,15,2023-08-17,54,42,Normal,N
11064,15,2023-08-18,92,24,Normal,N
11065,15,2023-08-19,57,37,Moderate,N
11066,15,2023-08-20,114,34,Normal,N
11067,15,2023-08-21,110,36,Moderate,N
11068,15,2023-08-22,115,25,Severe,Y
11069,15,2023-08-23,77,35,Normal,N
11070,15,2023-08-24,11,40,Normal,N
11071,15,2023-08-25,94,25,Normal,N
11072,15,2023-08-26,91,38,Moderate,N
11073,15,2023-08-27,40,33,Normal,N
11074,15,2023-08-28,124,24,Normal,N
11075,15,2023-08-29,66,33,Normal,N
11076,15,2023-08-30,44,35,Normal,N
11077,15,2023-08-31,10,31,Moderate,N
11078,15,2023-09-01,67,27,Normal,N
11079,15,2023-09-02,36,33,Normal,N
11080,15,2023-09-03,18,41,Normal,N
11081,15,2023-09-04,100,39,Moderate,N
11082,15,2023-09-05,109,31,Normal,N
11083,15,2023-09-06,4,39,Normal,N
11084,15,2023-09-07,47,33,Normal,N
11085,15,2023-09-08,49,26,Normal,N
11086,15,2023-09-09,58,39,Moderate,N
11087,15,2023-09-10,87,35,Normal,N
11088,15,2023-09-11,97,38,Normal,N
11089,15,2023-09-12,92,32,Moderate,N
11090,15,2023-09-13,16,26,Normal,N
11091,15,2023-09-14,81,30,Moderate,N
11092,15,2023-09-15,35,25,Moderate,N
11093,15,2023-09-16,24,43,Normal,N
11094,15,2023-09-17,5,41,Severe,Y
11095,15,2023-09-18,19,40,Severe,Y
11096,15,2023-09-19,54,31,Moderate,N
11097,15,2023-09-20,86,30,Normal,N
11098,15,2023-09-21,72,36,Normal,N
11099,15,2023-09-22,34,43,Normal,N
11100,15,2023-09-23,114,40,Normal,N
11101,15,2023-09-24,52,30,Normal,N
11102,15,2023-09-25,27,25,Normal,N
11103,15,2023-09-26,41,42,Normal,N
11104,15,2023-09-27,120,25,Normal,N
11105,15,2023-09-28,115,43,Normal,N
11106,15,2023-09-29,63,30,Severe,Y
11107,15,2023-09-30,101,37,Normal,N
11108,15,2023-10-01,106,28,Normal,N
11109,15,2023-10-02,30,29,Severe,Y
11110,15,2023-10-03,31,40,Moderate,N
11111,15,2023-10-04,85,26,Normal,N
11112,15,2023-10-05,127,26,Normal,N
11113,15,2023-10-06,71,38,Moderate,N
11114,15,2023-10-07,76,29,Normal,N
11115,15,2023-10-08,18,39,Normal,N
11116,15,2023-10-09,10,33,Severe,Y
11117,15,2023-10-10,121,30,Moderate,N
11118,15,2023-10-11,74,24,Severe,Y
11119,15,2023-10-12,37,26,Normal,N
11120,15,2023-10-13,89,30,Normal,N
11121,15,2023-10-14,13,38,Normal,N
11122,15,2023-10-15,50,40,Normal,N
11123,15,2023-10-16,24,35,Normal,N
11124,15,2023-10-17,117,27,Moderate,N
11125,15,2023-10-18,58,31,Moderate,N
11126,15,2023-10-19,58,27,Normal,N
11127,15,2023-10-20,91,36,Moderate,N
11128,15,2023-10-21,30,36,Severe,Y
11129,15,2023-10-22,13,31,Normal,N
11130,15,2023-10-23,21,43,Normal,N
11131,15,2023-10-24,13,38,Moderate,N
11132,15,2023-10-25,31,33,Moderate,N
11133,15,2023-10-26,16,41,Moderate,N
11134,15,2023-10-27,39,32,Normal,N
11135,15,2023-10-28,24,30,Normal,N
11136,15,2023-10-29,67,32,Normal,N
11137,15,2023-10-30,11,34,Normal,N
11138,15,2023-10-31,17,37,Normal,N
11139,15,2023-11-01,127,27,Normal,N
11140,15,2023-11-02,9,40,Moderate,N
11141,15,2023-11-03,112,27,Normal,N
11142,15,2023-11-04,43,39,Normal,N
11143,15,2023-11-05,111,27,Normal,N
11144,15,2023-11-06,8,40,Normal,N
11145,15,2023-11-07,104,28,Normal,N
11146,15,2023-11-08,38,35,Normal,N
11147,15,2023-11-09,67,27,Moderate,N
11148,15,2023-11-10,41,43,Normal,N
11149,15,2023-11-11,85,39,Normal,N
11150,15,2023-11-12,117,29,Normal,N
11151,15,2023-11-13,39,30,Moderate,N
11152,15,2023-11-14,109,29,Normal,N
11153,15,2023-11-15,111,43,Severe,Y
11154,15,2023-11-16,35,43,Moderate,N
11155,15,2023-11-17,117,39,Moderate,N
11156,15,2023-11-18,18,39,Moderate,N
11157,15,2023-11-19,59,38,Normal,N
11158,15,2023-11-20,71,26,Normal,N
11159,15,2023-11-21,88,26,Moderate,N
11160,15,2023-11-22,1,41,Normal,N
11161,15,2023-11-23,112,30,Normal,N
11162,15,2023-11-24,9,32,Severe,Y
11163,15,2023-11-25,134,38,Severe,Y
11164,15,2023-11-26,13,25,Normal,N
11165,15,2023-11-27,89,41,Normal,N
11166,15,2023-11-28,17,27,Moderate,N
11167,15,2023-11-29,25,40,Normal,N
11168,15,2023-11-30,76,39,Normal,N
11169,15,2023-12-01,34,29,Moderate,N
11170,15,2023-12-02,90,38,Normal,N
11171,15,2023-12-03,52,29,Normal,N
11172,15,2023-12-04,90,26,Normal,N
11173,15,2023-12-05,63,24,Moderate,N
11174,15,2023-12-06,39,31,Moderate,N
11175,15,2023-12-07,56,27,Severe,Y
11176,15,2023-12-08,79,35,Moderate,N
11177,15,2023-12-09,61,29,Normal,N
11178,15,2023-12-10,77,28,Normal,N
11179,15,2023-12-11,115,28,Normal,N
11180,15,2023-12-12,70,41,Normal,N
11181,15,2023-12-13,91,41,Normal,N
11182,15,2023-12-14,132,26,Severe,Y
11183,15,2023-12-15,97,25,Severe,Y
11184,15,2023-12-16,6,41,Severe,Y
11185,15,2023-12-17,119,30,Normal,N
11186,15,2023-12-18,39,41,Normal,N
11187,15,2023-12-19,60,43,Moderate,N
11188,15,2023-12-20,64,24,Normal,N
11189,15,2023-12-21,40,31,Moderate,N
11190,15,2023-12-22,138,27,Moderate,N
11191,15,2023-12-23,104,35,Normal,N
11192,15,2023-12-24,130,42,Moderate,N
11193,15,2023-12-25,90,24,Normal,N
11194,15,2023-12-26,3,42,Normal,N
11195,15,2023-12-27,7,24,Normal,N
11196,15,2023-12-28,73,40,Normal,N
11197,15,2023-12-29,35,25,Moderate,N
11198,15,2023-12-30,108,39,Normal,N
11199,15,2023-12-31,29,42,Normal,N
11200,15,2024-01-01,38,36,Normal,N
11201,15,2024-01-02,114,30,Severe,Y
11202,15,2024-01-03,90,33,Normal,N
11203,15,2024-01-04,50,37,Normal,N
11204,15,2024-01-05,81,27,Moderate,N
11205,15,2024-01-06,62,43,Normal,N
11206,15,2024-01-07,97,41,Normal,N
11207,15,2024-01-08,119,40,Normal,N
11208,15,2024-01-09,135,41,Normal,N
11209,15,2024-01-10,136,37,Moderate,N
11210,15,2024-01-11,105,32,Normal,N
11211,15,2024-01-12,83,43,Severe,Y
11212,15,2024-01-13,37,37,Normal,N
11213,15,2024-01-14,40,36,Normal,N
11214,15,2024-01-15,32,33,Severe,Y
11215,15,2024-01-16,120,35,Moderate,N
11216,15,2024-01-17,96,33,Moderate,N
11217,15,2024-01-18,33,25,Moderate,N
11218,15,2024-01-19,2,34,Normal,N
11219,15,2024-01-20,131,29,Normal,N
11220,15,2024-01-21,51,28,Normal,N
11221,15,2024-01-22,35,30,Normal,N
11222,15,2024-01-23,85,32,Severe,Y
11223,15,2024-01-24,79,37,Normal,N
11224,15,2024-01-25,63,30,Normal,N
11225,15,2024-01-26,62,33,Severe,Y
11226,15,2024-01-27,97,32,Normal,N
11227,15,2024-01-28,67,39,Normal,N
11228,15,2024-01-29,96,42,Normal,N
11229,15,2024-01-30,129,31,Normal,N
11230,15,2024-01-31,29,39,Moderate,N
11231,15,2024-02-01,15,38,Normal,N
11232,15,2024-02-02,117,30,Moderate,N
11233,15,2024-02-03,44,38,Normal,N
11234,15,2024-02-04,46,30,Normal,N
11235,15,2024-02-05,31,25,Moderate,N
11236,15,2024-02-06,112,43,Moderate,N
11237,15,2024-02-07,115,34,Moderate,N
11238,15,2024-02-08,127,35,Normal,N
11239,15,2024-02-09,69,26,Normal,N
11240,15,2024-02-10,109,36,Severe,Y
11241,15,2024-02-11,112,39,Normal,N
11242,15,2024-02-12,102,35,Normal,N
11243,15,2024-02-13,1,36,Normal,N
11244,15,2024-02-14,15,25,Normal,N
11245,15,2024-02-15,86,33,Normal,N
11246,15,2024-02-16,5,27,Normal,N
11247,15,2024-02-17,106,42,Normal,N
11248,15,2024-02-18,98,38,Moderate,N
11249,16,2022-06-07,29,34,Moderate,N
11250,16,2022-06-08,65,42,Normal,N
11251,16,2022-06-09,92,28,Normal,N
11252,16,2022-06-10,77,39,Moderate,N
11253,16,2022-06-11,13,41,Moderate,N
11254,16,2022-06-12,6,41,Severe,Y
11255,16,2022-06-13,131,29,Normal,N
11256,16,2022-06-14,107,28,Severe,Y
11257,16,2022-06-15,40,43,Severe,Y
11258,16,2022-06-16,24,24,Moderate,N
11259,16,2022-06-17,46,38,Normal,N
11260,16,2022-06-18,38,43,Severe,Y
11261,16,2022-06-19,110,42,Normal,N
11262,16,2022-06-20,136,36,Moderate,N
11263,16,2022-06-21,133,35,Normal,N
11264,16,2022-06-22,88,29,Normal,N
11265,16,2022-06-23,67,43,Moderate,N
11266,16,2022-06-24,5,37,Normal,N
11267,16,2022-06-25,73,29,Moderate,N
11268,16,2022-06-26,138,42,Normal,N
11269,16,2022-06-27,96,34,Normal,N
11270,16,2022-06-28,97,35,Moderate,N
11271,16,2022-06-29,23,40,Normal,N
11272,16,2022-06-30,44,31,Normal,N
11273,16,2022-07-01,83,37,Moderate,N
11274,16,2022-07-02,9,41,Normal,N
11275,16,2022-07-03,87,39,Severe,Y
11276,16,2022-07-04,93,38,Severe,Y
11277,16,2022-07-05,135,42,Moderate,N
11278,16,2022-07-06,120,32,Normal,N
11279,16,2022-07-07,16,31,Normal,N
11280,16,2022-07-08,38,28,Normal,N
11281,16,2022-07-09,93,32,Severe,Y
11282,16,2022-07-10,22,26,Moderate,N
11283,16,2022-07-11,16,34,Normal,N
11284,16,2022-07-12,94,32,Normal,N
11285,16,2022-07-13,19,29,Normal,N
11286,16,2022-07-14,59,24,Moderate,N
11287,16,2022-07-15,70,25,Moderate,N
11288,16,2022-07-16,72,33,Normal,N
11289,16,2022-07-17,12,36,Normal,N
11290,16,2022-07-18,0,31,Normal,N
11291,16,2022-07-19,17,41,Normal,N
11292,16,2022-07-20,15,25,Moderate,N
11293,16,2022-07-21,114,32,Normal,N
11294,16,2022-07-22,67,33,Normal,N
11295,16,2022-07-23,122,35,Moderate,N
11296,16,2022-07-24,78,31,Normal,N
11297,16,2022-07-25,139,26,Moderate,N
11298,16,2022-07-26,1,28,Normal,N
11299,16,2022-07-27,98,32,Normal,N
11300,16,2022-07-28,59,26,Moderate,N
11301,16,2022-07-29,103,37,Normal,N
11302,16,2022-07-30,14,30,Normal,N
11303,16,2022-07-31,112,39,Normal,N
11304,16,2022-08-01,115,33,Normal,N
11305,16,2022-08-02,118,27,Moderate,N
11306,16,2022-08-03,126,32,Normal,N
11307,16,2022-08-04,23,26,Normal,N
11308,16,2022-08-05,43,25,Normal,N
11309,16,2022-08-06,105,26,Moderate,N
11310,16,2022-08-07,16,30,Normal,N
11311,16,2022-08-08,0,29,Normal,N
11312,16,2022-08-09,25,39,Normal,N
11313,16,2022-08-10,125,26,Normal,N
11314,16,2022-08-11,131,33,Moderate,N
11315,16,2022-08-12,33,35,Normal,N
11316,16,2022-08-13,93,39,Normal,N
11317,16,2022-08-14,114,28,Severe,Y
11318,16,2022-08-15,66,42,Normal,N
11319,16,2022-08-16,138,35,Severe,Y
11320,16,2022-08-17,73,31,Normal,N
11321,16,2022-08-18,54,30,Severe,Y
11322,16,2022-08-19,63,26,Moderate,N
11323,16,2022-08-20,124,25,Normal,N
11324,16,2022-08-21,52,39,Normal,N
11325,16,2022-08-22,130,36,Severe,Y
11326,16,2022-08-23,97,37,Normal,N
11327,16,2022-08-24,131,32,Normal,N
11328,16,2022-08-25,22,24,Normal,N
11329,16,2022-08-26,79,30,Normal,N
11330,16,2022-08-27,11,41,Moderate,N
11331,16,2022-08-28,58,24,Normal,N
11332,16,2022-08-29,64,29,Moderate,N
11333,16,2022-08-30,55,41,Moderate,N
11334,16,2022-08-31,61,41,Normal,N
11335,16,2022-09-01,113,25,Normal,N
11336,16,2022-09-02,71,36,Severe,Y
11337,16,2022-09-03,80,34,Normal,N
11338,16,2022-09-04,114,29,Moderate,N
11339,16,2022-09-05,31,39,Moderate,N
11340,16,2022-09-06,91,34,Normal,N
11341,16,2022-09-07,94,40,Moderate,N
11342,16,2022-09-08,106,24,Normal,N
11343,16,2022-09-09,104,31,Severe,Y
11344,16,2022-09-10,22,33,Severe,Y
11345,16,2022-09-11,87,30,Severe,Y
11346,16,2022-09-12,45,29,Normal,N
11347,16,2022-09-13,120,32,Moderate,N
11348,16,2022-09-14,111,26,Normal,N
11349,16,2022-09-15,130,25,Normal,N
11350,16,2022-09-16,76,33,Moderate,N
11351,16,2022-09-17,68,40,Normal,N
11352,16,2022-09-18,92,26,Normal,N
11353,16,2022-09-19,63,32,Normal,N
11354,16,2022-09-20,56,40,Normal,N
11355,16,2022-09-21,16,38,Normal,N
11356,16,2022-09-22,107,42,Moderate,N
11357,16,2022-09-23,31,37,Normal,N
11358,16,2022-09-24,43,24,Normal,N
11359,16,2022-09-25,0,38,Normal,N
11360,16,2022-09-26,86,31,Normal,N
11361,16,2022-09-27,105,29,Normal,N
11362,16,2022-09-28,80,26,Moderate,N
11363,16,2022-09-29,22,33,Moderate,N
11364,16,2022-09-30,5,36,Normal,N
11365,16,2022-10-01,112,24,Normal,N
11366,16,2022-10-02,50,36,Moderate,N
11367,16,2022-10-03,83,25,Severe,Y
11368,16,2022-10-04,62,41,Moderate,N
11369,16,2022-10-05,21,40,Moderate,N
11370,16,2022-10-06,83,25,Normal,N
11371,16,2022-10-07,113,41,Moderate,N
11372,16,2022-10-08,80,35,Normal,N
11373,16,2022-10-09,6,43,Normal,N
11374,16,2022-10-10,91,27,Normal,N
11375,16,2022-10-11,118,26,Severe,Y
11376,16,2022-10-12,91,41,Normal,N
11377,16,2022-10-13,132,40,Normal,N
11378,16,2022-10-14,114,36,Severe,Y
11379,16,2022-10-15,129,24,Normal,N
11380,16,2022-10-16,137,29,Severe,Y
11381,16,2022-10-17,34,34,Normal,N
11382,16,2022-10-18,38,33,Normal,N
11383,16,2022-10-19,2,26,Normal,N
11384,16,2022-10-20,83,34,Normal,N
11385,16,2022-10-21,131,27,Moderate,N
11386,16,2022-10-22,132,37,Normal,N
11387,16,2022-10-23,78,42,Normal,N
11388,16,2022-10-24,48,37,Normal,N
11389,16,2022-10-25,37,34,Normal,N
11390,16,2022-10-26,62,38,Normal,N
11391,16,2022-10-27,88,29,Normal,N
11392,16,2022-10-28,6,29,Moderate,N
11393,16,2022-10-29,119,27,Normal,N
11394,16,2022-10-30,67,43,Normal,N
11395,16,2022-10-31,69,40,Moderate,N
11396,16,2022-11-01,44,31,Normal,N
11397,16,2022-11-02,92,30,Normal,N
11398,16,2022-11-03,27,39,Moderate,N
11399,16,2022-11-04,75,24,Severe,Y
11400,16,2022-11-05,106,42,Normal,N
11401,16,2022-11-06,116,41,Moderate,N
11402,16,2022-11-07,4,37,Normal,N
11403,16,2022-11-08,8,35,Normal,N
11404,16,2022-11-09,66,37,Normal,N
11405,16,2022-11-10,31,29,Normal,N
11406,16,2022-11-11,91,38,Normal,N
11407,16,2022-11-12,18,43,Moderate,N
11408,16,2022-11-13,131,39,Normal,N
11409,16,2022-11-14,66,37,Severe,Y
11410,16,2022-11-15,45,36,Normal,N
11411,16,2022-11-16,101,26,Normal,N
11412,16,2022-11-17,108,38,Moderate,N
11413,16,2022-11-18,108,33,Normal,N
11414,16,2022-11-19,88,31,Moderate,N
11415,16,2022-11-20,16,38,Normal,N
11416,16,2022-11-21,112,40,Moderate,N
11417,16,2022-11-22,107,36,Moderate,N
11418,16,2022-11-23,48,27,Normal,N
11419,16,2022-11-24,44,41,Normal,N
11420,16,2022-11-25,27,26,Normal,N
11421,16,2022-11-26,117,30,Moderate,N
11422,16,2022-11-27,115,41,Normal,N
11423,16,2022-11-28,126,35,Severe,Y
11424,16,2022-11-29,24,34,Normal,N
11425,16,2022-11-30,5,35,Normal,N
11426,16,2022-12-01,92,42,Normal,N
11427,16,2022-12-02,123,29,Severe,Y
11428,16,2022-12-03,107,42,Normal,N
11429,16,2022-12-04,2,39,Moderate,N
11430,16,2022-12-05,3,30,Normal,N
11431,16,2022-12-06,113,36,Normal,N
11432,16,2022-12-07,135,25,Normal,N
11433,16,2022-12-08,91,41,Normal,N
11434,16,2022-12-09,9,41,Normal,N
11435,16,2022-12-10,94,40,Normal,N
11436,16,2022-12-11,54,39,Normal,N
11437,16,2022-12-12,88,32,Normal,N
11438,16,2022-12-13,72,41,Normal,N
11439,16,2022-12-14,82,39,Normal,N
11440,16,2022-12-15,90,33,Normal,N
11441,16,2022-12-16,82,39,Normal,N
11442,16,2022-12-17,57,27,Normal,N
11443,16,2022-12-18,104,34,Normal,N
11444,16,2022-12-19,17,31,Moderate,N
11445,16,2022-12-20,30,24,Moderate,N
11446,16,2022-12-21,55,32,Moderate,N
11447,16,2022-12-22,110,38,Normal,N
11448,16,2022-12-23,12,27,Normal,N
11449,16,2022-12-24,84,27,Normal,N
11450,16,2022-12-25,139,41,Normal,N
11451,16,2022-12-26,100,24,Moderate,N
11452,16,2022-12-27,135,31,Normal,N
11453,16,2022-12-28,35,43,Normal,N
11454,16,2022-12-29,111,30,Normal,N
11455,16,2022-12-30,84,38,Severe,Y
11456,16,2022-12-31,71,31,Normal,N
11457,16,2023-01-01,127,29,Normal,N
11458,16,2023-01-02,138,37,Normal,N
11459,16,2023-01-03,104,32,Normal,N
11460,16,2023-01-04,106,42,Severe,Y
11461,16,2023-01-05,82,25,Normal,N
11462,16,2023-01-06,120,35,Normal,N
11463,16,2023-01-07,38,41,Normal,N
11464,16,2023-01-08,84,25,Normal,N
11465,16,2023-01-09,117,37,Normal,N
11466,16,2023-01-10,30,37,Severe,Y
11467,16,2023-01-11,35,42,Moderate,N
11468,16,2023-01-12,40,29,Normal,N
11469,16,2023-01-13,99,34,Normal,N
11470,16,2023-01-14,66,35,Moderate,N
11471,16,2023-01-15,63,43,Normal,N
11472,16,2023-01-16,87,36,Moderate,N
11473,16,2023-01-17,11,32,Normal,N
11474,16,2023-01-18,128,30,Normal,N
11475,16,2023-01-19,46,42,Severe,Y
11476,16,2023-01-20,131,30,Normal,N
11477,16,2023-01-21,114,24,Normal,N
11478,16,2023-01-22,57,27,Moderate,N
11479,16,2023-01-23,29,26,Moderate,N
11480,16,2023-01-24,34,30,Normal,N
11481,16,2023-01-25,138,38,Normal,N
11482,16,2023-01-26,79,29,Moderate,N
11483,16,2023-01-27,117,39,Normal,N
11484,16,2023-01-28,96,27,Normal,N
11485,16,2023-01-29,79,35,Normal,N
11486,16,2023-01-30,14,28,Severe,Y
11487,16,2023-01-31,120,25,Normal,N
11488,16,2023-02-01,46,24,Severe,Y
11489,16,2023-02-02,103,38,Normal,N
11490,16,2023-02-03,31,34,Normal,N
11491,16,2023-02-04,119,25,Moderate,N
11492,16,2023-02-05,91,31,Normal,N
11493,16,2023-02-06,30,35,Moderate,N
11494,16,2023-02-07,66,36,Normal,N
11495,16,2023-02-08,85,43,Moderate,N
11496,16,2023-02-09,1,42,Normal,N
11497,16,2023-02-10,25,39,Normal,N
11498,16,2023-02-11,106,35,Normal,N
11499,16,2023-02-12,20,29,Normal,N
11500,16,2023-02-13,135,29,Moderate,N
11501,16,2023-02-14,121,27,Normal,N
11502,16,2023-02-15,124,34,Normal,N
11503,16,2023-02-16,79,35,Normal,N
11504,16,2023-02-17,105,33,Normal,N
11505,16,2023-02-18,121,42,Normal,N
11506,16,2023-02-19,72,37,Severe,Y
11507,16,2023-02-20,44,41,Normal,N
11508,16,2023-02-21,110,29,Normal,N
11509,16,2023-02-22,85,39,Moderate,N
11510,16,2023-02-23,104,43,Severe,Y
11511,16,2023-02-24,69,33,Normal,N
11512,16,2023-02-25,122,30,Normal,N
11513,16,2023-02-26,111,33,Severe,Y
11514,16,2023-02-27,65,42,Normal,N
11515,16,2023-02-28,11,33,Normal,N
11516,16,2023-03-01,113,30,Normal,N
11517,16,2023-03-02,70,28,Moderate,N
11518,16,2023-03-03,132,36,Normal,N
11519,16,2023-03-04,75,42,Moderate,N
11520,16,2023-03-05,133,34,Normal,N
11521,16,2023-03-06,75,33,Normal,N
11522,16,2023-03-07,81,30,Normal,N
11523,16,2023-03-08,61,40,Moderate,N
11524,16,2023-03-09,61,43,Normal,N
11525,16,2023-03-10,39,33,Normal,N
11526,16,2023-03-11,41,29,Normal,N
11527,16,2023-03-12,136,25,Normal,N
11528,16,2023-03-13,67,24,Normal,N
11529,16,2023-03-14,7,32,Normal,N
11530,16,2023-03-15,95,28,Moderate,N
11531,16,2023-03-16,111,39,Moderate,N
11532,16,2023-03-17,113,29,Normal,N
11533,16,2023-03-18,80,40,Normal,N
11534,16,2023-03-19,78,30,Normal,N
11535,16,2023-03-20,91,42,Normal,N
11536,16,2023-03-21,138,41,Normal,N
11537,16,2023-03-22,51,29,Normal,N
11538,16,2023-03-23,97,24,Normal,N
11539,16,2023-03-24,140,42,Normal,N
11540,16,2023-03-25,103,43,Normal,N
11541,16,2023-03-26,60,37,Normal,N
11542,16,2023-03-27,53,43,Moderate,N
11543,16,2023-03-28,18,27,Normal,N
11544,16,2023-03-29,20,35,Severe,Y
11545,16,2023-03-30,68,41,Severe,Y
11546,16,2023-03-31,32,27,Normal,N
11547,16,2023-04-01,76,41,Normal,N
11548,16,2023-04-02,20,41,Severe,Y
11549,16,2023-04-03,13,26,Normal,N
11550,16,2023-04-04,60,36,Moderate,N
11551,16,2023-04-05,77,26,Normal,N
11552,16,2023-04-06,39,29,Normal,N
11553,16,2023-04-07,122,26,Normal,N
11554,16,2023-04-08,20,31,Normal,N
11555,16,2023-04-09,40,27,Normal,N
11556,16,2023-04-10,20,34,Normal,N
11557,16,2023-04-11,120,39,Moderate,N
11558,16,2023-04-12,50,31,Normal,N
11559,16,2023-04-13,72,33,Normal,N
11560,16,2023-04-14,68,26,Moderate,N
11561,16,2023-04-15,18,24,Moderate,N
11562,16,2023-04-16,28,28,Normal,N
11563,16,2023-04-17,135,38,Moderate,N
11564,16,2023-04-18,115,29,Severe,Y
11565,16,2023-04-19,130,43,Normal,N
11566,16,2023-04-20,16,32,Normal,N
11567,16,2023-04-21,3,40,Normal,N
11568,16,2023-04-22,14,36,Normal,N
11569,16,2023-04-23,47,35,Normal,N
11570,16,2023-04-24,48,33,Moderate,N
11571,16,2023-04-25,15,36,Normal,N
11572,16,2023-04-26,132,32,Moderate,N
11573,16,2023-04-27,123,28,Normal,N
11574,16,2023-04-28,117,25,Moderate,N
11575,16,2023-04-29,79,28,Normal,N
11576,16,2023-04-30,95,33,Normal,N
11577,16,2023-05-01,26,39,Severe,Y
11578,16,2023-05-02,76,39,Normal,N
11579,16,2023-05-03,23,35,Normal,N
11580,16,2023-05-04,98,37,Moderate,N
11581,16,2023-05-05,7,36,Normal,N
11582,16,2023-05-06,136,31,Normal,N
11583,16,2023-05-07,36,29,Moderate,N
11584,16,2023-05-08,25,25,Moderate,N
11585,16,2023-05-09,129,36,Normal,N
11586,16,2023-05-10,64,29,Moderate,N
11587,16,2023-05-11,115,42,Moderate,N
11588,16,2023-05-12,81,37,Normal,N
11589,16,2023-05-13,32,34,Moderate,N
11590,16,2023-05-14,79,38,Normal,N
11591,16,2023-05-15,6,34,Normal,N
11592,16,2023-05-16,36,39,Moderate,N
11593,16,2023-05-17,110,27,Normal,N
11594,16,2023-05-18,102,26,Normal,N
11595,16,2023-05-19,106,28,Moderate,N
11596,16,2023-05-20,122,42,Normal,N
11597,16,2023-05-21,28,27,Normal,N
11598,16,2023-05-22,105,38,Normal,N
11599,16,2023-05-23,103,42,Normal,N
11600,16,2023-05-24,43,25,Normal,N
11601,16,2023-05-25,28,39,Normal,N
11602,16,2023-05-26,87,34,Normal,N
11603,16,2023-05-27,56,32,Normal,N
11604,16,2023-05-28,133,42,Normal,N
11605,16,2023-05-29,15,32,Moderate,N
11606,16,2023-05-30,74,25,Normal,N
11607,16,2023-05-31,136,31,Moderate,N
11608,16,2023-06-01,101,42,Normal,N
11609,16,2023-06-02,11,36,Normal,N
11610,16,2023-06-03,16,33,Severe,Y
11611,16,2023-06-04,136,39,Normal,N
11612,16,2023-06-05,35,43,Severe,Y
11613,16,2023-06-06,57,27,Normal,N
11614,16,2023-06-07,112,30,Moderate,N
11615,16,2023-06-08,103,31,Severe,Y
11616,16,2023-06-09,115,38,Normal,N
11617,16,2023-06-10,102,26,Normal,N
11618,16,2023-06-11,35,28,Normal,N
11619,16,2023-06-12,133,39,Moderate,N
11620,16,2023-06-13,58,31,Normal,N
11621,16,2023-06-14,82,24,Normal,N
11622,16,2023-06-15,33,41,Normal,N
11623,16,2023-06-16,71,25,Normal,N
11624,16,2023-06-17,20,43,Moderate,N
11625,16,2023-06-18,24,36,Severe,Y
11626,16,2023-06-19,108,33,Moderate,N
11627,16,2023-06-20,33,35,Normal,N
11628,16,2023-06-21,130,28,Normal,N
11629,16,2023-06-22,95,30,Moderate,N
11630,16,2023-06-23,25,38,Moderate,N
11631,16,2023-06-24,93,37,Normal,N
11632,16,2023-06-25,133,27,Normal,N
11633,16,2023-06-26,75,34,Normal,N
11634,16,2023-06-27,119,35,Moderate,N
11635,16,2023-06-28,17,38,Normal,N
11636,16,2023-06-29,90,41,Normal,N
11637,16,2023-06-30,36,33,Normal,N
11638,16,2023-07-01,32,26,Normal,N
11639,16,2023-07-02,40,42,Normal,N
11640,16,2023-07-03,108,25,Normal,N
11641,16,2023-07-04,104,40,Normal,N
11642,16,2023-07-05,83,29,Moderate,N
11643,16,2023-07-06,90,25,Moderate,N
11644,16,2023-07-07,116,35,Normal,N
11645,16,2023-07-08,139,28,Normal,N
11646,16,2023-07-09,137,42,Normal,N
11647,16,2023-07-10,118,37,Normal,N
11648,16,2023-07-11,60,37,Normal,N
11649,16,2023-07-12,67,40,Normal,N
11650,16,2023-07-13,61,30,Severe,Y
11651,16,2023-07-14,82,39,Moderate,N
11652,16,2023-07-15,33,33,Normal,N
11653,16,2023-07-16,47,43,Normal,N
11654,16,2023-07-17,117,29,Normal,N
11655,16,2023-07-18,117,39,Normal,N
11656,16,2023-07-19,12,36,Normal,N
11657,16,2023-07-20,104,29,Normal,N
11658,16,2023-07-21,92,34,Normal,N
11659,16,2023-07-22,122,30,Normal,N
11660,16,2023-07-23,12,40,Severe,Y
11661,16,2023-07-24,124,31,Moderate,N
11662,16,2023-07-25,69,35,Normal,N
11663,16,2023-07-26,26,35,Moderate,N
11664,16,2023-07-27,139,43,Normal,N
11665,16,2023-07-28,118,40,Normal,N
11666,16,2023-07-29,40,42,Moderate,N
11667,16,2023-07-30,55,41,Normal,N
11668,16,2023-07-31,79,33,Normal,N
11669,16,2023-08-01,64,33,Normal,N
11670,16,2023-08-02,97,32,Normal,N
11671,16,2023-08-03,109,28,Normal,N
11672,16,2023-08-04,37,25,Normal,N
11673,16,2023-08-05,42,25,Moderate,N
11674,16,2023-08-06,19,29,Moderate,N
11675,16,2023-08-07,55,24,Normal,N
11676,16,2023-08-08,121,39,Moderate,N
11677,16,2023-08-09,63,29,Moderate,N
11678,16,2023-08-10,113,31,Moderate,N
11679,16,2023-08-11,94,24,Normal,N
11680,16,2023-08-12,98,24,Moderate,N
11681,16,2023-08-13,16,39,Normal,N
11682,16,2023-08-14,8,34,Normal,N
11683,16,2023-08-15,8,29,Moderate,N
11684,16,2023-08-16,75,25,Normal,N
11685,16,2023-08-17,51,29,Moderate,N
11686,16,2023-08-18,93,29,Moderate,N
11687,16,2023-08-19,17,32,Moderate,N
11688,16,2023-08-20,54,40,Normal,N
11689,16,2023-08-21,28,26,Normal,N
11690,16,2023-08-22,38,33,Normal,N
11691,16,2023-08-23,66,30,Normal,N
11692,16,2023-08-24,15,34,Moderate,N
11693,16,2023-08-25,84,26,Normal,N
11694,16,2023-08-26,50,43,Moderate,N
11695,16,2023-08-27,133,28,Normal,N
11696,16,2023-08-28,102,42,Normal,N
11697,16,2023-08-29,87,40,Moderate,N
11698,16,2023-08-30,134,34,Normal,N
11699,16,2023-08-31,70,28,Normal,N
11700,16,2023-09-01,114,34,Normal,N
11701,16,2023-09-02,2,33,Normal,N
11702,16,2023-09-03,58,26,Normal,N
11703,16,2023-09-04,132,39,Normal,N
11704,16,2023-09-05,75,26,Normal,N
11705,16,2023-09-06,91,37,Normal,N
11706,16,2023-09-07,70,31,Normal,N
11707,16,2023-09-08,109,35,Normal,N
11708,16,2023-09-09,59,28,Normal,N
11709,16,2023-09-10,5,32,Normal,N
11710,16,2023-09-11,127,26,Moderate,N
11711,16,2023-09-12,114,28,Normal,N
11712,16,2023-09-13,91,29,Moderate,N
11713,16,2023-09-14,138,33,Normal,N
11714,16,2023-09-15,34,36,Normal,N
11715,16,2023-09-16,128,26,Normal,N
11716,16,2023-09-17,112,37,Normal,N
11717,16,2023-09-18,8,30,Moderate,N
11718,16,2023-09-19,24,39,Moderate,N
11719,16,2023-09-20,30,42,Moderate,N
11720,16,2023-09-21,132,27,Normal,N
11721,16,2023-09-22,26,37,Normal,N
11722,16,2023-09-23,96,24,Moderate,N
11723,16,2023-09-24,41,37,Severe,Y
11724,16,2023-09-25,20,43,Moderate,N
11725,16,2023-09-26,78,38,Normal,N
11726,16,2023-09-27,18,31,Moderate,N
11727,16,2023-09-28,37,24,Moderate,N
11728,16,2023-09-29,81,36,Normal,N
11729,16,2023-09-30,80,28,Moderate,N
11730,16,2023-10-01,112,39,Severe,Y
11731,16,2023-10-02,78,33,Normal,N
11732,16,2023-10-03,131,37,Severe,Y
11733,16,2023-10-04,108,43,Moderate,N
11734,16,2023-10-05,66,41,Moderate,N
11735,16,2023-10-06,68,24,Severe,Y
11736,16,2023-10-07,78,37,Normal,N
11737,16,2023-10-08,138,34,Normal,N
11738,16,2023-10-09,12,26,Normal,N
11739,16,2023-10-10,12,40,Normal,N
11740,16,2023-10-11,96,38,Severe,Y
11741,16,2023-10-12,109,43,Severe,Y
11742,16,2023-10-13,137,39,Moderate,N
11743,16,2023-10-14,19,26,Moderate,N
11744,16,2023-10-15,55,31,Moderate,N
11745,16,2023-10-16,10,24,Normal,N
11746,16,2023-10-17,11,29,Normal,N
11747,16,2023-10-18,45,24,Normal,N
11748,16,2023-10-19,97,36,Normal,N
11749,16,2023-10-20,17,36,Normal,N
11750,16,2023-10-21,77,27,Normal,N
11751,16,2023-10-22,99,40,Normal,N
11752,16,2023-10-23,30,26,Normal,N
11753,16,2023-10-24,102,34,Normal,N
11754,16,2023-10-25,115,32,Moderate,N
11755,16,2023-10-26,93,32,Severe,Y
11756,16,2023-10-27,102,40,Normal,N
11757,16,2023-10-28,113,38,Moderate,N
11758,16,2023-10-29,41,40,Moderate,N
11759,16,2023-10-30,57,42,Normal,N
11760,16,2023-10-31,73,35,Normal,N
11761,16,2023-11-01,83,40,Normal,N
11762,16,2023-11-02,2,39,Moderate,N
11763,17,2022-02-01,99,37,Moderate,N
11764,17,2022-02-02,132,26,Normal,N
11765,17,2022-02-03,128,30,Moderate,N
11766,17,2022-02-04,66,28,Moderate,N
11767,17,2022-02-05,16,40,Normal,N
11768,17,2022-02-06,73,33,Moderate,N
11769,17,2022-02-07,67,34,Normal,N
11770,17,2022-02-08,105,31,Normal,N
11771,17,2022-02-09,108,33,Normal,N
11772,17,2022-02-10,22,37,Moderate,N
11773,17,2022-02-11,42,39,Normal,N
11774,17,2022-02-12,106,34,Normal,N
11775,17,2022-02-13,8,39,Normal,N
11776,17,2022-02-14,27,43,Normal,N
11777,17,2022-02-15,86,29,Severe,Y
11778,17,2022-02-16,88,34,Normal,N
11779,17,2022-02-17,59,31,Moderate,N
11780,17,2022-02-18,126,25,Moderate,N
11781,17,2022-02-19,79,29,Normal,N
11782,17,2022-02-20,89,39,Normal,N
11783,17,2022-02-21,124,25,Normal,N
11784,17,2022-02-22,78,36,Normal,N
11785,17,2022-02-23,107,43,Normal,N
11786,17,2022-02-24,61,26,Normal,N
11787,17,2022-02-25,49,40,Moderate,N
11788,17,2022-02-26,73,29,Severe,Y
11789,17,2022-02-27,134,32,Severe,Y
11790,17,2022-02-28,55,36,Moderate,N
11791,17,2022-03-01,128,28,Normal,N
11792,17,2022-03-02,88,35,Moderate,N
11793,17,2022-03-03,70,42,Moderate,N
11794,17,2022-03-04,111,28,Moderate,N
11795,17,2022-03-05,109,29,Normal,N
11796,17,2022-03-06,119,25,Moderate,N
11797,17,2022-03-07,107,27,Normal,N
11798,17,2022-03-08,44,37,Normal,N
11799,17,2022-03-09,31,40,Moderate,N
11800,17,2022-03-10,16,41,Normal,N
11801,17,2022-03-11,62,39,Moderate,N
11802,17,2022-03-12,102,30,Normal,N
11803,17,2022-03-13,95,43,Normal,N
11804,17,2022-03-14,36,26,Normal,N
11805,17,2022-03-15,50,31,Normal,N
11806,17,2022-03-16,57,31,Normal,N
11807,17,2022-03-17,90,31,Severe,Y
11808,17,2022-03-18,86,39,Normal,N
11809,17,2022-03-19,105,24,Moderate,N
11810,17,2022-03-20,132,36,Normal,N
11811,17,2022-03-21,139,28,Moderate,N
11812,17,2022-03-22,28,32,Normal,N
11813,17,2022-03-23,132,33,Moderate,N
11814,17,2022-03-24,84,43,Severe,Y
11815,17,2022-03-25,95,38,Moderate,N
11816,17,2022-03-26,3,36,Normal,N
11817,17,2022-03-27,24,38,Normal,N
11818,17,2022-03-28,21,39,Normal,N
11819,17,2022-03-29,11,43,Normal,N
11820,17,2022-03-30,124,41,Normal,N
11821,17,2022-03-31,7,25,Normal,N
11822,17,2022-04-01,124,34,Severe,Y
11823,17,2022-04-02,28,41,Moderate,N
11824,17,2022-04-03,127,31,Normal,N
11825,17,2022-04-04,26,40,Normal,N
11826,17,2022-04-05,38,41,Normal,N
11827,17,2022-04-06,121,28,Severe,Y
11828,17,2022-04-07,3,24,Moderate,N
11829,17,2022-04-08,28,40,Normal,N
11830,17,2022-04-09,22,32,Normal,N
11831,17,2022-04-10,17,29,Normal,N
11832,17,2022-04-11,134,34,Normal,N
11833,17,2022-04-12,131,30,Normal,N
11834,17,2022-04-13,79,29,Normal,N
11835,17,2022-04-14,20,40,Severe,Y
11836,17,2022-04-15,101,24,Moderate,N
11837,17,2022-04-16,43,38,Normal,N
11838,17,2022-04-17,1,34,Normal,N
11839,17,2022-04-18,21,31,Moderate,N
11840,17,2022-04-19,85,33,Severe,Y
11841,17,2022-04-20,53,27,Moderate,N
11842,17,2022-04-21,7,36,Normal,N
11843,17,2022-04-22,46,37,Normal,N
11844,17,2022-04-23,56,42,Severe,Y
11845,17,2022-04-24,22,28,Moderate,N
11846,17,2022-04-25,21,32,Moderate,N
11847,17,2022-04-26,55,36,Normal,N
11848,17,2022-04-27,43,25,Normal,N
11849,17,2022-04-28,30,30,Normal,N
11850,17,2022-04-29,70,37,Severe,Y
11851,17,2022-04-30,116,32,Normal,N
11852,17,2022-05-01,6,33,Normal,N
11853,17,2022-05-02,43,36,Normal,N
11854,17,2022-05-03,49,40,Moderate,N
11855,17,2022-05-04,134,27,Normal,N
11856,17,2022-05-05,124,40,Normal,N
11857,17,2022-05-06,7,39,Moderate,N
11858,17,2022-05-07,56,32,Moderate,N
11859,17,2022-05-08,0,38,Normal,N
11860,17,2022-05-09,58,33,Normal,N
11861,17,2022-05-10,34,40,Normal,N
11862,17,2022-05-11,64,37,Normal,N
11863,17,2022-05-12,45,42,Normal,N
11864,17,2022-05-13,37,40,Severe,Y
11865,17,2022-05-14,15,36,Normal,N
11866,17,2022-05-15,70,39,Normal,N
11867,17,2022-05-16,41,42,Normal,N
11868,17,2022-05-17,68,35,Moderate,N
11869,17,2022-05-18,40,33,Normal,N
11870,17,2022-05-19,84,34,Moderate,N
11871,17,2022-05-20,72,42,Severe,Y
11872,17,2022-05-21,95,27,Normal,N
11873,17,2022-05-22,98,30,Moderate,N
11874,17,2022-05-23,10,38,Normal,N
11875,17,2022-05-24,115,29,Normal,N
11876,17,2022-05-25,140,34,Normal,N
11877,17,2022-05-26,50,25,Normal,N
11878,17,2022-05-27,103,28,Moderate,N
11879,17,2022-05-28,35,43,Moderate,N
11880,17,2022-05-29,137,25,Moderate,N
11881,17,2022-05-30,89,28,Normal,N
11882,17,2022-05-31,72,36,Severe,Y
11883,17,2022-06-01,44,30,Moderate,N
11884,17,2022-06-02,82,32,Normal,N
11885,17,2022-06-03,84,42,Normal,N
11886,17,2022-06-04,118,43,Severe,Y
11887,17,2022-06-05,62,42,Normal,N
11888,17,2022-06-06,49,32,Normal,N
11889,17,2022-06-07,12,41,Moderate,N
11890,17,2022-06-08,10,39,Normal,N
11891,17,2022-06-09,27,28,Normal,N
11892,17,2022-06-10,112,30,Moderate,N
11893,17,2022-06-11,42,31,Moderate,N
11894,17,2022-06-12,77,43,Normal,N
11895,17,2022-06-13,40,26,Normal,N
11896,17,2022-06-14,19,39,Normal,N
11897,17,2022-06-15,83,42,Normal,N
11898,17,2022-06-16,54,42,Moderate,N
11899,17,2022-06-17,85,41,Moderate,N
11900,17,2022-06-18,60,39,Normal,N
11901,17,2022-06-19,28,33,Normal,N
11902,17,2022-06-20,52,31,Normal,N
11903,17,2022-06-21,34,41,Normal,N
11904,17,2022-06-22,84,33,Normal,N
11905,17,2022-06-23,72,26,Moderate,N
11906,17,2022-06-24,12,41,Moderate,N
11907,17,2022-06-25,60,39,Severe,Y
11908,17,2022-06-26,59,38,Moderate,N
11909,17,2022-06-27,16,27,Moderate,N
11910,17,2022-06-28,53,34,Normal,N
11911,17,2022-06-29,88,42,Normal,N
11912,17,2022-06-30,64,35,Normal,N
11913,17,2022-07-01,103,25,Normal,N
11914,17,2022-07-02,53,36,Normal,N
11915,17,2022-07-03,106,40,Normal,N
11916,17,2022-07-04,95,33,Normal,N
11917,17,2022-07-05,32,26,Moderate,N
11918,17,2022-07-06,8,30,Moderate,N
11919,17,2022-07-07,44,33,Moderate,N
11920,17,2022-07-08,29,39,Normal,N
11921,17,2022-07-09,48,40,Severe,Y
11922,17,2022-07-10,26,36,Moderate,N
11923,17,2022-07-11,112,41,Normal,N
11924,17,2022-07-12,9,36,Normal,N
11925,17,2022-07-13,85,31,Normal,N
11926,17,2022-07-14,6,37,Severe,Y
11927,17,2022-07-15,135,41,Normal,N
11928,17,2022-07-16,46,26,Normal,N
11929,17,2022-07-17,9,40,Normal,N
11930,17,2022-07-18,41,32,Moderate,N
11931,17,2022-07-19,95,32,Normal,N
11932,17,2022-07-20,124,32,Normal,N
11933,17,2022-07-21,5,38,Normal,N
11934,17,2022-07-22,97,27,Normal,N
11935,17,2022-07-23,104,39,Normal,N
11936,17,2022-07-24,42,36,Normal,N
11937,17,2022-07-25,22,29,Moderate,N
11938,17,2022-07-26,19,39,Normal,N
11939,17,2022-07-27,47,40,Moderate,N
11940,17,2022-07-28,16,43,Normal,N
11941,17,2022-07-29,116,25,Normal,N
11942,17,2022-07-30,95,34,Normal,N
11943,17,2022-07-31,58,24,Normal,N
11944,17,2022-08-01,25,30,Severe,Y
11945,17,2022-08-02,14,41,Normal,N
11946,17,2022-08-03,49,38,Normal,N
11947,17,2022-08-04,54,30,Normal,N
11948,17,2022-08-05,45,25,Normal,N
11949,17,2022-08-06,124,39,Normal,N
11950,17,2022-08-07,76,38,Normal,N
11951,17,2022-08-08,55,33,Moderate,N
11952,17,2022-08-09,77,26,Moderate,N
11953,17,2022-08-10,137,24,Moderate,N
11954,17,2022-08-11,37,27,Normal,N
11955,17,2022-08-12,132,40,Moderate,N
11956,17,2022-08-13,38,36,Normal,N
11957,17,2022-08-14,114,42,Normal,N
11958,17,2022-08-15,106,42,Severe,Y
11959,17,2022-08-16,120,35,Normal,N
11960,17,2022-08-17,60,34,Normal,N
11961,17,2022-08-18,58,41,Moderate,N
11962,17,2022-08-19,26,33,Normal,N
11963,17,2022-08-20,5,43,Normal,N
11964,17,2022-08-21,111,33,Normal,N
11965,17,2022-08-22,62,28,Normal,N
11966,17,2022-08-23,51,28,Normal,N
11967,17,2022-08-24,131,29,Severe,Y
11968,17,2022-08-25,3,41,Normal,N
11969,17,2022-08-26,133,31,Normal,N
11970,17,2022-08-27,31,35,Normal,N
11971,17,2022-08-28,131,40,Normal,N
11972,17,2022-08-29,0,24,Normal,N
11973,17,2022-08-30,135,24,Normal,N
11974,17,2022-08-31,103,33,Normal,N
11975,17,2022-09-01,48,27,Moderate,N
11976,17,2022-09-02,17,35,Normal,N
11977,17,2022-09-03,81,37,Moderate,N
11978,17,2022-09-04,53,33,Normal,N
11979,17,2022-09-05,113,26,Normal,N
11980,17,2022-09-06,36,29,Moderate,N
11981,17,2022-09-07,45,25,Normal,N
11982,17,2022-09-08,124,33,Severe,Y
11983,17,2022-09-09,34,41,Normal,N
11984,17,2022-09-10,37,39,Moderate,N
11985,17,2022-09-11,62,33,Normal,N
11986,17,2022-09-12,116,37,Normal,N
11987,17,2022-09-13,118,38,Normal,N
11988,17,2022-09-14,136,32,Normal,N
11989,17,2022-09-15,14,32,Normal,N
11990,17,2022-09-16,137,30,Normal,N
11991,17,2022-09-17,137,43,Normal,N
11992,17,2022-09-18,140,25,Moderate,N
11993,17,2022-09-19,68,41,Severe,Y
11994,17,2022-09-20,29,31,Normal,N
11995,17,2022-09-21,97,43,Moderate,N
11996,17,2022-09-22,107,37,Normal,N
11997,17,2022-09-23,32,39,Normal,N
11998,17,2022-09-24,80,30,Moderate,N
11999,17,2022-09-25,103,39,Normal,N
12000,17,2022-09-26,70,24,Moderate,N
12001,17,2022-09-27,110,43,Severe,Y
12002,17,2022-09-28,122,25,Normal,N
12003,17,2022-09-29,61,30,Normal,N
12004,17,2022-09-30,54,26,Moderate,N
12005,17,2022-10-01,34,35,Normal,N
12006,17,2022-10-02,134,43,Normal,N
12007,17,2022-10-03,126,27,Normal,N
12008,17,2022-10-04,104,43,Normal,N
12009,17,2022-10-05,83,40,Normal,N
12010,17,2022-10-06,4,33,Normal,N
12011,17,2022-10-07,1,29,Moderate,N
12012,17,2022-10-08,59,32,Normal,N
12013,17,2022-10-09,4,41,Normal,N
12014,17,2022-10-10,46,36,Moderate,N
12015,17,2022-10-11,108,30,Normal,N
12016,17,2022-10-12,98,26,Moderate,N
12017,17,2022-10-13,104,25,Normal,N
12018,17,2022-10-14,1,30,Normal,N
12019,17,2022-10-15,121,30,Normal,N
12020,17,2022-10-16,122,37,Normal,N
12021,17,2022-10-17,43,35,Moderate,N
12022,17,2022-10-18,27,29,Normal,N
12023,17,2022-10-19,49,35,Moderate,N
12024,17,2022-10-20,57,33,Normal,N
12025,17,2022-10-21,139,28,Severe,Y
12026,17,2022-10-22,15,36,Normal,N
12027,17,2022-10-23,107,24,Severe,Y
12028,17,2022-10-24,65,24,Severe,Y
12029,17,2022-10-25,31,35,Moderate,N
12030,17,2022-10-26,36,25,Normal,N
12031,17,2022-10-27,52,42,Normal,N
12032,17,2022-10-28,62,29,Moderate,N
12033,17,2022-10-29,39,25,Normal,N
12034,17,2022-10-30,107,36,Severe,Y
12035,17,2022-10-31,133,27,Normal,N
12036,17,2022-11-01,137,36,Normal,N
12037,17,2022-11-02,106,30,Moderate,N
12038,17,2022-11-03,135,39,Normal,N
12039,17,2022-11-04,59,37,Moderate,N
12040,17,2022-11-05,80,26,Normal,N
12041,17,2022-11-06,56,37,Moderate,N
12042,17,2022-11-07,54,38,Moderate,N
12043,17,2022-11-08,60,31,Moderate,N
12044,17,2022-11-09,19,25,Normal,N
12045,17,2022-11-10,42,32,Normal,N
12046,17,2022-11-11,95,25,Moderate,N
12047,17,2022-11-12,30,33,Moderate,N
12048,17,2022-11-13,87,25,Normal,N
12049,17,2022-11-14,23,36,Normal,N
12050,17,2022-11-15,8,33,Normal,N
12051,17,2022-11-16,24,24,Normal,N
12052,17,2022-11-17,7,32,Normal,N
12053,17,2022-11-18,35,27,Normal,N
12054,17,2022-11-19,129,32,Normal,N
12055,17,2022-11-20,35,42,Normal,N
12056,17,2022-11-21,51,41,Normal,N
12057,17,2022-11-22,19,26,Normal,N
12058,17,2022-11-23,58,41,Moderate,N
12059,17,2022-11-24,119,31,Moderate,N
12060,17,2022-11-25,9,25,Normal,N
12061,17,2022-11-26,22,39,Moderate,N
12062,17,2022-11-27,50,38,Normal,N
12063,17,2022-11-28,101,28,Normal,N
12064,17,2022-11-29,98,27,Normal,N
12065,17,2022-11-30,123,39,Normal,N
12066,17,2022-12-01,80,33,Normal,N
12067,17,2022-12-02,82,43,Normal,N
12068,17,2022-12-03,94,30,Moderate,N
12069,17,2022-12-04,79,31,Moderate,N
12070,17,2022-12-05,87,28,Moderate,N
12071,17,2022-12-06,121,29,Normal,N
12072,17,2022-12-07,76,36,Severe,Y
12073,17,2022-12-08,102,26,Moderate,N
12074,17,2022-12-09,37,29,Normal,N
12075,17,2022-12-10,46,26,Moderate,N
12076,17,2022-12-11,106,32,Normal,N
12077,17,2022-12-12,51,29,Moderate,N
12078,17,2022-12-13,48,29,Normal,N
12079,17,2022-12-14,94,42,Normal,N
12080,17,2022-12-15,122,34,Normal,N
12081,17,2022-12-16,21,35,Normal,N
12082,17,2022-12-17,86,39,Moderate,N
12083,17,2022-12-18,92,43,Normal,N
12084,17,2022-12-19,30,34,Normal,N
12085,17,2022-12-20,57,35,Normal,N
12086,17,2022-12-21,132,26,Normal,N
12087,17,2022-12-22,50,36,Moderate,N
12088,17,2022-12-23,22,38,Normal,N
12089,17,2022-12-24,30,34,Normal,N
12090,17,2022-12-25,57,42,Normal,N
12091,17,2022-12-26,81,42,Normal,N
12092,17,2022-12-27,89,25,Normal,N
12093,17,2022-12-28,60,28,Normal,N
12094,17,2022-12-29,67,30,Normal,N
12095,17,2022-12-30,123,36,Normal,N
12096,17,2022-12-31,22,39,Normal,N
12097,17,2023-01-01,57,31,Normal,N
12098,17,2023-01-02,65,43,Normal,N
12099,17,2023-01-03,25,38,Severe,Y
12100,17,2023-01-04,86,37,Normal,N
12101,17,2023-01-05,83,41,Severe,Y
12102,17,2023-01-06,68,33,Severe,Y
12103,17,2023-01-07,63,43,Moderate,N
12104,17,2023-01-08,81,31,Moderate,N
12105,17,2023-01-09,127,31,Severe,Y
12106,17,2023-01-10,116,35,Normal,N
12107,17,2023-01-11,28,28,Severe,Y
12108,17,2023-01-12,9,43,Moderate,N
12109,17,2023-01-13,100,26,Normal,N
12110,17,2023-01-14,52,35,Normal,N
12111,17,2023-01-15,53,36,Severe,Y
12112,17,2023-01-16,35,36,Severe,Y
12113,17,2023-01-17,41,33,Normal,N
12114,17,2023-01-18,67,25,Moderate,N
12115,17,2023-01-19,12,38,Normal,N
12116,17,2023-01-20,111,28,Normal,N
12117,17,2023-01-21,46,33,Severe,Y
12118,17,2023-01-22,134,28,Moderate,N
12119,17,2023-01-23,61,27,Normal,N
12120,17,2023-01-24,73,29,Normal,N
12121,17,2023-01-25,64,26,Normal,N
12122,17,2023-01-26,134,29,Normal,N
12123,17,2023-01-27,108,33,Normal,N
12124,17,2023-01-28,71,41,Moderate,N
12125,17,2023-01-29,48,32,Normal,N
12126,17,2023-01-30,41,27,Normal,N
12127,17,2023-01-31,33,30,Normal,N
12128,17,2023-02-01,109,26,Normal,N
12129,17,2023-02-02,101,29,Normal,N
12130,17,2023-02-03,40,35,Normal,N
12131,17,2023-02-04,121,38,Severe,Y
12132,17,2023-02-05,4,37,Normal,N
12133,17,2023-02-06,34,38,Normal,N
12134,17,2023-02-07,37,31,Normal,N
12135,17,2023-02-08,69,40,Normal,N
12136,17,2023-02-09,68,36,Normal,N
12137,17,2023-02-10,6,26,Normal,N
12138,17,2023-02-11,51,39,Normal,N
12139,17,2023-02-12,85,39,Normal,N
12140,17,2023-02-13,9,24,Normal,N
12141,17,2023-02-14,93,37,Normal,N
12142,17,2023-02-15,125,39,Severe,Y
12143,17,2023-02-16,101,26,Severe,Y
12144,17,2023-02-17,6,25,Moderate,N
12145,17,2023-02-18,129,25,Normal,N
12146,17,2023-02-19,12,41,Normal,N
12147,17,2023-02-20,38,29,Normal,N
12148,17,2023-02-21,48,35,Moderate,N
12149,17,2023-02-22,56,29,Normal,N
12150,17,2023-02-23,54,30,Normal,N
12151,17,2023-02-24,99,41,Normal,N
12152,17,2023-02-25,88,36,Normal,N
12153,17,2023-02-26,2,26,Moderate,N
12154,17,2023-02-27,31,27,Normal,N
12155,17,2023-02-28,88,25,Normal,N
12156,17,2023-03-01,39,38,Normal,N
12157,17,2023-03-02,24,27,Normal,N
12158,17,2023-03-03,112,34,Normal,N
12159,17,2023-03-04,129,24,Normal,N
12160,17,2023-03-05,90,26,Severe,Y
12161,17,2023-03-06,51,36,Normal,N
12162,17,2023-03-07,75,39,Normal,N
12163,17,2023-03-08,51,40,Normal,N
12164,17,2023-03-09,26,41,Normal,N
12165,17,2023-03-10,35,28,Normal,N
12166,17,2023-03-11,7,27,Severe,Y
12167,17,2023-03-12,130,37,Moderate,N
12168,17,2023-03-13,35,33,Normal,N
12169,17,2023-03-14,112,31,Moderate,N
12170,17,2023-03-15,88,37,Normal,N
12171,17,2023-03-16,73,35,Normal,N
12172,17,2023-03-17,1,24,Moderate,N
12173,17,2023-03-18,98,36,Normal,N
12174,17,2023-03-19,98,40,Normal,N
12175,17,2023-03-20,6,40,Normal,N
12176,17,2023-03-21,108,37,Normal,N
12177,17,2023-03-22,140,32,Normal,N
12178,17,2023-03-23,124,37,Moderate,N
12179,17,2023-03-24,67,42,Normal,N
12180,17,2023-03-25,116,29,Normal,N
12181,17,2023-03-26,129,43,Severe,Y
12182,17,2023-03-27,33,34,Normal,N
12183,17,2023-03-28,131,43,Moderate,N
12184,17,2023-03-29,75,42,Normal,N
12185,17,2023-03-30,137,25,Normal,N
12186,17,2023-03-31,91,30,Moderate,N
12187,17,2023-04-01,105,28,Normal,N
12188,17,2023-04-02,50,37,Moderate,N
12189,17,2023-04-03,11,31,Normal,N
12190,17,2023-04-04,111,41,Moderate,N
12191,17,2023-04-05,92,39,Normal,N
12192,17,2023-04-06,97,39,Moderate,N
12193,17,2023-04-07,127,38,Normal,N
12194,17,2023-04-08,115,32,Normal,N
12195,17,2023-04-09,91,26,Normal,N
12196,17,2023-04-10,117,24,Normal,N
12197,17,2023-04-11,110,31,Normal,N
12198,17,2023-04-12,6,32,Normal,N
12199,17,2023-04-13,7,40,Normal,N
12200,17,2023-04-14,87,35,Severe,Y
12201,17,2023-04-15,136,38,Severe,Y
12202,17,2023-04-16,25,25,Normal,N
12203,17,2023-04-17,135,35,Severe,Y
12204,17,2023-04-18,72,42,Normal,N
12205,17,2023-04-19,107,29,Moderate,N
12206,17,2023-04-20,16,38,Normal,N
12207,17,2023-04-21,45,28,Normal,N
12208,17,2023-04-22,19,43,Normal,N
12209,17,2023-04-23,106,36,Normal,N
12210,17,2023-04-24,123,35,Normal,N
12211,17,2023-04-25,71,40,Severe,Y
12212,17,2023-04-26,129,32,Normal,N
12213,17,2023-04-27,24,26,Normal,N
12214,17,2023-04-28,110,29,Normal,N
12215,17,2023-04-29,138,31,Severe,Y
12216,17,2023-04-30,29,27,Severe,Y
12217,17,2023-05-01,101,41,Moderate,N
12218,17,2023-05-02,83,41,Normal,N
12219,17,2023-05-03,112,27,Normal,N
12220,17,2023-05-04,73,25,Normal,N
12221,17,2023-05-05,111,27,Normal,N
12222,17,2023-05-06,37,30,Normal,N
12223,17,2023-05-07,85,25,Normal,N
12224,17,2023-05-08,89,30,Severe,Y
12225,17,2023-05-09,61,31,Normal,N
12226,17,2023-05-10,59,40,Normal,N
12227,17,2023-05-11,12,32,Normal,N
12228,17,2023-05-12,0,32,Normal,N
12229,17,2023-05-13,138,24,Normal,N
12230,17,2023-05-14,32,38,Normal,N
12231,17,2023-05-15,13,37,Normal,N
12232,17,2023-05-16,96,27,Normal,N
12233,17,2023-05-17,49,38,Normal,N
12234,17,2023-05-18,63,43,Moderate,N
12235,17,2023-05-19,59,29,Moderate,N
12236,17,2023-05-20,36,30,Moderate,N
12237,17,2023-05-21,124,39,Normal,N
12238,17,2023-05-22,21,40,Moderate,N
12239,17,2023-05-23,115,35,Normal,N
12240,17,2023-05-24,85,29,Normal,N
12241,17,2023-05-25,61,34,Severe,Y
12242,17,2023-05-26,46,34,Normal,N
12243,17,2023-05-27,104,27,Normal,N
12244,17,2023-05-28,27,37,Moderate,N
12245,17,2023-05-29,77,26,Normal,N
12246,17,2023-05-30,42,32,Normal,N
12247,17,2023-05-31,90,43,Normal,N
12248,17,2023-06-01,26,32,Moderate,N
12249,17,2023-06-02,135,28,Normal,N
12250,17,2023-06-03,7,25,Severe,Y
12251,17,2023-06-04,13,41,Normal,N
12252,17,2023-06-05,100,36,Normal,N
12253,17,2023-06-06,27,42,Normal,N
12254,17,2023-06-07,130,36,Normal,N
12255,17,2023-06-08,135,30,Normal,N
12256,17,2023-06-09,96,24,Normal,N
12257,17,2023-06-10,61,33,Normal,N
12258,17,2023-06-11,51,26,Normal,N
12259,17,2023-06-12,140,42,Normal,N
12260,17,2023-06-13,132,42,Normal,N
12261,17,2023-06-14,74,28,Normal,N
12262,17,2023-06-15,59,26,Normal,N
12263,17,2023-06-16,94,33,Normal,N
12264,17,2023-06-17,26,38,Normal,N
12265,17,2023-06-18,74,26,Normal,N
12266,17,2023-06-19,123,24,Normal,N
12267,17,2023-06-20,45,34,Moderate,N
12268,17,2023-06-21,77,37,Moderate,N
12269,17,2023-06-22,10,43,Moderate,N
12270,17,2023-06-23,64,35,Normal,N
12271,17,2023-06-24,17,27,Normal,N
12272,17,2023-06-25,15,25,Severe,Y
12273,17,2023-06-26,52,40,Normal,N
12274,17,2023-06-27,5,40,Normal,N
12275,17,2023-06-28,33,36,Normal,N
12276,17,2023-06-29,2,24,Normal,N
12277,17,2023-06-30,90,39,Moderate,N
12278,17,2023-07-01,34,29,Normal,N
12279,17,2023-07-02,107,37,Normal,N
12280,17,2023-07-03,113,25,Normal,N
12281,17,2023-07-04,132,26,Normal,N
12282,17,2023-07-05,49,30,Normal,N
12283,17,2023-07-06,95,32,Normal,N
12284,17,2023-07-07,91,32,Normal,N
12285,17,2023-07-08,80,24,Normal,N
12286,17,2023-07-09,33,43,Normal,N
12287,17,2023-07-10,83,24,Normal,N
12288,17,2023-07-11,118,28,Normal,N
12289,17,2023-07-12,101,29,Normal,N
12290,17,2023-07-13,83,30,Normal,N
12291,17,2023-07-14,116,31,Normal,N
12292,17,2023-07-15,70,37,Moderate,N
12293,17,2023-07-16,36,31,Normal,N
12294,17,2023-07-17,91,42,Moderate,N
12295,17,2023-07-18,24,38,Normal,N
12296,17,2023-07-19,127,30,Normal,N
12297,17,2023-07-20,34,33,Normal,N
12298,17,2023-07-21,122,25,Normal,N
12299,17,2023-07-22,10,25,Moderate,N
12300,17,2023-07-23,6,34,Moderate,N
12301,17,2023-07-24,136,29,Normal,N
12302,17,2023-07-25,61,24,Normal,N
12303,17,2023-07-26,74,34,Moderate,N
12304,17,2023-07-27,2,43,Normal,N
12305,17,2023-07-28,6,24,Moderate,N
12306,17,2023-07-29,88,30,Normal,N
12307,17,2023-07-30,37,37,Moderate,N
12308,17,2023-07-31,6,39,Moderate,N
12309,17,2023-08-01,97,29,Normal,N
12310,17,2023-08-02,84,33,Normal,N
12311,17,2023-08-03,129,31,Severe,Y
12312,17,2023-08-04,96,25,Moderate,N
12313,17,2023-08-05,121,24,Moderate,N
12314,17,2023-08-06,93,42,Normal,N
12315,17,2023-08-07,57,32,Normal,N
12316,17,2023-08-08,82,41,Moderate,N
12317,17,2023-08-09,34,26,Normal,N
12318,17,2023-08-10,13,25,Normal,N
12319,17,2023-08-11,68,30,Normal,N
12320,17,2023-08-12,130,43,Moderate,N
12321,17,2023-08-13,45,37,Moderate,N
12322,17,2023-08-14,1,34,Moderate,N
12323,18,2022-05-03,138,25,Normal,N
12324,18,2022-05-04,134,39,Normal,N
12325,18,2022-05-05,66,28,Normal,N
12326,18,2022-05-06,136,24,Moderate,N
12327,18,2022-05-07,49,35,Moderate,N
12328,18,2022-05-08,0,42,Normal,N
12329,18,2022-05-09,12,31,Moderate,N
12330,18,2022-05-10,123,36,Normal,N
12331,18,2022-05-11,65,35,Normal,N
12332,18,2022-05-12,85,35,Normal,N
12333,18,2022-05-13,139,36,Moderate,N
12334,18,2022-05-14,63,30,Moderate,N
12335,18,2022-05-15,59,41,Moderate,N
12336,18,2022-05-16,95,36,Normal,N
12337,18,2022-05-17,12,27,Normal,N
12338,18,2022-05-18,44,29,Moderate,N
12339,18,2022-05-19,25,26,Normal,N
12340,18,2022-05-20,11,39,Severe,Y
12341,18,2022-05-21,9,38,Normal,N
12342,18,2022-05-22,125,38,Moderate,N
12343,18,2022-05-23,5,32,Normal,N
12344,18,2022-05-24,24,25,Normal,N
12345,18,2022-05-25,59,42,Normal,N
12346,18,2022-05-26,138,36,Normal,N
12347,18,2022-05-27,74,30,Moderate,N
12348,18,2022-05-28,66,39,Normal,N
12349,18,2022-05-29,90,31,Severe,Y
12350,18,2022-05-30,100,31,Normal,N
12351,18,2022-05-31,16,25,Normal,N
12352,18,2022-06-01,11,31,Normal,N
12353,18,2022-06-02,126,40,Normal,N
12354,18,2022-06-03,71,43,Moderate,N
12355,18,2022-06-04,76,43,Normal,N
12356,18,2022-06-05,59,35,Moderate,N
12357,18,2022-06-06,123,36,Moderate,N
12358,18,2022-06-07,125,32,Normal,N
12359,18,2022-06-08,27,43,Normal,N
12360,18,2022-06-09,113,43,Normal,N
12361,18,2022-06-10,59,31,Normal,N
12362,18,2022-06-11,120,31,Severe,Y
12363,18,2022-06-12,29,33,Normal,N
12364,18,2022-06-13,13,34,Normal,N
12365,18,2022-06-14,94,28,Normal,N
12366,18,2022-06-15,65,24,Normal,N
12367,18,2022-06-16,11,37,Normal,N
12368,18,2022-06-17,94,38,Moderate,N
12369,18,2022-06-18,111,26,Moderate,N
12370,18,2022-06-19,126,37,Moderate,N
12371,18,2022-06-20,13,26,Normal,N
12372,18,2022-06-21,83,39,Moderate,N
12373,18,2022-06-22,140,28,Moderate,N
12374,18,2022-06-23,41,28,Normal,N
12375,18,2022-06-24,125,32,Moderate,N
12376,18,2022-06-25,117,25,Normal,N
12377,18,2022-06-26,115,37,Normal,N
12378,18,2022-06-27,138,28,Normal,N
12379,18,2022-06-28,56,38,Normal,N
12380,18,2022-06-29,122,42,Normal,N
12381,18,2022-06-30,125,33,Normal,N
12382,18,2022-07-01,25,39,Moderate,N
12383,18,2022-07-02,89,32,Normal,N
12384,18,2022-07-03,105,34,Normal,N
12385,18,2022-07-04,61,29,Normal,N
12386,18,2022-07-05,7,41,Normal,N
12387,18,2022-07-06,63,36,Moderate,N
12388,18,2022-07-07,129,35,Normal,N
12389,18,2022-07-08,10,35,Normal,N
12390,18,2022-07-09,71,31,Normal,N
12391,18,2022-07-10,37,37,Normal,N
12392,18,2022-07-11,30,42,Normal,N
12393,18,2022-07-12,63,30,Severe,Y
12394,18,2022-07-13,33,31,Normal,N
12395,18,2022-07-14,50,32,Moderate,N
12396,18,2022-07-15,51,30,Normal,N
12397,18,2022-07-16,60,29,Moderate,N
12398,18,2022-07-17,111,26,Severe,Y
12399,18,2022-07-18,102,35,Moderate,N
12400,18,2022-07-19,108,25,Normal,N
12401,18,2022-07-20,33,36,Severe,Y
12402,18,2022-07-21,48,40,Severe,Y
12403,18,2022-07-22,22,26,Normal,N
12404,18,2022-07-23,78,38,Normal,N
12405,18,2022-07-24,67,36,Normal,N
12406,18,2022-07-25,31,29,Normal,N
12407,18,2022-07-26,89,43,Normal,N
12408,18,2022-07-27,124,43,Severe,Y
12409,18,2022-07-28,103,37,Normal,N
12410,18,2022-07-29,91,27,Normal,N
12411,18,2022-07-30,56,35,Severe,Y
12412,18,2022-07-31,115,24,Normal,N
12413,18,2022-08-01,91,26,Moderate,N
12414,18,2022-08-02,12,40,Normal,N
12415,18,2022-08-03,125,29,Normal,N
12416,18,2022-08-04,73,32,Severe,Y
12417,18,2022-08-05,111,32,Normal,N
12418,18,2022-08-06,2,27,Normal,N
12419,18,2022-08-07,66,30,Normal,N
12420,18,2022-08-08,128,43,Normal,N
12421,18,2022-08-09,12,33,Severe,Y
12422,18,2022-08-10,70,36,Normal,N
12423,18,2022-08-11,47,33,Moderate,N
12424,18,2022-08-12,115,25,Severe,Y
12425,18,2022-08-13,130,39,Normal,N
12426,18,2022-08-14,92,34,Moderate,N
12427,18,2022-08-15,26,35,Normal,N
12428,18,2022-08-16,87,24,Normal,N
12429,18,2022-08-17,92,36,Normal,N
12430,18,2022-08-18,56,34,Severe,Y
12431,18,2022-08-19,57,41,Normal,N
12432,18,2022-08-20,28,42,Moderate,N
12433,18,2022-08-21,122,43,Severe,Y
12434,18,2022-08-22,72,34,Severe,Y
12435,18,2022-08-23,33,32,Normal,N
12436,18,2022-08-24,20,25,Moderate,N
12437,18,2022-08-25,96,33,Normal,N
12438,18,2022-08-26,108,42,Moderate,N
12439,18,2022-08-27,128,35,Normal,N
12440,18,2022-08-28,131,37,Normal,N
12441,18,2022-08-29,123,38,Normal,N
12442,18,2022-08-30,30,37,Normal,N
12443,18,2022-08-31,129,26,Moderate,N
12444,18,2022-09-01,138,35,Normal,N
12445,18,2022-09-02,139,29,Normal,N
12446,18,2022-09-03,80,37,Normal,N
12447,18,2022-09-04,139,30,Normal,N
12448,18,2022-09-05,119,39,Moderate,N
12449,18,2022-09-06,139,32,Moderate,N
12450,18,2022-09-07,92,25,Normal,N
12451,18,2022-09-08,61,37,Severe,Y
12452,18,2022-09-09,70,33,Severe,Y
12453,18,2022-09-10,11,26,Severe,Y
12454,18,2022-09-11,83,25,Normal,N
12455,18,2022-09-12,10,31,Normal,N
12456,18,2022-09-13,101,27,Moderate,N
12457,18,2022-09-14,22,27,Normal,N
12458,18,2022-09-15,47,33,Normal,N
12459,18,2022-09-16,51,30,Moderate,N
12460,18,2022-09-17,35,37,Normal,N
12461,18,2022-09-18,123,27,Moderate,N
12462,18,2022-09-19,34,24,Moderate,N
12463,18,2022-09-20,123,42,Normal,N
12464,18,2022-09-21,77,31,Moderate,N
12465,18,2022-09-22,39,25,Moderate,N
12466,18,2022-09-23,84,32,Normal,N
12467,18,2022-09-24,21,42,Moderate,N
12468,18,2022-09-25,132,31,Normal,N
12469,18,2022-09-26,19,31,Normal,N
12470,18,2022-09-27,138,26,Normal,N
12471,18,2022-09-28,128,24,Normal,N
12472,18,2022-09-29,90,43,Normal,N
12473,18,2022-09-30,113,38,Moderate,N
12474,18,2022-10-01,12,37,Severe,Y
12475,18,2022-10-02,63,30,Normal,N
12476,18,2022-10-03,110,25,Moderate,N
12477,18,2022-10-04,69,31,Normal,N
12478,18,2022-10-05,39,37,Severe,Y
12479,18,2022-10-06,15,42,Normal,N
12480,18,2022-10-07,136,38,Normal,N
12481,18,2022-10-08,1,30,Normal,N
12482,18,2022-10-09,9,29,Normal,N
12483,18,2022-10-10,134,30,Normal,N
12484,18,2022-10-11,98,40,Moderate,N
12485,18,2022-10-12,134,27,Moderate,N
12486,18,2022-10-13,32,27,Moderate,N
12487,18,2022-10-14,5,41,Normal,N
12488,18,2022-10-15,37,37,Normal,N
12489,18,2022-10-16,17,37,Normal,N
12490,18,2022-10-17,64,26,Severe,Y
12491,18,2022-10-18,89,36,Normal,N
12492,18,2022-10-19,23,32,Moderate,N
12493,18,2022-10-20,11,24,Moderate,N
12494,18,2022-10-21,12,30,Normal,N
12495,18,2022-10-22,28,33,Normal,N
12496,18,2022-10-23,106,26,Moderate,N
12497,18,2022-10-24,53,27,Moderate,N
12498,18,2022-10-25,34,25,Normal,N
12499,18,2022-10-26,50,24,Normal,N
12500,18,2022-10-27,62,41,Normal,N
12501,18,2022-10-28,32,25,Moderate,N
12502,18,2022-10-29,80,33,Normal,N
12503,18,2022-10-30,60,27,Normal,N
12504,18,2022-10-31,52,25,Normal,N
12505,18,2022-11-01,81,37,Moderate,N
12506,18,2022-11-02,87,33,Normal,N
12507,18,2022-11-03,12,42,Normal,N
12508,18,2022-11-04,87,40,Normal,N
12509,18,2022-11-05,75,43,Normal,N
12510,18,2022-11-06,46,38,Normal,N
12511,18,2022-11-07,12,25,Moderate,N
12512,18,2022-11-08,103,42,Moderate,N
12513,18,2022-11-09,44,35,Severe,Y
12514,18,2022-11-10,119,31,Normal,N
12515,18,2022-11-11,85,43,Moderate,N
12516,18,2022-11-12,96,32,Moderate,N
12517,18,2022-11-13,116,24,Normal,N
12518,18,2022-11-14,52,35,Severe,Y
12519,18,2022-11-15,88,42,Normal,N
12520,18,2022-11-16,118,36,Severe,Y
12521,18,2022-11-17,38,27,Moderate,N
12522,18,2022-11-18,10,39,Normal,N
12523,18,2022-11-19,131,37,Normal,N
12524,18,2022-11-20,15,35,Severe,Y
12525,18,2022-11-21,9,35,Normal,N
12526,18,2022-11-22,96,31,Normal,N
12527,18,2022-11-23,59,29,Moderate,N
12528,18,2022-11-24,35,39,Normal,N
12529,18,2022-11-25,26,28,Normal,N
12530,18,2022-11-26,49,35,Moderate,N
12531,18,2022-11-27,115,32,Moderate,N
12532,18,2022-11-28,19,27,Severe,Y
12533,18,2022-11-29,102,38,Normal,N
12534,18,2022-11-30,92,38,Normal,N
12535,18,2022-12-01,0,24,Severe,Y
12536,18,2022-12-02,86,33,Normal,N
12537,18,2022-12-03,23,25,Severe,Y
12538,18,2022-12-04,32,36,Normal,N
12539,18,2022-12-05,88,29,Moderate,N
12540,18,2022-12-06,139,26,Normal,N
12541,18,2022-12-07,82,40,Normal,N
12542,18,2022-12-08,90,26,Normal,N
12543,18,2022-12-09,116,30,Normal,N
12544,18,2022-12-10,59,34,Normal,N
12545,18,2022-12-11,124,27,Severe,Y
12546,18,2022-12-12,113,41,Normal,N
12547,18,2022-12-13,81,27,Moderate,N
12548,18,2022-12-14,97,25,Normal,N
12549,18,2022-12-15,9,29,Normal,N
12550,18,2022-12-16,60,39,Moderate,N
12551,18,2022-12-17,104,35,Severe,Y
12552,18,2022-12-18,76,30,Severe,Y
12553,18,2022-12-19,63,33,Moderate,N
12554,18,2022-12-20,68,41,Moderate,N
12555,18,2022-12-21,11,32,Moderate,N
12556,18,2022-12-22,72,29,Normal,N
12557,18,2022-12-23,98,33,Moderate,N
12558,18,2022-12-24,63,33,Moderate,N
12559,18,2022-12-25,38,42,Normal,N
12560,18,2022-12-26,136,40,Normal,N
12561,18,2022-12-27,109,27,Normal,N
12562,18,2022-12-28,96,40,Normal,N
12563,18,2022-12-29,38,28,Normal,N
12564,18,2022-12-30,134,32,Normal,N
12565,18,2022-12-31,65,34,Moderate,N
12566,18,2023-01-01,113,36,Normal,N
12567,18,2023-01-02,131,28,Normal,N
12568,18,2023-01-03,137,34,Normal,N
12569,18,2023-01-04,140,39,Normal,N
12570,18,2023-01-05,46,38,Moderate,N
12571,18,2023-01-06,50,38,Severe,Y
12572,18,2023-01-07,103,43,Normal,N
12573,18,2023-01-08,119,42,Normal,N
12574,18,2023-01-09,108,39,Normal,N
12575,18,2023-01-10,14,41,Moderate,N
12576,18,2023-01-11,34,25,Moderate,N
12577,18,2023-01-12,114,26,Normal,N
12578,18,2023-01-13,10,27,Moderate,N
12579,18,2023-01-14,11,37,Severe,Y
12580,18,2023-01-15,16,33,Severe,Y
12581,18,2023-01-16,34,36,Moderate,N
12582,18,2023-01-17,138,38,Normal,N
12583,18,2023-01-18,98,37,Normal,N
12584,18,2023-01-19,45,39,Moderate,N
12585,18,2023-01-20,105,32,Normal,N
12586,18,2023-01-21,45,29,Normal,N
12587,18,2023-01-22,59,29,Normal,N
12588,18,2023-01-23,46,32,Moderate,N
12589,18,2023-01-24,85,38,Normal,N
12590,18,2023-01-25,28,31,Normal,N
12591,18,2023-01-26,104,35,Severe,Y
12592,18,2023-01-27,65,42,Moderate,N
12593,18,2023-01-28,90,43,Normal,N
12594,18,2023-01-29,128,29,Severe,Y
12595,18,2023-01-30,103,27,Normal,N
12596,18,2023-01-31,50,30,Normal,N
12597,18,2023-02-01,27,43,Moderate,N
12598,18,2023-02-02,105,34,Normal,N
12599,18,2023-02-03,39,27,Severe,Y
12600,18,2023-02-04,137,27,Normal,N
12601,18,2023-02-05,24,25,Normal,N
12602,18,2023-02-06,20,38,Normal,N
12603,18,2023-02-07,132,29,Severe,Y
12604,18,2023-02-08,22,34,Moderate,N
12605,18,2023-02-09,136,28,Normal,N
12606,18,2023-02-10,129,31,Severe,Y
12607,18,2023-02-11,34,39,Normal,N
12608,18,2023-02-12,60,40,Normal,N
12609,18,2023-02-13,49,39,Normal,N
12610,18,2023-02-14,21,24,Moderate,N
12611,18,2023-02-15,138,36,Moderate,N
12612,18,2023-02-16,104,41,Normal,N
12613,18,2023-02-17,140,29,Normal,N
12614,18,2023-02-18,121,42,Normal,N
12615,18,2023-02-19,139,38,Normal,N
12616,18,2023-02-20,82,36,Normal,N
12617,18,2023-02-21,123,40,Normal,N
12618,18,2023-02-22,26,31,Normal,N
12619,18,2023-02-23,23,43,Moderate,N
12620,18,2023-02-24,86,27,Normal,N
12621,18,2023-02-25,80,34,Normal,N
12622,18,2023-02-26,18,37,Normal,N
12623,18,2023-02-27,117,25,Moderate,N
12624,18,2023-02-28,44,35,Moderate,N
12625,18,2023-03-01,6,40,Moderate,N
12626,18,2023-03-02,20,31,Normal,N
12627,18,2023-03-03,55,37,Normal,N
12628,18,2023-03-04,28,33,Normal,N
12629,18,2023-03-05,82,29,Normal,N
12630,18,2023-03-06,98,38,Severe,Y
12631,18,2023-03-07,9,33,Normal,N
12632,18,2023-03-08,66,41,Normal,N
12633,18,2023-03-09,124,41,Normal,N
12634,18,2023-03-10,19,26,Normal,N
12635,18,2023-03-11,46,29,Normal,N
12636,18,2023-03-12,31,41,Normal,N
12637,18,2023-03-13,51,25,Normal,N
12638,18,2023-03-14,29,25,Normal,N
12639,18,2023-03-15,55,36,Moderate,N
12640,18,2023-03-16,114,39,Normal,N
12641,18,2023-03-17,138,27,Severe,Y
12642,18,2023-03-18,54,33,Normal,N
12643,18,2023-03-19,69,32,Moderate,N
12644,18,2023-03-20,89,43,Normal,N
12645,18,2023-03-21,42,30,Normal,N
12646,18,2023-03-22,89,28,Normal,N
12647,18,2023-03-23,4,38,Normal,N
12648,18,2023-03-24,28,35,Normal,N
12649,18,2023-03-25,102,29,Normal,N
12650,18,2023-03-26,7,36,Normal,N
12651,18,2023-03-27,139,27,Normal,N
12652,18,2023-03-28,58,42,Normal,N
12653,18,2023-03-29,44,24,Moderate,N
12654,18,2023-03-30,47,26,Moderate,N
12655,18,2023-03-31,120,36,Normal,N
12656,18,2023-04-01,4,27,Normal,N
12657,18,2023-04-02,34,35,Normal,N
12658,18,2023-04-03,38,38,Normal,N
12659,18,2023-04-04,24,34,Normal,N
12660,18,2023-04-05,120,37,Normal,N
12661,18,2023-04-06,51,38,Moderate,N
12662,18,2023-04-07,57,30,Normal,N
12663,18,2023-04-08,85,34,Normal,N
12664,18,2023-04-09,17,28,Normal,N
12665,18,2023-04-10,2,25,Moderate,N
12666,18,2023-04-11,81,35,Normal,N
12667,18,2023-04-12,69,27,Normal,N
12668,18,2023-04-13,90,37,Severe,Y
12669,18,2023-04-14,85,34,Normal,N
12670,18,2023-04-15,121,41,Normal,N
12671,18,2023-04-16,2,37,Normal,N
12672,18,2023-04-17,49,33,Normal,N
12673,18,2023-04-18,13,41,Normal,N
12674,18,2023-04-19,78,38,Normal,N
12675,18,2023-04-20,122,32,Normal,N
12676,18,2023-04-21,56,29,Normal,N
12677,18,2023-04-22,53,41,Normal,N
12678,18,2023-04-23,51,42,Moderate,N
12679,18,2023-04-24,89,29,Normal,N
12680,18,2023-04-25,113,26,Moderate,N
12681,18,2023-04-26,69,36,Severe,Y
12682,18,2023-04-27,139,28,Normal,N
12683,18,2023-04-28,30,42,Normal,N
12684,18,2023-04-29,76,29,Moderate,N
12685,18,2023-04-30,41,36,Normal,N
12686,18,2023-05-01,60,38,Normal,N
12687,18,2023-05-02,107,42,Moderate,N
12688,18,2023-05-03,66,29,Normal,N
12689,18,2023-05-04,101,24,Severe,Y
12690,18,2023-05-05,139,41,Normal,N
12691,18,2023-05-06,127,42,Normal,N
12692,18,2023-05-07,95,30,Normal,N
12693,18,2023-05-08,83,43,Normal,N
12694,18,2023-05-09,64,43,Normal,N
12695,18,2023-05-10,125,42,Normal,N
12696,18,2023-05-11,29,38,Normal,N
12697,18,2023-05-12,55,42,Normal,N
12698,18,2023-05-13,84,33,Normal,N
12699,18,2023-05-14,81,31,Severe,Y
12700,18,2023-05-15,122,28,Normal,N
12701,18,2023-05-16,96,42,Moderate,N
12702,18,2023-05-17,17,40,Normal,N
12703,18,2023-05-18,27,39,Normal,N
12704,18,2023-05-19,124,35,Normal,N
12705,18,2023-05-20,66,39,Normal,N
12706,18,2023-05-21,124,29,Moderate,N
12707,18,2023-05-22,132,43,Normal,N
12708,18,2023-05-23,102,34,Normal,N
12709,18,2023-05-24,75,38,Moderate,N
12710,18,2023-05-25,5,36,Moderate,N
12711,18,2023-05-26,135,40,Normal,N
12712,18,2023-05-27,58,30,Normal,N
12713,18,2023-05-28,35,39,Normal,N
12714,18,2023-05-29,123,38,Moderate,N
12715,18,2023-05-30,57,42,Normal,N
12716,18,2023-05-31,133,37,Normal,N
12717,18,2023-06-01,20,41,Normal,N
12718,18,2023-06-02,54,42,Normal,N
12719,18,2023-06-03,80,32,Normal,N
12720,18,2023-06-04,3,32,Normal,N
12721,18,2023-06-05,104,28,Normal,N
12722,18,2023-06-06,41,24,Severe,Y
12723,18,2023-06-07,71,37,Normal,N
12724,18,2023-06-08,46,40,Normal,N
12725,18,2023-06-09,70,40,Moderate,N
12726,18,2023-06-10,47,31,Normal,N
12727,18,2023-06-11,34,37,Moderate,N
12728,18,2023-06-12,39,24,Normal,N
12729,18,2023-06-13,54,26,Normal,N
12730,18,2023-06-14,22,24,Normal,N
12731,18,2023-06-15,40,26,Normal,N
12732,18,2023-06-16,23,43,Normal,N
12733,18,2023-06-17,109,35,Normal,N
12734,18,2023-06-18,67,37,Normal,N
12735,18,2023-06-19,77,43,Normal,N
12736,18,2023-06-20,59,42,Moderate,N
12737,18,2023-06-21,12,33,Normal,N
12738,18,2023-06-22,131,39,Normal,N
12739,18,2023-06-23,42,37,Normal,N
12740,18,2023-06-24,136,29,Moderate,N
12741,18,2023-06-25,79,38,Normal,N
12742,18,2023-06-26,23,36,Normal,N
12743,18,2023-06-27,105,24,Normal,N
12744,18,2023-06-28,75,29,Moderate,N
12745,18,2023-06-29,28,28,Normal,N
12746,18,2023-06-30,136,38,Moderate,N
12747,18,2023-07-01,63,38,Normal,N
12748,18,2023-07-02,14,28,Moderate,N
12749,18,2023-07-03,10,35,Normal,N
12750,18,2023-07-04,129,33,Moderate,N
12751,18,2023-07-05,8,26,Normal,N
12752,18,2023-07-06,116,31,Normal,N
12753,18,2023-07-07,47,42,Normal,N
12754,18,2023-07-08,131,25,Moderate,N
12755,18,2023-07-09,109,32,Normal,N
12756,18,2023-07-10,134,26,Moderate,N
12757,18,2023-07-11,21,33,Moderate,N
12758,18,2023-07-12,66,31,Normal,N
12759,18,2023-07-13,16,39,Normal,N
12760,18,2023-07-14,90,30,Moderate,N
12761,18,2023-07-15,18,41,Normal,N
12762,18,2023-07-16,30,28,Severe,Y
12763,18,2023-07-17,9,33,Normal,N
12764,18,2023-07-18,17,28,Normal,N
12765,18,2023-07-19,110,42,Normal,N
12766,18,2023-07-20,70,30,Normal,N
12767,18,2023-07-21,115,30,Normal,N
12768,18,2023-07-22,133,29,Moderate,N
12769,18,2023-07-23,23,27,Normal,N
12770,18,2023-07-24,34,27,Moderate,N
12771,18,2023-07-25,9,30,Normal,N
12772,18,2023-07-26,44,40,Normal,N
12773,18,2023-07-27,121,28,Moderate,N
12774,18,2023-07-28,26,41,Normal,N
12775,18,2023-07-29,86,38,Normal,N
12776,18,2023-07-30,82,42,Normal,N
12777,18,2023-07-31,119,25,Normal,N
12778,18,2023-08-01,115,42,Normal,N
12779,18,2023-08-02,139,30,Moderate,N
12780,18,2023-08-03,2,37,Normal,N
12781,18,2023-08-04,129,34,Normal,N
12782,18,2023-08-05,25,39,Normal,N
12783,18,2023-08-06,32,26,Normal,N
12784,18,2023-08-07,93,30,Severe,Y
12785,18,2023-08-08,29,39,Normal,N
12786,18,2023-08-09,16,33,Normal,N
12787,18,2023-08-10,44,33,Normal,N
12788,18,2023-08-11,80,32,Normal,N
12789,18,2023-08-12,78,26,Normal,N
12790,18,2023-08-13,101,27,Normal,N
12791,18,2023-08-14,84,34,Moderate,N
12792,18,2023-08-15,119,33,Severe,Y
12793,18,2023-08-16,37,42,Normal,N
12794,18,2023-08-17,51,32,Normal,N
12795,18,2023-08-18,32,41,Normal,N
12796,18,2023-08-19,137,39,Normal,N
12797,18,2023-08-20,4,38,Normal,N
12798,18,2023-08-21,137,38,Moderate,N
12799,18,2023-08-22,50,39,Normal,N
12800,18,2023-08-23,84,37,Normal,N
12801,18,2023-08-24,125,43,Severe,Y
12802,18,2023-08-25,33,24,Normal,N
12803,18,2023-08-26,124,31,Normal,N
12804,18,2023-08-27,69,37,Normal,N
12805,18,2023-08-28,121,27,Normal,N
12806,18,2023-08-29,2,43,Normal,N
12807,18,2023-08-30,60,42,Severe,Y
12808,18,2023-08-31,113,42,Normal,N
12809,18,2023-09-01,76,29,Normal,N
12810,18,2023-09-02,82,28,Normal,N
12811,18,2023-09-03,118,35,Normal,N
12812,18,2023-09-04,13,28,Normal,N
12813,18,2023-09-05,79,38,Moderate,N
12814,18,2023-09-06,37,36,Normal,N
12815,18,2023-09-07,139,37,Normal,N
12816,18,2023-09-08,0,26,Normal,N
12817,18,2023-09-09,59,26,Moderate,N
12818,18,2023-09-10,14,29,Normal,N
12819,18,2023-09-11,19,27,Normal,N
12820,18,2023-09-12,114,24,Normal,N
12821,18,2023-09-13,36,32,Moderate,N
12822,18,2023-09-14,38,30,Normal,N
12823,18,2023-09-15,42,39,Normal,N
12824,18,2023-09-16,68,34,Moderate,N
12825,18,2023-09-17,59,40,Moderate,N
12826,18,2023-09-18,105,37,Normal,N
12827,18,2023-09-19,16,24,Normal,N
12828,18,2023-09-20,65,37,Normal,N
12829,18,2023-09-21,39,26,Normal,N
12830,18,2023-09-22,49,29,Moderate,N
12831,18,2023-09-23,57,25,Normal,N
12832,18,2023-09-24,65,35,Severe,Y
12833,18,2023-09-25,63,42,Normal,N
12834,18,2023-09-26,40,28,Normal,N
12835,18,2023-09-27,106,38,Normal,N
12836,18,2023-09-28,96,31,Moderate,N
12837,18,2023-09-29,16,24,Normal,N
12838,18,2023-09-30,69,25,Normal,N
12839,18,2023-10-01,92,29,Normal,N
12840,18,2023-10-02,139,35,Normal,N
12841,18,2023-10-03,112,28,Normal,N
12842,18,2023-10-04,48,40,Moderate,N
12843,18,2023-10-05,29,28,Normal,N
12844,18,2023-10-06,50,30,Normal,N
12845,18,2023-10-07,44,39,Moderate,N
12846,18,2023-10-08,13,35,Moderate,N
12847,18,2023-10-09,138,39,Normal,N
12848,18,2023-10-10,105,40,Normal,N
12849,18,2023-10-11,32,36,Severe,Y
12850,18,2023-10-12,74,25,Normal,N
12851,18,2023-10-13,71,35,Normal,N
12852,18,2023-10-14,96,40,Moderate,N
12853,18,2023-10-15,103,28,Moderate,N
12854,18,2023-10-16,110,32,Severe,Y
12855,18,2023-10-17,106,37,Normal,N
12856,18,2023-10-18,37,26,Normal,N
12857,18,2023-10-19,49,33,Normal,N
12858,18,2023-10-20,118,39,Severe,Y
12859,18,2023-10-21,75,30,Moderate,N
12860,18,2023-10-22,78,25,Normal,N
12861,18,2023-10-23,26,29,Normal,N
12862,18,2023-10-24,116,27,Severe,Y
12863,18,2023-10-25,103,41,Normal,N
12864,18,2023-10-26,53,25,Moderate,N
12865,18,2023-10-27,63,27,Moderate,N
12866,18,2023-10-28,43,24,Normal,N
12867,18,2023-10-29,114,35,Normal,N
12868,18,2023-10-30,134,42,Normal,N
12869,18,2023-10-31,129,42,Normal,N
12870,18,2023-11-01,107,27,Normal,N
12871,18,2023-11-02,137,42,Severe,Y
12872,18,2023-11-03,15,34,Normal,N
12873,18,2023-11-04,131,31,Normal,N
12874,18,2023-11-05,75,24,Severe,Y
12875,18,2023-11-06,135,30,Moderate,N
12876,18,2023-11-07,44,32,Severe,Y
12877,18,2023-11-08,103,33,Normal,N
12878,18,2023-11-09,73,25,Moderate,N
12879,18,2023-11-10,33,31,Normal,N
12880,18,2023-11-11,104,43,Normal,N
12881,18,2023-11-12,80,27,Moderate,N
12882,18,2023-11-13,92,39,Moderate,N
12883,18,2023-11-14,71,27,Moderate,N
12884,18,2023-11-15,38,28,Severe,Y
12885,18,2023-11-16,121,33,Normal,N
12886,18,2023-11-17,104,26,Moderate,N
12887,18,2023-11-18,87,31,Normal,N
12888,18,2023-11-19,96,29,Normal,N
12889,18,2023-11-20,67,37,Normal,N
12890,18,2023-11-21,77,40,Normal,N
12891,18,2023-11-22,41,29,Normal,N
12892,18,2023-11-23,58,39,Normal,N
12893,18,2023-11-24,105,32,Moderate,N
12894,18,2023-11-25,100,28,Normal,N
12895,18,2023-11-26,129,27,Normal,N
12896,18,2023-11-27,20,28,Moderate,N
12897,18,2023-11-28,135,27,Moderate,N
12898,18,2023-11-29,37,41,Moderate,N
12899,18,2023-11-30,79,38,Moderate,N
12900,18,2023-12-01,7,28,Moderate,N
12901,18,2023-12-02,2,30,Moderate,N
12902,18,2023-12-03,64,29,Normal,N
12903,18,2023-12-04,69,40,Normal,N
12904,18,2023-12-05,136,34,Normal,N
12905,18,2023-12-06,50,26,Normal,N
12906,18,2023-12-07,66,37,Normal,N
12907,18,2023-12-08,78,26,Normal,N
12908,18,2023-12-09,47,26,Moderate,N
12909,18,2023-12-10,65,27,Normal,N
12910,18,2023-12-11,31,37,Moderate,N
12911,18,2023-12-12,134,32,Normal,N
12912,18,2023-12-13,12,28,Normal,N
12913,18,2023-12-14,60,36,Normal,N
12914,18,2023-12-15,53,33,Normal,N
12915,18,2023-12-16,111,28,Normal,N
12916,18,2023-12-17,19,39,Normal,N
12917,18,2023-12-18,109,31,Moderate,N
12918,18,2023-12-19,27,32,Normal,N
12919,18,2023-12-20,119,34,Normal,N
12920,18,2023-12-21,98,41,Normal,N
12921,18,2023-12-22,140,36,Severe,Y
12922,18,2023-12-23,31,38,Normal,N
12923,18,2023-12-24,68,40,Normal,N
12924,18,2023-12-25,113,26,Severe,Y
12925,18,2023-12-26,80,35,Severe,Y
12926,18,2023-12-27,57,36,Moderate,N
12927,18,2023-12-28,70,28,Normal,N
12928,18,2023-12-29,133,28,Normal,N
12929,18,2023-12-30,16,35,Severe,Y
12930,18,2023-12-31,58,37,Normal,N
12931,18,2024-01-01,30,26,Moderate,N
12932,18,2024-01-02,105,42,Normal,N
12933,18,2024-01-03,31,27,Normal,N
12934,18,2024-01-04,55,43,Normal,N
12935,18,2024-01-05,5,28,Normal,N
12936,18,2024-01-06,40,28,Moderate,N
12937,18,2024-01-07,125,27,Moderate,N
12938,18,2024-01-08,94,27,Moderate,N
12939,18,2024-01-09,105,39,Moderate,N
12940,18,2024-01-10,83,37,Normal,N
12941,18,2024-01-11,83,27,Normal,N
12942,18,2024-01-12,104,38,Moderate,N
12943,18,2024-01-13,66,27,Normal,N
12944,18,2024-01-14,108,26,Normal,N
12945,18,2024-01-15,7,30,Normal,N
12946,18,2024-01-16,45,41,Normal,N
12947,18,2024-01-17,109,29,Normal,N
12948,18,2024-01-18,43,40,Normal,N
12949,18,2024-01-19,114,38,Normal,N
12950,18,2024-01-20,46,40,Normal,N
12951,18,2024-01-21,102,36,Normal,N
12952,18,2024-01-22,121,36,Normal,N
12953,18,2024-01-23,55,31,Normal,N
12954,18,2024-01-24,59,34,Moderate,N
12955,18,2024-01-25,74,43,Moderate,N
12956,18,2024-01-26,132,39,Normal,N
12957,18,2024-01-27,118,32,Normal,N
12958,18,2024-01-28,85,39,Severe,Y
12959,18,2024-01-29,48,42,Severe,Y
12960,18,2024-01-30,116,27,Normal,N
12961,18,2024-01-31,99,42,Normal,N
12962,18,2024-02-01,15,34,Normal,N
12963,18,2024-02-02,41,29,Moderate,N
12964,18,2024-02-03,45,40,Normal,N
12965,18,2024-02-04,25,33,Normal,N
12966,18,2024-02-05,66,34,Moderate,N
12967,18,2024-02-06,132,25,Normal,N
12968,18,2024-02-07,68,37,Moderate,N
12969,18,2024-02-08,22,28,Normal,N
12970,18,2024-02-09,98,38,Normal,N
12971,18,2024-02-10,68,32,Normal,N
12972,18,2024-02-11,27,32,Normal,N
12973,18,2024-02-12,23,30,Normal,N
12974,18,2024-02-13,9,33,Normal,N
12975,18,2024-02-14,93,41,Normal,N
12976,18,2024-02-15,130,31,Moderate,N
12977,18,2024-02-16,8,28,Moderate,N
12978,18,2024-02-17,96,41,Normal,N
12979,18,2024-02-18,17,31,Normal,N
12980,18,2024-02-19,112,32,Severe,Y
12981,18,2024-02-20,56,25,Severe,Y
12982,18,2024-02-21,10,42,Normal,N
12983,18,2024-02-22,7,40,Normal,N
12984,18,2024-02-23,47,38,Normal,N
12985,18,2024-02-24,40,42,Moderate,N
12986,18,2024-02-25,126,31,Severe,Y
12987,18,2024-02-26,90,27,Moderate,N
12988,18,2024-02-27,45,38,Severe,Y
12989,18,2024-02-28,8,29,Normal,N
12990,18,2024-02-29,117,42,Normal,N
12991,18,2024-03-01,100,31,Normal,N
12992,18,2024-03-02,82,41,Moderate,N
12993,18,2024-03-03,107,25,Normal,N
12994,18,2024-03-04,57,42,Moderate,N
12995,18,2024-03-05,119,35,Normal,N
12996,18,2024-03-06,45,41,Normal,N
12997,18,2024-03-07,125,36,Moderate,N
12998,18,2024-03-08,72,40,Normal,N
12999,18,2024-03-09,137,43,Normal,N
13000,18,2024-03-10,75,38,Normal,N
13001,18,2024-03-11,110,28,Moderate,N
13002,18,2024-03-12,46,32,Moderate,N
13003,18,2024-03-13,38,36,Normal,N
13004,18,2024-03-14,4,36,Moderate,N
13005,18,2024-03-15,100,29,Normal,N
13006,18,2024-03-16,28,26,Normal,N
13007,18,2024-03-17,83,30,Severe,Y
13008,18,2024-03-18,108,31,Severe,Y
13009,18,2024-03-19,80,26,Normal,N
13010,18,2024-03-20,113,25,Moderate,N
13011,18,2024-03-21,134,32,Normal,N
13012,18,2024-03-22,133,31,Moderate,N
13013,18,2024-03-23,107,25,Normal,N
13014,18,2024-03-24,81,40,Normal,N
13015,18,2024-03-25,83,43,Severe,Y
13016,18,2024-03-26,3,33,Normal,N
13017,18,2024-03-27,74,34,Severe,Y
13018,18,2024-03-28,97,40,Normal,N
13019,18,2024-03-29,133,42,Normal,N
13020,18,2024-03-30,27,38,Moderate,N
13021,18,2024-03-31,106,24,Normal,N
13022,18,2024-04-01,36,33,Moderate,N
13023,18,2024-04-02,8,34,Normal,N
13024,18,2024-04-03,37,34,Normal,N
13025,18,2024-04-04,17,34,Normal,N
13026,18,2024-04-05,25,24,Normal,N
13027,18,2024-04-06,12,32,Moderate,N
13028,18,2024-04-07,59,30,Normal,N
13029,18,2024-04-08,50,26,Normal,N
13030,18,2024-04-09,108,38,Normal,N
13031,18,2024-04-10,135,28,Normal,N
13032,18,2024-04-11,106,35,Normal,N
13033,18,2024-04-12,18,33,Moderate,N
13034,18,2024-04-13,66,39,Normal,N
13035,18,2024-04-14,46,42,Normal,N
13036,18,2024-04-15,68,42,Normal,N
13037,18,2024-04-16,104,36,Normal,N
13038,18,2024-04-17,130,32,Normal,N
13039,18,2024-04-18,29,38,Normal,N
13040,18,2024-04-19,94,32,Moderate,N
13041,18,2024-04-20,21,42,Normal,N
13042,18,2024-04-21,93,32,Moderate,N
13043,18,2024-04-22,114,43,Normal,N
13044,18,2024-04-23,101,33,Normal,N
13045,18,2024-04-24,12,33,Normal,N
13046,18,2024-04-25,8,40,Normal,N
13047,18,2024-04-26,114,36,Normal,N
13048,18,2024-04-27,33,39,Normal,N
13049,18,2024-04-28,39,29,Normal,N
13050,18,2024-04-29,126,35,Normal,N
13051,18,2024-04-30,24,33,Normal,N
13052,18,2024-05-01,51,28,Normal,N
13053,18,2024-05-02,71,29,Normal,N
13054,18,2024-05-03,107,27,Normal,N
13055,18,2024-05-04,64,31,Normal,N
13056,18,2024-05-05,85,30,Severe,Y
13057,18,2024-05-06,72,33,Normal,N
13058,18,2024-05-07,48,42,Moderate,N
13059,18,2024-05-08,55,24,Normal,N
13060,18,2024-05-09,9,31,Normal,N
13061,18,2024-05-10,33,28,Normal,N
13062,18,2024-05-11,134,31,Normal,N
13063,18,2024-05-12,51,30,Normal,N
13064,18,2024-05-13,120,25,Normal,N
13065,18,2024-05-14,93,39,Moderate,N
13066,18,2024-05-15,136,26,Normal,N
13067,18,2024-05-16,33,41,Normal,N
13068,18,2024-05-17,136,42,Normal,N
13069,18,2024-05-18,85,32,Normal,N
13070,18,2024-05-19,121,34,Moderate,N
13071,18,2024-05-20,115,42,Moderate,N
13072,18,2024-05-21,9,34,Normal,N
13073,18,2024-05-22,126,32,Normal,N
13074,18,2024-05-23,100,29,Normal,N
13075,18,2024-05-24,112,36,Moderate,N
13076,18,2024-05-25,60,36,Normal,N
13077,18,2024-05-26,26,26,Normal,N
13078,18,2024-05-27,97,29,Moderate,N
13079,18,2024-05-28,138,36,Normal,N
13080,18,2024-05-29,114,27,Normal,N
13081,18,2024-05-30,105,38,Moderate,N
13082,18,2024-05-31,45,38,Normal,N
13083,18,2024-06-01,24,31,Normal,N
13084,18,2024-06-02,105,36,Moderate,N
13085,18,2024-06-03,49,25,Normal,N
13086,18,2024-06-04,19,43,Normal,N
13087,18,2024-06-05,7,40,Normal,N
13088,18,2024-06-06,35,24,Severe,Y
13089,18,2024-06-07,2,36,Normal,N
13090,18,2024-06-08,21,33,Normal,N
13091,18,2024-06-09,137,29,Normal,N
13092,18,2024-06-10,104,32,Normal,N
13093,18,2024-06-11,4,26,Normal,N
13094,18,2024-06-12,8,38,Normal,N
13095,18,2024-06-13,17,42,Normal,N
13096,18,2024-06-14,73,24,Severe,Y
13097,18,2024-06-15,29,31,Normal,N
13098,18,2024-06-16,62,29,Moderate,N
13099,18,2024-06-17,58,37,Moderate,N
13100,18,2024-06-18,55,25,Moderate,N
13101,18,2024-06-19,0,24,Moderate,N
13102,18,2024-06-20,16,29,Normal,N
13103,18,2024-06-21,54,30,Normal,N
13104,18,2024-06-22,108,34,Normal,N
13105,18,2024-06-23,140,33,Normal,N
13106,18,2024-06-24,123,40,Normal,N
13107,18,2024-06-25,43,29,Normal,N
13108,18,2024-06-26,70,43,Moderate,N
13109,18,2024-06-27,0,25,Normal,N
13110,18,2024-06-28,74,32,Normal,N
13111,18,2024-06-29,51,34,Normal,N
13112,18,2024-06-30,78,28,Moderate,N
13113,18,2024-07-01,130,36,Normal,N
13114,18,2024-07-02,78,29,Normal,N
13115,18,2024-07-03,91,39,Normal,N
13116,18,2024-07-04,11,32,Normal,N
13117,18,2024-07-05,53,28,Normal,N
13118,18,2024-07-06,120,29,Normal,N
13119,18,2024-07-07,114,30,Normal,N
13120,18,2024-07-08,47,34,Moderate,N
13121,18,2024-07-09,16,35,Moderate,N
13122,18,2024-07-10,60,31,Normal,N
13123,18,2024-07-11,139,31,Normal,N
13124,18,2024-07-12,68,35,Moderate,N
13125,18,2024-07-13,77,32,Moderate,N
13126,18,2024-07-14,137,34,Severe,Y
13127,18,2024-07-15,39,40,Normal,N
13128,18,2024-07-16,67,24,Normal,N
13129,18,2024-07-17,77,37,Normal,N
13130,18,2024-07-18,78,29,Normal,N
13131,18,2024-07-19,0,42,Normal,N
13132,18,2024-07-20,55,30,Normal,N
13133,18,2024-07-21,32,26,Normal,N
13134,18,2024-07-22,64,27,Moderate,N
13135,18,2024-07-23,109,42,Normal,N
13136,18,2024-07-24,84,25,Normal,N
13137,18,2024-07-25,94,32,Normal,N
13138,18,2024-07-26,95,43,Moderate,N
13139,18,2024-07-27,55,38,Severe,Y
13140,18,2024-07-28,66,40,Moderate,N
13141,18,2024-07-29,35,36,Moderate,N
13142,18,2024-07-30,105,35,Normal,N
13143,18,2024-07-31,18,30,Moderate,N
13144,18,2024-08-01,92,38,Normal,N
13145,18,2024-08-02,135,42,Moderate,N
13146,18,2024-08-03,102,26,Moderate,N
13147,18,2024-08-04,44,24,Normal,N
13148,18,2024-08-05,95,28,Moderate,N
13149,18,2024-08-06,87,43,Normal,N
13150,18,2024-08-07,115,40,Moderate,N
13151,18,2024-08-08,39,30,Moderate,N
13152,18,2024-08-09,99,32,Normal,N
13153,18,2024-08-10,54,43,Normal,N
13154,18,2024-08-11,125,37,Normal,N
13155,18,2024-08-12,78,26,Normal,N
13156,18,2024-08-13,5,36,Severe,Y
13157,18,2024-08-14,62,36,Normal,N
13158,18,2024-08-15,74,32,Normal,N
13159,18,2024-08-16,38,38,Normal,N
13160,18,2024-08-17,122,42,Normal,N
13161,18,2024-08-18,87,33,Normal,N
13162,18,2024-08-19,125,36,Normal,N
13163,18,2024-08-20,117,41,Normal,N
13164,18,2024-08-21,52,36,Moderate,N
13165,18,2024-08-22,117,24,Normal,N
13166,18,2024-08-23,85,42,Moderate,N
13167,18,2024-08-24,112,28,Moderate,N
13168,18,2024-08-25,41,36,Normal,N
13169,18,2024-08-26,62,31,Normal,N
13170,18,2024-08-27,84,40,Moderate,N
13171,18,2024-08-28,23,36,Normal,N
13172,18,2024-08-29,74,27,Normal,N
13173,18,2024-08-30,123,26,Moderate,N
13174,18,2024-08-31,88,43,Moderate,N
13175,18,2024-09-01,126,43,Moderate,N
13176,18,2024-09-02,10,42,Normal,N
13177,18,2024-09-03,134,30,Normal,N
13178,19,2022-03-18,93,29,Severe,Y
13179,19,2022-03-19,17,26,Normal,N
13180,19,2022-03-20,118,26,Normal,N
13181,19,2022-03-21,90,33,Normal,N
13182,19,2022-03-22,23,36,Moderate,N
13183,19,2022-03-23,1,25,Severe,Y
13184,19,2022-03-24,28,35,Normal,N
13185,19,2022-03-25,139,40,Moderate,N
13186,19,2022-03-26,44,35,Normal,N
13187,19,2022-03-27,78,28,Normal,N
13188,19,2022-03-28,99,34,Normal,N
13189,19,2022-03-29,96,40,Severe,Y
13190,19,2022-03-30,64,39,Severe,Y
13191,19,2022-03-31,54,31,Moderate,N
13192,19,2022-04-01,17,26,Normal,N
13193,19,2022-04-02,62,29,Normal,N
13194,19,2022-04-03,40,29,Normal,N
13195,19,2022-04-04,121,29,Normal,N
13196,19,2022-04-05,75,27,Moderate,N
13197,19,2022-04-06,109,37,Normal,N
13198,19,2022-04-07,104,29,Moderate,N
13199,19,2022-04-08,7,34,Normal,N
13200,19,2022-04-09,79,43,Normal,N
13201,19,2022-04-10,114,37,Normal,N
13202,19,2022-04-11,78,42,Normal,N
13203,19,2022-04-12,69,26,Normal,N
13204,19,2022-04-13,27,33,Moderate,N
13205,19,2022-04-14,114,30,Normal,N
13206,19,2022-04-15,23,26,Normal,N
13207,19,2022-04-16,63,24,Moderate,N
13208,19,2022-04-17,25,41,Moderate,N
13209,19,2022-04-18,39,24,Moderate,N
13210,19,2022-04-19,79,30,Normal,N
13211,19,2022-04-20,140,32,Normal,N
13212,19,2022-04-21,59,34,Normal,N
13213,19,2022-04-22,111,24,Normal,N
13214,19,2022-04-23,64,39,Normal,N
13215,19,2022-04-24,111,39,Moderate,N
13216,19,2022-04-25,109,27,Normal,N
13217,19,2022-04-26,69,40,Normal,N
13218,19,2022-04-27,72,31,Normal,N
13219,19,2022-04-28,116,29,Normal,N
13220,19,2022-04-29,121,35,Normal,N
13221,19,2022-04-30,19,35,Normal,N
13222,19,2022-05-01,58,24,Normal,N
13223,19,2022-05-02,111,24,Normal,N
13224,19,2022-05-03,131,28,Normal,N
13225,19,2022-05-04,73,42,Moderate,N
13226,19,2022-05-05,105,43,Moderate,N
13227,19,2022-05-06,123,38,Moderate,N
13228,19,2022-05-07,119,37,Normal,N
13229,19,2022-05-08,74,29,Normal,N
13230,19,2022-05-09,119,43,Severe,Y
13231,19,2022-05-10,27,32,Normal,N
13232,19,2022-05-11,27,31,Severe,Y
13233,19,2022-05-12,50,24,Moderate,N
13234,19,2022-05-13,89,36,Normal,N
13235,19,2022-05-14,16,26,Normal,N
13236,19,2022-05-15,112,42,Normal,N
13237,19,2022-05-16,121,32,Normal,N
13238,19,2022-05-17,134,28,Moderate,N
13239,19,2022-05-18,120,42,Normal,N
13240,19,2022-05-19,15,25,Severe,Y
13241,19,2022-05-20,90,28,Moderate,N
13242,19,2022-05-21,110,29,Normal,N
13243,19,2022-05-22,63,41,Normal,N
13244,19,2022-05-23,103,34,Normal,N
13245,19,2022-05-24,54,43,Normal,N
13246,19,2022-05-25,100,35,Normal,N
13247,19,2022-05-26,57,35,Moderate,N
13248,19,2022-05-27,107,36,Normal,N
13249,19,2022-05-28,124,25,Normal,N
13250,19,2022-05-29,18,30,Normal,N
13251,19,2022-05-30,72,40,Moderate,N
13252,19,2022-05-31,114,34,Normal,N
13253,19,2022-06-01,13,31,Normal,N
13254,19,2022-06-02,46,40,Normal,N
13255,19,2022-06-03,116,36,Moderate,N
13256,19,2022-06-04,83,39,Normal,N
13257,19,2022-06-05,109,37,Normal,N
13258,19,2022-06-06,54,25,Normal,N
13259,19,2022-06-07,27,41,Moderate,N
13260,19,2022-06-08,47,35,Normal,N
13261,19,2022-06-09,50,43,Normal,N
13262,19,2022-06-10,64,31,Normal,N
13263,19,2022-06-11,3,29,Normal,N
13264,19,2022-06-12,108,41,Normal,N
13265,19,2022-06-13,80,43,Moderate,N
13266,19,2022-06-14,108,34,Normal,N
13267,19,2022-06-15,37,25,Normal,N
13268,19,2022-06-16,8,27,Normal,N
13269,19,2022-06-17,68,40,Normal,N
13270,19,2022-06-18,109,37,Normal,N
13271,19,2022-06-19,86,36,Normal,N
13272,19,2022-06-20,139,25,Normal,N
13273,19,2022-06-21,136,29,Normal,N
13274,19,2022-06-22,90,28,Severe,Y
13275,19,2022-06-23,14,36,Normal,N
13276,19,2022-06-24,131,39,Normal,N
13277,19,2022-06-25,109,34,Normal,N
13278,19,2022-06-26,35,35,Normal,N
13279,19,2022-06-27,140,34,Moderate,N
13280,19,2022-06-28,125,29,Normal,N
13281,19,2022-06-29,93,41,Severe,Y
13282,19,2022-06-30,43,30,Normal,N
13283,19,2022-07-01,21,32,Normal,N
13284,19,2022-07-02,7,42,Moderate,N
13285,19,2022-07-03,108,25,Normal,N
13286,19,2022-07-04,59,39,Moderate,N
13287,19,2022-07-05,133,39,Moderate,N
13288,19,2022-07-06,5,38,Normal,N
13289,19,2022-07-07,88,37,Normal,N
13290,19,2022-07-08,97,32,Normal,N
13291,19,2022-07-09,86,34,Normal,N
13292,19,2022-07-10,104,32,Normal,N
13293,19,2022-07-11,121,25,Moderate,N
13294,19,2022-07-12,49,42,Normal,N
13295,19,2022-07-13,58,35,Severe,Y
13296,19,2022-07-14,139,43,Moderate,N
13297,19,2022-07-15,22,36,Normal,N
13298,19,2022-07-16,23,32,Normal,N
13299,19,2022-07-17,76,42,Normal,N
13300,19,2022-07-18,64,37,Normal,N
13301,19,2022-07-19,4,31,Normal,N
13302,19,2022-07-20,134,25,Normal,N
13303,19,2022-07-21,73,29,Normal,N
13304,19,2022-07-22,114,36,Severe,Y
13305,19,2022-07-23,99,36,Normal,N
13306,19,2022-07-24,22,24,Normal,N
13307,19,2022-07-25,110,35,Normal,N
13308,19,2022-07-26,25,34,Normal,N
13309,19,2022-07-27,16,28,Normal,N
13310,19,2022-07-28,111,37,Normal,N
13311,19,2022-07-29,73,43,Moderate,N
13312,19,2022-07-30,113,29,Normal,N
13313,19,2022-07-31,33,42,Severe,Y
13314,19,2022-08-01,111,24,Normal,N
13315,19,2022-08-02,15,36,Moderate,N
13316,19,2022-08-03,17,40,Normal,N
13317,19,2022-08-04,20,38,Normal,N
13318,19,2022-08-05,123,39,Normal,N
13319,19,2022-08-06,29,31,Normal,N
13320,19,2022-08-07,8,35,Moderate,N
13321,19,2022-08-08,37,38,Normal,N
13322,19,2022-08-09,60,40,Normal,N
13323,19,2022-08-10,113,27,Normal,N
13324,19,2022-08-11,92,28,Normal,N
13325,19,2022-08-12,18,40,Severe,Y
13326,19,2022-08-13,74,42,Moderate,N
13327,19,2022-08-14,43,34,Normal,N
13328,19,2022-08-15,78,42,Normal,N
13329,19,2022-08-16,68,25,Normal,N
13330,19,2022-08-17,25,35,Normal,N
13331,19,2022-08-18,62,24,Normal,N
13332,19,2022-08-19,132,27,Normal,N
13333,19,2022-08-20,34,43,Moderate,N
13334,19,2022-08-21,9,43,Moderate,N
13335,19,2022-08-22,104,29,Normal,N
13336,19,2022-08-23,96,36,Severe,Y
13337,19,2022-08-24,107,36,Normal,N
13338,19,2022-08-25,63,43,Normal,N
13339,19,2022-08-26,67,43,Normal,N
13340,19,2022-08-27,135,37,Normal,N
13341,19,2022-08-28,115,27,Normal,N
13342,19,2022-08-29,41,36,Moderate,N
13343,19,2022-08-30,123,33,Normal,N
13344,19,2022-08-31,106,24,Normal,N
13345,19,2022-09-01,133,35,Moderate,N
13346,19,2022-09-02,0,26,Severe,Y
13347,19,2022-09-03,36,39,Moderate,N
13348,19,2022-09-04,97,43,Normal,N
13349,19,2022-09-05,24,35,Normal,N
13350,19,2022-09-06,10,27,Severe,Y
13351,19,2022-09-07,140,34,Normal,N
13352,19,2022-09-08,70,27,Normal,N
13353,19,2022-09-09,93,25,Normal,N
13354,19,2022-09-10,106,27,Normal,N
13355,19,2022-09-11,21,42,Normal,N
13356,19,2022-09-12,91,35,Moderate,N
13357,19,2022-09-13,12,30,Normal,N
13358,19,2022-09-14,26,33,Normal,N
13359,19,2022-09-15,4,37,Normal,N
13360,19,2022-09-16,45,40,Normal,N
13361,19,2022-09-17,137,30,Normal,N
13362,19,2022-09-18,50,28,Moderate,N
13363,19,2022-09-19,7,31,Normal,N
13364,19,2022-09-20,102,28,Moderate,N
13365,19,2022-09-21,29,32,Normal,N
13366,19,2022-09-22,39,38,Severe,Y
13367,19,2022-09-23,82,29,Moderate,N
13368,19,2022-09-24,65,35,Normal,N
13369,19,2022-09-25,2,37,Normal,N
13370,19,2022-09-26,99,33,Normal,N
13371,19,2022-09-27,48,41,Normal,N
13372,19,2022-09-28,30,36,Moderate,N
13373,19,2022-09-29,23,25,Normal,N
13374,19,2022-09-30,27,30,Normal,N
13375,19,2022-10-01,9,29,Normal,N
13376,19,2022-10-02,53,32,Moderate,N
13377,19,2022-10-03,116,34,Moderate,N
13378,19,2022-10-04,129,29,Normal,N
13379,19,2022-10-05,8,40,Normal,N
13380,19,2022-10-06,83,41,Moderate,N
13381,19,2022-10-07,52,42,Normal,N
13382,19,2022-10-08,123,29,Moderate,N
13383,19,2022-10-09,1,33,Severe,Y
13384,19,2022-10-10,103,28,Severe,Y
13385,19,2022-10-11,14,32,Normal,N
13386,19,2022-10-12,110,38,Moderate,N
13387,19,2022-10-13,6,29,Normal,N
13388,19,2022-10-14,100,41,Normal,N
13389,19,2022-10-15,9,35,Normal,N
13390,19,2022-10-16,42,24,Moderate,N
13391,19,2022-10-17,137,43,Normal,N
13392,19,2022-10-18,11,29,Moderate,N
13393,19,2022-10-19,23,33,Normal,N
13394,19,2022-10-20,68,42,Normal,N
13395,19,2022-10-21,52,31,Moderate,N
13396,19,2022-10-22,60,39,Normal,N
13397,19,2022-10-23,99,34,Normal,N
13398,19,2022-10-24,41,31,Normal,N
13399,19,2022-10-25,53,40,Normal,N
13400,19,2022-10-26,0,36,Normal,N
13401,19,2022-10-27,42,37,Normal,N
13402,19,2022-10-28,139,42,Moderate,N
13403,19,2022-10-29,122,26,Severe,Y
13404,19,2022-10-30,45,41,Severe,Y
13405,19,2022-10-31,122,24,Normal,N
13406,19,2022-11-01,111,32,Normal,N
13407,19,2022-11-02,62,30,Normal,N
13408,19,2022-11-03,137,26,Moderate,N
13409,19,2022-11-04,10,24,Severe,Y
13410,19,2022-11-05,38,39,Normal,N
13411,19,2022-11-06,39,37,Severe,Y
13412,19,2022-11-07,88,31,Moderate,N
13413,19,2022-11-08,113,43,Normal,N
13414,19,2022-11-09,54,25,Normal,N
13415,19,2022-11-10,3,40,Moderate,N
13416,19,2022-11-11,12,35,Moderate,N
13417,19,2022-11-12,114,30,Moderate,N
13418,19,2022-11-13,59,42,Moderate,N
13419,19,2022-11-14,46,37,Normal,N
13420,19,2022-11-15,49,29,Normal,N
13421,19,2022-11-16,8,32,Normal,N
13422,19,2022-11-17,131,26,Normal,N
13423,19,2022-11-18,75,26,Normal,N
13424,19,2022-11-19,135,41,Moderate,N
13425,19,2022-11-20,75,38,Moderate,N
13426,19,2022-11-21,3,24,Normal,N
13427,19,2022-11-22,85,32,Normal,N
13428,19,2022-11-23,12,38,Normal,N
13429,19,2022-11-24,105,40,Normal,N
13430,19,2022-11-25,100,28,Normal,N
13431,19,2022-11-26,100,32,Moderate,N
13432,19,2022-11-27,116,29,Normal,N
13433,19,2022-11-28,61,43,Moderate,N
13434,19,2022-11-29,115,32,Normal,N
13435,19,2022-11-30,113,35,Severe,Y
13436,19,2022-12-01,125,28,Normal,N
13437,19,2022-12-02,57,28,Normal,N
13438,19,2022-12-03,92,24,Moderate,N
13439,19,2022-12-04,110,30,Moderate,N
13440,19,2022-12-05,19,27,Normal,N
13441,19,2022-12-06,52,32,Normal,N
13442,19,2022-12-07,131,31,Normal,N
13443,19,2022-12-08,7,35,Normal,N
13444,19,2022-12-09,85,27,Normal,N
13445,19,2022-12-10,90,39,Moderate,N
13446,19,2022-12-11,126,40,Moderate,N
13447,19,2022-12-12,49,24,Moderate,N
13448,19,2022-12-13,131,39,Normal,N
13449,19,2022-12-14,123,27,Moderate,N
13450,19,2022-12-15,12,36,Normal,N
13451,19,2022-12-16,100,27,Normal,N
13452,19,2022-12-17,82,35,Moderate,N
13453,19,2022-12-18,112,38,Moderate,N
13454,19,2022-12-19,109,29,Moderate,N
13455,19,2022-12-20,129,30,Normal,N
13456,19,2022-12-21,79,41,Normal,N
13457,19,2022-12-22,81,29,Moderate,N
13458,19,2022-12-23,80,24,Normal,N
13459,19,2022-12-24,92,27,Normal,N
13460,19,2022-12-25,34,26,Normal,N
13461,19,2022-12-26,113,36,Normal,N
13462,19,2022-12-27,66,38,Moderate,N
13463,19,2022-12-28,77,40,Moderate,N
13464,19,2022-12-29,133,26,Normal,N
13465,19,2022-12-30,102,36,Moderate,N
13466,19,2022-12-31,8,30,Severe,Y
13467,19,2023-01-01,120,41,Normal,N
13468,19,2023-01-02,102,30,Normal,N
13469,19,2023-01-03,50,38,Moderate,N
13470,19,2023-01-04,40,36,Normal,N
13471,19,2023-01-05,133,32,Moderate,N
13472,19,2023-01-06,61,30,Normal,N
13473,19,2023-01-07,62,42,Severe,Y
13474,19,2023-01-08,43,34,Moderate,N
13475,19,2023-01-09,104,39,Normal,N
13476,19,2023-01-10,6,38,Normal,N
13477,19,2023-01-11,46,32,Moderate,N
13478,19,2023-01-12,99,29,Moderate,N
13479,19,2023-01-13,38,35,Severe,Y
13480,19,2023-01-14,127,33,Normal,N
13481,19,2023-01-15,59,41,Normal,N
13482,19,2023-01-16,124,26,Normal,N
13483,19,2023-01-17,36,35,Moderate,N
13484,19,2023-01-18,45,34,Normal,N
13485,19,2023-01-19,74,38,Normal,N
13486,19,2023-01-20,91,37,Severe,Y
13487,19,2023-01-21,135,43,Normal,N
13488,19,2023-01-22,39,40,Moderate,N
13489,19,2023-01-23,124,38,Normal,N
13490,19,2023-01-24,58,43,Normal,N
13491,19,2023-01-25,14,30,Normal,N
13492,19,2023-01-26,40,30,Moderate,N
13493,19,2023-01-27,131,41,Severe,Y
13494,19,2023-01-28,76,34,Normal,N
13495,19,2023-01-29,88,35,Normal,N
13496,19,2023-01-30,123,25,Severe,Y
13497,19,2023-01-31,79,30,Normal,N
13498,19,2023-02-01,98,43,Normal,N
13499,19,2023-02-02,63,28,Moderate,N
13500,19,2023-02-03,90,41,Normal,N
13501,19,2023-02-04,51,38,Moderate,N
13502,19,2023-02-05,134,29,Severe,Y
13503,19,2023-02-06,62,29,Moderate,N
13504,19,2023-02-07,116,29,Normal,N
13505,19,2023-02-08,115,39,Normal,N
13506,19,2023-02-09,30,24,Moderate,N
13507,19,2023-02-10,22,37,Normal,N
13508,19,2023-02-11,22,28,Normal,N
13509,19,2023-02-12,81,31,Moderate,N
13510,19,2023-02-13,48,34,Severe,Y
13511,19,2023-02-14,43,38,Normal,N
13512,19,2023-02-15,96,27,Normal,N
13513,19,2023-02-16,26,34,Normal,N
13514,19,2023-02-17,57,34,Moderate,N
13515,19,2023-02-18,58,41,Normal,N
13516,19,2023-02-19,82,34,Moderate,N
13517,19,2023-02-20,56,29,Normal,N
13518,19,2023-02-21,86,32,Normal,N
13519,19,2023-02-22,129,28,Normal,N
13520,19,2023-02-23,129,43,Severe,Y
13521,19,2023-02-24,75,24,Moderate,N
13522,19,2023-02-25,95,31,Moderate,N
13523,19,2023-02-26,70,43,Moderate,N
13524,19,2023-02-27,0,32,Severe,Y
13525,19,2023-02-28,64,37,Normal,N
13526,19,2023-03-01,114,33,Normal,N
13527,19,2023-03-02,86,34,Normal,N
13528,19,2023-03-03,79,34,Normal,N
13529,19,2023-03-04,62,32,Normal,N
13530,19,2023-03-05,13,28,Moderate,N
13531,19,2023-03-06,40,29,Normal,N
13532,19,2023-03-07,37,38,Normal,N
13533,19,2023-03-08,128,39,Severe,Y
13534,19,2023-03-09,91,34,Normal,N
13535,19,2023-03-10,53,24,Severe,Y
13536,19,2023-03-11,8,36,Normal,N
13537,19,2023-03-12,14,39,Normal,N
13538,19,2023-03-13,6,40,Normal,N
13539,19,2023-03-14,73,31,Normal,N
13540,19,2023-03-15,27,35,Normal,N
13541,19,2023-03-16,109,30,Normal,N
13542,19,2023-03-17,135,41,Normal,N
13543,19,2023-03-18,19,39,Severe,Y
13544,19,2023-03-19,112,26,Normal,N
13545,19,2023-03-20,70,40,Normal,N
13546,19,2023-03-21,127,28,Severe,Y
13547,19,2023-03-22,4,33,Severe,Y
13548,19,2023-03-23,71,28,Normal,N
13549,19,2023-03-24,107,29,Normal,N
13550,19,2023-03-25,108,24,Normal,N
13551,19,2023-03-26,72,29,Normal,N
13552,19,2023-03-27,140,31,Normal,N
13553,19,2023-03-28,128,40,Normal,N
13554,19,2023-03-29,7,31,Normal,N
13555,19,2023-03-30,10,24,Normal,N
13556,19,2023-03-31,94,24,Normal,N
13557,19,2023-04-01,123,40,Normal,N
13558,19,2023-04-02,50,38,Normal,N
13559,19,2023-04-03,28,40,Normal,N
13560,19,2023-04-04,132,43,Normal,N
13561,19,2023-04-05,76,40,Normal,N
13562,19,2023-04-06,43,43,Normal,N
13563,19,2023-04-07,105,43,Severe,Y
13564,19,2023-04-08,123,42,Moderate,N
13565,19,2023-04-09,36,24,Normal,N
13566,19,2023-04-10,72,41,Moderate,N
13567,19,2023-04-11,64,40,Normal,N
13568,19,2023-04-12,121,42,Severe,Y
13569,19,2023-04-13,45,26,Normal,N
13570,19,2023-04-14,17,33,Severe,Y
13571,19,2023-04-15,24,37,Severe,Y
13572,19,2023-04-16,129,31,Normal,N
13573,19,2023-04-17,140,34,Severe,Y
13574,19,2023-04-18,48,29,Moderate,N
13575,19,2023-04-19,98,26,Severe,Y
13576,19,2023-04-20,23,35,Moderate,N
13577,19,2023-04-21,105,36,Normal,N
13578,19,2023-04-22,37,43,Moderate,N
13579,19,2023-04-23,18,43,Normal,N
13580,19,2023-04-24,22,29,Moderate,N
13581,19,2023-04-25,125,35,Normal,N
13582,19,2023-04-26,45,43,Normal,N
13583,19,2023-04-27,3,38,Normal,N
13584,19,2023-04-28,52,24,Moderate,N
13585,19,2023-04-29,62,26,Normal,N
13586,19,2023-04-30,39,27,Normal,N
13587,19,2023-05-01,37,34,Moderate,N
13588,19,2023-05-02,133,24,Moderate,N
13589,19,2023-05-03,77,34,Normal,N
13590,19,2023-05-04,92,31,Severe,Y
13591,19,2023-05-05,37,29,Normal,N
13592,19,2023-05-06,66,27,Normal,N
13593,19,2023-05-07,69,31,Moderate,N
13594,19,2023-05-08,56,36,Normal,N
13595,19,2023-05-09,9,28,Moderate,N
13596,19,2023-05-10,87,26,Normal,N
13597,19,2023-05-11,1,28,Severe,Y
13598,19,2023-05-12,46,41,Moderate,N
13599,19,2023-05-13,30,28,Normal,N
13600,19,2023-05-14,106,35,Normal,N
13601,19,2023-05-15,11,30,Normal,N
13602,19,2023-05-16,12,31,Normal,N
13603,19,2023-05-17,87,30,Normal,N
13604,19,2023-05-18,127,24,Normal,N
13605,19,2023-05-19,103,28,Moderate,N
13606,19,2023-05-20,23,34,Severe,Y
13607,19,2023-05-21,90,42,Normal,N
13608,19,2023-05-22,59,24,Severe,Y
13609,19,2023-05-23,30,31,Normal,N
13610,19,2023-05-24,24,29,Normal,N
13611,19,2023-05-25,64,33,Normal,N
13612,19,2023-05-26,66,29,Normal,N
13613,19,2023-05-27,86,32,Severe,Y
13614,19,2023-05-28,73,43,Normal,N
13615,19,2023-05-29,33,27,Normal,N
13616,19,2023-05-30,72,25,Severe,Y
13617,19,2023-05-31,80,34,Normal,N
13618,19,2023-06-01,53,26,Normal,N
13619,19,2023-06-02,81,40,Severe,Y
13620,19,2023-06-03,104,40,Normal,N
13621,19,2023-06-04,94,37,Normal,N
13622,19,2023-06-05,119,40,Severe,Y
13623,19,2023-06-06,25,29,Normal,N
13624,19,2023-06-07,0,30,Normal,N
13625,19,2023-06-08,74,28,Moderate,N
13626,19,2023-06-09,95,35,Normal,N
13627,19,2023-06-10,68,39,Moderate,N
13628,19,2023-06-11,82,31,Normal,N
13629,19,2023-06-12,41,35,Severe,Y
13630,19,2023-06-13,75,40,Normal,N
13631,19,2023-06-14,39,30,Normal,N
13632,19,2023-06-15,11,26,Normal,N
13633,19,2023-06-16,115,30,Normal,N
13634,19,2023-06-17,131,33,Normal,N
13635,19,2023-06-18,47,31,Normal,N
13636,19,2023-06-19,83,36,Moderate,N
13637,19,2023-06-20,17,26,Moderate,N
13638,19,2023-06-21,77,41,Normal,N
13639,19,2023-06-22,132,24,Normal,N
13640,19,2023-06-23,67,29,Severe,Y
13641,19,2023-06-24,12,36,Normal,N
13642,19,2023-06-25,41,43,Normal,N
13643,19,2023-06-26,122,31,Normal,N
13644,19,2023-06-27,1,37,Normal,N
13645,19,2023-06-28,71,41,Normal,N
13646,19,2023-06-29,103,37,Normal,N
13647,19,2023-06-30,25,33,Normal,N
13648,19,2023-07-01,48,39,Normal,N
13649,19,2023-07-02,40,32,Normal,N
13650,19,2023-07-03,110,33,Normal,N
13651,19,2023-07-04,39,32,Normal,N
13652,19,2023-07-05,98,36,Normal,N
13653,19,2023-07-06,40,35,Normal,N
13654,19,2023-07-07,68,41,Normal,N
13655,19,2023-07-08,27,26,Normal,N
13656,19,2023-07-09,27,39,Normal,N
13657,19,2023-07-10,140,37,Severe,Y
13658,19,2023-07-11,49,29,Normal,N
13659,19,2023-07-12,128,30,Moderate,N
13660,19,2023-07-13,131,41,Severe,Y
13661,19,2023-07-14,72,27,Normal,N
13662,19,2023-07-15,31,36,Normal,N
13663,19,2023-07-16,124,40,Normal,N
13664,19,2023-07-17,96,36,Normal,N
13665,19,2023-07-18,133,30,Moderate,N
13666,19,2023-07-19,90,43,Normal,N
13667,19,2023-07-20,112,27,Normal,N
13668,19,2023-07-21,91,24,Moderate,N
13669,19,2023-07-22,136,26,Normal,N
13670,19,2023-07-23,59,38,Normal,N
13671,19,2023-07-24,41,40,Normal,N
13672,19,2023-07-25,58,31,Severe,Y
13673,19,2023-07-26,95,28,Moderate,N
13674,19,2023-07-27,10,43,Normal,N
13675,19,2023-07-28,76,29,Normal,N
13676,19,2023-07-29,77,33,Normal,N
13677,19,2023-07-30,94,28,Severe,Y
13678,19,2023-07-31,46,40,Normal,N
13679,19,2023-08-01,108,27,Moderate,N
13680,19,2023-08-02,76,43,Moderate,N
13681,19,2023-08-03,120,37,Normal,N
13682,19,2023-08-04,24,28,Severe,Y
13683,19,2023-08-05,131,42,Normal,N
13684,19,2023-08-06,102,32,Normal,N
13685,19,2023-08-07,128,35,Severe,Y
13686,19,2023-08-08,76,36,Normal,N
13687,19,2023-08-09,33,30,Normal,N
13688,19,2023-08-10,99,35,Normal,N
13689,19,2023-08-11,109,24,Normal,N
13690,19,2023-08-12,5,24,Severe,Y
13691,19,2023-08-13,58,32,Moderate,N
13692,19,2023-08-14,82,43,Normal,N
13693,19,2023-08-15,7,41,Normal,N
13694,19,2023-08-16,6,32,Normal,N
13695,19,2023-08-17,41,36,Normal,N
13696,19,2023-08-18,86,24,Normal,N
13697,19,2023-08-19,29,36,Moderate,N
13698,19,2023-08-20,128,24,Severe,Y
13699,19,2023-08-21,79,37,Moderate,N
13700,19,2023-08-22,45,40,Moderate,N
13701,19,2023-08-23,21,43,Normal,N
13702,19,2023-08-24,94,41,Normal,N
13703,19,2023-08-25,46,30,Severe,Y
13704,19,2023-08-26,138,33,Moderate,N
13705,19,2023-08-27,90,42,Normal,N
13706,19,2023-08-28,0,24,Normal,N
13707,19,2023-08-29,58,32,Normal,N
13708,19,2023-08-30,139,26,Normal,N
13709,19,2023-08-31,24,35,Normal,N
13710,19,2023-09-01,107,26,Normal,N
13711,19,2023-09-02,68,26,Normal,N
13712,19,2023-09-03,44,39,Moderate,N
13713,19,2023-09-04,10,30,Normal,N
13714,19,2023-09-05,98,35,Normal,N
13715,19,2023-09-06,109,25,Normal,N
13716,19,2023-09-07,87,32,Normal,N
13717,19,2023-09-08,2,41,Normal,N
13718,19,2023-09-09,47,30,Moderate,N
13719,19,2023-09-10,86,34,Normal,N
13720,19,2023-09-11,116,35,Severe,Y
13721,19,2023-09-12,24,24,Normal,N
13722,19,2023-09-13,44,41,Normal,N
13723,19,2023-09-14,34,27,Moderate,N
13724,19,2023-09-15,14,24,Normal,N
13725,19,2023-09-16,74,31,Normal,N
13726,19,2023-09-17,66,39,Moderate,N
13727,19,2023-09-18,12,33,Moderate,N
13728,19,2023-09-19,46,25,Normal,N
13729,19,2023-09-20,12,39,Normal,N
13730,19,2023-09-21,79,43,Normal,N
13731,19,2023-09-22,73,38,Normal,N
13732,19,2023-09-23,101,38,Normal,N
13733,19,2023-09-24,121,38,Normal,N
13734,19,2023-09-25,132,37,Normal,N
13735,19,2023-09-26,0,40,Normal,N
13736,19,2023-09-27,3,30,Normal,N
13737,19,2023-09-28,69,35,Moderate,N
13738,19,2023-09-29,5,34,Moderate,N
13739,19,2023-09-30,48,25,Normal,N
13740,19,2023-10-01,38,29,Severe,Y
13741,19,2023-10-02,139,37,Normal,N
13742,19,2023-10-03,74,34,Severe,Y
13743,19,2023-10-04,56,31,Normal,N
13744,19,2023-10-05,66,42,Normal,N
13745,19,2023-10-06,11,30,Normal,N
13746,19,2023-10-07,107,36,Normal,N
13747,19,2023-10-08,100,28,Normal,N
13748,19,2023-10-09,4,40,Normal,N
13749,19,2023-10-10,129,33,Normal,N
13750,19,2023-10-11,79,37,Normal,N
13751,19,2023-10-12,16,27,Normal,N
13752,19,2023-10-13,19,42,Moderate,N
13753,19,2023-10-14,39,40,Moderate,N
13754,19,2023-10-15,57,36,Normal,N
13755,19,2023-10-16,95,40,Moderate,N
13756,19,2023-10-17,115,36,Normal,N
13757,19,2023-10-18,81,39,Moderate,N
13758,19,2023-10-19,34,24,Normal,N
13759,19,2023-10-20,87,43,Normal,N
13760,19,2023-10-21,98,41,Severe,Y
13761,19,2023-10-22,94,28,Normal,N
13762,19,2023-10-23,136,35,Normal,N
13763,19,2023-10-24,115,33,Normal,N
13764,19,2023-10-25,66,26,Normal,N
13765,19,2023-10-26,118,34,Moderate,N
13766,19,2023-10-27,77,32,Normal,N
13767,19,2023-10-28,136,37,Normal,N
13768,19,2023-10-29,13,24,Moderate,N
13769,19,2023-10-30,35,33,Moderate,N
13770,19,2023-10-31,3,34,Normal,N
13771,19,2023-11-01,84,27,Normal,N
13772,19,2023-11-02,93,30,Moderate,N
13773,19,2023-11-03,23,43,Normal,N
13774,19,2023-11-04,129,32,Moderate,N
13775,19,2023-11-05,87,37,Normal,N
13776,19,2023-11-06,24,41,Severe,Y
13777,19,2023-11-07,13,33,Moderate,N
13778,19,2023-11-08,26,35,Normal,N
13779,19,2023-11-09,67,24,Moderate,N
13780,19,2023-11-10,4,43,Normal,N
13781,19,2023-11-11,41,34,Normal,N
13782,19,2023-11-12,69,39,Normal,N
13783,19,2023-11-13,86,24,Severe,Y
13784,19,2023-11-14,76,29,Moderate,N
13785,19,2023-11-15,9,32,Moderate,N
13786,19,2023-11-16,69,26,Moderate,N
13787,19,2023-11-17,23,35,Normal,N
13788,19,2023-11-18,134,35,Moderate,N
13789,19,2023-11-19,35,33,Normal,N
13790,19,2023-11-20,123,42,Normal,N
13791,19,2023-11-21,133,25,Moderate,N
13792,19,2023-11-22,75,41,Moderate,N
13793,19,2023-11-23,77,38,Normal,N
13794,19,2023-11-24,132,42,Normal,N
13795,19,2023-11-25,63,36,Severe,Y
13796,19,2023-11-26,124,27,Moderate,N
13797,19,2023-11-27,84,36,Normal,N
13798,19,2023-11-28,55,43,Moderate,N
13799,19,2023-11-29,77,38,Normal,N
13800,19,2023-11-30,115,40,Normal,N
13801,19,2023-12-01,89,29,Moderate,N
13802,19,2023-12-02,131,32,Moderate,N
13803,19,2023-12-03,65,43,Moderate,N
13804,19,2023-12-04,15,32,Moderate,N
13805,19,2023-12-05,101,40,Moderate,N
13806,19,2023-12-06,126,24,Severe,Y
13807,19,2023-12-07,129,41,Severe,Y
13808,19,2023-12-08,28,30,Normal,N
13809,19,2023-12-09,64,40,Normal,N
13810,19,2023-12-10,96,41,Moderate,N
13811,19,2023-12-11,49,37,Normal,N
13812,19,2023-12-12,86,30,Normal,N
13813,19,2023-12-13,67,40,Normal,N
13814,19,2023-12-14,7,42,Normal,N
13815,19,2023-12-15,5,43,Normal,N
13816,19,2023-12-16,53,28,Moderate,N
13817,19,2023-12-17,69,40,Moderate,N
13818,19,2023-12-18,75,41,Moderate,N
13819,19,2023-12-19,97,32,Severe,Y
13820,19,2023-12-20,58,31,Normal,N
13821,19,2023-12-21,62,35,Normal,N
13822,19,2023-12-22,42,42,Moderate,N
13823,19,2023-12-23,41,28,Normal,N
13824,19,2023-12-24,12,29,Normal,N
13825,19,2023-12-25,31,43,Severe,Y
13826,19,2023-12-26,37,31,Severe,Y
13827,19,2023-12-27,110,25,Moderate,N
13828,19,2023-12-28,104,27,Severe,Y
13829,19,2023-12-29,134,35,Moderate,N
13830,19,2023-12-30,25,33,Normal,N
13831,19,2023-12-31,25,34,Normal,N
13832,19,2024-01-01,58,32,Normal,N
13833,19,2024-01-02,60,33,Moderate,N
13834,19,2024-01-03,112,41,Normal,N
13835,19,2024-01-04,68,35,Normal,N
13836,19,2024-01-05,83,41,Normal,N
13837,19,2024-01-06,68,39,Moderate,N
13838,19,2024-01-07,43,28,Normal,N
13839,19,2024-01-08,117,26,Normal,N
13840,19,2024-01-09,105,42,Normal,N
13841,19,2024-01-10,100,27,Normal,N
13842,19,2024-01-11,14,43,Moderate,N
13843,19,2024-01-12,118,28,Moderate,N
13844,19,2024-01-13,108,31,Normal,N
13845,19,2024-01-14,71,33,Moderate,N
13846,19,2024-01-15,137,32,Severe,Y
13847,19,2024-01-16,85,28,Normal,N
13848,19,2024-01-17,49,39,Normal,N
13849,19,2024-01-18,31,34,Normal,N
13850,19,2024-01-19,32,25,Normal,N
13851,19,2024-01-20,97,26,Normal,N
13852,19,2024-01-21,40,38,Normal,N
13853,19,2024-01-22,47,31,Normal,N
13854,19,2024-01-23,91,34,Moderate,N
13855,19,2024-01-24,138,42,Moderate,N
13856,19,2024-01-25,122,36,Moderate,N
13857,19,2024-01-26,9,38,Normal,N
13858,19,2024-01-27,58,42,Normal,N
13859,19,2024-01-28,18,41,Normal,N
13860,19,2024-01-29,37,35,Moderate,N
13861,19,2024-01-30,71,26,Normal,N
13862,19,2024-01-31,118,29,Moderate,N
13863,19,2024-02-01,83,40,Moderate,N
13864,19,2024-02-02,5,29,Moderate,N
13865,19,2024-02-03,107,38,Moderate,N
13866,19,2024-02-04,58,38,Moderate,N
13867,19,2024-02-05,137,27,Normal,N
13868,19,2024-02-06,8,36,Normal,N
13869,19,2024-02-07,108,43,Normal,N
13870,19,2024-02-08,97,33,Normal,N
13871,19,2024-02-09,128,34,Normal,N
13872,19,2024-02-10,80,37,Moderate,N
13873,19,2024-02-11,37,43,Moderate,N
13874,19,2024-02-12,10,39,Normal,N
13875,19,2024-02-13,122,38,Severe,Y
13876,19,2024-02-14,22,30,Normal,N
13877,19,2024-02-15,10,36,Normal,N
13878,19,2024-02-16,38,37,Moderate,N
13879,19,2024-02-17,29,26,Normal,N
13880,19,2024-02-18,67,28,Moderate,N
13881,19,2024-02-19,82,42,Moderate,N
13882,19,2024-02-20,53,35,Moderate,N
13883,19,2024-02-21,63,27,Severe,Y
13884,19,2024-02-22,117,28,Normal,N
13885,19,2024-02-23,117,26,Normal,N
13886,19,2024-02-24,43,24,Normal,N
13887,19,2024-02-25,130,29,Severe,Y
13888,19,2024-02-26,11,32,Moderate,N
13889,19,2024-02-27,19,41,Normal,N
13890,19,2024-02-28,81,24,Moderate,N
13891,19,2024-02-29,6,36,Normal,N
13892,19,2024-03-01,127,35,Normal,N
13893,19,2024-03-02,121,37,Normal,N
13894,19,2024-03-03,80,26,Normal,N
13895,19,2024-03-04,125,30,Normal,N
13896,19,2024-03-05,5,40,Normal,N
13897,19,2024-03-06,10,37,Moderate,N
13898,19,2024-03-07,11,36,Normal,N
13899,19,2024-03-08,90,26,Severe,Y
13900,19,2024-03-09,53,41,Normal,N
13901,19,2024-03-10,71,41,Moderate,N
13902,19,2024-03-11,95,28,Normal,N
13903,19,2024-03-12,82,27,Moderate,N
13904,19,2024-03-13,133,40,Moderate,N
13905,19,2024-03-14,65,26,Normal,N
13906,19,2024-03-15,2,43,Normal,N
13907,19,2024-03-16,137,32,Normal,N
13908,19,2024-03-17,83,37,Normal,N
13909,19,2024-03-18,49,41,Normal,N
13910,19,2024-03-19,75,24,Normal,N
13911,19,2024-03-20,60,33,Normal,N
13912,19,2024-03-21,29,34,Moderate,N
13913,19,2024-03-22,23,40,Normal,N
13914,19,2024-03-23,79,38,Moderate,N
13915,19,2024-03-24,36,42,Severe,Y
13916,19,2024-03-25,25,28,Normal,N
13917,19,2024-03-26,134,34,Normal,N
13918,19,2024-03-27,22,37,Moderate,N
13919,19,2024-03-28,26,30,Normal,N
13920,19,2024-03-29,124,35,Normal,N
13921,19,2024-03-30,128,31,Normal,N
13922,19,2024-03-31,132,36,Normal,N
13923,19,2024-04-01,33,29,Moderate,N
13924,19,2024-04-02,108,35,Moderate,N
13925,19,2024-04-03,120,32,Normal,N
13926,19,2024-04-04,121,36,Normal,N
13927,19,2024-04-05,75,28,Moderate,N
13928,19,2024-04-06,54,27,Normal,N
13929,19,2024-04-07,78,43,Normal,N
13930,19,2024-04-08,63,31,Normal,N
13931,19,2024-04-09,2,29,Normal,N
13932,19,2024-04-10,96,41,Normal,N
13933,19,2024-04-11,8,37,Moderate,N
13934,19,2024-04-12,34,33,Normal,N
13935,19,2024-04-13,127,41,Moderate,N
13936,19,2024-04-14,138,24,Severe,Y
13937,19,2024-04-15,122,25,Normal,N
13938,19,2024-04-16,15,39,Normal,N
13939,19,2024-04-17,120,28,Normal,N
13940,19,2024-04-18,43,26,Moderate,N
13941,19,2024-04-19,134,24,Normal,N
13942,19,2024-04-20,102,26,Normal,N
13943,19,2024-04-21,19,36,Severe,Y
13944,19,2024-04-22,18,32,Normal,N
13945,19,2024-04-23,15,40,Moderate,N
13946,19,2024-04-24,54,25,Moderate,N
13947,19,2024-04-25,7,40,Moderate,N
13948,19,2024-04-26,95,38,Moderate,N
13949,19,2024-04-27,58,40,Moderate,N
13950,19,2024-04-28,83,34,Normal,N
13951,19,2024-04-29,61,30,Normal,N
13952,19,2024-04-30,102,29,Normal,N
13953,19,2024-05-01,90,41,Normal,N
13954,19,2024-05-02,1,33,Normal,N
13955,19,2024-05-03,117,30,Normal,N
13956,19,2024-05-04,4,37,Normal,N
13957,19,2024-05-05,84,33,Moderate,N
13958,19,2024-05-06,42,34,Severe,Y
13959,19,2024-05-07,140,38,Normal,N
13960,19,2024-05-08,60,42,Normal,N
13961,19,2024-05-09,25,37,Normal,N
13962,19,2024-05-10,24,43,Normal,N
13963,19,2024-05-11,80,36,Moderate,N
13964,19,2024-05-12,32,27,Normal,N
13965,19,2024-05-13,61,28,Normal,N
13966,19,2024-05-14,139,32,Normal,N
13967,19,2024-05-15,77,25,Normal,N
13968,19,2024-05-16,77,38,Normal,N
13969,19,2024-05-17,9,33,Normal,N
13970,19,2024-05-18,136,40,Normal,N
13971,19,2024-05-19,121,39,Moderate,N
13972,19,2024-05-20,126,43,Normal,N
13973,19,2024-05-21,109,35,Normal,N
13974,19,2024-05-22,66,42,Normal,N
13975,19,2024-05-23,119,40,Moderate,N
13976,19,2024-05-24,109,35,Normal,N
13977,19,2024-05-25,83,34,Normal,N
13978,19,2024-05-26,117,38,Normal,N
13979,19,2024-05-27,101,26,Normal,N
13980,19,2024-05-28,114,41,Normal,N
13981,19,2024-05-29,111,36,Normal,N
13982,19,2024-05-30,7,30,Moderate,N
13983,19,2024-05-31,25,24,Severe,Y
13984,19,2024-06-01,89,41,Severe,Y
13985,19,2024-06-02,17,25,Normal,N
13986,19,2024-06-03,38,28,Normal,N
13987,19,2024-06-04,115,30,Moderate,N
13988,19,2024-06-05,105,36,Severe,Y
13989,19,2024-06-06,27,36,Normal,N
13990,19,2024-06-07,59,42,Severe,Y
13991,19,2024-06-08,81,28,Severe,Y
13992,19,2024-06-09,26,34,Normal,N
13993,19,2024-06-10,106,24,Normal,N
13994,19,2024-06-11,63,29,Normal,N
13995,19,2024-06-12,96,36,Normal,N
13996,19,2024-06-13,15,28,Normal,N
13997,19,2024-06-14,1,35,Moderate,N
13998,19,2024-06-15,102,27,Normal,N
13999,19,2024-06-16,33,36,Moderate,N
14000,19,2024-06-17,98,38,Moderate,N
14001,19,2024-06-18,132,36,Severe,Y
14002,19,2024-06-19,132,40,Normal,N
14003,19,2024-06-20,139,33,Moderate,N
14004,19,2024-06-21,113,26,Normal,N
14005,19,2024-06-22,120,41,Moderate,N
14006,19,2024-06-23,21,27,Normal,N
14007,19,2024-06-24,49,37,Normal,N
14008,20,2022-06-06,0,38,Normal,N
14009,20,2022-06-07,100,31,Normal,N
14010,20,2022-06-08,122,37,Moderate,N
14011,20,2022-06-09,34,36,Moderate,N
14012,20,2022-06-10,9,36,Normal,N
14013,20,2022-06-11,64,42,Moderate,N
14014,20,2022-06-12,99,34,Normal,N
14015,20,2022-06-13,70,29,Normal,N
14016,20,2022-06-14,73,31,Normal,N
14017,20,2022-06-15,58,35,Moderate,N
14018,20,2022-06-16,122,40,Normal,N
14019,20,2022-06-17,136,41,Normal,N
14020,20,2022-06-18,99,41,Severe,Y
14021,20,2022-06-19,18,31,Normal,N
14022,20,2022-06-20,58,35,Severe,Y
14023,20,2022-06-21,88,38,Normal,N
14024,20,2022-06-22,131,40,Normal,N
14025,20,2022-06-23,110,38,Normal,N
14026,20,2022-06-24,139,39,Moderate,N
14027,20,2022-06-25,31,34,Normal,N
14028,20,2022-06-26,62,34,Severe,Y
14029,20,2022-06-27,85,25,Severe,Y
14030,20,2022-06-28,12,39,Normal,N
14031,20,2022-06-29,67,37,Moderate,N
14032,20,2022-06-30,55,31,Normal,N
14033,20,2022-07-01,38,37,Normal,N
14034,20,2022-07-02,64,35,Normal,N
14035,20,2022-07-03,63,35,Severe,Y
14036,20,2022-07-04,23,25,Moderate,N
14037,20,2022-07-05,26,28,Normal,N
14038,20,2022-07-06,136,39,Normal,N
14039,20,2022-07-07,23,36,Moderate,N
14040,20,2022-07-08,45,43,Normal,N
14041,20,2022-07-09,129,41,Severe,Y
14042,20,2022-07-10,81,36,Normal,N
14043,20,2022-07-11,27,31,Normal,N
14044,20,2022-07-12,104,42,Normal,N
14045,20,2022-07-13,42,27,Severe,Y
14046,20,2022-07-14,130,29,Normal,N
14047,20,2022-07-15,78,35,Normal,N
14048,20,2022-07-16,103,25,Normal,N
14049,20,2022-07-17,10,25,Normal,N
14050,20,2022-07-18,54,26,Normal,N
14051,20,2022-07-19,91,30,Normal,N
14052,20,2022-07-20,39,31,Moderate,N
14053,20,2022-07-21,89,25,Normal,N
14054,20,2022-07-22,138,33,Normal,N
14055,20,2022-07-23,86,35,Normal,N
14056,20,2022-07-24,113,40,Normal,N
14057,20,2022-07-25,98,25,Moderate,N
14058,20,2022-07-26,109,30,Moderate,N
14059,20,2022-07-27,4,43,Normal,N
14060,20,2022-07-28,63,28,Normal,N
14061,20,2022-07-29,134,36,Severe,Y
14062,20,2022-07-30,137,28,Normal,N
14063,20,2022-07-31,84,36,Normal,N
14064,20,2022-08-01,8,30,Severe,Y
14065,20,2022-08-02,71,43,Normal,N
14066,20,2022-08-03,135,41,Normal,N
14067,20,2022-08-04,130,29,Severe,Y
14068,20,2022-08-05,4,27,Normal,N
14069,20,2022-08-06,74,40,Normal,N
14070,20,2022-08-07,3,40,Normal,N
14071,20,2022-08-08,57,42,Moderate,N
14072,20,2022-08-09,137,28,Severe,Y
14073,20,2022-08-10,63,34,Moderate,N
14074,20,2022-08-11,48,31,Severe,Y
14075,20,2022-08-12,49,36,Moderate,N
14076,20,2022-08-13,109,33,Normal,N
14077,20,2022-08-14,71,29,Moderate,N
14078,20,2022-08-15,136,41,Moderate,N
14079,20,2022-08-16,113,38,Normal,N
14080,20,2022-08-17,12,43,Moderate,N
14081,20,2022-08-18,23,34,Severe,Y
14082,20,2022-08-19,37,34,Normal,N
14083,20,2022-08-20,133,39,Normal,N
14084,20,2022-08-21,62,41,Normal,N
14085,20,2022-08-22,73,36,Normal,N
14086,20,2022-08-23,102,39,Normal,N
14087,20,2022-08-24,20,37,Normal,N
14088,20,2022-08-25,69,43,Moderate,N
14089,20,2022-08-26,138,43,Severe,Y
14090,20,2022-08-27,102,42,Normal,N
14091,20,2022-08-28,95,37,Moderate,N
14092,20,2022-08-29,38,38,Normal,N
14093,20,2022-08-30,105,35,Normal,N
14094,20,2022-08-31,47,24,Normal,N
14095,20,2022-09-01,97,37,Normal,N
14096,20,2022-09-02,137,28,Severe,Y
14097,20,2022-09-03,24,42,Normal,N
14098,20,2022-09-04,28,43,Normal,N
14099,20,2022-09-05,23,32,Normal,N
14100,20,2022-09-06,43,39,Moderate,N
14101,20,2022-09-07,67,34,Normal,N
14102,20,2022-09-08,59,32,Normal,N
14103,20,2022-09-09,16,35,Moderate,N
14104,20,2022-09-10,5,28,Normal,N
14105,20,2022-09-11,62,33,Severe,Y
14106,20,2022-09-12,118,40,Moderate,N
14107,20,2022-09-13,72,33,Normal,N
14108,20,2022-09-14,63,43,Normal,N
14109,20,2022-09-15,33,35,Severe,Y
14110,20,2022-09-16,46,34,Moderate,N
14111,20,2022-09-17,38,38,Normal,N
14112,20,2022-09-18,50,27,Moderate,N
14113,20,2022-09-19,124,35,Normal,N
14114,20,2022-09-20,120,33,Moderate,N
14115,20,2022-09-21,135,29,Normal,N
14116,20,2022-09-22,83,35,Normal,N
14117,20,2022-09-23,26,24,Normal,N
14118,20,2022-09-24,80,29,Severe,Y
14119,20,2022-09-25,57,32,Normal,N
14120,20,2022-09-26,79,30,Normal,N
14121,20,2022-09-27,94,29,Normal,N
14122,20,2022-09-28,31,37,Moderate,N
14123,20,2022-09-29,67,38,Severe,Y
14124,20,2022-09-30,114,37,Normal,N
14125,20,2022-10-01,79,33,Moderate,N
14126,20,2022-10-02,131,38,Normal,N
14127,20,2022-10-03,127,40,Normal,N
14128,20,2022-10-04,49,28,Moderate,N
14129,20,2022-10-05,24,31,Normal,N
14130,20,2022-10-06,63,43,Normal,N
14131,20,2022-10-07,99,24,Normal,N
14132,20,2022-10-08,12,26,Normal,N
14133,20,2022-10-09,75,28,Moderate,N
14134,20,2022-10-10,73,24,Normal,N
14135,20,2022-10-11,34,31,Normal,N
14136,20,2022-10-12,102,26,Normal,N
14137,20,2022-10-13,31,30,Normal,N
14138,20,2022-10-14,73,29,Normal,N
14139,20,2022-10-15,73,38,Normal,N
14140,20,2022-10-16,67,31,Normal,N
14141,20,2022-10-17,16,29,Normal,N
14142,20,2022-10-18,30,26,Normal,N
14143,20,2022-10-19,3,37,Normal,N
14144,20,2022-10-20,84,41,Normal,N
14145,20,2022-10-21,0,41,Normal,N
14146,20,2022-10-22,27,31,Normal,N
14147,20,2022-10-23,80,43,Moderate,N
14148,20,2022-10-24,17,41,Normal,N
14149,20,2022-10-25,133,29,Moderate,N
14150,20,2022-10-26,59,25,Normal,N
14151,20,2022-10-27,95,35,Normal,N
14152,20,2022-10-28,68,24,Normal,N
14153,20,2022-10-29,81,25,Normal,N
14154,20,2022-10-30,105,41,Moderate,N
14155,20,2022-10-31,71,30,Normal,N
14156,20,2022-11-01,88,28,Normal,N
14157,20,2022-11-02,118,36,Normal,N
14158,20,2022-11-03,68,29,Normal,N
14159,20,2022-11-04,126,29,Normal,N
14160,20,2022-11-05,47,36,Normal,N
14161,20,2022-11-06,119,36,Moderate,N
14162,20,2022-11-07,4,39,Normal,N
14163,20,2022-11-08,70,30,Severe,Y
14164,20,2022-11-09,8,31,Normal,N
14165,20,2022-11-10,48,35,Moderate,N
14166,20,2022-11-11,73,39,Normal,N
14167,20,2022-11-12,101,43,Normal,N
14168,20,2022-11-13,37,37,Moderate,N
14169,20,2022-11-14,79,26,Normal,N
14170,20,2022-11-15,25,29,Normal,N
14171,20,2022-11-16,137,30,Severe,Y
14172,20,2022-11-17,123,43,Moderate,N
14173,20,2022-11-18,49,27,Normal,N
14174,20,2022-11-19,44,31,Normal,N
14175,20,2022-11-20,94,28,Normal,N
14176,20,2022-11-21,9,35,Normal,N
14177,20,2022-11-22,9,41,Normal,N
14178,20,2022-11-23,72,37,Severe,Y
14179,20,2022-11-24,1,42,Moderate,N
14180,20,2022-11-25,33,39,Normal,N
14181,20,2022-11-26,83,41,Severe,Y
14182,20,2022-11-27,13,31,Severe,Y
14183,20,2022-11-28,83,42,Normal,N
14184,20,2022-11-29,44,28,Normal,N
14185,20,2022-11-30,65,28,Normal,N
14186,20,2022-12-01,49,25,Normal,N
14187,20,2022-12-02,6,42,Normal,N
14188,20,2022-12-03,102,39,Normal,N
14189,20,2022-12-04,112,39,Normal,N
14190,20,2022-12-05,53,38,Moderate,N
14191,20,2022-12-06,136,42,Normal,N
14192,20,2022-12-07,43,29,Normal,N
14193,20,2022-12-08,134,41,Normal,N
14194,20,2022-12-09,119,30,Normal,N
14195,20,2022-12-10,36,42,Normal,N
14196,20,2022-12-11,65,30,Normal,N
14197,20,2022-12-12,117,37,Normal,N
14198,20,2022-12-13,37,34,Normal,N
14199,20,2022-12-14,98,36,Moderate,N
14200,20,2022-12-15,114,39,Moderate,N
14201,20,2022-12-16,36,40,Normal,N
14202,20,2022-12-17,15,25,Moderate,N
14203,20,2022-12-18,120,37,Moderate,N
14204,20,2022-12-19,30,28,Moderate,N
14205,20,2022-12-20,96,35,Normal,N
14206,20,2022-12-21,74,27,Normal,N
14207,20,2022-12-22,65,25,Normal,N
14208,20,2022-12-23,66,27,Normal,N
14209,20,2022-12-24,135,41,Normal,N
14210,20,2022-12-25,53,34,Moderate,N
14211,20,2022-12-26,70,26,Normal,N
14212,20,2022-12-27,38,25,Normal,N
14213,20,2022-12-28,0,43,Normal,N
14214,20,2022-12-29,59,43,Normal,N
14215,20,2022-12-30,48,31,Normal,N
14216,20,2022-12-31,115,41,Normal,N
14217,20,2023-01-01,100,40,Normal,N
14218,20,2023-01-02,120,39,Normal,N
14219,20,2023-01-03,64,31,Normal,N
14220,20,2023-01-04,44,27,Normal,N
14221,20,2023-01-05,80,26,Normal,N
14222,20,2023-01-06,37,42,Normal,N
14223,20,2023-01-07,24,39,Normal,N
14224,20,2023-01-08,112,40,Normal,N
14225,20,2023-01-09,25,30,Moderate,N
14226,20,2023-01-10,79,25,Normal,N
14227,20,2023-01-11,121,40,Normal,N
14228,20,2023-01-12,6,35,Normal,N
14229,20,2023-01-13,118,36,Normal,N
14230,20,2023-01-14,108,34,Moderate,N
14231,20,2023-01-15,100,32,Normal,N
14232,20,2023-01-16,82,34,Normal,N
14233,20,2023-01-17,98,31,Normal,N
14234,20,2023-01-18,118,33,Normal,N
14235,20,2023-01-19,60,33,Moderate,N
14236,20,2023-01-20,92,26,Normal,N
14237,20,2023-01-21,138,29,Normal,N
14238,20,2023-01-22,24,40,Normal,N
14239,20,2023-01-23,111,27,Moderate,N
14240,20,2023-01-24,119,41,Normal,N
14241,20,2023-01-25,25,28,Moderate,N
14242,20,2023-01-26,56,33,Normal,N
14243,20,2023-01-27,4,41,Normal,N
14244,20,2023-01-28,109,42,Normal,N
14245,20,2023-01-29,95,34,Normal,N
14246,20,2023-01-30,15,42,Normal,N
14247,20,2023-01-31,91,25,Moderate,N
14248,20,2023-02-01,86,30,Normal,N
14249,20,2023-02-02,29,27,Moderate,N
14250,20,2023-02-03,13,25,Normal,N
14251,20,2023-02-04,37,33,Moderate,N
14252,20,2023-02-05,76,31,Moderate,N
14253,20,2023-02-06,46,28,Moderate,N
14254,20,2023-02-07,19,24,Normal,N
14255,20,2023-02-08,96,36,Normal,N
14256,20,2023-02-09,99,42,Normal,N
14257,20,2023-02-10,53,43,Moderate,N
14258,20,2023-02-11,92,43,Normal,N
14259,20,2023-02-12,54,35,Normal,N
14260,20,2023-02-13,89,29,Severe,Y
14261,20,2023-02-14,98,41,Normal,N
14262,20,2023-02-15,68,27,Normal,N
14263,20,2023-02-16,124,37,Normal,N
14264,20,2023-02-17,73,25,Normal,N
14265,20,2023-02-18,92,28,Moderate,N
14266,20,2023-02-19,53,28,Normal,N
14267,20,2023-02-20,104,26,Normal,N
14268,20,2023-02-21,28,39,Normal,N
14269,20,2023-02-22,38,36,Moderate,N
14270,20,2023-02-23,54,32,Normal,N
14271,20,2023-02-24,8,39,Normal,N
14272,20,2023-02-25,75,27,Normal,N
14273,20,2023-02-26,89,27,Moderate,N
14274,20,2023-02-27,23,29,Normal,N
14275,20,2023-02-28,107,28,Moderate,N
14276,20,2023-03-01,44,33,Moderate,N
14277,20,2023-03-02,20,27,Normal,N
14278,20,2023-03-03,16,28,Normal,N
14279,20,2023-03-04,137,33,Normal,N
14280,20,2023-03-05,109,34,Moderate,N
14281,20,2023-03-06,9,27,Normal,N
14282,20,2023-03-07,104,39,Normal,N
14283,20,2023-03-08,128,40,Normal,N
14284,20,2023-03-09,93,31,Normal,N
14285,20,2023-03-10,113,26,Moderate,N
14286,20,2023-03-11,17,32,Normal,N
14287,20,2023-03-12,18,39,Normal,N
14288,20,2023-03-13,49,28,Severe,Y
14289,20,2023-03-14,126,24,Normal,N
14290,20,2023-03-15,1,42,Normal,N
14291,20,2023-03-16,88,24,Normal,N
14292,20,2023-03-17,129,40,Moderate,N
14293,20,2023-03-18,126,35,Normal,N
14294,20,2023-03-19,94,41,Moderate,N
14295,20,2023-03-20,3,29,Normal,N
14296,20,2023-03-21,130,36,Moderate,N
14297,20,2023-03-22,14,26,Moderate,N
14298,20,2023-03-23,91,33,Severe,Y
14299,20,2023-03-24,100,37,Normal,N
14300,20,2023-03-25,55,32,Normal,N
14301,20,2023-03-26,137,27,Normal,N
14302,20,2023-03-27,26,43,Severe,Y
14303,20,2023-03-28,2,31,Severe,Y
14304,20,2023-03-29,47,29,Normal,N
14305,20,2023-03-30,87,32,Normal,N
14306,20,2023-03-31,123,36,Normal,N
14307,20,2023-04-01,2,29,Normal,N
14308,20,2023-04-02,105,25,Moderate,N
14309,20,2023-04-03,40,42,Moderate,N
14310,20,2023-04-04,80,43,Normal,N
14311,20,2023-04-05,113,35,Moderate,N
14312,20,2023-04-06,80,34,Normal,N
14313,20,2023-04-07,73,36,Normal,N
14314,20,2023-04-08,31,42,Normal,N
14315,20,2023-04-09,105,36,Moderate,N
14316,20,2023-04-10,40,34,Normal,N
14317,20,2023-04-11,98,43,Normal,N
14318,20,2023-04-12,32,28,Normal,N
14319,20,2023-04-13,41,31,Normal,N
14320,20,2023-04-14,96,40,Normal,N
14321,20,2023-04-15,25,31,Normal,N
14322,20,2023-04-16,5,26,Normal,N
14323,20,2023-04-17,29,32,Moderate,N
14324,20,2023-04-18,79,43,Normal,N
14325,20,2023-04-19,41,41,Normal,N
14326,20,2023-04-20,58,24,Normal,N
14327,20,2023-04-21,48,40,Normal,N
14328,20,2023-04-22,70,43,Normal,N
14329,20,2023-04-23,25,39,Normal,N
14330,20,2023-04-24,2,29,Normal,N
14331,20,2023-04-25,50,40,Severe,Y
14332,20,2023-04-26,110,38,Normal,N
14333,20,2023-04-27,28,32,Moderate,N
14334,20,2023-04-28,42,40,Normal,N
14335,20,2023-04-29,73,36,Normal,N
14336,20,2023-04-30,76,38,Severe,Y
14337,20,2023-05-01,32,26,Normal,N
14338,20,2023-05-02,120,34,Normal,N
14339,20,2023-05-03,28,31,Moderate,N
14340,20,2023-05-04,4,37,Normal,N
14341,20,2023-05-05,132,34,Normal,N
14342,20,2023-05-06,90,37,Normal,N
14343,20,2023-05-07,127,38,Normal,N
14344,20,2023-05-08,83,29,Normal,N
14345,20,2023-05-09,99,35,Normal,N
14346,20,2023-05-10,120,30,Normal,N
14347,20,2023-05-11,139,43,Moderate,N
14348,20,2023-05-12,48,32,Normal,N
14349,20,2023-05-13,125,28,Normal,N
14350,20,2023-05-14,131,36,Moderate,N
14351,20,2023-05-15,61,33,Normal,N
14352,20,2023-05-16,40,25,Normal,N
14353,20,2023-05-17,75,38,Normal,N
14354,20,2023-05-18,71,24,Normal,N
14355,20,2023-05-19,74,42,Normal,N
14356,20,2023-05-20,48,42,Normal,N
14357,20,2023-05-21,119,32,Normal,N
14358,20,2023-05-22,56,29,Normal,N
14359,20,2023-05-23,12,33,Moderate,N
14360,20,2023-05-24,0,25,Moderate,N
14361,20,2023-05-25,111,40,Normal,N
14362,20,2023-05-26,42,42,Normal,N
14363,20,2023-05-27,112,43,Moderate,N
14364,20,2023-05-28,110,43,Severe,Y
14365,20,2023-05-29,4,34,Normal,N
14366,20,2023-05-30,79,37,Normal,N
14367,20,2023-05-31,58,40,Normal,N
14368,20,2023-06-01,106,38,Normal,N
14369,20,2023-06-02,18,34,Moderate,N
14370,20,2023-06-03,43,30,Normal,N
14371,20,2023-06-04,113,38,Normal,N
14372,20,2023-06-05,106,34,Moderate,N
14373,20,2023-06-06,134,42,Normal,N
14374,20,2023-06-07,45,25,Moderate,N
14375,20,2023-06-08,120,31,Moderate,N
14376,20,2023-06-09,46,26,Moderate,N
14377,20,2023-06-10,133,39,Normal,N
14378,20,2023-06-11,117,27,Normal,N
14379,20,2023-06-12,70,43,Moderate,N
14380,20,2023-06-13,105,38,Moderate,N
14381,20,2023-06-14,82,38,Normal,N
14382,20,2023-06-15,20,25,Normal,N
14383,20,2023-06-16,95,24,Moderate,N
14384,20,2023-06-17,108,29,Normal,N
14385,20,2023-06-18,14,42,Normal,N
14386,20,2023-06-19,69,25,Moderate,N
14387,20,2023-06-20,66,41,Normal,N
14388,20,2023-06-21,44,25,Normal,N
14389,20,2023-06-22,110,43,Severe,Y
14390,20,2023-06-23,33,39,Severe,Y
14391,20,2023-06-24,10,26,Moderate,N
14392,20,2023-06-25,108,35,Normal,N
14393,20,2023-06-26,114,29,Normal,N
14394,20,2023-06-27,26,33,Normal,N
14395,20,2023-06-28,129,30,Normal,N
14396,20,2023-06-29,20,38,Normal,N
14397,20,2023-06-30,40,37,Severe,Y
14398,20,2023-07-01,53,43,Normal,N
14399,20,2023-07-02,61,41,Normal,N
14400,20,2023-07-03,45,27,Normal,N
14401,20,2023-07-04,118,28,Normal,N
14402,20,2023-07-05,11,28,Normal,N
14403,20,2023-07-06,76,32,Normal,N
14404,20,2023-07-07,107,25,Normal,N
14405,20,2023-07-08,52,31,Normal,N
14406,20,2023-07-09,83,43,Normal,N
14407,20,2023-07-10,100,24,Moderate,N
14408,20,2023-07-11,27,26,Moderate,N
14409,20,2023-07-12,8,33,Moderate,N
14410,20,2023-07-13,134,33,Normal,N
14411,20,2023-07-14,84,27,Severe,Y
14412,20,2023-07-15,15,30,Moderate,N
14413,20,2023-07-16,84,25,Normal,N
14414,20,2023-07-17,21,26,Normal,N
14415,20,2023-07-18,104,43,Normal,N
14416,20,2023-07-19,100,24,Normal,N
14417,20,2023-07-20,42,38,Normal,N
14418,20,2023-07-21,58,38,Normal,N
14419,20,2023-07-22,123,32,Normal,N
14420,20,2023-07-23,99,29,Moderate,N
14421,20,2023-07-24,12,31,Normal,N
14422,20,2023-07-25,55,42,Normal,N
14423,20,2023-07-26,38,39,Normal,N
14424,20,2023-07-27,126,37,Normal,N
14425,20,2023-07-28,53,40,Normal,N
14426,20,2023-07-29,115,42,Normal,N
14427,20,2023-07-30,107,26,Normal,N
14428,20,2023-07-31,64,34,Normal,N
14429,20,2023-08-01,11,29,Normal,N
14430,20,2023-08-02,122,30,Moderate,N
14431,20,2023-08-03,27,24,Normal,N
14432,20,2023-08-04,48,43,Normal,N
14433,20,2023-08-05,59,38,Normal,N
14434,20,2023-08-06,41,32,Moderate,N
14435,20,2023-08-07,43,41,Moderate,N
14436,20,2023-08-08,47,28,Moderate,N
14437,20,2023-08-09,29,30,Moderate,N
14438,20,2023-08-10,93,30,Severe,Y
14439,20,2023-08-11,51,30,Normal,N
14440,20,2023-08-12,85,38,Normal,N
14441,20,2023-08-13,76,39,Normal,N
14442,20,2023-08-14,65,25,Moderate,N
14443,20,2023-08-15,50,42,Normal,N
14444,20,2023-08-16,53,32,Normal,N
14445,20,2023-08-17,26,34,Moderate,N
14446,20,2023-08-18,12,27,Normal,N
14447,20,2023-08-19,105,29,Normal,N
14448,20,2023-08-20,89,30,Normal,N
14449,20,2023-08-21,18,40,Normal,N
14450,20,2023-08-22,118,35,Moderate,N
14451,20,2023-08-23,118,29,Normal,N
14452,20,2023-08-24,47,40,Normal,N
14453,20,2023-08-25,56,24,Severe,Y
14454,20,2023-08-26,77,31,Normal,N
14455,20,2023-08-27,17,39,Normal,N
14456,20,2023-08-28,26,35,Moderate,N
14457,20,2023-08-29,6,38,Severe,Y
14458,20,2023-08-30,111,32,Moderate,N
14459,20,2023-08-31,68,36,Normal,N
14460,20,2023-09-01,52,34,Normal,N
14461,20,2023-09-02,128,43,Severe,Y
14462,20,2023-09-03,86,26,Moderate,N
14463,20,2023-09-04,19,39,Moderate,N
14464,20,2023-09-05,5,43,Normal,N
14465,20,2023-09-06,59,36,Moderate,N
14466,20,2023-09-07,84,40,Normal,N
14467,20,2023-09-08,82,30,Normal,N
14468,20,2023-09-09,4,30,Moderate,N
14469,20,2023-09-10,51,29,Normal,N
14470,20,2023-09-11,62,43,Moderate,N
14471,20,2023-09-12,37,43,Moderate,N
14472,20,2023-09-13,131,42,Normal,N
14473,20,2023-09-14,55,37,Moderate,N
14474,20,2023-09-15,13,25,Severe,Y
14475,20,2023-09-16,104,39,Moderate,N
14476,20,2023-09-17,20,36,Severe,Y
14477,20,2023-09-18,13,34,Normal,N
14478,20,2023-09-19,68,37,Moderate,N
14479,20,2023-09-20,55,34,Severe,Y
14480,20,2023-09-21,138,40,Normal,N
14481,20,2023-09-22,11,40,Normal,N
14482,20,2023-09-23,29,36,Moderate,N
14483,20,2023-09-24,15,34,Normal,N
14484,20,2023-09-25,128,42,Normal,N
14485,20,2023-09-26,28,36,Normal,N
14486,20,2023-09-27,94,39,Normal,N
14487,20,2023-09-28,140,29,Severe,Y
14488,20,2023-09-29,44,38,Normal,N
14489,20,2023-09-30,126,40,Severe,Y
14490,20,2023-10-01,11,43,Normal,N
14491,20,2023-10-02,81,33,Normal,N
14492,20,2023-10-03,108,33,Normal,N
14493,20,2023-10-04,111,27,Moderate,N
14494,20,2023-10-05,129,38,Normal,N
14495,20,2023-10-06,102,43,Normal,N
14496,20,2023-10-07,127,37,Severe,Y
14497,20,2023-10-08,40,43,Severe,Y
14498,20,2023-10-09,135,29,Moderate,N
14499,20,2023-10-10,9,38,Normal,N
14500,20,2023-10-11,57,28,Normal,N
14501,20,2023-10-12,64,41,Normal,N
14502,20,2023-10-13,110,32,Severe,Y
14503,20,2023-10-14,84,31,Moderate,N
14504,20,2023-10-15,118,34,Normal,N
14505,20,2023-10-16,56,42,Normal,N
14506,20,2023-10-17,65,29,Normal,N
14507,20,2023-10-18,68,26,Moderate,N
14508,20,2023-10-19,9,27,Normal,N
14509,20,2023-10-20,79,32,Normal,N
14510,20,2023-10-21,89,40,Moderate,N
14511,20,2023-10-22,32,28,Normal,N
14512,20,2023-10-23,13,29,Normal,N
14513,20,2023-10-24,122,30,Normal,N
14514,20,2023-10-25,26,39,Normal,N
14515,20,2023-10-26,63,35,Normal,N
14516,20,2023-10-27,121,32,Normal,N
14517,20,2023-10-28,117,27,Normal,N
14518,20,2023-10-29,18,31,Normal,N
14519,20,2023-10-30,102,38,Normal,N
14520,20,2023-10-31,121,28,Normal,N
14521,20,2023-11-01,137,28,Normal,N
14522,20,2023-11-02,35,32,Normal,N
14523,20,2023-11-03,12,36,Normal,N
14524,20,2023-11-04,54,34,Moderate,N
14525,20,2023-11-05,82,39,Moderate,N
14526,20,2023-11-06,90,24,Severe,Y
14527,20,2023-11-07,96,40,Moderate,N
14528,20,2023-11-08,76,30,Normal,N
14529,20,2023-11-09,104,43,Moderate,N
14530,20,2023-11-10,97,38,Normal,N
14531,20,2023-11-11,118,41,Moderate,N
14532,20,2023-11-12,111,29,Normal,N
14533,20,2023-11-13,37,29,Normal,N
14534,20,2023-11-14,65,27,Moderate,N
14535,20,2023-11-15,39,36,Normal,N
14536,20,2023-11-16,126,30,Normal,N
14537,20,2023-11-17,41,41,Normal,N
14538,20,2023-11-18,133,26,Severe,Y
14539,20,2023-11-19,44,37,Normal,N
14540,20,2023-11-20,99,35,Normal,N
14541,20,2023-11-21,140,35,Moderate,N
14542,20,2023-11-22,129,25,Normal,N
14543,20,2023-11-23,23,29,Normal,N
14544,20,2023-11-24,117,43,Moderate,N
14545,20,2023-11-25,72,36,Moderate,N
14546,20,2023-11-26,88,27,Moderate,N
14547,20,2023-11-27,49,40,Normal,N
14548,20,2023-11-28,79,29,Moderate,N
14549,20,2023-11-29,79,24,Moderate,N
14550,20,2023-11-30,97,26,Moderate,N
14551,20,2023-12-01,69,38,Moderate,N
14552,20,2023-12-02,29,29,Normal,N
14553,20,2023-12-03,12,36,Normal,N
14554,20,2023-12-04,46,42,Normal,N
14555,20,2023-12-05,34,29,Moderate,N
14556,20,2023-12-06,119,28,Normal,N
14557,20,2023-12-07,55,26,Normal,N
14558,20,2023-12-08,54,25,Normal,N
14559,20,2023-12-09,39,41,Normal,N
14560,20,2023-12-10,109,30,Moderate,N
14561,20,2023-12-11,33,28,Normal,N
14562,20,2023-12-12,17,32,Normal,N
14563,20,2023-12-13,123,42,Normal,N
14564,20,2023-12-14,136,36,Normal,N
14565,20,2023-12-15,74,31,Moderate,N
14566,20,2023-12-16,41,30,Moderate,N
14567,20,2023-12-17,60,29,Normal,N
14568,20,2023-12-18,61,30,Normal,N
14569,20,2023-12-19,42,26,Normal,N
14570,20,2023-12-20,138,30,Moderate,N
14571,20,2023-12-21,60,27,Normal,N
14572,20,2023-12-22,6,40,Normal,N
14573,20,2023-12-23,75,38,Normal,N
14574,20,2023-12-24,49,43,Normal,N
14575,20,2023-12-25,122,30,Moderate,N
14576,20,2023-12-26,19,28,Moderate,N
14577,20,2023-12-27,88,29,Normal,N
14578,20,2023-12-28,65,42,Normal,N
14579,20,2023-12-29,22,33,Normal,N
14580,20,2023-12-30,3,26,Normal,N
14581,20,2023-12-31,32,27,Normal,N
14582,20,2024-01-01,88,32,Normal,N
14583,20,2024-01-02,59,28,Normal,N
14584,20,2024-01-03,112,39,Normal,N
14585,20,2024-01-04,108,43,Moderate,N
14586,20,2024-01-05,58,25,Normal,N
14587,20,2024-01-06,121,28,Normal,N
14588,20,2024-01-07,22,43,Normal,N
14589,20,2024-01-08,5,32,Normal,N
14590,20,2024-01-09,87,36,Normal,N
14591,20,2024-01-10,86,32,Moderate,N
14592,20,2024-01-11,118,32,Normal,N
14593,20,2024-01-12,105,42,Moderate,N
14594,20,2024-01-13,25,24,Normal,N
14595,20,2024-01-14,47,27,Normal,N
14596,20,2024-01-15,100,41,Severe,Y
14597,20,2024-01-16,88,31,Moderate,N
14598,20,2024-01-17,107,35,Normal,N
14599,20,2024-01-18,107,25,Moderate,N
14600,20,2024-01-19,87,36,Normal,N
14601,20,2024-01-20,90,34,Severe,Y
14602,20,2024-01-21,131,33,Moderate,N
14603,20,2024-01-22,44,34,Normal,N
14604,20,2024-01-23,132,24,Normal,N
14605,20,2024-01-24,121,43,Moderate,N
14606,20,2024-01-25,98,41,Normal,N
14607,20,2024-01-26,81,40,Normal,N
14608,20,2024-01-27,3,36,Normal,N
14609,20,2024-01-28,93,30,Normal,N
14610,20,2024-01-29,5,39,Moderate,N
14611,20,2024-01-30,113,29,Severe,Y
14612,20,2024-01-31,86,27,Normal,N
14613,20,2024-02-01,90,33,Normal,N
14614,20,2024-02-02,102,43,Normal,N
14615,20,2024-02-03,117,43,Normal,N
14616,20,2024-02-04,108,43,Severe,Y
14617,20,2024-02-05,25,37,Normal,N
14618,20,2024-02-06,115,28,Normal,N
14619,20,2024-02-07,24,26,Normal,N
14620,20,2024-02-08,2,42,Normal,N
14621,20,2024-02-09,132,37,Normal,N
14622,20,2024-02-10,38,33,Moderate,N
14623,20,2024-02-11,55,41,Moderate,N
14624,20,2024-02-12,122,35,Normal,N
14625,20,2024-02-13,119,43,Normal,N
14626,20,2024-02-14,18,27,Normal,N
14627,20,2024-02-15,5,28,Moderate,N
14628,20,2024-02-16,96,29,Moderate,N
14629,20,2024-02-17,32,39,Normal,N
14630,20,2024-02-18,62,35,Normal,N
14631,20,2024-02-19,129,40,Moderate,N
14632,20,2024-02-20,95,26,Normal,N
14633,20,2024-02-21,85,43,Severe,Y
14634,20,2024-02-22,12,40,Moderate,N
14635,20,2024-02-23,24,41,Moderate,N
14636,20,2024-02-24,44,26,Normal,N
14637,20,2024-02-25,24,31,Normal,N
14638,20,2024-02-26,119,36,Normal,N
14639,20,2024-02-27,44,30,Normal,N
14640,20,2024-02-28,39,25,Normal,N
14641,20,2024-02-29,96,37,Normal,N
14642,20,2024-03-01,19,43,Normal,N
14643,20,2024-03-02,85,42,Moderate,N
14644,20,2024-03-03,121,40,Normal,N
14645,20,2024-03-04,11,42,Normal,N
14646,20,2024-03-05,129,34,Normal,N
14647,20,2024-03-06,90,35,Normal,N
14648,20,2024-03-07,111,32,Normal,N
14649,20,2024-03-08,40,27,Normal,N
14650,20,2024-03-09,114,29,Moderate,N
14651,20,2024-03-10,127,41,Normal,N
14652,20,2024-03-11,4,25,Moderate,N
14653,20,2024-03-12,84,38,Normal,N
14654,20,2024-03-13,75,25,Normal,N
14655,20,2024-03-14,33,36,Moderate,N
14656,20,2024-03-15,46,33,Normal,N
14657,20,2024-03-16,42,43,Normal,N
14658,20,2024-03-17,112,39,Severe,Y
14659,20,2024-03-18,44,37,Normal,N
14660,20,2024-03-19,137,27,Moderate,N
14661,20,2024-03-20,113,42,Normal,N
14662,20,2024-03-21,80,43,Normal,N
14663,20,2024-03-22,91,24,Normal,N
14664,20,2024-03-23,66,43,Moderate,N
14665,20,2024-03-24,129,43,Normal,N
14666,20,2024-03-25,106,39,Normal,N
14667,20,2024-03-26,14,36,Normal,N
14668,20,2024-03-27,2,29,Normal,N
14669,20,2024-03-28,38,29,Normal,N
14670,20,2024-03-29,90,28,Normal,N
14671,20,2024-03-30,112,26,Normal,N
14672,20,2024-03-31,64,28,Severe,Y
14673,20,2024-04-01,52,32,Moderate,N
14674,20,2024-04-02,9,35,Moderate,N
14675,20,2024-04-03,46,35,Normal,N
14676,20,2024-04-04,12,39,Moderate,N
14677,20,2024-04-05,74,32,Normal,N
14678,20,2024-04-06,64,32,Normal,N
14679,20,2024-04-07,83,31,Moderate,N
14680,20,2024-04-08,105,41,Normal,N
14681,20,2024-04-09,102,35,Normal,N
14682,20,2024-04-10,102,36,Normal,N
14683,20,2024-04-11,57,35,Normal,N
14684,20,2024-04-12,85,24,Severe,Y
14685,20,2024-04-13,18,25,Moderate,N
14686,20,2024-04-14,84,39,Normal,N
14687,20,2024-04-15,128,29,Normal,N
14688,20,2024-04-16,37,29,Severe,Y
14689,20,2024-04-17,36,41,Normal,N
14690,20,2024-04-18,41,28,Normal,N
14691,20,2024-04-19,65,29,Normal,N
14692,20,2024-04-20,48,37,Normal,N
14693,20,2024-04-21,1,31,Severe,Y
14694,20,2024-04-22,14,34,Moderate,N
14695,20,2024-04-23,75,38,Normal,N
14696,20,2024-04-24,88,42,Severe,Y
14697,20,2024-04-25,131,36,Moderate,N
14698,20,2024-04-26,46,38,Normal,N
14699,20,2024-04-27,80,27,Moderate,N
14700,20,2024-04-28,33,30,Normal,N
14701,20,2024-04-29,105,40,Normal,N
14702,20,2024-04-30,111,30,Normal,N
14703,20,2024-05-01,59,31,Moderate,N
14704,20,2024-05-02,22,24,Normal,N
14705,20,2024-05-03,86,27,Moderate,N
14706,20,2024-05-04,73,32,Normal,N
14707,20,2024-05-05,8,37,Moderate,N
14708,20,2024-05-06,92,26,Normal,N
14709,20,2024-05-07,140,34,Normal,N
14710,20,2024-05-08,54,35,Normal,N
14711,20,2024-05-09,18,40,Moderate,N
14712,20,2024-05-10,68,43,Normal,N
14713,20,2024-05-11,119,41,Normal,N
14714,20,2024-05-12,140,35,Severe,Y
14715,20,2024-05-13,130,34,Moderate,N
14716,20,2024-05-14,31,27,Normal,N
14717,20,2024-05-15,116,30,Normal,N
14718,20,2024-05-16,38,38,Normal,N
14719,20,2024-05-17,129,42,Normal,N
14720,20,2024-05-18,63,39,Normal,N
14721,20,2024-05-19,106,31,Moderate,N
14722,20,2024-05-20,37,32,Moderate,N
14723,20,2024-05-21,103,40,Normal,N
14724,20,2024-05-22,6,31,Severe,Y
14725,20,2024-05-23,41,39,Normal,N
14726,20,2024-05-24,136,31,Normal,N
14727,20,2024-05-25,66,28,Normal,N
14728,20,2024-05-26,47,33,Moderate,N
14729,20,2024-05-27,100,40,Normal,N
14730,20,2024-05-28,29,41,Moderate,N
14731,20,2024-05-29,53,25,Normal,N
14732,20,2024-05-30,80,25,Moderate,N
14733,20,2024-05-31,75,35,Normal,N
14734,20,2024-06-01,132,31,Normal,N
14735,20,2024-06-02,11,36,Moderate,N
14736,20,2024-06-03,105,42,Moderate,N
14737,20,2024-06-04,82,32,Normal,N
14738,20,2024-06-05,30,30,Normal,N
14739,20,2024-06-06,12,35,Moderate,N
14740,20,2024-06-07,72,39,Normal,N
14741,20,2024-06-08,106,26,Moderate,N
14742,20,2024-06-09,129,41,Moderate,N
14743,20,2024-06-10,42,33,Normal,N
14744,20,2024-06-11,8,34,Normal,N
14745,20,2024-06-12,110,39,Normal,N
14746,20,2024-06-13,124,36,Moderate,N
14747,20,2024-06-14,127,31,Normal,N
14748,20,2024-06-15,81,32,Moderate,N
14749,20,2024-06-16,116,32,Normal,N
14750,20,2024-06-17,7,30,Moderate,N
14751,20,2024-06-18,13,24,Moderate,N
14752,20,2024-06-19,56,37,Normal,N
14753,20,2024-06-20,30,33,Normal,N
14754,20,2024-06-21,40,38,Moderate,N
14755,20,2024-06-22,37,27,Moderate,N
14756,20,2024-06-23,37,33,Moderate,N
14757,20,2024-06-24,137,32,Normal,N
14758,20,2024-06-25,130,41,Normal,N
14759,20,2024-06-26,139,41,Moderate,N
14760,20,2024-06-27,32,38,Normal,N
14761,20,2024-06-28,83,39,Normal,N
14762,20,2024-06-29,3,43,Normal,N
14763,20,2024-06-30,126,37,Moderate,N
14764,20,2024-07-01,104,30,Severe,Y
14765,20,2024-07-02,114,41,Normal,N
14766,20,2024-07-03,138,37,Normal,N
14767,20,2024-07-04,24,41,Normal,N
14768,20,2024-07-05,30,26,Moderate,N
14769,20,2024-07-06,117,39,Moderate,N
14770,20,2024-07-07,75,24,Normal,N
14771,20,2024-07-08,121,37,Normal,N
14772,20,2024-07-09,127,41,Moderate,N
14773,20,2024-07-10,104,42,Moderate,N
14774,20,2024-07-11,67,37,Moderate,N
14775,20,2024-07-12,107,34,Moderate,N
14776,20,2024-07-13,130,33,Normal,N
14777,20,2024-07-14,137,29,Moderate,N
14778,20,2024-07-15,77,35,Normal,N
14779,20,2024-07-16,132,37,Normal,N
14780,20,2024-07-17,65,34,Moderate,N
14781,20,2024-07-18,44,35,Normal,N
14782,20,2024-07-19,70,37,Moderate,N
14783,20,2024-07-20,43,36,Normal,N
14784,20,2024-07-21,122,34,Normal,N
14785,20,2024-07-22,90,29,Normal,N
14786,20,2024-07-23,41,40,Moderate,N
14787,20,2024-07-24,0,24,Normal,N
14788,20,2024-07-25,66,43,Normal,N
14789,20,2024-07-26,84,37,Normal,N
14790,20,2024-07-27,91,39,Normal,N
14791,20,2024-07-28,121,31,Moderate,N
14792,20,2024-07-29,16,31,Moderate,N
14793,20,2024-07-30,66,34,Normal,N
14794,20,2024-07-31,115,37,Normal,N
14795,20,2024-08-01,88,40,Moderate,N
14796,20,2024-08-02,44,38,Normal,N
14797,20,2024-08-03,78,39,Moderate,N
14798,20,2024-08-04,1,38,Normal,N
14799,20,2024-08-05,36,34,Normal,N
14800,20,2024-08-06,10,26,Normal,N
14801,20,2024-08-07,54,31,Moderate,N
14802,20,2024-08-08,47,39,Moderate,N
14803,20,2024-08-09,100,32,Normal,N
14804,20,2024-08-10,82,26,Severe,Y
14805,20,2024-08-11,11,36,Normal,N
14806,20,2024-08-12,107,37,Moderate,N
14807,20,2024-08-13,140,39,Normal,N
14808,20,2024-08-14,3,28,Normal,N
14809,20,2024-08-15,128,25,Normal,N
14810,20,2024-08-16,22,28,Normal,N
14811,20,2024-08-17,55,40,Normal,N
14812,20,2024-08-18,82,32,Normal,N
14813,20,2024-08-19,52,26,Severe,Y
14814,20,2024-08-20,117,40,Normal,N
14815,20,2024-08-21,56,43,Severe,Y
14816,20,2024-08-22,59,29,Moderate,N
14817,20,2024-08-23,56,26,Moderate,N
14818,20,2024-08-24,48,30,Normal,N
14819,20,2024-08-25,96,38,Normal,N
14820,20,2024-08-26,10,27,Normal,N
14821,20,2024-08-27,91,40,Normal,N
14822,20,2024-08-28,71,42,Normal,N
14823,20,2024-08-29,97,37,Normal,N
14824,20,2024-08-30,87,33,Moderate,N
14825,20,2024-08-31,96,39,Normal,N
14826,20,2024-09-01,113,34,Normal,N
14827,20,2024-09-02,84,34,Normal,N
14828,20,2024-09-03,137,37,Normal,N
14829,20,2024-09-04,22,24,Normal,N
14830,20,2024-09-05,104,39,Normal,N
14831,20,2024-09-06,122,32,Moderate,N
14832,20,2024-09-07,55,33,Severe,Y
14833,20,2024-09-08,108,32,Normal,N
14834,20,2024-09-09,66,26,Normal,N
14835,20,2024-09-10,94,42,Normal,N
14836,20,2024-09-11,8,33,Moderate,N
14837,20,2024-09-12,28,38,Normal,N
14838,20,2024-09-13,18,31,Normal,N
14839,20,2024-09-14,138,41,Normal,N
14840,20,2024-09-15,84,28,Normal,N
14841,20,2024-09-16,64,34,Normal,N
14842,20,2024-09-17,121,30,Severe,Y
14843,20,2024-09-18,29,28,Normal,N
14844,20,2024-09-19,71,40,Normal,N
14845,20,2024-09-20,84,36,Normal,N
14846,20,2024-09-21,119,27,Normal,N
14847,20,2024-09-22,122,39,Normal,N
14848,20,2024-09-23,40,29,Severe,Y
14849,20,2024-09-24,70,26,Normal,N
14850,20,2024-09-25,22,24,Moderate,N
14851,20,2024-09-26,124,33,Normal,N
14852,20,2024-09-27,123,25,Moderate,N
14853,20,2024-09-28,65,35,Severe,Y
14854,20,2024-09-29,98,29,Normal,N
14855,20,2024-09-30,129,30,Normal,N
14856,20,2024-10-01,72,40,Normal,N
14857,20,2024-10-02,25,39,Normal,N
14858,20,2024-10-03,128,37,Normal,N
14859,20,2024-10-04,114,41,Normal,N
14860,20,2024-10-05,119,38,Normal,N
14861,20,2024-10-06,47,26,Normal,N
14862,20,2024-10-07,61,29,Normal,N
14863,20,2024-10-08,41,35,Normal,N
14864,20,2024-10-09,27,27,Normal,N
14865,20,2024-10-10,63,26,Moderate,N
14866,20,2024-10-11,56,28,Normal,N
14867,20,2024-10-12,77,36,Moderate,N
14868,20,2024-10-13,89,33,Severe,Y
14869,20,2024-10-14,123,34,Normal,N
14870,20,2024-10-15,140,33,Moderate,N
14871,20,2024-10-16,59,40,Normal,N
14872,20,2024-10-17,84,25,Normal,N
14873,20,2024-10-18,51,30,Normal,N
14874,20,2024-10-19,113,34,Normal,N
14875,20,2024-10-20,114,40,Normal,N
14876,20,2024-10-21,70,26,Severe,Y
14877,20,2024-10-22,14,42,Normal,N
14878,20,2024-10-23,138,25,Moderate,N
14879,20,2024-10-24,81,31,Severe,Y
14880,20,2024-10-25,62,25,Normal,N
14881,20,2024-10-26,115,42,Normal,N
14882,20,2024-10-27,25,33,Normal,N
14883,20,2024-10-28,125,28,Normal,N
14884,20,2024-10-29,121,40,Normal,N
14885,20,2024-10-30,136,38,Moderate,N
14886,20,2024-10-31,56,39,Moderate,N
14887,20,2024-11-01,70,43,Severe,Y
14888,20,2024-11-02,131,37,Moderate,N
14889,20,2024-11-03,132,41,Normal,N
14890,20,2024-11-04,32,42,Normal,N
14891,20,2024-11-05,34,33,Severe,Y
14892,20,2024-11-06,78,25,Moderate,N
14893,20,2024-11-07,127,24,Normal,N
14894,20,2024-11-08,121,38,Normal,N
14895,20,2024-11-09,93,25,Normal,N
14896,20,2024-11-10,24,24,Severe,Y
14897,21,2022-01-08,60,35,Normal,N
14898,21,2022-01-09,109,40,Severe,Y
14899,21,2022-01-10,95,42,Normal,N
14900,21,2022-01-11,87,37,Moderate,N
14901,21,2022-01-12,103,28,Normal,N
14902,21,2022-01-13,78,31,Normal,N
14903,21,2022-01-14,20,35,Moderate,N
14904,21,2022-01-15,30,29,Normal,N
14905,21,2022-01-16,76,41,Moderate,N
14906,21,2022-01-17,77,27,Normal,N
14907,21,2022-01-18,120,35,Normal,N
14908,21,2022-01-19,49,35,Normal,N
14909,21,2022-01-20,70,35,Normal,N
14910,21,2022-01-21,25,40,Moderate,N
14911,21,2022-01-22,69,39,Normal,N
14912,21,2022-01-23,105,43,Severe,Y
14913,21,2022-01-24,85,26,Normal,N
14914,21,2022-01-25,49,34,Normal,N
14915,21,2022-01-26,73,35,Moderate,N
14916,21,2022-01-27,20,39,Severe,Y
14917,21,2022-01-28,133,36,Normal,N
14918,21,2022-01-29,85,25,Moderate,N
14919,21,2022-01-30,126,43,Severe,Y
14920,21,2022-01-31,79,24,Normal,N
14921,21,2022-02-01,21,42,Normal,N
14922,21,2022-02-02,90,42,Normal,N
14923,21,2022-02-03,129,26,Normal,N
14924,21,2022-02-04,19,30,Normal,N
14925,21,2022-02-05,35,26,Normal,N
14926,21,2022-02-06,53,25,Moderate,N
14927,21,2022-02-07,83,42,Moderate,N
14928,21,2022-02-08,12,32,Moderate,N
14929,21,2022-02-09,124,35,Normal,N
14930,21,2022-02-10,112,28,Normal,N
14931,21,2022-02-11,20,41,Normal,N
14932,21,2022-02-12,109,39,Normal,N
14933,21,2022-02-13,15,43,Severe,Y
14934,21,2022-02-14,5,26,Normal,N
14935,21,2022-02-15,88,28,Moderate,N
14936,21,2022-02-16,124,36,Moderate,N
14937,21,2022-02-17,27,34,Moderate,N
14938,21,2022-02-18,137,43,Normal,N
14939,21,2022-02-19,101,32,Moderate,N
14940,21,2022-02-20,67,38,Normal,N
14941,21,2022-02-21,119,33,Normal,N
14942,21,2022-02-22,50,42,Normal,N
14943,21,2022-02-23,48,25,Moderate,N
14944,21,2022-02-24,1,41,Normal,N
14945,21,2022-02-25,85,35,Moderate,N
14946,21,2022-02-26,66,39,Normal,N
14947,21,2022-02-27,9,41,Moderate,N
14948,21,2022-02-28,56,40,Normal,N
14949,21,2022-03-01,36,36,Normal,N
14950,21,2022-03-02,79,30,Normal,N
14951,21,2022-03-03,140,35,Normal,N
14952,21,2022-03-04,64,39,Normal,N
14953,21,2022-03-05,85,36,Normal,N
14954,21,2022-03-06,114,36,Normal,N
14955,21,2022-03-07,37,41,Normal,N
14956,21,2022-03-08,68,28,Severe,Y
14957,21,2022-03-09,138,37,Moderate,N
14958,21,2022-03-10,35,36,Normal,N
14959,21,2022-03-11,119,26,Moderate,N
14960,21,2022-03-12,50,27,Normal,N
14961,21,2022-03-13,47,33,Normal,N
14962,21,2022-03-14,126,30,Severe,Y
14963,21,2022-03-15,79,37,Severe,Y
14964,21,2022-03-16,110,30,Normal,N
14965,21,2022-03-17,23,24,Severe,Y
14966,21,2022-03-18,40,25,Moderate,N
14967,21,2022-03-19,42,40,Normal,N
14968,21,2022-03-20,70,33,Normal,N
14969,21,2022-03-21,54,34,Normal,N
14970,21,2022-03-22,23,42,Normal,N
14971,21,2022-03-23,83,32,Moderate,N
14972,21,2022-03-24,137,26,Moderate,N
14973,21,2022-03-25,47,28,Normal,N
14974,21,2022-03-26,95,40,Normal,N
14975,21,2022-03-27,0,38,Normal,N
14976,21,2022-03-28,90,36,Normal,N
14977,21,2022-03-29,38,28,Normal,N
14978,21,2022-03-30,25,28,Moderate,N
14979,21,2022-03-31,33,29,Normal,N
14980,21,2022-04-01,111,29,Normal,N
14981,21,2022-04-02,79,41,Normal,N
14982,21,2022-04-03,106,41,Normal,N
14983,21,2022-04-04,51,35,Severe,Y
14984,21,2022-04-05,132,36,Moderate,N
14985,21,2022-04-06,0,27,Normal,N
14986,21,2022-04-07,109,25,Normal,N
14987,21,2022-04-08,108,25,Moderate,N
14988,21,2022-04-09,59,27,Normal,N
14989,21,2022-04-10,16,36,Normal,N
14990,21,2022-04-11,21,40,Normal,N
14991,21,2022-04-12,43,30,Normal,N
14992,21,2022-04-13,104,41,Normal,N
14993,21,2022-04-14,22,26,Severe,Y
14994,21,2022-04-15,13,33,Normal,N
14995,21,2022-04-16,10,42,Normal,N
14996,21,2022-04-17,136,29,Normal,N
14997,21,2022-04-18,101,28,Normal,N
14998,21,2022-04-19,13,27,Severe,Y
14999,21,2022-04-20,42,43,Severe,Y
15000,21,2022-04-21,111,41,Moderate,N
15001,21,2022-04-22,113,40,Normal,N
15002,21,2022-04-23,11,29,Normal,N
15003,21,2022-04-24,24,43,Severe,Y
15004,21,2022-04-25,93,35,Normal,N
15005,21,2022-04-26,119,36,Severe,Y
15006,21,2022-04-27,56,29,Severe,Y
15007,21,2022-04-28,115,43,Severe,Y
15008,21,2022-04-29,134,29,Normal,N
15009,21,2022-04-30,21,42,Moderate,N
15010,21,2022-05-01,9,33,Normal,N
15011,21,2022-05-02,126,33,Severe,Y
15012,21,2022-05-03,92,42,Normal,N
15013,21,2022-05-04,66,30,Normal,N
15014,21,2022-05-05,102,36,Normal,N
15015,21,2022-05-06,105,35,Normal,N
15016,21,2022-05-07,46,31,Moderate,N
15017,21,2022-05-08,88,27,Normal,N
15018,21,2022-05-09,4,36,Severe,Y
15019,21,2022-05-10,82,27,Normal,N
15020,21,2022-05-11,68,26,Normal,N
15021,21,2022-05-12,21,38,Normal,N
15022,21,2022-05-13,34,36,Moderate,N
15023,21,2022-05-14,103,40,Moderate,N
15024,21,2022-05-15,65,29,Normal,N
15025,21,2022-05-16,137,38,Severe,Y
15026,21,2022-05-17,81,31,Moderate,N
15027,21,2022-05-18,0,38,Severe,Y
15028,21,2022-05-19,127,29,Moderate,N
15029,21,2022-05-20,39,39,Normal,N
15030,21,2022-05-21,42,30,Normal,N
15031,21,2022-05-22,94,34,Normal,N
15032,21,2022-05-23,77,35,Moderate,N
15033,21,2022-05-24,25,39,Moderate,N
15034,21,2022-05-25,107,24,Normal,N
15035,21,2022-05-26,50,38,Normal,N
15036,21,2022-05-27,95,43,Normal,N
15037,21,2022-05-28,24,27,Severe,Y
15038,21,2022-05-29,77,41,Normal,N
15039,21,2022-05-30,82,35,Normal,N
15040,21,2022-05-31,16,43,Normal,N
15041,21,2022-06-01,89,27,Normal,N
15042,21,2022-06-02,110,40,Normal,N
15043,21,2022-06-03,122,24,Moderate,N
15044,21,2022-06-04,54,30,Normal,N
15045,21,2022-06-05,36,41,Moderate,N
15046,21,2022-06-06,23,26,Moderate,N
15047,21,2022-06-07,65,25,Normal,N
15048,21,2022-06-08,133,33,Normal,N
15049,21,2022-06-09,99,42,Moderate,N
15050,21,2022-06-10,100,42,Normal,N
15051,21,2022-06-11,18,33,Normal,N
15052,21,2022-06-12,78,33,Normal,N
15053,21,2022-06-13,92,24,Normal,N
15054,21,2022-06-14,67,24,Normal,N
15055,21,2022-06-15,37,31,Normal,N
15056,21,2022-06-16,45,41,Moderate,N
15057,21,2022-06-17,26,28,Normal,N
15058,21,2022-06-18,9,35,Severe,Y
15059,21,2022-06-19,59,28,Normal,N
15060,21,2022-06-20,128,25,Normal,N
15061,21,2022-06-21,15,33,Normal,N
15062,21,2022-06-22,84,29,Normal,N
15063,21,2022-06-23,37,40,Normal,N
15064,21,2022-06-24,81,38,Normal,N
15065,21,2022-06-25,135,32,Moderate,N
15066,21,2022-06-26,18,30,Normal,N
15067,21,2022-06-27,105,39,Normal,N
15068,21,2022-06-28,66,34,Moderate,N
15069,21,2022-06-29,123,41,Normal,N
15070,21,2022-06-30,62,25,Normal,N
15071,21,2022-07-01,83,43,Normal,N
15072,21,2022-07-02,94,24,Moderate,N
15073,21,2022-07-03,134,38,Normal,N
15074,21,2022-07-04,133,30,Normal,N
15075,21,2022-07-05,47,39,Normal,N
15076,21,2022-07-06,97,31,Normal,N
15077,21,2022-07-07,40,27,Normal,N
15078,21,2022-07-08,101,32,Normal,N
15079,21,2022-07-09,91,26,Severe,Y
15080,21,2022-07-10,16,38,Normal,N
15081,21,2022-07-11,35,38,Moderate,N
15082,21,2022-07-12,56,24,Normal,N
15083,21,2022-07-13,105,39,Normal,N
15084,21,2022-07-14,17,30,Normal,N
15085,21,2022-07-15,76,39,Moderate,N
15086,21,2022-07-16,29,30,Normal,N
15087,21,2022-07-17,78,29,Normal,N
15088,21,2022-07-18,40,29,Normal,N
15089,21,2022-07-19,29,31,Severe,Y
15090,21,2022-07-20,28,28,Normal,N
15091,21,2022-07-21,64,39,Normal,N
15092,21,2022-07-22,15,26,Normal,N
15093,21,2022-07-23,99,41,Normal,N
15094,21,2022-07-24,86,24,Normal,N
15095,21,2022-07-25,68,43,Normal,N
15096,21,2022-07-26,96,41,Moderate,N
15097,21,2022-07-27,108,37,Normal,N
15098,21,2022-07-28,47,35,Normal,N
15099,21,2022-07-29,71,38,Moderate,N
15100,21,2022-07-30,5,25,Normal,N
15101,21,2022-07-31,20,35,Normal,N
15102,21,2022-08-01,101,38,Moderate,N
15103,21,2022-08-02,99,41,Normal,N
15104,21,2022-08-03,108,35,Normal,N
15105,21,2022-08-04,100,41,Moderate,N
15106,21,2022-08-05,27,30,Normal,N
15107,21,2022-08-06,130,33,Normal,N
15108,21,2022-08-07,72,42,Normal,N
15109,21,2022-08-08,139,32,Severe,Y
15110,21,2022-08-09,103,32,Normal,N
15111,21,2022-08-10,119,33,Moderate,N
15112,21,2022-08-11,96,40,Normal,N
15113,21,2022-08-12,125,32,Normal,N
15114,21,2022-08-13,16,31,Normal,N
15115,21,2022-08-14,79,39,Moderate,N
15116,21,2022-08-15,0,40,Normal,N
15117,21,2022-08-16,129,27,Normal,N
15118,21,2022-08-17,34,33,Normal,N
15119,21,2022-08-18,6,39,Normal,N
15120,21,2022-08-19,95,30,Normal,N
15121,21,2022-08-20,97,34,Moderate,N
15122,21,2022-08-21,23,25,Moderate,N
15123,21,2022-08-22,30,33,Severe,Y
15124,21,2022-08-23,15,27,Normal,N
15125,21,2022-08-24,64,25,Normal,N
15126,21,2022-08-25,114,27,Normal,N
15127,21,2022-08-26,87,31,Moderate,N
15128,21,2022-08-27,90,40,Moderate,N
15129,21,2022-08-28,31,36,Moderate,N
15130,21,2022-08-29,108,29,Normal,N
15131,21,2022-08-30,81,37,Normal,N
15132,21,2022-08-31,22,42,Normal,N
15133,21,2022-09-01,80,39,Moderate,N
15134,21,2022-09-02,85,39,Normal,N
15135,21,2022-09-03,111,41,Normal,N
15136,21,2022-09-04,85,41,Normal,N
15137,21,2022-09-05,111,39,Moderate,N
15138,21,2022-09-06,65,25,Normal,N
15139,21,2022-09-07,77,42,Normal,N
15140,21,2022-09-08,99,37,Normal,N
15141,21,2022-09-09,127,39,Normal,N
15142,21,2022-09-10,38,40,Severe,Y
15143,21,2022-09-11,122,42,Normal,N
15144,21,2022-09-12,85,34,Normal,N
15145,21,2022-09-13,139,32,Normal,N
15146,21,2022-09-14,8,27,Normal,N
15147,21,2022-09-15,34,40,Normal,N
15148,21,2022-09-16,132,42,Normal,N
15149,21,2022-09-17,100,37,Normal,N
15150,21,2022-09-18,26,38,Normal,N
15151,21,2022-09-19,8,38,Severe,Y
15152,21,2022-09-20,139,36,Moderate,N
15153,21,2022-09-21,29,30,Normal,N
15154,21,2022-09-22,131,33,Severe,Y
15155,21,2022-09-23,39,34,Moderate,N
15156,21,2022-09-24,41,39,Normal,N
15157,21,2022-09-25,8,26,Normal,N
15158,21,2022-09-26,115,28,Normal,N
15159,21,2022-09-27,94,36,Moderate,N
15160,21,2022-09-28,72,40,Severe,Y
15161,21,2022-09-29,30,24,Normal,N
15162,21,2022-09-30,26,26,Normal,N
15163,21,2022-10-01,99,29,Moderate,N
15164,21,2022-10-02,53,43,Normal,N
15165,21,2022-10-03,126,27,Moderate,N
15166,21,2022-10-04,94,27,Normal,N
15167,21,2022-10-05,7,37,Moderate,N
15168,21,2022-10-06,115,25,Normal,N
15169,21,2022-10-07,32,38,Normal,N
15170,21,2022-10-08,4,32,Moderate,N
15171,21,2022-10-09,67,27,Normal,N
15172,21,2022-10-10,66,40,Moderate,N
15173,21,2022-10-11,33,30,Normal,N
15174,21,2022-10-12,59,31,Moderate,N
15175,21,2022-10-13,83,35,Severe,Y
15176,21,2022-10-14,93,35,Normal,N
15177,21,2022-10-15,140,26,Severe,Y
15178,21,2022-10-16,72,36,Normal,N
15179,21,2022-10-17,45,24,Moderate,N
15180,21,2022-10-18,132,25,Normal,N
15181,21,2022-10-19,90,29,Moderate,N
15182,21,2022-10-20,34,43,Normal,N
15183,21,2022-10-21,105,40,Moderate,N
15184,21,2022-10-22,80,37,Normal,N
15185,21,2022-10-23,136,25,Severe,Y
15186,21,2022-10-24,33,37,Normal,N
15187,21,2022-10-25,84,27,Severe,Y
15188,21,2022-10-26,137,39,Normal,N
15189,21,2022-10-27,127,40,Normal,N
15190,21,2022-10-28,59,26,Severe,Y
15191,21,2022-10-29,50,34,Normal,N
15192,21,2022-10-30,74,32,Normal,N
15193,21,2022-10-31,62,36,Moderate,N
15194,21,2022-11-01,8,25,Moderate,N
15195,21,2022-11-02,24,31,Moderate,N
15196,21,2022-11-03,130,28,Severe,Y
15197,21,2022-11-04,17,27,Moderate,N
15198,21,2022-11-05,121,36,Severe,Y
15199,21,2022-11-06,19,34,Normal,N
15200,21,2022-11-07,124,33,Normal,N
15201,21,2022-11-08,28,39,Normal,N
15202,21,2022-11-09,3,25,Normal,N
15203,21,2022-11-10,108,36,Moderate,N
15204,21,2022-11-11,23,40,Moderate,N
15205,21,2022-11-12,82,42,Normal,N
15206,21,2022-11-13,137,27,Normal,N
15207,21,2022-11-14,51,36,Normal,N
15208,21,2022-11-15,108,37,Severe,Y
15209,21,2022-11-16,123,31,Normal,N
15210,21,2022-11-17,52,32,Normal,N
15211,21,2022-11-18,130,43,Normal,N
15212,21,2022-11-19,66,35,Moderate,N
15213,21,2022-11-20,136,41,Normal,N
15214,21,2022-11-21,41,37,Normal,N
15215,21,2022-11-22,81,28,Normal,N
15216,21,2022-11-23,45,36,Normal,N
15217,21,2022-11-24,113,37,Normal,N
15218,21,2022-11-25,129,38,Normal,N
15219,21,2022-11-26,69,26,Severe,Y
15220,21,2022-11-27,67,43,Severe,Y
15221,21,2022-11-28,2,36,Moderate,N
15222,21,2022-11-29,59,34,Normal,N
15223,21,2022-11-30,46,28,Normal,N
15224,21,2022-12-01,65,38,Normal,N
15225,21,2022-12-02,111,41,Moderate,N
15226,21,2022-12-03,23,30,Normal,N
15227,21,2022-12-04,65,35,Severe,Y
15228,21,2022-12-05,59,43,Normal,N
15229,21,2022-12-06,36,26,Normal,N
15230,21,2022-12-07,96,34,Normal,N
15231,21,2022-12-08,81,41,Normal,N
15232,21,2022-12-09,75,30,Moderate,N
15233,21,2022-12-10,62,43,Moderate,N
15234,21,2022-12-11,26,41,Normal,N
15235,21,2022-12-12,122,26,Normal,N
15236,21,2022-12-13,78,25,Normal,N
15237,21,2022-12-14,43,35,Moderate,N
15238,21,2022-12-15,114,40,Normal,N
15239,21,2022-12-16,37,24,Severe,Y
15240,21,2022-12-17,123,35,Normal,N
15241,21,2022-12-18,45,37,Normal,N
15242,21,2022-12-19,115,37,Moderate,N
15243,21,2022-12-20,76,34,Normal,N
15244,21,2022-12-21,18,30,Normal,N
15245,21,2022-12-22,108,33,Moderate,N
15246,21,2022-12-23,20,29,Normal,N
15247,21,2022-12-24,16,27,Moderate,N
15248,21,2022-12-25,46,38,Normal,N
15249,21,2022-12-26,131,40,Moderate,N
15250,21,2022-12-27,109,24,Severe,Y
15251,21,2022-12-28,1,34,Normal,N
15252,21,2022-12-29,63,29,Normal,N
15253,21,2022-12-30,86,29,Severe,Y
15254,21,2022-12-31,17,42,Severe,Y
15255,21,2023-01-01,86,42,Moderate,N
15256,21,2023-01-02,52,25,Normal,N
15257,21,2023-01-03,102,29,Moderate,N
15258,21,2023-01-04,6,37,Moderate,N
15259,21,2023-01-05,14,28,Moderate,N
15260,21,2023-01-06,122,31,Severe,Y
15261,21,2023-01-07,72,31,Severe,Y
15262,21,2023-01-08,104,26,Normal,N
15263,21,2023-01-09,9,37,Normal,N
15264,21,2023-01-10,124,25,Normal,N
15265,21,2023-01-11,13,33,Normal,N
15266,21,2023-01-12,41,41,Moderate,N
15267,21,2023-01-13,59,24,Normal,N
15268,21,2023-01-14,32,38,Normal,N
15269,21,2023-01-15,91,40,Moderate,N
15270,21,2023-01-16,135,40,Normal,N
15271,21,2023-01-17,116,30,Moderate,N
15272,21,2023-01-18,14,39,Normal,N
15273,21,2023-01-19,122,32,Normal,N
15274,21,2023-01-20,80,33,Severe,Y
15275,21,2023-01-21,5,29,Normal,N
15276,21,2023-01-22,33,31,Normal,N
15277,21,2023-01-23,107,36,Normal,N
15278,21,2023-01-24,6,25,Severe,Y
15279,21,2023-01-25,48,25,Moderate,N
15280,21,2023-01-26,0,38,Severe,Y
15281,21,2023-01-27,21,36,Normal,N
15282,21,2023-01-28,98,41,Moderate,N
15283,21,2023-01-29,112,35,Normal,N
15284,21,2023-01-30,132,24,Normal,N
15285,21,2023-01-31,136,32,Normal,N
15286,21,2023-02-01,49,28,Normal,N
15287,21,2023-02-02,35,41,Normal,N
15288,21,2023-02-03,139,39,Normal,N
15289,21,2023-02-04,137,28,Normal,N
15290,21,2023-02-05,2,24,Normal,N
15291,21,2023-02-06,7,34,Normal,N
15292,21,2023-02-07,83,27,Normal,N
15293,21,2023-02-08,34,27,Normal,N
15294,21,2023-02-09,99,41,Moderate,N
15295,21,2023-02-10,118,26,Normal,N
15296,21,2023-02-11,128,32,Normal,N
15297,21,2023-02-12,133,42,Normal,N
15298,21,2023-02-13,77,26,Severe,Y
15299,21,2023-02-14,114,35,Normal,N
15300,21,2023-02-15,64,32,Normal,N
15301,21,2023-02-16,98,43,Normal,N
15302,21,2023-02-17,138,33,Normal,N
15303,21,2023-02-18,84,40,Normal,N
15304,21,2023-02-19,7,41,Normal,N
15305,21,2023-02-20,14,42,Severe,Y
15306,21,2023-02-21,122,35,Normal,N
15307,21,2023-02-22,78,41,Normal,N
15308,21,2023-02-23,42,28,Normal,N
15309,21,2023-02-24,70,26,Normal,N
15310,21,2023-02-25,114,27,Moderate,N
15311,21,2023-02-26,48,32,Moderate,N
15312,21,2023-02-27,104,26,Moderate,N
15313,21,2023-02-28,18,31,Normal,N
15314,21,2023-03-01,33,29,Moderate,N
15315,21,2023-03-02,120,31,Moderate,N
15316,21,2023-03-03,14,30,Severe,Y
15317,21,2023-03-04,114,32,Moderate,N
15318,21,2023-03-05,86,42,Normal,N
15319,21,2023-03-06,38,43,Severe,Y
15320,21,2023-03-07,119,32,Normal,N
15321,21,2023-03-08,109,31,Moderate,N
15322,21,2023-03-09,47,41,Severe,Y
15323,21,2023-03-10,118,25,Normal,N
15324,21,2023-03-11,128,36,Moderate,N
15325,21,2023-03-12,134,24,Normal,N
15326,21,2023-03-13,15,28,Normal,N
15327,21,2023-03-14,112,26,Normal,N
15328,21,2023-03-15,7,39,Normal,N
15329,21,2023-03-16,102,36,Moderate,N
15330,21,2023-03-17,100,38,Normal,N
15331,21,2023-03-18,41,29,Moderate,N
15332,21,2023-03-19,48,39,Normal,N
15333,21,2023-03-20,3,31,Normal,N
15334,21,2023-03-21,113,40,Normal,N
15335,21,2023-03-22,8,42,Normal,N
15336,21,2023-03-23,106,39,Normal,N
15337,21,2023-03-24,34,32,Normal,N
15338,21,2023-03-25,103,26,Normal,N
15339,21,2023-03-26,65,27,Moderate,N
15340,21,2023-03-27,123,31,Severe,Y
15341,21,2023-03-28,52,39,Normal,N
15342,21,2023-03-29,121,30,Normal,N
15343,21,2023-03-30,88,33,Severe,Y
15344,21,2023-03-31,114,28,Normal,N
15345,21,2023-04-01,2,39,Normal,N
15346,21,2023-04-02,71,25,Normal,N
15347,21,2023-04-03,71,24,Severe,Y
15348,21,2023-04-04,8,28,Normal,N
15349,21,2023-04-05,86,26,Normal,N
15350,21,2023-04-06,140,42,Severe,Y
15351,21,2023-04-07,78,39,Normal,N
15352,21,2023-04-08,73,42,Normal,N
15353,21,2023-04-09,95,41,Normal,N
15354,21,2023-04-10,108,32,Moderate,N
15355,21,2023-04-11,56,37,Normal,N
15356,21,2023-04-12,137,40,Normal,N
15357,21,2023-04-13,94,37,Normal,N
15358,21,2023-04-14,108,40,Normal,N
15359,21,2023-04-15,59,38,Normal,N
15360,21,2023-04-16,65,25,Moderate,N
15361,21,2023-04-17,80,34,Moderate,N
15362,21,2023-04-18,76,43,Normal,N
15363,21,2023-04-19,95,34,Normal,N
15364,21,2023-04-20,48,30,Moderate,N
15365,21,2023-04-21,123,27,Normal,N
15366,21,2023-04-22,7,25,Normal,N
15367,21,2023-04-23,44,26,Normal,N
15368,21,2023-04-24,35,40,Normal,N
15369,21,2023-04-25,119,36,Moderate,N
15370,21,2023-04-26,15,38,Normal,N
15371,21,2023-04-27,89,29,Severe,Y
15372,21,2023-04-28,102,36,Normal,N
15373,21,2023-04-29,132,40,Normal,N
15374,21,2023-04-30,23,40,Moderate,N
15375,21,2023-05-01,14,29,Normal,N
15376,21,2023-05-02,22,39,Normal,N
15377,21,2023-05-03,115,24,Moderate,N
15378,21,2023-05-04,20,34,Moderate,N
15379,21,2023-05-05,99,43,Normal,N
15380,21,2023-05-06,98,30,Normal,N
15381,21,2023-05-07,32,38,Severe,Y
15382,21,2023-05-08,131,42,Normal,N
15383,21,2023-05-09,64,39,Normal,N
15384,21,2023-05-10,21,43,Normal,N
15385,21,2023-05-11,11,37,Severe,Y
15386,21,2023-05-12,37,28,Moderate,N
15387,21,2023-05-13,29,24,Normal,N
15388,21,2023-05-14,85,32,Severe,Y
15389,21,2023-05-15,129,26,Severe,Y
15390,21,2023-05-16,73,29,Normal,N
15391,21,2023-05-17,44,38,Normal,N
15392,21,2023-05-18,57,39,Normal,N
15393,21,2023-05-19,136,41,Normal,N
15394,21,2023-05-20,17,27,Moderate,N
15395,21,2023-05-21,22,36,Normal,N
15396,21,2023-05-22,45,40,Normal,N
15397,21,2023-05-23,43,43,Normal,N
15398,21,2023-05-24,6,36,Normal,N
15399,21,2023-05-25,97,42,Normal,N
15400,21,2023-05-26,29,43,Normal,N
15401,21,2023-05-27,17,36,Severe,Y
15402,21,2023-05-28,39,43,Moderate,N
15403,21,2023-05-29,72,24,Normal,N
15404,21,2023-05-30,137,31,Normal,N
15405,21,2023-05-31,111,24,Normal,N
15406,21,2023-06-01,37,26,Moderate,N
15407,21,2023-06-02,22,36,Normal,N
15408,21,2023-06-03,92,36,Moderate,N
15409,21,2023-06-04,129,28,Normal,N
15410,21,2023-06-05,42,38,Normal,N
15411,21,2023-06-06,96,37,Moderate,N
15412,21,2023-06-07,39,26,Severe,Y
15413,21,2023-06-08,35,40,Moderate,N
15414,21,2023-06-09,32,29,Normal,N
15415,21,2023-06-10,88,29,Normal,N
15416,21,2023-06-11,54,31,Normal,N
15417,21,2023-06-12,66,39,Normal,N
15418,21,2023-06-13,95,43,Moderate,N
15419,21,2023-06-14,100,28,Moderate,N
15420,21,2023-06-15,68,39,Normal,N
15421,21,2023-06-16,82,24,Normal,N
15422,21,2023-06-17,41,35,Severe,Y
15423,21,2023-06-18,87,32,Severe,Y
15424,21,2023-06-19,9,28,Normal,N
15425,21,2023-06-20,11,37,Normal,N
15426,21,2023-06-21,65,43,Severe,Y
15427,21,2023-06-22,130,35,Moderate,N
15428,21,2023-06-23,55,42,Moderate,N
15429,21,2023-06-24,73,33,Normal,N
15430,21,2023-06-25,92,35,Normal,N
15431,21,2023-06-26,129,41,Normal,N
15432,21,2023-06-27,36,32,Normal,N
15433,21,2023-06-28,26,28,Normal,N
15434,21,2023-06-29,38,26,Moderate,N
15435,21,2023-06-30,46,43,Normal,N
15436,21,2023-07-01,36,26,Normal,N
15437,21,2023-07-02,42,42,Normal,N
15438,21,2023-07-03,129,32,Moderate,N
15439,21,2023-07-04,30,32,Normal,N
15440,21,2023-07-05,31,31,Normal,N
15441,21,2023-07-06,86,29,Normal,N
15442,21,2023-07-07,20,38,Normal,N
15443,21,2023-07-08,139,34,Severe,Y
15444,21,2023-07-09,60,37,Normal,N
15445,21,2023-07-10,0,34,Normal,N
15446,21,2023-07-11,140,37,Normal,N
15447,21,2023-07-12,30,26,Normal,N
15448,21,2023-07-13,43,30,Normal,N
15449,21,2023-07-14,31,36,Normal,N
15450,21,2023-07-15,119,30,Normal,N
15451,21,2023-07-16,1,29,Severe,Y
15452,21,2023-07-17,134,39,Normal,N
15453,21,2023-07-18,96,28,Normal,N
15454,21,2023-07-19,98,24,Moderate,N
15455,21,2023-07-20,67,43,Normal,N
15456,21,2023-07-21,57,36,Moderate,N
15457,21,2023-07-22,86,32,Normal,N
15458,21,2023-07-23,70,37,Severe,Y
15459,21,2023-07-24,13,32,Normal,N
15460,21,2023-07-25,126,30,Severe,Y
15461,21,2023-07-26,47,34,Normal,N
15462,21,2023-07-27,3,38,Normal,N
15463,21,2023-07-28,31,28,Moderate,N
15464,21,2023-07-29,93,28,Normal,N
15465,21,2023-07-30,38,39,Normal,N
15466,21,2023-07-31,88,24,Normal,N
15467,21,2023-08-01,111,39,Moderate,N
15468,21,2023-08-02,26,27,Normal,N
15469,21,2023-08-03,19,28,Severe,Y
15470,21,2023-08-04,54,42,Normal,N
15471,21,2023-08-05,77,27,Normal,N
15472,21,2023-08-06,110,29,Normal,N
15473,21,2023-08-07,59,28,Moderate,N
15474,21,2023-08-08,30,32,Normal,N
15475,21,2023-08-09,119,38,Normal,N
15476,21,2023-08-10,34,27,Normal,N
15477,21,2023-08-11,118,28,Normal,N
15478,21,2023-08-12,67,32,Normal,N
15479,21,2023-08-13,99,39,Normal,N
15480,21,2023-08-14,55,30,Normal,N
15481,21,2023-08-15,66,25,Moderate,N
15482,21,2023-08-16,115,42,Normal,N
15483,21,2023-08-17,24,31,Normal,N
15484,21,2023-08-18,62,32,Normal,N
15485,21,2023-08-19,29,33,Normal,N
15486,21,2023-08-20,11,38,Normal,N
15487,21,2023-08-21,116,34,Normal,N
15488,21,2023-08-22,2,39,Normal,N
15489,21,2023-08-23,46,35,Normal,N
15490,21,2023-08-24,87,34,Normal,N
15491,21,2023-08-25,128,26,Normal,N
15492,21,2023-08-26,91,35,Normal,N
15493,21,2023-08-27,132,29,Normal,N
15494,21,2023-08-28,130,35,Normal,N
15495,21,2023-08-29,96,30,Moderate,N
15496,21,2023-08-30,135,36,Normal,N
15497,21,2023-08-31,37,27,Normal,N
15498,21,2023-09-01,127,28,Severe,Y
15499,21,2023-09-02,107,29,Moderate,N
15500,21,2023-09-03,59,41,Normal,N
15501,21,2023-09-04,125,29,Normal,N
15502,21,2023-09-05,57,26,Normal,N
15503,21,2023-09-06,82,38,Normal,N
15504,21,2023-09-07,86,39,Normal,N
15505,21,2023-09-08,67,26,Normal,N
15506,21,2023-09-09,63,35,Severe,Y
15507,21,2023-09-10,125,40,Moderate,N
15508,21,2023-09-11,57,35,Normal,N
15509,21,2023-09-12,96,29,Moderate,N
15510,21,2023-09-13,20,41,Severe,Y
15511,21,2023-09-14,92,28,Normal,N
15512,21,2023-09-15,1,43,Severe,Y
15513,21,2023-09-16,10,34,Severe,Y
15514,21,2023-09-17,103,29,Normal,N
15515,21,2023-09-18,82,27,Normal,N
15516,21,2023-09-19,85,27,Normal,N
15517,21,2023-09-20,32,26,Normal,N
15518,21,2023-09-21,88,37,Normal,N
15519,21,2023-09-22,44,39,Normal,N
15520,21,2023-09-23,13,43,Normal,N
15521,21,2023-09-24,110,36,Severe,Y
15522,21,2023-09-25,125,43,Normal,N
15523,21,2023-09-26,91,41,Normal,N
15524,21,2023-09-27,128,29,Normal,N
15525,21,2023-09-28,11,39,Normal,N
15526,21,2023-09-29,31,26,Normal,N
15527,21,2023-09-30,25,32,Normal,N
15528,21,2023-10-01,71,40,Normal,N
15529,21,2023-10-02,114,28,Moderate,N
15530,21,2023-10-03,66,41,Normal,N
15531,21,2023-10-04,8,38,Normal,N
15532,21,2023-10-05,47,25,Severe,Y
15533,21,2023-10-06,121,31,Normal,N
15534,21,2023-10-07,138,27,Normal,N
15535,21,2023-10-08,136,28,Normal,N
15536,21,2023-10-09,21,36,Normal,N
15537,21,2023-10-10,105,30,Normal,N
15538,21,2023-10-11,15,41,Severe,Y
15539,21,2023-10-12,84,28,Severe,Y
15540,21,2023-10-13,103,30,Normal,N
15541,22,2022-01-21,43,33,Normal,N
15542,22,2022-01-22,138,38,Moderate,N
15543,22,2022-01-23,34,43,Moderate,N
15544,22,2022-01-24,42,31,Moderate,N
15545,22,2022-01-25,116,32,Moderate,N
15546,22,2022-01-26,106,41,Normal,N
15547,22,2022-01-27,51,28,Moderate,N
15548,22,2022-01-28,3,36,Normal,N
15549,22,2022-01-29,67,35,Moderate,N
15550,22,2022-01-30,3,28,Moderate,N
15551,22,2022-01-31,63,36,Moderate,N
15552,22,2022-02-01,117,27,Moderate,N
15553,22,2022-02-02,46,38,Normal,N
15554,22,2022-02-03,4,31,Severe,Y
15555,22,2022-02-04,42,28,Moderate,N
15556,22,2022-02-05,135,43,Normal,N
15557,22,2022-02-06,89,41,Normal,N
15558,22,2022-02-07,80,31,Normal,N
15559,22,2022-02-08,81,25,Moderate,N
15560,22,2022-02-09,123,33,Normal,N
15561,22,2022-02-10,29,41,Severe,Y
15562,22,2022-02-11,10,43,Normal,N
15563,22,2022-02-12,41,28,Normal,N
15564,22,2022-02-13,68,43,Moderate,N
15565,22,2022-02-14,55,37,Normal,N
15566,22,2022-02-15,103,27,Moderate,N
15567,22,2022-02-16,124,33,Normal,N
15568,22,2022-02-17,13,28,Normal,N
15569,22,2022-02-18,63,39,Normal,N
15570,22,2022-02-19,104,26,Moderate,N
15571,22,2022-02-20,25,33,Moderate,N
15572,22,2022-02-21,22,31,Moderate,N
15573,22,2022-02-22,38,30,Normal,N
15574,22,2022-02-23,68,30,Normal,N
15575,22,2022-02-24,39,35,Moderate,N
15576,22,2022-02-25,66,32,Moderate,N
15577,22,2022-02-26,57,43,Moderate,N
15578,22,2022-02-27,0,35,Normal,N
15579,22,2022-02-28,9,33,Normal,N
15580,22,2022-03-01,78,25,Severe,Y
15581,22,2022-03-02,46,32,Normal,N
15582,22,2022-03-03,42,30,Normal,N
15583,22,2022-03-04,95,37,Normal,N
15584,22,2022-03-05,66,33,Normal,N
15585,22,2022-03-06,66,31,Moderate,N
15586,22,2022-03-07,61,39,Normal,N
15587,22,2022-03-08,61,43,Moderate,N
15588,22,2022-03-09,43,37,Normal,N
15589,22,2022-03-10,52,26,Severe,Y
15590,22,2022-03-11,110,34,Normal,N
15591,22,2022-03-12,42,39,Normal,N
15592,22,2022-03-13,52,25,Moderate,N
15593,22,2022-03-14,19,40,Normal,N
15594,22,2022-03-15,112,37,Moderate,N
15595,22,2022-03-16,105,36,Moderate,N
15596,22,2022-03-17,14,41,Moderate,N
15597,22,2022-03-18,47,39,Normal,N
15598,22,2022-03-19,35,37,Normal,N
15599,22,2022-03-20,73,34,Normal,N
15600,22,2022-03-21,54,25,Normal,N
15601,22,2022-03-22,10,38,Moderate,N
15602,22,2022-03-23,59,38,Normal,N
15603,22,2022-03-24,136,42,Normal,N
15604,22,2022-03-25,27,30,Normal,N
15605,22,2022-03-26,48,34,Normal,N
15606,22,2022-03-27,92,34,Severe,Y
15607,22,2022-03-28,98,40,Normal,N
15608,22,2022-03-29,92,32,Normal,N
15609,22,2022-03-30,91,40,Normal,N
15610,22,2022-03-31,140,37,Normal,N
15611,22,2022-04-01,74,41,Moderate,N
15612,22,2022-04-02,37,32,Normal,N
15613,22,2022-04-03,36,27,Normal,N
15614,22,2022-04-04,61,40,Moderate,N
15615,22,2022-04-05,108,32,Normal,N
15616,22,2022-04-06,72,30,Normal,N
15617,22,2022-04-07,62,28,Normal,N
15618,22,2022-04-08,25,28,Normal,N
15619,22,2022-04-09,6,34,Moderate,N
15620,22,2022-04-10,111,39,Normal,N
15621,22,2022-04-11,107,35,Moderate,N
15622,22,2022-04-12,13,36,Normal,N
15623,22,2022-04-13,64,24,Moderate,N
15624,22,2022-04-14,72,24,Normal,N
15625,22,2022-04-15,84,35,Normal,N
15626,22,2022-04-16,68,31,Moderate,N
15627,22,2022-04-17,117,28,Normal,N
15628,22,2022-04-18,135,42,Normal,N
15629,22,2022-04-19,103,41,Normal,N
15630,22,2022-04-20,106,26,Severe,Y
15631,22,2022-04-21,41,43,Normal,N
15632,22,2022-04-22,140,38,Normal,N
15633,22,2022-04-23,19,43,Normal,N
15634,22,2022-04-24,35,27,Normal,N
15635,22,2022-04-25,127,43,Moderate,N
15636,22,2022-04-26,82,38,Moderate,N
15637,22,2022-04-27,105,24,Normal,N
15638,22,2022-04-28,85,24,Normal,N
15639,22,2022-04-29,48,36,Moderate,N
15640,22,2022-04-30,112,31,Moderate,N
15641,22,2022-05-01,57,27,Normal,N
15642,22,2022-05-02,50,38,Normal,N
15643,22,2022-05-03,78,42,Normal,N
15644,22,2022-05-04,133,36,Moderate,N
15645,22,2022-05-05,110,24,Moderate,N
15646,22,2022-05-06,99,42,Normal,N
15647,22,2022-05-07,21,31,Severe,Y
15648,22,2022-05-08,2,27,Normal,N
15649,22,2022-05-09,123,31,Moderate,N
15650,22,2022-05-10,1,27,Normal,N
15651,22,2022-05-11,30,38,Normal,N
15652,22,2022-05-12,58,31,Normal,N
15653,22,2022-05-13,108,39,Moderate,N
15654,22,2022-05-14,66,31,Normal,N
15655,22,2022-05-15,103,39,Moderate,N
15656,22,2022-05-16,0,39,Normal,N
15657,22,2022-05-17,132,25,Normal,N
15658,22,2022-05-18,7,39,Normal,N
15659,22,2022-05-19,53,32,Normal,N
15660,22,2022-05-20,84,24,Normal,N
15661,22,2022-05-21,137,43,Normal,N
15662,22,2022-05-22,45,36,Normal,N
15663,22,2022-05-23,91,41,Normal,N
15664,22,2022-05-24,67,35,Normal,N
15665,22,2022-05-25,79,37,Severe,Y
15666,22,2022-05-26,84,29,Moderate,N
15667,22,2022-05-27,89,24,Moderate,N
15668,22,2022-05-28,7,39,Normal,N
15669,22,2022-05-29,1,39,Severe,Y
15670,22,2022-05-30,35,33,Normal,N
15671,22,2022-05-31,15,33,Normal,N
15672,22,2022-06-01,7,28,Moderate,N
15673,22,2022-06-02,20,40,Moderate,N
15674,22,2022-06-03,72,32,Severe,Y
15675,22,2022-06-04,86,29,Moderate,N
15676,22,2022-06-05,71,40,Moderate,N
15677,22,2022-06-06,80,27,Severe,Y
15678,22,2022-06-07,29,28,Severe,Y
15679,22,2022-06-08,80,35,Normal,N
15680,22,2022-06-09,36,41,Normal,N
15681,22,2022-06-10,12,42,Normal,N
15682,22,2022-06-11,85,43,Normal,N
15683,22,2022-06-12,117,42,Normal,N
15684,22,2022-06-13,93,28,Normal,N
15685,22,2022-06-14,6,25,Moderate,N
15686,22,2022-06-15,54,42,Normal,N
15687,22,2022-06-16,61,28,Normal,N
15688,22,2022-06-17,115,37,Moderate,N
15689,22,2022-06-18,38,37,Severe,Y
15690,22,2022-06-19,37,33,Severe,Y
15691,22,2022-06-20,10,36,Moderate,N
15692,22,2022-06-21,97,32,Moderate,N
15693,22,2022-06-22,58,25,Normal,N
15694,22,2022-06-23,133,28,Severe,Y
15695,22,2022-06-24,44,43,Moderate,N
15696,22,2022-06-25,24,41,Normal,N
15697,22,2022-06-26,61,25,Normal,N
15698,22,2022-06-27,91,31,Normal,N
15699,22,2022-06-28,110,27,Severe,Y
15700,22,2022-06-29,108,35,Normal,N
15701,22,2022-06-30,9,30,Normal,N
15702,22,2022-07-01,5,25,Normal,N
15703,22,2022-07-02,132,35,Normal,N
15704,22,2022-07-03,92,28,Moderate,N
15705,22,2022-07-04,0,24,Moderate,N
15706,22,2022-07-05,101,36,Normal,N
15707,22,2022-07-06,97,25,Normal,N
15708,22,2022-07-07,27,36,Normal,N
15709,22,2022-07-08,119,25,Moderate,N
15710,22,2022-07-09,7,31,Normal,N
15711,22,2022-07-10,88,34,Moderate,N
15712,22,2022-07-11,86,43,Normal,N
15713,22,2022-07-12,104,43,Severe,Y
15714,22,2022-07-13,118,33,Normal,N
15715,22,2022-07-14,37,41,Moderate,N
15716,22,2022-07-15,23,33,Normal,N
15717,22,2022-07-16,135,34,Normal,N
15718,22,2022-07-17,27,26,Normal,N
15719,22,2022-07-18,96,25,Normal,N
15720,22,2022-07-19,102,43,Normal,N
15721,22,2022-07-20,35,31,Normal,N
15722,22,2022-07-21,15,27,Moderate,N
15723,22,2022-07-22,84,33,Normal,N
15724,22,2022-07-23,6,40,Normal,N
15725,22,2022-07-24,18,30,Moderate,N
15726,22,2022-07-25,35,40,Normal,N
15727,22,2022-07-26,92,33,Normal,N
15728,22,2022-07-27,126,34,Normal,N
15729,22,2022-07-28,76,28,Moderate,N
15730,22,2022-07-29,2,31,Normal,N
15731,22,2022-07-30,35,41,Moderate,N
15732,22,2022-07-31,136,33,Moderate,N
15733,22,2022-08-01,100,37,Normal,N
15734,22,2022-08-02,36,28,Normal,N
15735,22,2022-08-03,44,40,Severe,Y
15736,22,2022-08-04,129,39,Normal,N
15737,22,2022-08-05,102,28,Normal,N
15738,22,2022-08-06,44,39,Normal,N
15739,22,2022-08-07,74,40,Normal,N
15740,22,2022-08-08,39,26,Moderate,N
15741,22,2022-08-09,20,24,Normal,N
15742,22,2022-08-10,134,31,Moderate,N
15743,22,2022-08-11,2,27,Normal,N
15744,22,2022-08-12,136,40,Normal,N
15745,22,2022-08-13,5,41,Normal,N
15746,22,2022-08-14,99,37,Normal,N
15747,22,2022-08-15,16,40,Normal,N
15748,22,2022-08-16,117,27,Normal,N
15749,22,2022-08-17,40,24,Normal,N
15750,22,2022-08-18,60,32,Moderate,N
15751,22,2022-08-19,118,31,Normal,N
15752,22,2022-08-20,108,24,Normal,N
15753,22,2022-08-21,75,43,Normal,N
15754,22,2022-08-22,6,30,Moderate,N
15755,22,2022-08-23,33,31,Normal,N
15756,22,2022-08-24,97,24,Severe,Y
15757,22,2022-08-25,46,37,Normal,N
15758,22,2022-08-26,7,35,Moderate,N
15759,22,2022-08-27,9,27,Normal,N
15760,22,2022-08-28,106,26,Normal,N
15761,22,2022-08-29,92,40,Normal,N
15762,22,2022-08-30,106,41,Normal,N
15763,22,2022-08-31,43,40,Normal,N
15764,22,2022-09-01,54,37,Normal,N
15765,22,2022-09-02,94,41,Normal,N
15766,22,2022-09-03,13,36,Moderate,N
15767,22,2022-09-04,71,42,Normal,N
15768,22,2022-09-05,128,26,Moderate,N
15769,22,2022-09-06,26,32,Normal,N
15770,22,2022-09-07,97,37,Normal,N
15771,22,2022-09-08,31,28,Normal,N
15772,22,2022-09-09,74,36,Normal,N
15773,22,2022-09-10,46,27,Normal,N
15774,22,2022-09-11,129,43,Moderate,N
15775,22,2022-09-12,48,33,Moderate,N
15776,22,2022-09-13,14,32,Normal,N
15777,22,2022-09-14,54,33,Normal,N
15778,22,2022-09-15,115,32,Moderate,N
15779,22,2022-09-16,65,32,Normal,N
15780,22,2022-09-17,51,37,Moderate,N
15781,22,2022-09-18,122,36,Normal,N
15782,22,2022-09-19,132,33,Severe,Y
15783,22,2022-09-20,59,39,Moderate,N
15784,22,2022-09-21,108,38,Normal,N
15785,22,2022-09-22,71,40,Normal,N
15786,22,2022-09-23,126,33,Normal,N
15787,22,2022-09-24,139,41,Normal,N
15788,22,2022-09-25,137,40,Normal,N
15789,22,2022-09-26,25,36,Normal,N
15790,22,2022-09-27,86,40,Moderate,N
15791,22,2022-09-28,103,35,Normal,N
15792,22,2022-09-29,81,33,Severe,Y
15793,22,2022-09-30,140,29,Moderate,N
15794,22,2022-10-01,46,43,Normal,N
15795,22,2022-10-02,85,38,Normal,N
15796,22,2022-10-03,131,37,Moderate,N
15797,22,2022-10-04,16,32,Severe,Y
15798,22,2022-10-05,41,42,Moderate,N
15799,22,2022-10-06,2,26,Severe,Y
15800,22,2022-10-07,96,34,Normal,N
15801,22,2022-10-08,86,30,Moderate,N
15802,22,2022-10-09,23,32,Normal,N
15803,22,2022-10-10,123,34,Severe,Y
15804,22,2022-10-11,17,43,Moderate,N
15805,22,2022-10-12,89,42,Normal,N
15806,22,2022-10-13,35,26,Normal,N
15807,22,2022-10-14,136,36,Normal,N
15808,22,2022-10-15,99,36,Normal,N
15809,22,2022-10-16,134,35,Moderate,N
15810,22,2022-10-17,35,39,Normal,N
15811,22,2022-10-18,129,29,Severe,Y
15812,22,2022-10-19,112,35,Normal,N
15813,22,2022-10-20,6,24,Normal,N
15814,22,2022-10-21,68,26,Normal,N
15815,22,2022-10-22,60,24,Moderate,N
15816,22,2022-10-23,59,37,Normal,N
15817,22,2022-10-24,119,28,Normal,N
15818,22,2022-10-25,43,26,Moderate,N
15819,22,2022-10-26,54,41,Normal,N
15820,22,2022-10-27,116,43,Normal,N
15821,22,2022-10-28,94,36,Severe,Y
15822,22,2022-10-29,124,40,Moderate,N
15823,22,2022-10-30,58,31,Normal,N
15824,22,2022-10-31,54,43,Moderate,N
15825,22,2022-11-01,101,38,Normal,N
15826,22,2022-11-02,126,39,Moderate,N
15827,22,2022-11-03,114,29,Severe,Y
15828,22,2022-11-04,2,41,Normal,N
15829,22,2022-11-05,107,33,Normal,N
15830,22,2022-11-06,42,26,Normal,N
15831,22,2022-11-07,67,41,Normal,N
15832,22,2022-11-08,90,34,Normal,N
15833,22,2022-11-09,28,28,Severe,Y
15834,22,2022-11-10,0,28,Moderate,N
15835,22,2022-11-11,17,34,Normal,N
15836,22,2022-11-12,59,37,Moderate,N
15837,22,2022-11-13,127,41,Normal,N
15838,22,2022-11-14,117,42,Normal,N
15839,22,2022-11-15,119,29,Normal,N
15840,22,2022-11-16,66,26,Normal,N
15841,22,2022-11-17,129,41,Normal,N
15842,22,2022-11-18,11,37,Normal,N
15843,22,2022-11-19,44,38,Normal,N
15844,22,2022-11-20,44,26,Moderate,N
15845,22,2022-11-21,121,29,Normal,N
15846,22,2022-11-22,9,37,Moderate,N
15847,22,2022-11-23,21,33,Normal,N
15848,22,2022-11-24,135,27,Severe,Y
15849,22,2022-11-25,118,39,Severe,Y
15850,22,2022-11-26,61,38,Normal,N
15851,22,2022-11-27,49,31,Normal,N
15852,22,2022-11-28,110,31,Moderate,N
15853,22,2022-11-29,30,41,Moderate,N
15854,22,2022-11-30,110,25,Normal,N
15855,22,2022-12-01,18,42,Normal,N
15856,22,2022-12-02,12,25,Normal,N
15857,22,2022-12-03,49,27,Normal,N
15858,22,2022-12-04,140,27,Normal,N
15859,22,2022-12-05,112,31,Normal,N
15860,22,2022-12-06,29,30,Moderate,N
15861,22,2022-12-07,122,43,Moderate,N
15862,22,2022-12-08,79,28,Moderate,N
15863,22,2022-12-09,100,27,Normal,N
15864,22,2022-12-10,118,42,Moderate,N
15865,22,2022-12-11,21,24,Normal,N
15866,22,2022-12-12,103,36,Moderate,N
15867,22,2022-12-13,95,43,Severe,Y
15868,22,2022-12-14,122,27,Moderate,N
15869,22,2022-12-15,20,25,Normal,N
15870,22,2022-12-16,3,24,Normal,N
15871,22,2022-12-17,100,36,Moderate,N
15872,22,2022-12-18,65,33,Normal,N
15873,22,2022-12-19,121,34,Moderate,N
15874,22,2022-12-20,109,29,Normal,N
15875,22,2022-12-21,119,38,Normal,N
15876,22,2022-12-22,134,33,Severe,Y
15877,22,2022-12-23,45,42,Normal,N
15878,22,2022-12-24,105,40,Moderate,N
15879,22,2022-12-25,56,41,Moderate,N
15880,22,2022-12-26,27,31,Severe,Y
15881,22,2022-12-27,41,27,Moderate,N
15882,22,2022-12-28,40,28,Normal,N
15883,22,2022-12-29,109,28,Normal,N
15884,22,2022-12-30,105,25,Moderate,N
15885,22,2022-12-31,20,27,Normal,N
15886,22,2023-01-01,39,26,Moderate,N
15887,22,2023-01-02,105,28,Normal,N
15888,22,2023-01-03,31,28,Moderate,N
15889,22,2023-01-04,8,34,Normal,N
15890,22,2023-01-05,43,28,Moderate,N
15891,22,2023-01-06,9,43,Normal,N
15892,22,2023-01-07,57,42,Normal,N
15893,22,2023-01-08,41,29,Normal,N
15894,22,2023-01-09,15,28,Normal,N
15895,22,2023-01-10,127,40,Normal,N
15896,22,2023-01-11,33,31,Severe,Y
15897,22,2023-01-12,137,35,Normal,N
15898,22,2023-01-13,131,41,Moderate,N
15899,22,2023-01-14,70,28,Normal,N
15900,22,2023-01-15,138,29,Moderate,N
15901,22,2023-01-16,63,36,Moderate,N
15902,22,2023-01-17,23,33,Moderate,N
15903,22,2023-01-18,5,34,Normal,N
15904,22,2023-01-19,45,24,Moderate,N
15905,22,2023-01-20,27,33,Moderate,N
15906,22,2023-01-21,19,28,Normal,N
15907,22,2023-01-22,1,39,Normal,N
15908,22,2023-01-23,34,40,Severe,Y
15909,22,2023-01-24,15,41,Moderate,N
15910,22,2023-01-25,40,39,Moderate,N
15911,22,2023-01-26,27,39,Moderate,N
15912,22,2023-01-27,92,24,Moderate,N
15913,22,2023-01-28,138,33,Normal,N
15914,22,2023-01-29,16,35,Normal,N
15915,22,2023-01-30,101,30,Normal,N
15916,22,2023-01-31,137,36,Normal,N
15917,22,2023-02-01,103,24,Moderate,N
15918,22,2023-02-02,2,24,Normal,N
15919,22,2023-02-03,20,36,Moderate,N
15920,22,2023-02-04,71,25,Moderate,N
15921,22,2023-02-05,86,33,Normal,N
15922,22,2023-02-06,44,35,Normal,N
15923,22,2023-02-07,5,31,Moderate,N
15924,22,2023-02-08,39,27,Moderate,N
15925,22,2023-02-09,6,30,Moderate,N
15926,22,2023-02-10,135,37,Moderate,N
15927,22,2023-02-11,91,32,Normal,N
15928,22,2023-02-12,125,41,Normal,N
15929,22,2023-02-13,81,32,Normal,N
15930,22,2023-02-14,65,32,Normal,N
15931,22,2023-02-15,40,31,Normal,N
15932,22,2023-02-16,108,33,Severe,Y
15933,22,2023-02-17,20,39,Severe,Y
15934,22,2023-02-18,64,31,Normal,N
15935,22,2023-02-19,130,38,Normal,N
15936,22,2023-02-20,128,35,Normal,N
15937,22,2023-02-21,28,34,Normal,N
15938,22,2023-02-22,14,40,Normal,N
15939,22,2023-02-23,88,40,Normal,N
15940,22,2023-02-24,32,28,Moderate,N
15941,22,2023-02-25,118,31,Normal,N
15942,22,2023-02-26,119,41,Normal,N
15943,22,2023-02-27,63,43,Normal,N
15944,22,2023-02-28,66,26,Normal,N
15945,22,2023-03-01,115,33,Normal,N
15946,22,2023-03-02,17,34,Normal,N
15947,22,2023-03-03,20,35,Severe,Y
15948,22,2023-03-04,29,35,Normal,N
15949,22,2023-03-05,7,34,Normal,N
15950,22,2023-03-06,123,39,Moderate,N
15951,22,2023-03-07,132,35,Moderate,N
15952,22,2023-03-08,51,31,Severe,Y
15953,22,2023-03-09,115,41,Severe,Y
15954,22,2023-03-10,79,40,Normal,N
15955,22,2023-03-11,73,33,Normal,N
15956,22,2023-03-12,126,24,Normal,N
15957,22,2023-03-13,109,25,Normal,N
15958,22,2023-03-14,109,27,Normal,N
15959,22,2023-03-15,89,24,Moderate,N
15960,22,2023-03-16,1,40,Normal,N
15961,22,2023-03-17,26,43,Moderate,N
15962,22,2023-03-18,23,29,Normal,N
15963,22,2023-03-19,70,27,Severe,Y
15964,22,2023-03-20,84,28,Moderate,N
15965,22,2023-03-21,91,26,Normal,N
15966,22,2023-03-22,36,27,Normal,N
15967,22,2023-03-23,78,28,Severe,Y
15968,22,2023-03-24,77,24,Normal,N
15969,22,2023-03-25,32,30,Normal,N
15970,22,2023-03-26,126,24,Normal,N
15971,22,2023-03-27,114,30,Normal,N
15972,22,2023-03-28,3,32,Normal,N
15973,22,2023-03-29,139,43,Severe,Y
15974,22,2023-03-30,65,39,Severe,Y
15975,22,2023-03-31,126,39,Moderate,N
15976,22,2023-04-01,112,29,Moderate,N
15977,22,2023-04-02,72,42,Normal,N
15978,22,2023-04-03,28,33,Normal,N
15979,22,2023-04-04,134,35,Normal,N
15980,22,2023-04-05,118,36,Severe,Y
15981,22,2023-04-06,30,40,Normal,N
15982,22,2023-04-07,26,39,Moderate,N
15983,22,2023-04-08,108,34,Normal,N
15984,22,2023-04-09,82,24,Moderate,N
15985,22,2023-04-10,44,41,Moderate,N
15986,22,2023-04-11,2,42,Severe,Y
15987,22,2023-04-12,101,36,Normal,N
15988,22,2023-04-13,67,27,Normal,N
15989,22,2023-04-14,64,41,Normal,N
15990,22,2023-04-15,111,32,Normal,N
15991,22,2023-04-16,94,29,Normal,N
15992,22,2023-04-17,110,26,Normal,N
15993,22,2023-04-18,37,28,Normal,N
15994,22,2023-04-19,27,27,Normal,N
15995,22,2023-04-20,30,27,Severe,Y
15996,22,2023-04-21,134,39,Moderate,N
15997,22,2023-04-22,5,30,Severe,Y
15998,22,2023-04-23,3,33,Normal,N
15999,22,2023-04-24,14,35,Normal,N
16000,22,2023-04-25,18,35,Normal,N
16001,22,2023-04-26,111,25,Severe,Y
16002,22,2023-04-27,34,27,Normal,N
16003,22,2023-04-28,105,43,Normal,N
16004,22,2023-04-29,35,32,Normal,N
16005,22,2023-04-30,35,35,Severe,Y
16006,22,2023-05-01,52,30,Normal,N
16007,22,2023-05-02,67,36,Normal,N
16008,22,2023-05-03,21,30,Moderate,N
16009,22,2023-05-04,108,39,Normal,N
16010,22,2023-05-05,48,30,Severe,Y
16011,22,2023-05-06,3,33,Normal,N
16012,22,2023-05-07,15,40,Moderate,N
16013,22,2023-05-08,130,36,Moderate,N
16014,22,2023-05-09,128,33,Moderate,N
16015,22,2023-05-10,110,29,Normal,N
16016,22,2023-05-11,7,30,Normal,N
16017,22,2023-05-12,92,28,Normal,N
16018,22,2023-05-13,40,28,Normal,N
16019,22,2023-05-14,31,36,Normal,N
16020,22,2023-05-15,8,26,Normal,N
16021,22,2023-05-16,123,37,Normal,N
16022,22,2023-05-17,1,29,Moderate,N
16023,22,2023-05-18,34,29,Moderate,N
16024,22,2023-05-19,75,43,Moderate,N
16025,22,2023-05-20,32,42,Normal,N
16026,22,2023-05-21,59,36,Moderate,N
16027,22,2023-05-22,8,42,Normal,N
16028,22,2023-05-23,14,40,Moderate,N
16029,22,2023-05-24,66,39,Moderate,N
16030,22,2023-05-25,40,35,Normal,N
16031,22,2023-05-26,90,36,Moderate,N
16032,22,2023-05-27,10,41,Moderate,N
16033,22,2023-05-28,86,29,Moderate,N
16034,22,2023-05-29,13,30,Normal,N
16035,22,2023-05-30,111,37,Normal,N
16036,22,2023-05-31,34,38,Normal,N
16037,22,2023-06-01,20,32,Normal,N
16038,22,2023-06-02,135,43,Severe,Y
16039,22,2023-06-03,66,24,Normal,N
16040,22,2023-06-04,131,43,Normal,N
16041,22,2023-06-05,11,37,Normal,N
16042,22,2023-06-06,139,28,Normal,N
16043,22,2023-06-07,110,42,Moderate,N
16044,22,2023-06-08,128,40,Normal,N
16045,22,2023-06-09,61,42,Moderate,N
16046,22,2023-06-10,34,25,Severe,Y
16047,22,2023-06-11,73,32,Severe,Y
16048,22,2023-06-12,88,42,Normal,N
16049,22,2023-06-13,110,27,Normal,N
16050,22,2023-06-14,90,43,Normal,N
16051,22,2023-06-15,119,35,Normal,N
16052,22,2023-06-16,113,27,Severe,Y
16053,22,2023-06-17,78,39,Normal,N
16054,22,2023-06-18,140,26,Normal,N
16055,22,2023-06-19,121,24,Normal,N
16056,22,2023-06-20,55,29,Normal,N
16057,22,2023-06-21,76,26,Severe,Y
16058,22,2023-06-22,107,25,Moderate,N
16059,22,2023-06-23,70,40,Severe,Y
16060,22,2023-06-24,101,34,Moderate,N
16061,22,2023-06-25,23,31,Moderate,N
16062,22,2023-06-26,10,30,Normal,N
16063,22,2023-06-27,43,34,Normal,N
16064,22,2023-06-28,124,42,Normal,N
16065,22,2023-06-29,75,39,Moderate,N
16066,22,2023-06-30,76,32,Moderate,N
16067,22,2023-07-01,20,30,Normal,N
16068,22,2023-07-02,134,34,Severe,Y
16069,22,2023-07-03,34,30,Severe,Y
16070,22,2023-07-04,108,38,Moderate,N
16071,22,2023-07-05,112,42,Normal,N
16072,22,2023-07-06,135,32,Moderate,N
16073,22,2023-07-07,115,31,Normal,N
16074,22,2023-07-08,63,38,Normal,N
16075,22,2023-07-09,116,32,Moderate,N
16076,22,2023-07-10,83,35,Severe,Y
16077,22,2023-07-11,53,30,Normal,N
16078,22,2023-07-12,101,24,Normal,N
16079,22,2023-07-13,118,36,Normal,N
16080,22,2023-07-14,78,24,Normal,N
16081,22,2023-07-15,53,36,Moderate,N
16082,22,2023-07-16,79,24,Moderate,N
16083,22,2023-07-17,46,33,Normal,N
16084,22,2023-07-18,111,40,Normal,N
16085,22,2023-07-19,63,38,Normal,N
16086,22,2023-07-20,52,29,Severe,Y
16087,22,2023-07-21,101,33,Normal,N
16088,22,2023-07-22,102,43,Moderate,N
16089,22,2023-07-23,16,29,Normal,N
16090,22,2023-07-24,91,25,Moderate,N
16091,22,2023-07-25,71,38,Severe,Y
16092,22,2023-07-26,22,25,Moderate,N
16093,22,2023-07-27,73,36,Normal,N
16094,22,2023-07-28,91,43,Normal,N
16095,22,2023-07-29,90,40,Normal,N
16096,22,2023-07-30,53,29,Normal,N
16097,22,2023-07-31,62,39,Normal,N
16098,22,2023-08-01,106,26,Normal,N
16099,22,2023-08-02,93,31,Normal,N
16100,22,2023-08-03,63,26,Normal,N
16101,22,2023-08-04,130,39,Moderate,N
16102,22,2023-08-05,40,40,Normal,N
16103,22,2023-08-06,64,38,Normal,N
16104,22,2023-08-07,11,38,Normal,N
16105,22,2023-08-08,140,33,Normal,N
16106,22,2023-08-09,23,32,Normal,N
16107,22,2023-08-10,66,29,Normal,N
16108,22,2023-08-11,120,27,Severe,Y
16109,22,2023-08-12,61,29,Normal,N
16110,22,2023-08-13,68,24,Moderate,N
16111,22,2023-08-14,92,36,Normal,N
16112,22,2023-08-15,49,37,Normal,N
16113,22,2023-08-16,136,43,Normal,N
16114,22,2023-08-17,23,40,Normal,N
16115,22,2023-08-18,95,27,Normal,N
16116,22,2023-08-19,25,32,Severe,Y
16117,22,2023-08-20,79,25,Normal,N
16118,22,2023-08-21,17,43,Normal,N
16119,22,2023-08-22,10,43,Normal,N
16120,22,2023-08-23,89,43,Normal,N
16121,22,2023-08-24,32,25,Normal,N
16122,22,2023-08-25,48,39,Normal,N
16123,22,2023-08-26,24,32,Normal,N
16124,22,2023-08-27,114,37,Normal,N
16125,22,2023-08-28,0,24,Normal,N
16126,22,2023-08-29,32,40,Normal,N
16127,22,2023-08-30,42,42,Moderate,N
16128,22,2023-08-31,7,40,Moderate,N
16129,22,2023-09-01,42,34,Moderate,N
16130,22,2023-09-02,98,38,Normal,N
16131,22,2023-09-03,127,27,Severe,Y
16132,22,2023-09-04,135,27,Normal,N
16133,22,2023-09-05,68,36,Moderate,N
16134,22,2023-09-06,108,37,Normal,N
16135,22,2023-09-07,48,35,Normal,N
16136,22,2023-09-08,120,29,Normal,N
16137,22,2023-09-09,93,25,Normal,N
16138,22,2023-09-10,62,27,Moderate,N
16139,22,2023-09-11,92,26,Moderate,N
16140,22,2023-09-12,116,36,Normal,N
16141,22,2023-09-13,66,42,Normal,N
16142,22,2023-09-14,84,28,Normal,N
16143,22,2023-09-15,86,36,Normal,N
16144,22,2023-09-16,135,42,Normal,N
16145,22,2023-09-17,20,25,Moderate,N
16146,22,2023-09-18,40,31,Normal,N
16147,22,2023-09-19,13,32,Moderate,N
16148,22,2023-09-20,87,42,Normal,N
16149,22,2023-09-21,25,43,Normal,N
16150,22,2023-09-22,6,27,Normal,N
16151,22,2023-09-23,12,36,Normal,N
16152,22,2023-09-24,53,27,Normal,N
16153,22,2023-09-25,17,37,Normal,N
16154,23,2022-06-17,79,37,Severe,Y
16155,23,2022-06-18,91,27,Normal,N
16156,23,2022-06-19,16,39,Normal,N
16157,23,2022-06-20,56,43,Normal,N
16158,23,2022-06-21,115,39,Normal,N
16159,23,2022-06-22,26,42,Normal,N
16160,23,2022-06-23,67,27,Normal,N
16161,23,2022-06-24,91,38,Moderate,N
16162,23,2022-06-25,3,31,Normal,N
16163,23,2022-06-26,12,33,Normal,N
16164,23,2022-06-27,87,25,Moderate,N
16165,23,2022-06-28,73,36,Moderate,N
16166,23,2022-06-29,137,36,Normal,N
16167,23,2022-06-30,3,28,Moderate,N
16168,23,2022-07-01,28,37,Normal,N
16169,23,2022-07-02,82,26,Moderate,N
16170,23,2022-07-03,127,32,Severe,Y
16171,23,2022-07-04,106,39,Normal,N
16172,23,2022-07-05,124,29,Normal,N
16173,23,2022-07-06,77,27,Severe,Y
16174,23,2022-07-07,59,39,Normal,N
16175,23,2022-07-08,81,34,Normal,N
16176,23,2022-07-09,108,42,Normal,N
16177,23,2022-07-10,12,38,Moderate,N
16178,23,2022-07-11,45,31,Normal,N
16179,23,2022-07-12,125,27,Normal,N
16180,23,2022-07-13,11,32,Normal,N
16181,23,2022-07-14,116,24,Normal,N
16182,23,2022-07-15,139,28,Normal,N
16183,23,2022-07-16,49,31,Normal,N
16184,23,2022-07-17,5,43,Normal,N
16185,23,2022-07-18,101,33,Normal,N
16186,23,2022-07-19,140,40,Moderate,N
16187,23,2022-07-20,114,36,Moderate,N
16188,23,2022-07-21,77,30,Normal,N
16189,23,2022-07-22,88,43,Moderate,N
16190,23,2022-07-23,138,38,Normal,N
16191,23,2022-07-24,4,37,Moderate,N
16192,23,2022-07-25,137,38,Normal,N
16193,23,2022-07-26,1,24,Normal,N
16194,23,2022-07-27,38,30,Moderate,N
16195,23,2022-07-28,51,43,Moderate,N
16196,23,2022-07-29,76,26,Normal,N
16197,23,2022-07-30,25,30,Moderate,N
16198,23,2022-07-31,81,37,Severe,Y
16199,23,2022-08-01,51,43,Moderate,N
16200,23,2022-08-02,29,39,Normal,N
16201,23,2022-08-03,99,27,Severe,Y
16202,23,2022-08-04,3,42,Normal,N
16203,23,2022-08-05,37,38,Normal,N
16204,23,2022-08-06,27,26,Moderate,N
16205,23,2022-08-07,10,41,Moderate,N
16206,23,2022-08-08,61,34,Normal,N
16207,23,2022-08-09,116,37,Normal,N
16208,23,2022-08-10,50,33,Normal,N
16209,23,2022-08-11,17,33,Normal,N
16210,23,2022-08-12,95,40,Moderate,N
16211,23,2022-08-13,129,35,Normal,N
16212,23,2022-08-14,37,38,Severe,Y
16213,23,2022-08-15,32,36,Normal,N
16214,23,2022-08-16,9,37,Normal,N
16215,23,2022-08-17,99,43,Normal,N
16216,23,2022-08-18,88,30,Moderate,N
16217,23,2022-08-19,67,37,Normal,N
16218,23,2022-08-20,102,40,Normal,N
16219,23,2022-08-21,83,28,Normal,N
16220,23,2022-08-22,59,31,Severe,Y
16221,23,2022-08-23,98,38,Normal,N
16222,23,2022-08-24,77,40,Moderate,N
16223,23,2022-08-25,58,26,Moderate,N
16224,23,2022-08-26,40,39,Normal,N
16225,23,2022-08-27,116,39,Normal,N
16226,23,2022-08-28,133,36,Normal,N
16227,23,2022-08-29,39,27,Normal,N
16228,23,2022-08-30,100,27,Normal,N
16229,23,2022-08-31,121,42,Severe,Y
16230,23,2022-09-01,97,35,Moderate,N
16231,23,2022-09-02,59,40,Moderate,N
16232,23,2022-09-03,13,42,Moderate,N
16233,23,2022-09-04,20,27,Normal,N
16234,23,2022-09-05,23,37,Moderate,N
16235,23,2022-09-06,73,43,Normal,N
16236,23,2022-09-07,108,37,Normal,N
16237,23,2022-09-08,6,25,Normal,N
16238,23,2022-09-09,110,37,Normal,N
16239,23,2022-09-10,128,40,Normal,N
16240,23,2022-09-11,55,27,Moderate,N
16241,23,2022-09-12,108,36,Normal,N
16242,23,2022-09-13,64,40,Normal,N
16243,23,2022-09-14,20,32,Moderate,N
16244,23,2022-09-15,129,30,Normal,N
16245,23,2022-09-16,123,24,Normal,N
16246,23,2022-09-17,19,39,Moderate,N
16247,23,2022-09-18,72,42,Moderate,N
16248,23,2022-09-19,97,41,Normal,N
16249,23,2022-09-20,124,42,Moderate,N
16250,23,2022-09-21,102,27,Normal,N
16251,23,2022-09-22,2,27,Moderate,N
16252,23,2022-09-23,99,38,Moderate,N
16253,23,2022-09-24,18,33,Normal,N
16254,23,2022-09-25,82,34,Normal,N
16255,23,2022-09-26,36,25,Normal,N
16256,23,2022-09-27,123,29,Moderate,N
16257,23,2022-09-28,42,35,Normal,N
16258,23,2022-09-29,24,25,Normal,N
16259,23,2022-09-30,113,31,Moderate,N
16260,23,2022-10-01,49,24,Moderate,N
16261,23,2022-10-02,1,26,Normal,N
16262,23,2022-10-03,89,26,Normal,N
16263,23,2022-10-04,79,29,Severe,Y
16264,23,2022-10-05,19,25,Normal,N
16265,23,2022-10-06,65,38,Normal,N
16266,23,2022-10-07,60,38,Normal,N
16267,23,2022-10-08,121,24,Normal,N
16268,23,2022-10-09,116,37,Severe,Y
16269,23,2022-10-10,55,29,Normal,N
16270,23,2022-10-11,76,41,Moderate,N
16271,23,2022-10-12,92,41,Normal,N
16272,23,2022-10-13,19,27,Normal,N
16273,23,2022-10-14,83,25,Normal,N
16274,23,2022-10-15,3,32,Normal,N
16275,23,2022-10-16,113,25,Moderate,N
16276,23,2022-10-17,87,42,Moderate,N
16277,23,2022-10-18,57,36,Moderate,N
16278,23,2022-10-19,8,40,Severe,Y
16279,23,2022-10-20,74,28,Normal,N
16280,23,2022-10-21,27,29,Normal,N
16281,23,2022-10-22,39,30,Normal,N
16282,23,2022-10-23,91,26,Moderate,N
16283,23,2022-10-24,65,43,Normal,N
16284,23,2022-10-25,138,33,Moderate,N
16285,23,2022-10-26,82,28,Moderate,N
16286,23,2022-10-27,73,35,Normal,N
16287,23,2022-10-28,28,38,Normal,N
16288,23,2022-10-29,37,33,Normal,N
16289,23,2022-10-30,97,31,Normal,N
16290,23,2022-10-31,25,25,Normal,N
16291,23,2022-11-01,30,37,Moderate,N
16292,23,2022-11-02,98,29,Moderate,N
16293,23,2022-11-03,66,30,Severe,Y
16294,23,2022-11-04,19,26,Normal,N
16295,23,2022-11-05,107,32,Normal,N
16296,23,2022-11-06,107,41,Normal,N
16297,23,2022-11-07,80,36,Normal,N
16298,23,2022-11-08,92,31,Normal,N
16299,23,2022-11-09,84,41,Normal,N
16300,23,2022-11-10,130,34,Normal,N
16301,23,2022-11-11,76,28,Moderate,N
16302,23,2022-11-12,27,36,Normal,N
16303,23,2022-11-13,47,40,Moderate,N
16304,23,2022-11-14,100,33,Moderate,N
16305,23,2022-11-15,22,25,Moderate,N
16306,23,2022-11-16,54,34,Normal,N
16307,23,2022-11-17,102,42,Moderate,N
16308,23,2022-11-18,14,26,Severe,Y
16309,23,2022-11-19,50,27,Normal,N
16310,23,2022-11-20,42,25,Normal,N
16311,23,2022-11-21,58,25,Normal,N
16312,23,2022-11-22,127,32,Normal,N
16313,23,2022-11-23,135,42,Normal,N
16314,23,2022-11-24,96,35,Moderate,N
16315,23,2022-11-25,38,40,Normal,N
16316,23,2022-11-26,84,41,Normal,N
16317,23,2022-11-27,49,28,Moderate,N
16318,23,2022-11-28,56,37,Normal,N
16319,23,2022-11-29,84,29,Normal,N
16320,23,2022-11-30,84,25,Normal,N
16321,23,2022-12-01,7,40,Normal,N
16322,23,2022-12-02,86,42,Normal,N
16323,23,2022-12-03,133,34,Moderate,N
16324,23,2022-12-04,42,39,Normal,N
16325,23,2022-12-05,128,27,Normal,N
16326,23,2022-12-06,119,34,Normal,N
16327,23,2022-12-07,37,30,Normal,N
16328,23,2022-12-08,77,24,Normal,N
16329,23,2022-12-09,7,43,Severe,Y
16330,23,2022-12-10,70,30,Normal,N
16331,23,2022-12-11,71,40,Normal,N
16332,23,2022-12-12,84,32,Normal,N
16333,23,2022-12-13,42,32,Normal,N
16334,23,2022-12-14,7,28,Normal,N
16335,23,2022-12-15,88,35,Normal,N
16336,23,2022-12-16,56,35,Moderate,N
16337,23,2022-12-17,132,43,Normal,N
16338,23,2022-12-18,130,32,Moderate,N
16339,23,2022-12-19,137,40,Normal,N
16340,23,2022-12-20,20,32,Severe,Y
16341,23,2022-12-21,88,32,Normal,N
16342,23,2022-12-22,59,41,Normal,N
16343,23,2022-12-23,38,33,Normal,N
16344,23,2022-12-24,108,32,Normal,N
16345,23,2022-12-25,103,28,Normal,N
16346,23,2022-12-26,112,33,Moderate,N
16347,23,2022-12-27,83,35,Moderate,N
16348,23,2022-12-28,128,30,Normal,N
16349,23,2022-12-29,53,33,Normal,N
16350,23,2022-12-30,82,38,Moderate,N
16351,23,2022-12-31,60,25,Normal,N
16352,23,2023-01-01,121,38,Normal,N
16353,23,2023-01-02,37,39,Severe,Y
16354,23,2023-01-03,101,36,Moderate,N
16355,23,2023-01-04,35,42,Moderate,N
16356,23,2023-01-05,45,29,Normal,N
16357,23,2023-01-06,28,34,Normal,N
16358,23,2023-01-07,115,25,Moderate,N
16359,23,2023-01-08,104,24,Moderate,N
16360,23,2023-01-09,41,43,Normal,N
16361,23,2023-01-10,90,29,Normal,N
16362,23,2023-01-11,53,37,Moderate,N
16363,23,2023-01-12,140,37,Moderate,N
16364,23,2023-01-13,55,30,Normal,N
16365,23,2023-01-14,128,25,Normal,N
16366,23,2023-01-15,133,31,Normal,N
16367,23,2023-01-16,24,35,Moderate,N
16368,23,2023-01-17,109,33,Normal,N
16369,23,2023-01-18,51,37,Moderate,N
16370,23,2023-01-19,101,26,Normal,N
16371,23,2023-01-20,118,26,Normal,N
16372,23,2023-01-21,29,41,Moderate,N
16373,23,2023-01-22,67,31,Normal,N
16374,23,2023-01-23,64,36,Normal,N
16375,23,2023-01-24,88,37,Moderate,N
16376,23,2023-01-25,103,38,Moderate,N
16377,23,2023-01-26,20,31,Normal,N
16378,23,2023-01-27,15,41,Normal,N
16379,23,2023-01-28,71,43,Normal,N
16380,23,2023-01-29,129,28,Normal,N
16381,23,2023-01-30,137,30,Moderate,N
16382,23,2023-01-31,111,40,Normal,N
16383,23,2023-02-01,24,30,Moderate,N
16384,23,2023-02-02,67,35,Moderate,N
16385,23,2023-02-03,29,33,Severe,Y
16386,23,2023-02-04,68,38,Moderate,N
16387,23,2023-02-05,56,29,Normal,N
16388,23,2023-02-06,22,42,Severe,Y
16389,23,2023-02-07,44,27,Normal,N
16390,23,2023-02-08,29,27,Normal,N
16391,23,2023-02-09,86,33,Normal,N
16392,23,2023-02-10,100,28,Normal,N
16393,23,2023-02-11,88,33,Severe,Y
16394,23,2023-02-12,12,43,Normal,N
16395,23,2023-02-13,125,29,Severe,Y
16396,23,2023-02-14,136,41,Normal,N
16397,23,2023-02-15,86,37,Severe,Y
16398,23,2023-02-16,29,37,Normal,N
16399,23,2023-02-17,110,28,Severe,Y
16400,23,2023-02-18,11,29,Normal,N
16401,23,2023-02-19,14,38,Normal,N
16402,23,2023-02-20,79,34,Normal,N
16403,23,2023-02-21,121,40,Normal,N
16404,23,2023-02-22,13,24,Normal,N
16405,23,2023-02-23,90,35,Normal,N
16406,23,2023-02-24,43,31,Normal,N
16407,23,2023-02-25,45,42,Normal,N
16408,23,2023-02-26,112,24,Moderate,N
16409,23,2023-02-27,103,30,Normal,N
16410,23,2023-02-28,70,37,Normal,N
16411,23,2023-03-01,121,38,Moderate,N
16412,23,2023-03-02,45,42,Normal,N
16413,23,2023-03-03,134,27,Normal,N
16414,23,2023-03-04,67,40,Normal,N
16415,23,2023-03-05,79,33,Moderate,N
16416,23,2023-03-06,5,30,Normal,N
16417,23,2023-03-07,1,26,Normal,N
16418,23,2023-03-08,50,27,Normal,N
16419,23,2023-03-09,133,25,Normal,N
16420,23,2023-03-10,59,40,Normal,N
16421,23,2023-03-11,68,35,Moderate,N
16422,23,2023-03-12,131,40,Normal,N
16423,23,2023-03-13,5,28,Normal,N
16424,23,2023-03-14,86,28,Moderate,N
16425,23,2023-03-15,140,34,Normal,N
16426,23,2023-03-16,42,25,Normal,N
16427,23,2023-03-17,103,34,Normal,N
16428,23,2023-03-18,114,27,Normal,N
16429,23,2023-03-19,93,25,Normal,N
16430,23,2023-03-20,88,31,Normal,N
16431,23,2023-03-21,139,34,Normal,N
16432,23,2023-03-22,83,41,Normal,N
16433,23,2023-03-23,32,35,Normal,N
16434,23,2023-03-24,95,25,Normal,N
16435,23,2023-03-25,68,31,Normal,N
16436,23,2023-03-26,52,32,Normal,N
16437,23,2023-03-27,53,41,Moderate,N
16438,23,2023-03-28,49,41,Normal,N
16439,23,2023-03-29,15,27,Moderate,N
16440,23,2023-03-30,78,26,Moderate,N
16441,23,2023-03-31,134,34,Moderate,N
16442,23,2023-04-01,36,34,Moderate,N
16443,23,2023-04-02,78,38,Severe,Y
16444,23,2023-04-03,99,25,Moderate,N
16445,23,2023-04-04,5,35,Normal,N
16446,23,2023-04-05,87,31,Normal,N
16447,23,2023-04-06,79,40,Normal,N
16448,23,2023-04-07,49,34,Normal,N
16449,23,2023-04-08,37,28,Moderate,N
16450,23,2023-04-09,22,43,Moderate,N
16451,23,2023-04-10,79,26,Normal,N
16452,23,2023-04-11,108,43,Normal,N
16453,23,2023-04-12,130,32,Normal,N
16454,23,2023-04-13,121,43,Normal,N
16455,23,2023-04-14,120,32,Moderate,N
16456,23,2023-04-15,120,31,Normal,N
16457,23,2023-04-16,11,35,Severe,Y
16458,23,2023-04-17,140,43,Moderate,N
16459,23,2023-04-18,26,34,Normal,N
16460,23,2023-04-19,14,24,Normal,N
16461,23,2023-04-20,19,34,Normal,N
16462,23,2023-04-21,65,26,Normal,N
16463,23,2023-04-22,108,40,Normal,N
16464,23,2023-04-23,122,32,Moderate,N
16465,23,2023-04-24,99,24,Normal,N
16466,23,2023-04-25,86,26,Normal,N
16467,23,2023-04-26,17,37,Normal,N
16468,23,2023-04-27,134,37,Normal,N
16469,23,2023-04-28,37,37,Normal,N
16470,23,2023-04-29,12,26,Normal,N
16471,23,2023-04-30,32,34,Normal,N
16472,23,2023-05-01,24,33,Severe,Y
16473,23,2023-05-02,132,24,Normal,N
16474,23,2023-05-03,62,36,Normal,N
16475,23,2023-05-04,63,35,Normal,N
16476,23,2023-05-05,115,42,Normal,N
16477,23,2023-05-06,25,30,Severe,Y
16478,23,2023-05-07,122,28,Moderate,N
16479,23,2023-05-08,41,28,Normal,N
16480,23,2023-05-09,72,43,Normal,N
16481,23,2023-05-10,11,43,Normal,N
16482,23,2023-05-11,37,33,Severe,Y
16483,23,2023-05-12,102,32,Moderate,N
16484,23,2023-05-13,32,30,Normal,N
16485,23,2023-05-14,30,35,Normal,N
16486,23,2023-05-15,47,32,Normal,N
16487,23,2023-05-16,103,25,Normal,N
16488,23,2023-05-17,67,37,Normal,N
16489,23,2023-05-18,129,42,Moderate,N
16490,23,2023-05-19,24,25,Moderate,N
16491,23,2023-05-20,107,27,Moderate,N
16492,23,2023-05-21,86,32,Normal,N
16493,23,2023-05-22,76,30,Severe,Y
16494,23,2023-05-23,59,40,Moderate,N
16495,23,2023-05-24,72,34,Normal,N
16496,23,2023-05-25,77,39,Normal,N
16497,23,2023-05-26,110,32,Normal,N
16498,23,2023-05-27,116,42,Moderate,N
16499,23,2023-05-28,89,30,Moderate,N
16500,23,2023-05-29,123,36,Normal,N
16501,23,2023-05-30,108,42,Moderate,N
16502,23,2023-05-31,133,43,Normal,N
16503,23,2023-06-01,47,35,Normal,N
16504,23,2023-06-02,40,36,Moderate,N
16505,23,2023-06-03,113,39,Moderate,N
16506,23,2023-06-04,100,41,Moderate,N
16507,23,2023-06-05,133,30,Normal,N
16508,23,2023-06-06,137,32,Severe,Y
16509,23,2023-06-07,62,40,Moderate,N
16510,23,2023-06-08,6,42,Moderate,N
16511,23,2023-06-09,44,38,Normal,N
16512,23,2023-06-10,2,28,Moderate,N
16513,23,2023-06-11,91,37,Normal,N
16514,23,2023-06-12,67,35,Moderate,N
16515,23,2023-06-13,22,24,Moderate,N
16516,23,2023-06-14,37,30,Normal,N
16517,23,2023-06-15,90,28,Moderate,N
16518,23,2023-06-16,53,36,Normal,N
16519,23,2023-06-17,112,35,Normal,N
16520,23,2023-06-18,77,38,Normal,N
16521,23,2023-06-19,126,24,Moderate,N
16522,23,2023-06-20,86,25,Moderate,N
16523,23,2023-06-21,49,38,Moderate,N
16524,23,2023-06-22,26,32,Normal,N
16525,23,2023-06-23,129,29,Moderate,N
16526,23,2023-06-24,17,29,Normal,N
16527,23,2023-06-25,125,32,Normal,N
16528,23,2023-06-26,87,27,Normal,N
16529,23,2023-06-27,5,36,Normal,N
16530,23,2023-06-28,44,34,Normal,N
16531,23,2023-06-29,0,32,Severe,Y
16532,23,2023-06-30,7,29,Moderate,N
16533,23,2023-07-01,63,29,Normal,N
16534,23,2023-07-02,27,32,Moderate,N
16535,23,2023-07-03,129,40,Severe,Y
16536,23,2023-07-04,0,29,Normal,N
16537,23,2023-07-05,45,37,Moderate,N
16538,23,2023-07-06,1,32,Moderate,N
16539,23,2023-07-07,118,42,Moderate,N
16540,23,2023-07-08,85,24,Normal,N
16541,23,2023-07-09,102,36,Normal,N
16542,23,2023-07-10,110,26,Moderate,N
16543,23,2023-07-11,84,43,Normal,N
16544,23,2023-07-12,99,26,Moderate,N
16545,23,2023-07-13,113,34,Normal,N
16546,23,2023-07-14,47,42,Moderate,N
16547,23,2023-07-15,75,40,Normal,N
16548,23,2023-07-16,69,43,Normal,N
16549,23,2023-07-17,18,43,Moderate,N
16550,23,2023-07-18,43,25,Normal,N
16551,23,2023-07-19,119,35,Normal,N
16552,23,2023-07-20,110,37,Severe,Y
16553,23,2023-07-21,9,41,Normal,N
16554,23,2023-07-22,21,35,Moderate,N
16555,23,2023-07-23,115,29,Moderate,N
16556,23,2023-07-24,71,41,Normal,N
16557,23,2023-07-25,111,41,Moderate,N
16558,23,2023-07-26,44,31,Moderate,N
16559,23,2023-07-27,37,30,Normal,N
16560,23,2023-07-28,42,26,Normal,N
16561,23,2023-07-29,75,36,Severe,Y
16562,23,2023-07-30,134,30,Moderate,N
16563,23,2023-07-31,22,33,Normal,N
16564,23,2023-08-01,56,25,Moderate,N
16565,23,2023-08-02,112,29,Normal,N
16566,23,2023-08-03,10,31,Moderate,N
16567,23,2023-08-04,68,26,Normal,N
16568,23,2023-08-05,22,36,Severe,Y
16569,23,2023-08-06,23,36,Normal,N
16570,23,2023-08-07,41,41,Normal,N
16571,23,2023-08-08,20,40,Normal,N
16572,23,2023-08-09,69,30,Moderate,N
16573,23,2023-08-10,45,31,Normal,N
16574,23,2023-08-11,140,34,Normal,N
16575,23,2023-08-12,81,30,Moderate,N
16576,23,2023-08-13,111,39,Normal,N
16577,23,2023-08-14,97,36,Normal,N
16578,23,2023-08-15,74,32,Normal,N
16579,23,2023-08-16,118,38,Normal,N
16580,23,2023-08-17,123,41,Normal,N
16581,23,2023-08-18,21,32,Normal,N
16582,23,2023-08-19,7,34,Normal,N
16583,23,2023-08-20,24,29,Normal,N
16584,23,2023-08-21,44,31,Normal,N
16585,23,2023-08-22,11,35,Severe,Y
16586,23,2023-08-23,87,32,Normal,N
16587,23,2023-08-24,68,28,Normal,N
16588,23,2023-08-25,107,26,Moderate,N
16589,23,2023-08-26,23,41,Moderate,N
16590,23,2023-08-27,103,32,Moderate,N
16591,23,2023-08-28,138,27,Normal,N
16592,23,2023-08-29,99,26,Normal,N
16593,23,2023-08-30,114,32,Moderate,N
16594,23,2023-08-31,85,24,Normal,N
16595,23,2023-09-01,86,30,Normal,N
16596,23,2023-09-02,135,38,Normal,N
16597,23,2023-09-03,1,42,Normal,N
16598,23,2023-09-04,44,32,Normal,N
16599,23,2023-09-05,1,25,Normal,N
16600,23,2023-09-06,5,37,Normal,N
16601,23,2023-09-07,87,24,Moderate,N
16602,23,2023-09-08,49,34,Severe,Y
16603,23,2023-09-09,137,31,Normal,N
16604,23,2023-09-10,113,38,Normal,N
16605,23,2023-09-11,35,42,Normal,N
16606,23,2023-09-12,92,31,Normal,N
16607,23,2023-09-13,14,29,Normal,N
16608,23,2023-09-14,21,26,Normal,N
16609,23,2023-09-15,82,33,Normal,N
16610,23,2023-09-16,15,37,Normal,N
16611,23,2023-09-17,100,37,Moderate,N
16612,23,2023-09-18,105,39,Normal,N
16613,23,2023-09-19,60,41,Normal,N
16614,23,2023-09-20,132,40,Moderate,N
16615,23,2023-09-21,128,40,Normal,N
16616,23,2023-09-22,99,33,Normal,N
16617,23,2023-09-23,37,29,Severe,Y
16618,23,2023-09-24,54,29,Normal,N
16619,23,2023-09-25,118,36,Normal,N
16620,23,2023-09-26,13,25,Normal,N
16621,23,2023-09-27,27,26,Normal,N
16622,23,2023-09-28,40,27,Severe,Y
16623,23,2023-09-29,103,30,Severe,Y
16624,23,2023-09-30,51,41,Normal,N
16625,23,2023-10-01,98,37,Moderate,N
16626,23,2023-10-02,72,43,Normal,N
16627,23,2023-10-03,47,37,Moderate,N
16628,23,2023-10-04,24,26,Normal,N
16629,23,2023-10-05,76,30,Normal,N
16630,23,2023-10-06,104,34,Normal,N
16631,23,2023-10-07,75,30,Normal,N
16632,23,2023-10-08,9,28,Moderate,N
16633,23,2023-10-09,2,35,Normal,N
16634,23,2023-10-10,31,34,Normal,N
16635,23,2023-10-11,34,26,Moderate,N
16636,23,2023-10-12,58,24,Severe,Y
16637,23,2023-10-13,43,28,Moderate,N
16638,23,2023-10-14,84,27,Severe,Y
16639,23,2023-10-15,129,30,Severe,Y
16640,23,2023-10-16,102,26,Normal,N
16641,23,2023-10-17,136,26,Normal,N
16642,23,2023-10-18,11,38,Normal,N
16643,23,2023-10-19,19,39,Moderate,N
16644,23,2023-10-20,50,25,Normal,N
16645,23,2023-10-21,27,38,Moderate,N
16646,23,2023-10-22,29,36,Normal,N
16647,23,2023-10-23,0,29,Moderate,N
16648,23,2023-10-24,32,26,Normal,N
16649,23,2023-10-25,102,25,Normal,N
16650,23,2023-10-26,102,40,Moderate,N
16651,23,2023-10-27,3,43,Normal,N
16652,23,2023-10-28,22,39,Normal,N
16653,23,2023-10-29,21,42,Normal,N
16654,23,2023-10-30,45,35,Normal,N
16655,23,2023-10-31,40,39,Normal,N
16656,23,2023-11-01,101,42,Normal,N
16657,23,2023-11-02,3,35,Moderate,N
16658,23,2023-11-03,76,41,Severe,Y
16659,23,2023-11-04,9,27,Normal,N
16660,23,2023-11-05,62,34,Normal,N
16661,23,2023-11-06,52,36,Severe,Y
16662,23,2023-11-07,37,33,Normal,N
16663,23,2023-11-08,79,41,Severe,Y
16664,23,2023-11-09,107,26,Severe,Y
16665,23,2023-11-10,20,41,Normal,N
16666,23,2023-11-11,6,31,Normal,N
16667,23,2023-11-12,55,39,Moderate,N
16668,23,2023-11-13,51,27,Normal,N
16669,23,2023-11-14,138,24,Normal,N
16670,23,2023-11-15,140,36,Normal,N
16671,23,2023-11-16,29,29,Normal,N
16672,23,2023-11-17,66,34,Normal,N
16673,23,2023-11-18,65,43,Normal,N
16674,23,2023-11-19,49,28,Normal,N
16675,23,2023-11-20,139,27,Severe,Y
16676,23,2023-11-21,22,35,Moderate,N
16677,23,2023-11-22,104,32,Normal,N
16678,23,2023-11-23,94,37,Normal,N
16679,23,2023-11-24,93,41,Moderate,N
16680,23,2023-11-25,78,38,Normal,N
16681,23,2023-11-26,79,40,Normal,N
16682,23,2023-11-27,97,32,Normal,N
16683,23,2023-11-28,3,24,Normal,N
16684,23,2023-11-29,8,25,Severe,Y
16685,23,2023-11-30,77,37,Normal,N
16686,23,2023-12-01,105,32,Normal,N
16687,23,2023-12-02,61,33,Normal,N
16688,23,2023-12-03,139,40,Normal,N
16689,23,2023-12-04,116,39,Normal,N
16690,23,2023-12-05,99,37,Normal,N
16691,23,2023-12-06,46,32,Normal,N
16692,23,2023-12-07,76,39,Normal,N
16693,23,2023-12-08,70,30,Normal,N
16694,23,2023-12-09,77,29,Normal,N
16695,23,2023-12-10,30,32,Normal,N
16696,23,2023-12-11,21,35,Normal,N
16697,23,2023-12-12,130,25,Normal,N
16698,23,2023-12-13,37,36,Normal,N
16699,23,2023-12-14,13,32,Normal,N
16700,23,2023-12-15,105,29,Severe,Y
16701,23,2023-12-16,80,29,Normal,N
16702,23,2023-12-17,91,29,Severe,Y
16703,23,2023-12-18,76,26,Normal,N
16704,23,2023-12-19,39,34,Normal,N
16705,23,2023-12-20,59,39,Moderate,N
16706,23,2023-12-21,41,28,Normal,N
16707,23,2023-12-22,135,30,Normal,N
16708,23,2023-12-23,15,42,Normal,N
16709,23,2023-12-24,2,42,Normal,N
16710,23,2023-12-25,64,41,Moderate,N
16711,23,2023-12-26,21,37,Normal,N
16712,23,2023-12-27,69,26,Normal,N
16713,23,2023-12-28,36,36,Normal,N
16714,23,2023-12-29,121,24,Normal,N
16715,23,2023-12-30,114,32,Normal,N
16716,23,2023-12-31,31,43,Normal,N
16717,23,2024-01-01,90,28,Severe,Y
16718,23,2024-01-02,66,27,Normal,N
16719,23,2024-01-03,106,42,Normal,N
16720,23,2024-01-04,59,40,Normal,N
16721,23,2024-01-05,108,30,Normal,N
16722,23,2024-01-06,26,31,Normal,N
16723,23,2024-01-07,24,33,Normal,N
16724,23,2024-01-08,29,29,Moderate,N
16725,23,2024-01-09,131,41,Normal,N
16726,23,2024-01-10,63,26,Normal,N
16727,23,2024-01-11,67,26,Normal,N
16728,23,2024-01-12,126,29,Normal,N
16729,23,2024-01-13,140,41,Moderate,N
16730,23,2024-01-14,62,33,Normal,N
16731,23,2024-01-15,129,33,Normal,N
16732,23,2024-01-16,78,24,Moderate,N
16733,23,2024-01-17,11,26,Moderate,N
16734,23,2024-01-18,136,31,Normal,N
16735,23,2024-01-19,65,41,Normal,N
16736,23,2024-01-20,44,41,Normal,N
16737,23,2024-01-21,122,40,Moderate,N
16738,23,2024-01-22,76,40,Moderate,N
16739,23,2024-01-23,104,38,Normal,N
16740,23,2024-01-24,9,36,Normal,N
16741,23,2024-01-25,96,32,Normal,N
16742,23,2024-01-26,12,34,Severe,Y
16743,23,2024-01-27,46,32,Normal,N
16744,23,2024-01-28,139,29,Normal,N
16745,23,2024-01-29,128,39,Normal,N
16746,23,2024-01-30,37,42,Moderate,N
16747,23,2024-01-31,27,35,Moderate,N
16748,23,2024-02-01,85,28,Normal,N
16749,23,2024-02-02,11,33,Normal,N
16750,23,2024-02-03,6,42,Moderate,N
16751,23,2024-02-04,60,41,Normal,N
16752,23,2024-02-05,52,33,Moderate,N
16753,23,2024-02-06,18,38,Normal,N
16754,23,2024-02-07,50,28,Normal,N
16755,23,2024-02-08,19,26,Normal,N
16756,23,2024-02-09,97,30,Normal,N
16757,23,2024-02-10,14,24,Normal,N
16758,23,2024-02-11,13,26,Normal,N
16759,23,2024-02-12,56,34,Normal,N
16760,23,2024-02-13,116,36,Moderate,N
16761,23,2024-02-14,115,41,Normal,N
16762,23,2024-02-15,85,38,Normal,N
16763,23,2024-02-16,56,26,Normal,N
16764,23,2024-02-17,106,28,Moderate,N
16765,23,2024-02-18,112,26,Normal,N
16766,23,2024-02-19,110,25,Normal,N
16767,23,2024-02-20,29,32,Moderate,N
16768,23,2024-02-21,70,35,Normal,N
16769,23,2024-02-22,26,43,Normal,N
16770,23,2024-02-23,90,27,Normal,N
16771,23,2024-02-24,13,37,Normal,N
16772,23,2024-02-25,97,28,Moderate,N
16773,23,2024-02-26,45,39,Normal,N
16774,23,2024-02-27,67,41,Severe,Y
16775,23,2024-02-28,137,39,Normal,N
16776,23,2024-02-29,41,33,Normal,N
16777,23,2024-03-01,51,31,Normal,N
16778,23,2024-03-02,56,27,Normal,N
16779,23,2024-03-03,103,40,Normal,N
16780,23,2024-03-04,36,36,Moderate,N
16781,23,2024-03-05,17,36,Moderate,N
16782,23,2024-03-06,52,32,Normal,N
16783,23,2024-03-07,24,28,Normal,N
16784,23,2024-03-08,139,34,Normal,N
16785,23,2024-03-09,76,37,Moderate,N
16786,23,2024-03-10,15,35,Severe,Y
16787,23,2024-03-11,134,30,Normal,N
16788,23,2024-03-12,23,32,Moderate,N
16789,23,2024-03-13,38,31,Normal,N
16790,23,2024-03-14,136,41,Normal,N
16791,23,2024-03-15,97,31,Normal,N
16792,23,2024-03-16,89,38,Normal,N
16793,23,2024-03-17,100,29,Normal,N
16794,23,2024-03-18,90,28,Severe,Y
16795,23,2024-03-19,34,28,Normal,N
16796,23,2024-03-20,50,31,Normal,N
16797,23,2024-03-21,114,43,Normal,N
16798,23,2024-03-22,64,36,Normal,N
16799,23,2024-03-23,24,33,Normal,N
16800,23,2024-03-24,25,41,Normal,N
16801,23,2024-03-25,81,37,Normal,N
16802,23,2024-03-26,111,41,Normal,N
16803,23,2024-03-27,109,37,Moderate,N
16804,23,2024-03-28,57,33,Moderate,N
16805,23,2024-03-29,138,38,Moderate,N
16806,23,2024-03-30,84,30,Normal,N
16807,23,2024-03-31,101,37,Normal,N
16808,23,2024-04-01,77,28,Moderate,N
16809,23,2024-04-02,6,24,Moderate,N
16810,23,2024-04-03,28,30,Moderate,N
16811,23,2024-04-04,48,31,Moderate,N
16812,23,2024-04-05,0,37,Normal,N
16813,23,2024-04-06,117,36,Normal,N
16814,23,2024-04-07,91,35,Normal,N
16815,23,2024-04-08,58,39,Normal,N
16816,23,2024-04-09,119,27,Normal,N
16817,23,2024-04-10,24,42,Normal,N
16818,23,2024-04-11,53,29,Normal,N
16819,23,2024-04-12,136,31,Normal,N
16820,23,2024-04-13,79,34,Moderate,N
16821,23,2024-04-14,79,35,Normal,N
16822,23,2024-04-15,71,24,Moderate,N
16823,23,2024-04-16,139,37,Normal,N
16824,23,2024-04-17,53,41,Normal,N
16825,23,2024-04-18,76,42,Moderate,N
16826,23,2024-04-19,28,26,Severe,Y
16827,23,2024-04-20,98,29,Normal,N
16828,23,2024-04-21,17,39,Normal,N
16829,23,2024-04-22,73,37,Normal,N
16830,23,2024-04-23,34,36,Moderate,N
16831,24,2022-01-23,10,38,Normal,N
16832,24,2022-01-24,125,28,Normal,N
16833,24,2022-01-25,99,29,Moderate,N
16834,24,2022-01-26,71,32,Normal,N
16835,24,2022-01-27,94,24,Normal,N
16836,24,2022-01-28,31,39,Normal,N
16837,24,2022-01-29,103,39,Normal,N
16838,24,2022-01-30,126,28,Normal,N
16839,24,2022-01-31,46,29,Normal,N
16840,24,2022-02-01,89,34,Normal,N
16841,24,2022-02-02,100,24,Moderate,N
16842,24,2022-02-03,63,36,Normal,N
16843,24,2022-02-04,109,30,Severe,Y
16844,24,2022-02-05,81,35,Normal,N
16845,24,2022-02-06,57,41,Normal,N
16846,24,2022-02-07,52,34,Normal,N
16847,24,2022-02-08,93,27,Moderate,N
16848,24,2022-02-09,11,37,Normal,N
16849,24,2022-02-10,49,41,Normal,N
16850,24,2022-02-11,6,42,Normal,N
16851,24,2022-02-12,23,36,Moderate,N
16852,24,2022-02-13,1,33,Normal,N
16853,24,2022-02-14,73,27,Normal,N
16854,24,2022-02-15,95,39,Normal,N
16855,24,2022-02-16,31,32,Normal,N
16856,24,2022-02-17,32,39,Normal,N
16857,24,2022-02-18,140,43,Normal,N
16858,24,2022-02-19,127,30,Moderate,N
16859,24,2022-02-20,138,38,Normal,N
16860,24,2022-02-21,61,41,Moderate,N
16861,24,2022-02-22,137,33,Normal,N
16862,24,2022-02-23,9,37,Severe,Y
16863,24,2022-02-24,61,40,Normal,N
16864,24,2022-02-25,31,39,Normal,N
16865,24,2022-02-26,25,43,Normal,N
16866,24,2022-02-27,82,30,Normal,N
16867,24,2022-02-28,124,34,Moderate,N
16868,24,2022-03-01,136,37,Normal,N
16869,24,2022-03-02,127,24,Normal,N
16870,24,2022-03-03,14,39,Severe,Y
16871,24,2022-03-04,49,36,Normal,N
16872,24,2022-03-05,40,29,Normal,N
16873,24,2022-03-06,4,25,Normal,N
16874,24,2022-03-07,40,30,Normal,N
16875,24,2022-03-08,120,42,Normal,N
16876,24,2022-03-09,25,25,Normal,N
16877,24,2022-03-10,123,38,Normal,N
16878,24,2022-03-11,25,25,Moderate,N
16879,24,2022-03-12,77,34,Normal,N
16880,24,2022-03-13,67,30,Normal,N
16881,24,2022-03-14,2,41,Severe,Y
16882,24,2022-03-15,12,31,Moderate,N
16883,24,2022-03-16,51,40,Normal,N
16884,24,2022-03-17,79,37,Moderate,N
16885,24,2022-03-18,91,41,Normal,N
16886,24,2022-03-19,76,24,Normal,N
16887,24,2022-03-20,31,33,Normal,N
16888,24,2022-03-21,1,42,Moderate,N
16889,24,2022-03-22,10,24,Normal,N
16890,24,2022-03-23,39,37,Normal,N
16891,24,2022-03-24,7,43,Moderate,N
16892,24,2022-03-25,96,32,Moderate,N
16893,24,2022-03-26,107,24,Moderate,N
16894,24,2022-03-27,24,34,Normal,N
16895,24,2022-03-28,11,42,Normal,N
16896,24,2022-03-29,83,34,Normal,N
16897,24,2022-03-30,96,28,Normal,N
16898,24,2022-03-31,134,40,Normal,N
16899,24,2022-04-01,124,30,Normal,N
16900,24,2022-04-02,84,26,Moderate,N
16901,24,2022-04-03,36,39,Normal,N
16902,24,2022-04-04,119,31,Normal,N
16903,24,2022-04-05,117,29,Normal,N
16904,24,2022-04-06,111,40,Normal,N
16905,24,2022-04-07,82,43,Normal,N
16906,24,2022-04-08,135,35,Normal,N
16907,24,2022-04-09,20,41,Moderate,N
16908,24,2022-04-10,33,35,Normal,N
16909,24,2022-04-11,9,41,Normal,N
16910,24,2022-04-12,29,40,Moderate,N
16911,24,2022-04-13,95,33,Normal,N
16912,24,2022-04-14,2,42,Normal,N
16913,24,2022-04-15,24,25,Normal,N
16914,24,2022-04-16,64,33,Normal,N
16915,24,2022-04-17,0,27,Normal,N
16916,24,2022-04-18,6,43,Normal,N
16917,24,2022-04-19,113,34,Normal,N
16918,24,2022-04-20,108,33,Moderate,N
16919,24,2022-04-21,13,25,Normal,N
16920,24,2022-04-22,9,26,Normal,N
16921,24,2022-04-23,41,27,Normal,N
16922,24,2022-04-24,54,30,Moderate,N
16923,24,2022-04-25,24,42,Moderate,N
16924,24,2022-04-26,2,25,Normal,N
16925,24,2022-04-27,81,24,Normal,N
16926,24,2022-04-28,85,25,Normal,N
16927,24,2022-04-29,106,39,Normal,N
16928,24,2022-04-30,132,28,Normal,N
16929,24,2022-05-01,113,30,Normal,N
16930,24,2022-05-02,30,31,Severe,Y
16931,24,2022-05-03,26,31,Normal,N
16932,24,2022-05-04,28,28,Normal,N
16933,24,2022-05-05,130,27,Moderate,N
16934,24,2022-05-06,101,37,Moderate,N
16935,24,2022-05-07,93,42,Normal,N
16936,24,2022-05-08,108,38,Normal,N
16937,24,2022-05-09,123,43,Normal,N
16938,24,2022-05-10,130,41,Normal,N
16939,24,2022-05-11,29,31,Severe,Y
16940,24,2022-05-12,21,36,Normal,N
16941,24,2022-05-13,86,41,Normal,N
16942,24,2022-05-14,45,25,Moderate,N
16943,24,2022-05-15,57,30,Normal,N
16944,24,2022-05-16,107,24,Normal,N
16945,24,2022-05-17,102,35,Moderate,N
16946,24,2022-05-18,28,43,Normal,N
16947,24,2022-05-19,56,33,Normal,N
16948,24,2022-05-20,91,43,Moderate,N
16949,24,2022-05-21,93,24,Normal,N
16950,24,2022-05-22,49,42,Moderate,N
16951,24,2022-05-23,18,43,Normal,N
16952,24,2022-05-24,10,30,Normal,N
16953,24,2022-05-25,140,43,Normal,N
16954,24,2022-05-26,92,29,Moderate,N
16955,24,2022-05-27,27,28,Normal,N
16956,24,2022-05-28,28,39,Normal,N
16957,24,2022-05-29,49,42,Moderate,N
16958,24,2022-05-30,118,40,Normal,N
16959,24,2022-05-31,3,25,Moderate,N
16960,24,2022-06-01,14,34,Normal,N
16961,24,2022-06-02,133,38,Moderate,N
16962,24,2022-06-03,49,30,Normal,N
16963,24,2022-06-04,91,35,Normal,N
16964,24,2022-06-05,21,31,Normal,N
16965,24,2022-06-06,3,24,Normal,N
16966,24,2022-06-07,79,33,Normal,N
16967,24,2022-06-08,108,38,Normal,N
16968,24,2022-06-09,4,33,Moderate,N
16969,24,2022-06-10,28,37,Normal,N
16970,24,2022-06-11,111,31,Normal,N
16971,24,2022-06-12,95,35,Normal,N
16972,24,2022-06-13,37,38,Normal,N
16973,24,2022-06-14,35,29,Moderate,N
16974,24,2022-06-15,121,43,Normal,N
16975,24,2022-06-16,101,31,Normal,N
16976,24,2022-06-17,30,43,Normal,N
16977,24,2022-06-18,112,33,Normal,N
16978,24,2022-06-19,81,41,Moderate,N
16979,24,2022-06-20,108,24,Severe,Y
16980,24,2022-06-21,58,28,Normal,N
16981,24,2022-06-22,52,42,Normal,N
16982,24,2022-06-23,45,24,Moderate,N
16983,24,2022-06-24,50,35,Normal,N
16984,24,2022-06-25,33,25,Moderate,N
16985,24,2022-06-26,73,33,Severe,Y
16986,24,2022-06-27,73,26,Normal,N
16987,24,2022-06-28,2,25,Normal,N
16988,24,2022-06-29,15,43,Moderate,N
16989,24,2022-06-30,74,27,Severe,Y
16990,24,2022-07-01,121,38,Normal,N
16991,24,2022-07-02,125,34,Normal,N
16992,24,2022-07-03,101,33,Normal,N
16993,24,2022-07-04,11,41,Normal,N
16994,24,2022-07-05,81,33,Moderate,N
16995,24,2022-07-06,116,42,Normal,N
16996,24,2022-07-07,110,26,Normal,N
16997,24,2022-07-08,22,43,Normal,N
16998,24,2022-07-09,69,39,Normal,N
16999,24,2022-07-10,61,27,Moderate,N
17000,24,2022-07-11,100,35,Severe,Y
17001,24,2022-07-12,31,34,Normal,N
17002,24,2022-07-13,109,36,Severe,Y
17003,24,2022-07-14,138,24,Normal,N
17004,24,2022-07-15,47,42,Normal,N
17005,24,2022-07-16,32,34,Moderate,N
17006,24,2022-07-17,32,38,Normal,N
17007,24,2022-07-18,41,28,Normal,N
17008,24,2022-07-19,120,27,Normal,N
17009,24,2022-07-20,64,39,Normal,N
17010,24,2022-07-21,48,40,Normal,N
17011,24,2022-07-22,102,25,Normal,N
17012,24,2022-07-23,62,34,Severe,Y
17013,24,2022-07-24,99,35,Normal,N
17014,24,2022-07-25,75,27,Normal,N
17015,24,2022-07-26,90,39,Moderate,N
17016,24,2022-07-27,120,43,Normal,N
17017,24,2022-07-28,14,38,Severe,Y
17018,24,2022-07-29,126,31,Moderate,N
17019,24,2022-07-30,124,38,Moderate,N
17020,24,2022-07-31,18,38,Moderate,N
17021,24,2022-08-01,117,41,Severe,Y
17022,24,2022-08-02,103,36,Severe,Y
17023,24,2022-08-03,91,43,Moderate,N
17024,24,2022-08-04,8,24,Normal,N
17025,24,2022-08-05,133,36,Normal,N
17026,24,2022-08-06,71,26,Normal,N
17027,24,2022-08-07,137,31,Moderate,N
17028,24,2022-08-08,42,34,Normal,N
17029,24,2022-08-09,56,28,Normal,N
17030,24,2022-08-10,110,25,Normal,N
17031,24,2022-08-11,103,25,Normal,N
17032,24,2022-08-12,21,39,Moderate,N
17033,24,2022-08-13,136,43,Normal,N
17034,24,2022-08-14,79,43,Moderate,N
17035,24,2022-08-15,140,28,Normal,N
17036,24,2022-08-16,91,43,Normal,N
17037,24,2022-08-17,136,31,Normal,N
17038,24,2022-08-18,42,28,Normal,N
17039,24,2022-08-19,135,40,Normal,N
17040,24,2022-08-20,139,34,Normal,N
17041,24,2022-08-21,25,27,Normal,N
17042,24,2022-08-22,28,30,Normal,N
17043,24,2022-08-23,45,42,Normal,N
17044,24,2022-08-24,74,40,Normal,N
17045,24,2022-08-25,49,27,Moderate,N
17046,24,2022-08-26,61,35,Normal,N
17047,24,2022-08-27,125,28,Moderate,N
17048,24,2022-08-28,42,40,Normal,N
17049,24,2022-08-29,70,31,Moderate,N
17050,24,2022-08-30,97,37,Moderate,N
17051,24,2022-08-31,103,26,Normal,N
17052,24,2022-09-01,64,26,Normal,N
17053,24,2022-09-02,123,28,Normal,N
17054,24,2022-09-03,111,33,Normal,N
17055,24,2022-09-04,46,30,Moderate,N
17056,24,2022-09-05,85,41,Normal,N
17057,24,2022-09-06,10,28,Moderate,N
17058,24,2022-09-07,62,25,Moderate,N
17059,24,2022-09-08,58,41,Moderate,N
17060,24,2022-09-09,54,25,Moderate,N
17061,24,2022-09-10,72,29,Moderate,N
17062,24,2022-09-11,63,37,Normal,N
17063,24,2022-09-12,76,35,Normal,N
17064,24,2022-09-13,117,36,Normal,N
17065,24,2022-09-14,78,25,Normal,N
17066,24,2022-09-15,96,39,Severe,Y
17067,24,2022-09-16,139,29,Normal,N
17068,24,2022-09-17,67,35,Normal,N
17069,24,2022-09-18,99,33,Severe,Y
17070,24,2022-09-19,7,42,Moderate,N
17071,24,2022-09-20,40,30,Moderate,N
17072,24,2022-09-21,84,38,Moderate,N
17073,24,2022-09-22,106,32,Normal,N
17074,24,2022-09-23,115,24,Normal,N
17075,24,2022-09-24,140,42,Severe,Y
17076,24,2022-09-25,121,39,Normal,N
17077,24,2022-09-26,74,39,Normal,N
17078,24,2022-09-27,112,34,Moderate,N
17079,24,2022-09-28,104,33,Normal,N
17080,24,2022-09-29,2,33,Severe,Y
17081,24,2022-09-30,119,30,Normal,N
17082,24,2022-10-01,105,38,Normal,N
17083,24,2022-10-02,21,37,Severe,Y
17084,24,2022-10-03,7,24,Moderate,N
17085,24,2022-10-04,60,24,Normal,N
17086,24,2022-10-05,28,41,Severe,Y
17087,24,2022-10-06,102,28,Moderate,N
17088,24,2022-10-07,0,38,Normal,N
17089,24,2022-10-08,136,26,Normal,N
17090,24,2022-10-09,116,38,Moderate,N
17091,24,2022-10-10,131,29,Normal,N
17092,24,2022-10-11,109,34,Moderate,N
17093,24,2022-10-12,124,25,Normal,N
17094,24,2022-10-13,58,37,Moderate,N
17095,24,2022-10-14,140,42,Normal,N
17096,24,2022-10-15,134,27,Normal,N
17097,24,2022-10-16,131,36,Normal,N
17098,24,2022-10-17,112,41,Moderate,N
17099,24,2022-10-18,1,41,Severe,Y
17100,24,2022-10-19,5,29,Moderate,N
17101,24,2022-10-20,102,38,Normal,N
17102,24,2022-10-21,71,24,Normal,N
17103,24,2022-10-22,115,42,Normal,N
17104,24,2022-10-23,43,31,Moderate,N
17105,24,2022-10-24,67,33,Normal,N
17106,24,2022-10-25,17,34,Normal,N
17107,24,2022-10-26,23,34,Severe,Y
17108,24,2022-10-27,97,24,Normal,N
17109,24,2022-10-28,11,37,Normal,N
17110,24,2022-10-29,10,36,Normal,N
17111,24,2022-10-30,9,37,Moderate,N
17112,24,2022-10-31,40,25,Moderate,N
17113,24,2022-11-01,49,26,Normal,N
17114,24,2022-11-02,110,40,Normal,N
17115,24,2022-11-03,54,31,Normal,N
17116,24,2022-11-04,18,32,Moderate,N
17117,24,2022-11-05,15,28,Normal,N
17118,24,2022-11-06,105,26,Moderate,N
17119,24,2022-11-07,60,38,Normal,N
17120,24,2022-11-08,77,36,Normal,N
17121,24,2022-11-09,2,37,Normal,N
17122,24,2022-11-10,9,41,Severe,Y
17123,24,2022-11-11,25,40,Normal,N
17124,24,2022-11-12,84,30,Normal,N
17125,24,2022-11-13,134,24,Normal,N
17126,24,2022-11-14,55,24,Normal,N
17127,24,2022-11-15,110,43,Normal,N
17128,24,2022-11-16,46,31,Normal,N
17129,24,2022-11-17,138,40,Normal,N
17130,24,2022-11-18,59,27,Moderate,N
17131,24,2022-11-19,86,33,Normal,N
17132,24,2022-11-20,100,29,Normal,N
17133,24,2022-11-21,17,30,Normal,N
17134,24,2022-11-22,108,28,Normal,N
17135,24,2022-11-23,22,28,Moderate,N
17136,24,2022-11-24,31,40,Normal,N
17137,24,2022-11-25,96,33,Normal,N
17138,24,2022-11-26,56,37,Severe,Y
17139,24,2022-11-27,106,30,Normal,N
17140,24,2022-11-28,44,37,Normal,N
17141,24,2022-11-29,4,38,Moderate,N
17142,24,2022-11-30,35,29,Normal,N
17143,24,2022-12-01,88,39,Normal,N
17144,24,2022-12-02,5,27,Normal,N
17145,24,2022-12-03,115,35,Normal,N
17146,24,2022-12-04,38,36,Normal,N
17147,24,2022-12-05,98,30,Normal,N
17148,24,2022-12-06,48,24,Moderate,N
17149,24,2022-12-07,92,28,Normal,N
17150,24,2022-12-08,103,27,Normal,N
17151,24,2022-12-09,44,32,Moderate,N
17152,24,2022-12-10,78,43,Moderate,N
17153,24,2022-12-11,105,40,Normal,N
17154,24,2022-12-12,9,35,Normal,N
17155,24,2022-12-13,22,28,Normal,N
17156,24,2022-12-14,4,29,Normal,N
17157,24,2022-12-15,2,36,Normal,N
17158,24,2022-12-16,31,41,Normal,N
17159,24,2022-12-17,61,24,Normal,N
17160,24,2022-12-18,80,34,Moderate,N
17161,24,2022-12-19,19,40,Normal,N
17162,24,2022-12-20,49,39,Normal,N
17163,24,2022-12-21,16,32,Moderate,N
17164,24,2022-12-22,3,26,Severe,Y
17165,24,2022-12-23,88,26,Normal,N
17166,24,2022-12-24,73,40,Normal,N
17167,24,2022-12-25,61,31,Severe,Y
17168,24,2022-12-26,7,38,Severe,Y
17169,24,2022-12-27,114,28,Moderate,N
17170,24,2022-12-28,93,31,Moderate,N
17171,24,2022-12-29,84,35,Normal,N
17172,24,2022-12-30,95,37,Normal,N
17173,24,2022-12-31,33,25,Moderate,N
17174,24,2023-01-01,2,36,Normal,N
17175,24,2023-01-02,81,31,Normal,N
17176,24,2023-01-03,128,35,Normal,N
17177,24,2023-01-04,104,32,Normal,N
17178,24,2023-01-05,44,27,Normal,N
17179,24,2023-01-06,11,27,Normal,N
17180,24,2023-01-07,53,37,Moderate,N
17181,24,2023-01-08,137,25,Normal,N
17182,24,2023-01-09,34,43,Normal,N
17183,24,2023-01-10,115,27,Moderate,N
17184,24,2023-01-11,78,31,Severe,Y
17185,24,2023-01-12,4,34,Moderate,N
17186,24,2023-01-13,13,26,Normal,N
17187,24,2023-01-14,40,42,Severe,Y
17188,24,2023-01-15,72,28,Normal,N
17189,24,2023-01-16,122,26,Moderate,N
17190,24,2023-01-17,76,35,Normal,N
17191,24,2023-01-18,83,38,Moderate,N
17192,24,2023-01-19,16,33,Normal,N
17193,24,2023-01-20,17,30,Normal,N
17194,24,2023-01-21,60,24,Normal,N
17195,24,2023-01-22,67,33,Normal,N
17196,24,2023-01-23,79,35,Severe,Y
17197,24,2023-01-24,2,28,Severe,Y
17198,24,2023-01-25,20,43,Normal,N
17199,24,2023-01-26,20,38,Severe,Y
17200,24,2023-01-27,106,36,Severe,Y
17201,24,2023-01-28,117,28,Severe,Y
17202,24,2023-01-29,136,36,Normal,N
17203,24,2023-01-30,37,35,Severe,Y
17204,24,2023-01-31,32,40,Moderate,N
17205,24,2023-02-01,20,40,Normal,N
17206,24,2023-02-02,90,41,Normal,N
17207,24,2023-02-03,35,32,Moderate,N
17208,24,2023-02-04,101,37,Moderate,N
17209,24,2023-02-05,16,26,Moderate,N
17210,24,2023-02-06,66,40,Normal,N
17211,24,2023-02-07,110,32,Severe,Y
17212,24,2023-02-08,118,32,Severe,Y
17213,24,2023-02-09,108,30,Normal,N
17214,24,2023-02-10,123,25,Severe,Y
17215,24,2023-02-11,32,38,Moderate,N
17216,24,2023-02-12,58,38,Severe,Y
17217,24,2023-02-13,59,28,Normal,N
17218,24,2023-02-14,51,32,Normal,N
17219,24,2023-02-15,17,34,Normal,N
17220,24,2023-02-16,4,34,Severe,Y
17221,24,2023-02-17,9,29,Normal,N
17222,24,2023-02-18,19,37,Normal,N
17223,24,2023-02-19,97,34,Moderate,N
17224,24,2023-02-20,46,42,Moderate,N
17225,24,2023-02-21,115,42,Normal,N
17226,24,2023-02-22,3,38,Moderate,N
17227,24,2023-02-23,113,40,Severe,Y
17228,24,2023-02-24,44,43,Moderate,N
17229,24,2023-02-25,82,35,Normal,N
17230,24,2023-02-26,117,25,Moderate,N
17231,24,2023-02-27,65,27,Moderate,N
17232,24,2023-02-28,15,32,Severe,Y
17233,24,2023-03-01,104,42,Normal,N
17234,24,2023-03-02,73,41,Moderate,N
17235,24,2023-03-03,89,28,Normal,N
17236,24,2023-03-04,33,30,Normal,N
17237,24,2023-03-05,115,29,Normal,N
17238,24,2023-03-06,71,40,Normal,N
17239,24,2023-03-07,52,28,Normal,N
17240,24,2023-03-08,35,37,Moderate,N
17241,24,2023-03-09,21,36,Severe,Y
17242,24,2023-03-10,97,34,Normal,N
17243,24,2023-03-11,63,41,Moderate,N
17244,24,2023-03-12,87,39,Normal,N
17245,24,2023-03-13,10,33,Normal,N
17246,24,2023-03-14,58,29,Normal,N
17247,24,2023-03-15,48,33,Moderate,N
17248,24,2023-03-16,41,39,Normal,N
17249,24,2023-03-17,42,27,Normal,N
17250,24,2023-03-18,114,32,Moderate,N
17251,24,2023-03-19,58,28,Moderate,N
17252,24,2023-03-20,37,34,Moderate,N
17253,24,2023-03-21,66,39,Normal,N
17254,24,2023-03-22,78,41,Normal,N
17255,24,2023-03-23,133,27,Normal,N
17256,24,2023-03-24,122,27,Normal,N
17257,24,2023-03-25,58,39,Normal,N
17258,24,2023-03-26,81,42,Normal,N
17259,24,2023-03-27,90,42,Moderate,N
17260,24,2023-03-28,132,39,Normal,N
17261,24,2023-03-29,87,26,Normal,N
17262,24,2023-03-30,92,33,Normal,N
17263,24,2023-03-31,66,30,Normal,N
17264,24,2023-04-01,46,42,Normal,N
17265,24,2023-04-02,10,39,Severe,Y
17266,24,2023-04-03,85,26,Normal,N
17267,24,2023-04-04,109,41,Moderate,N
17268,24,2023-04-05,38,42,Normal,N
17269,24,2023-04-06,60,37,Normal,N
17270,24,2023-04-07,131,33,Normal,N
17271,24,2023-04-08,112,35,Severe,Y
17272,24,2023-04-09,92,33,Moderate,N
17273,24,2023-04-10,9,34,Normal,N
17274,24,2023-04-11,112,29,Normal,N
17275,24,2023-04-12,30,31,Normal,N
17276,24,2023-04-13,1,25,Normal,N
17277,24,2023-04-14,61,33,Normal,N
17278,24,2023-04-15,52,35,Severe,Y
17279,24,2023-04-16,75,30,Normal,N
17280,24,2023-04-17,7,34,Normal,N
17281,24,2023-04-18,114,32,Moderate,N
17282,24,2023-04-19,67,33,Normal,N
17283,24,2023-04-20,87,42,Normal,N
17284,24,2023-04-21,88,28,Severe,Y
17285,24,2023-04-22,63,43,Moderate,N
17286,24,2023-04-23,28,42,Normal,N
17287,24,2023-04-24,56,37,Moderate,N
17288,24,2023-04-25,107,42,Severe,Y
17289,24,2023-04-26,106,24,Normal,N
17290,24,2023-04-27,87,38,Normal,N
17291,24,2023-04-28,90,35,Moderate,N
17292,24,2023-04-29,108,41,Normal,N
17293,24,2023-04-30,93,36,Normal,N
17294,24,2023-05-01,36,26,Normal,N
17295,24,2023-05-02,109,34,Moderate,N
17296,24,2023-05-03,127,27,Moderate,N
17297,24,2023-05-04,105,27,Normal,N
17298,24,2023-05-05,5,31,Normal,N
17299,24,2023-05-06,73,43,Normal,N
17300,24,2023-05-07,32,30,Moderate,N
17301,24,2023-05-08,46,35,Normal,N
17302,24,2023-05-09,67,26,Normal,N
17303,24,2023-05-10,91,39,Normal,N
17304,24,2023-05-11,95,34,Normal,N
17305,24,2023-05-12,138,33,Normal,N
17306,24,2023-05-13,92,34,Normal,N
17307,24,2023-05-14,71,33,Moderate,N
17308,24,2023-05-15,57,27,Normal,N
17309,24,2023-05-16,11,39,Normal,N
17310,24,2023-05-17,77,24,Normal,N
17311,24,2023-05-18,5,42,Normal,N
17312,24,2023-05-19,19,43,Normal,N
17313,24,2023-05-20,117,29,Normal,N
17314,24,2023-05-21,135,27,Moderate,N
17315,24,2023-05-22,59,26,Normal,N
17316,24,2023-05-23,60,37,Normal,N
17317,24,2023-05-24,60,37,Normal,N
17318,24,2023-05-25,28,37,Normal,N
17319,24,2023-05-26,0,35,Normal,N
17320,24,2023-05-27,127,41,Normal,N
17321,24,2023-05-28,90,29,Moderate,N
17322,24,2023-05-29,68,42,Severe,Y
17323,24,2023-05-30,130,35,Severe,Y
17324,24,2023-05-31,128,33,Moderate,N
17325,24,2023-06-01,12,25,Normal,N
17326,24,2023-06-02,17,43,Normal,N
17327,24,2023-06-03,101,35,Moderate,N
17328,24,2023-06-04,113,30,Normal,N
17329,24,2023-06-05,28,30,Moderate,N
17330,24,2023-06-06,16,34,Normal,N
17331,24,2023-06-07,44,25,Moderate,N
17332,24,2023-06-08,103,42,Normal,N
17333,24,2023-06-09,54,32,Normal,N
17334,24,2023-06-10,69,35,Normal,N
17335,24,2023-06-11,102,39,Moderate,N
17336,24,2023-06-12,31,33,Normal,N
17337,24,2023-06-13,58,32,Normal,N
17338,24,2023-06-14,34,42,Moderate,N
17339,24,2023-06-15,91,30,Normal,N
17340,24,2023-06-16,123,40,Normal,N
17341,24,2023-06-17,108,29,Normal,N
17342,24,2023-06-18,25,26,Normal,N
17343,24,2023-06-19,32,38,Moderate,N
17344,24,2023-06-20,44,43,Severe,Y
17345,24,2023-06-21,120,39,Moderate,N
17346,24,2023-06-22,77,43,Normal,N
17347,24,2023-06-23,27,34,Normal,N
17348,24,2023-06-24,81,32,Normal,N
17349,24,2023-06-25,108,38,Normal,N
17350,24,2023-06-26,99,31,Normal,N
17351,24,2023-06-27,14,27,Normal,N
17352,24,2023-06-28,68,28,Normal,N
17353,24,2023-06-29,82,34,Normal,N
17354,24,2023-06-30,108,24,Severe,Y
17355,24,2023-07-01,26,26,Normal,N
17356,24,2023-07-02,39,42,Normal,N
17357,24,2023-07-03,26,38,Normal,N
17358,24,2023-07-04,32,25,Normal,N
17359,24,2023-07-05,120,42,Normal,N
17360,24,2023-07-06,24,29,Moderate,N
17361,24,2023-07-07,55,32,Normal,N
17362,24,2023-07-08,50,41,Normal,N
17363,24,2023-07-09,76,24,Normal,N
17364,24,2023-07-10,44,39,Moderate,N
17365,24,2023-07-11,11,29,Normal,N
17366,24,2023-07-12,5,29,Normal,N
17367,24,2023-07-13,7,41,Normal,N
17368,24,2023-07-14,82,26,Moderate,N
17369,24,2023-07-15,133,27,Normal,N
17370,24,2023-07-16,88,39,Normal,N
17371,24,2023-07-17,80,24,Normal,N
17372,24,2023-07-18,83,34,Normal,N
17373,24,2023-07-19,128,31,Normal,N
17374,24,2023-07-20,34,36,Moderate,N
17375,24,2023-07-21,67,26,Normal,N
17376,24,2023-07-22,49,25,Normal,N
17377,24,2023-07-23,40,28,Severe,Y
17378,24,2023-07-24,43,38,Normal,N
17379,24,2023-07-25,34,32,Normal,N
17380,24,2023-07-26,23,43,Normal,N
17381,24,2023-07-27,88,26,Moderate,N
17382,24,2023-07-28,14,31,Normal,N
17383,24,2023-07-29,51,41,Normal,N
17384,24,2023-07-30,120,26,Normal,N
17385,24,2023-07-31,12,37,Normal,N
17386,24,2023-08-01,10,26,Moderate,N
17387,24,2023-08-02,22,39,Normal,N
17388,24,2023-08-03,98,33,Moderate,N
17389,24,2023-08-04,110,26,Normal,N
17390,24,2023-08-05,134,42,Normal,N
17391,24,2023-08-06,121,34,Moderate,N
17392,24,2023-08-07,78,29,Moderate,N
17393,24,2023-08-08,97,26,Normal,N
17394,24,2023-08-09,118,38,Normal,N
17395,24,2023-08-10,108,41,Normal,N
17396,24,2023-08-11,83,26,Normal,N
17397,24,2023-08-12,138,42,Moderate,N
17398,24,2023-08-13,88,33,Normal,N
17399,24,2023-08-14,85,35,Normal,N
17400,24,2023-08-15,73,41,Normal,N
17401,24,2023-08-16,100,37,Normal,N
17402,24,2023-08-17,125,26,Normal,N
17403,24,2023-08-18,88,29,Moderate,N
17404,24,2023-08-19,25,25,Normal,N
17405,24,2023-08-20,80,42,Normal,N
17406,24,2023-08-21,96,26,Moderate,N
17407,24,2023-08-22,111,36,Normal,N
17408,24,2023-08-23,12,29,Severe,Y
17409,24,2023-08-24,84,43,Moderate,N
17410,24,2023-08-25,129,35,Normal,N
17411,24,2023-08-26,44,38,Normal,N
17412,24,2023-08-27,79,32,Normal,N
17413,24,2023-08-28,8,34,Normal,N
17414,24,2023-08-29,3,32,Normal,N
17415,24,2023-08-30,21,35,Normal,N
17416,24,2023-08-31,112,26,Normal,N
17417,24,2023-09-01,105,41,Moderate,N
17418,24,2023-09-02,137,40,Moderate,N
17419,24,2023-09-03,33,29,Moderate,N
17420,24,2023-09-04,127,43,Normal,N
17421,24,2023-09-05,30,36,Normal,N
17422,24,2023-09-06,114,35,Normal,N
17423,24,2023-09-07,31,42,Moderate,N
17424,24,2023-09-08,126,35,Normal,N
17425,24,2023-09-09,55,43,Normal,N
17426,24,2023-09-10,36,40,Moderate,N
17427,24,2023-09-11,55,37,Normal,N
17428,24,2023-09-12,114,29,Normal,N
17429,24,2023-09-13,8,32,Normal,N
17430,24,2023-09-14,106,39,Moderate,N
17431,24,2023-09-15,41,41,Normal,N
17432,24,2023-09-16,133,37,Normal,N
17433,24,2023-09-17,28,39,Severe,Y
17434,24,2023-09-18,101,28,Normal,N
17435,24,2023-09-19,14,39,Normal,N
17436,24,2023-09-20,106,33,Moderate,N
17437,24,2023-09-21,26,33,Moderate,N
17438,24,2023-09-22,4,38,Normal,N
17439,24,2023-09-23,73,24,Normal,N
17440,24,2023-09-24,21,31,Normal,N
17441,24,2023-09-25,73,26,Severe,Y
17442,24,2023-09-26,46,34,Moderate,N
17443,24,2023-09-27,105,41,Normal,N
17444,24,2023-09-28,131,29,Normal,N
17445,24,2023-09-29,16,34,Normal,N
17446,24,2023-09-30,49,25,Normal,N
17447,24,2023-10-01,74,32,Severe,Y
17448,24,2023-10-02,23,33,Severe,Y
17449,24,2023-10-03,41,33,Severe,Y
17450,24,2023-10-04,84,31,Moderate,N
17451,24,2023-10-05,119,27,Normal,N
17452,24,2023-10-06,86,37,Moderate,N
17453,24,2023-10-07,115,36,Normal,N
17454,24,2023-10-08,48,26,Moderate,N
17455,24,2023-10-09,22,37,Normal,N
17456,24,2023-10-10,90,30,Normal,N
17457,24,2023-10-11,115,40,Normal,N
17458,24,2023-10-12,0,37,Moderate,N
17459,24,2023-10-13,78,42,Normal,N
17460,24,2023-10-14,32,32,Moderate,N
17461,24,2023-10-15,25,39,Normal,N
17462,24,2023-10-16,25,32,Moderate,N
17463,24,2023-10-17,111,29,Normal,N
17464,24,2023-10-18,122,36,Normal,N
17465,24,2023-10-19,85,43,Normal,N
17466,24,2023-10-20,15,40,Moderate,N
17467,24,2023-10-21,58,34,Normal,N
17468,24,2023-10-22,108,33,Normal,N
17469,24,2023-10-23,100,43,Moderate,N
17470,24,2023-10-24,48,25,Normal,N
17471,24,2023-10-25,114,26,Moderate,N
17472,24,2023-10-26,66,34,Moderate,N
17473,24,2023-10-27,60,37,Normal,N
17474,24,2023-10-28,89,31,Moderate,N
17475,24,2023-10-29,70,40,Normal,N
17476,24,2023-10-30,41,30,Normal,N
17477,24,2023-10-31,16,28,Normal,N
17478,24,2023-11-01,29,24,Normal,N
17479,24,2023-11-02,123,32,Normal,N
17480,24,2023-11-03,10,24,Normal,N
17481,24,2023-11-04,80,27,Moderate,N
17482,24,2023-11-05,81,38,Normal,N
17483,24,2023-11-06,42,30,Normal,N
17484,24,2023-11-07,0,42,Normal,N
17485,24,2023-11-08,86,30,Normal,N
17486,24,2023-11-09,103,33,Normal,N
17487,24,2023-11-10,93,38,Normal,N
17488,24,2023-11-11,33,24,Normal,N
17489,24,2023-11-12,48,36,Normal,N
17490,24,2023-11-13,64,34,Moderate,N
17491,24,2023-11-14,125,39,Moderate,N
17492,24,2023-11-15,12,30,Normal,N
17493,24,2023-11-16,140,39,Normal,N
17494,24,2023-11-17,85,43,Severe,Y
17495,24,2023-11-18,55,25,Normal,N
17496,24,2023-11-19,123,37,Severe,Y
17497,24,2023-11-20,30,34,Normal,N
17498,24,2023-11-21,134,41,Severe,Y
17499,24,2023-11-22,111,34,Normal,N
17500,24,2023-11-23,120,31,Normal,N
17501,24,2023-11-24,87,26,Severe,Y
17502,24,2023-11-25,134,34,Moderate,N
17503,24,2023-11-26,58,40,Severe,Y
17504,24,2023-11-27,24,26,Normal,N
17505,24,2023-11-28,133,39,Moderate,N
17506,24,2023-11-29,32,35,Normal,N
17507,24,2023-11-30,118,28,Moderate,N
17508,24,2023-12-01,54,39,Normal,N
17509,24,2023-12-02,57,25,Normal,N
17510,24,2023-12-03,129,31,Normal,N
17511,24,2023-12-04,90,24,Normal,N
17512,24,2023-12-05,71,38,Moderate,N
17513,24,2023-12-06,137,25,Normal,N
17514,24,2023-12-07,123,28,Normal,N
17515,24,2023-12-08,18,39,Severe,Y
17516,24,2023-12-09,42,35,Normal,N
17517,24,2023-12-10,99,39,Normal,N
17518,24,2023-12-11,105,24,Normal,N
17519,24,2023-12-12,13,32,Normal,N
17520,24,2023-12-13,140,37,Normal,N
17521,24,2023-12-14,37,26,Moderate,N
17522,24,2023-12-15,107,30,Normal,N
17523,24,2023-12-16,119,33,Severe,Y
17524,24,2023-12-17,140,39,Moderate,N
17525,24,2023-12-18,76,41,Normal,N
17526,24,2023-12-19,21,40,Moderate,N
17527,24,2023-12-20,93,29,Normal,N
17528,24,2023-12-21,74,35,Normal,N
17529,24,2023-12-22,11,42,Normal,N
17530,24,2023-12-23,133,42,Normal,N
17531,24,2023-12-24,120,37,Normal,N
17532,24,2023-12-25,139,40,Moderate,N
17533,24,2023-12-26,44,34,Moderate,N
17534,24,2023-12-27,25,42,Severe,Y
17535,24,2023-12-28,14,34,Normal,N
17536,24,2023-12-29,29,35,Normal,N
17537,24,2023-12-30,63,38,Normal,N
17538,24,2023-12-31,44,36,Normal,N
17539,24,2024-01-01,14,43,Normal,N
17540,24,2024-01-02,36,36,Normal,N
17541,24,2024-01-03,7,38,Normal,N
17542,24,2024-01-04,82,43,Normal,N
17543,24,2024-01-05,7,39,Normal,N
17544,24,2024-01-06,72,43,Normal,N
17545,24,2024-01-07,138,29,Moderate,N
17546,24,2024-01-08,102,43,Moderate,N
17547,24,2024-01-09,65,26,Normal,N
17548,24,2024-01-10,5,40,Normal,N
17549,24,2024-01-11,97,29,Normal,N
17550,24,2024-01-12,63,40,Normal,N
17551,24,2024-01-13,95,27,Normal,N
17552,24,2024-01-14,42,32,Normal,N
17553,24,2024-01-15,89,27,Normal,N
17554,24,2024-01-16,15,37,Normal,N
17555,24,2024-01-17,97,42,Moderate,N
17556,24,2024-01-18,121,28,Normal,N
17557,24,2024-01-19,14,33,Normal,N
17558,24,2024-01-20,111,42,Severe,Y
17559,24,2024-01-21,90,34,Normal,N
17560,24,2024-01-22,23,37,Severe,Y
17561,24,2024-01-23,69,26,Moderate,N
17562,24,2024-01-24,85,35,Moderate,N
17563,24,2024-01-25,63,26,Normal,N
17564,24,2024-01-26,134,33,Normal,N
17565,24,2024-01-27,135,41,Normal,N
17566,24,2024-01-28,58,37,Normal,N
17567,24,2024-01-29,65,34,Moderate,N
17568,24,2024-01-30,80,31,Normal,N
17569,24,2024-01-31,8,42,Moderate,N
17570,24,2024-02-01,28,28,Normal,N
17571,24,2024-02-02,7,38,Severe,Y
17572,24,2024-02-03,116,25,Moderate,N
17573,24,2024-02-04,39,43,Normal,N
17574,24,2024-02-05,128,40,Moderate,N
17575,24,2024-02-06,127,42,Normal,N
17576,24,2024-02-07,108,32,Moderate,N
17577,24,2024-02-08,137,24,Moderate,N
17578,24,2024-02-09,31,25,Normal,N
17579,24,2024-02-10,46,28,Normal,N
17580,24,2024-02-11,2,33,Normal,N
17581,24,2024-02-12,139,37,Normal,N
17582,24,2024-02-13,131,31,Normal,N
17583,24,2024-02-14,120,34,Normal,N
17584,24,2024-02-15,15,42,Normal,N
17585,24,2024-02-16,134,32,Moderate,N
17586,24,2024-02-17,51,37,Normal,N
17587,24,2024-02-18,49,39,Normal,N
17588,24,2024-02-19,123,24,Normal,N
17589,24,2024-02-20,5,38,Moderate,N
17590,24,2024-02-21,99,32,Moderate,N
17591,24,2024-02-22,77,31,Severe,Y
17592,24,2024-02-23,125,38,Normal,N
17593,24,2024-02-24,2,40,Normal,N
17594,24,2024-02-25,40,28,Moderate,N
17595,24,2024-02-26,106,39,Normal,N
17596,24,2024-02-27,88,26,Moderate,N
17597,24,2024-02-28,18,24,Moderate,N
17598,24,2024-02-29,44,35,Normal,N
17599,24,2024-03-01,89,33,Moderate,N
17600,24,2024-03-02,69,39,Moderate,N
17601,24,2024-03-03,105,40,Normal,N
17602,24,2024-03-04,126,24,Normal,N
17603,24,2024-03-05,127,24,Moderate,N
17604,24,2024-03-06,66,43,Normal,N
17605,24,2024-03-07,28,40,Normal,N
17606,24,2024-03-08,8,38,Normal,N
17607,24,2024-03-09,68,41,Normal,N
17608,24,2024-03-10,4,27,Moderate,N
17609,24,2024-03-11,18,42,Moderate,N
17610,24,2024-03-12,120,30,Normal,N
17611,24,2024-03-13,55,37,Severe,Y
17612,24,2024-03-14,134,27,Moderate,N
17613,24,2024-03-15,108,27,Moderate,N
17614,24,2024-03-16,60,34,Normal,N
17615,24,2024-03-17,103,33,Severe,Y
17616,24,2024-03-18,11,43,Normal,N
17617,24,2024-03-19,90,39,Severe,Y
17618,24,2024-03-20,58,40,Moderate,N
17619,24,2024-03-21,7,26,Moderate,N
17620,24,2024-03-22,39,24,Normal,N
17621,24,2024-03-23,48,38,Moderate,N
17622,24,2024-03-24,57,39,Normal,N
17623,24,2024-03-25,91,42,Normal,N
17624,24,2024-03-26,132,42,Normal,N
17625,24,2024-03-27,48,31,Moderate,N
17626,24,2024-03-28,25,42,Severe,Y
17627,24,2024-03-29,94,31,Normal,N
17628,24,2024-03-30,56,31,Moderate,N
17629,24,2024-03-31,22,31,Normal,N
17630,24,2024-04-01,64,40,Moderate,N
17631,24,2024-04-02,14,41,Normal,N
17632,24,2024-04-03,81,25,Severe,Y
17633,24,2024-04-04,82,43,Normal,N
17634,24,2024-04-05,15,25,Normal,N
17635,24,2024-04-06,33,37,Moderate,N
17636,24,2024-04-07,83,29,Normal,N
17637,24,2024-04-08,48,32,Normal,N
17638,24,2024-04-09,95,41,Moderate,N
17639,24,2024-04-10,38,28,Normal,N
17640,24,2024-04-11,27,31,Normal,N
17641,24,2024-04-12,119,39,Moderate,N
17642,24,2024-04-13,22,27,Severe,Y
17643,24,2024-04-14,0,43,Normal,N
17644,24,2024-04-15,65,39,Normal,N
17645,24,2024-04-16,89,24,Moderate,N
17646,24,2024-04-17,73,29,Normal,N
17647,24,2024-04-18,58,29,Normal,N
17648,24,2024-04-19,111,29,Normal,N
17649,24,2024-04-20,29,42,Severe,Y
17650,24,2024-04-21,56,41,Normal,N
17651,24,2024-04-22,62,36,Moderate,N
17652,24,2024-04-23,19,35,Moderate,N
17653,24,2024-04-24,89,37,Normal,N
17654,24,2024-04-25,109,29,Normal,N
17655,24,2024-04-26,127,36,Moderate,N
17656,24,2024-04-27,104,33,Normal,N
17657,24,2024-04-28,88,32,Normal,N
17658,24,2024-04-29,87,29,Moderate,N
17659,24,2024-04-30,49,42,Normal,N
17660,24,2024-05-01,117,40,Normal,N
17661,24,2024-05-02,9,31,Normal,N
17662,24,2024-05-03,50,30,Normal,N
17663,24,2024-05-04,130,26,Severe,Y
17664,24,2024-05-05,75,42,Moderate,N
17665,24,2024-05-06,111,28,Normal,N
17666,24,2024-05-07,9,25,Normal,N
17667,24,2024-05-08,7,36,Normal,N
17668,24,2024-05-09,122,24,Normal,N
17669,24,2024-05-10,57,38,Normal,N
17670,24,2024-05-11,136,28,Normal,N
17671,24,2024-05-12,86,38,Severe,Y
17672,24,2024-05-13,65,28,Normal,N
17673,24,2024-05-14,6,37,Normal,N
17674,24,2024-05-15,8,33,Normal,N
17675,24,2024-05-16,53,43,Normal,N
17676,24,2024-05-17,49,36,Moderate,N
17677,24,2024-05-18,119,25,Normal,N
17678,24,2024-05-19,64,32,Moderate,N
17679,24,2024-05-20,111,34,Normal,N
17680,24,2024-05-21,41,31,Moderate,N
17681,24,2024-05-22,139,29,Normal,N
17682,24,2024-05-23,82,27,Moderate,N
17683,24,2024-05-24,124,27,Normal,N
17684,24,2024-05-25,43,40,Normal,N
17685,24,2024-05-26,7,28,Normal,N
17686,24,2024-05-27,97,30,Severe,Y
17687,24,2024-05-28,39,43,Normal,N
17688,24,2024-05-29,114,33,Moderate,N
17689,24,2024-05-30,100,33,Normal,N
17690,24,2024-05-31,123,37,Severe,Y
17691,24,2024-06-01,46,43,Moderate,N
17692,24,2024-06-02,43,33,Moderate,N
17693,24,2024-06-03,17,42,Moderate,N
17694,24,2024-06-04,71,40,Normal,N
17695,24,2024-06-05,89,40,Normal,N
17696,24,2024-06-06,62,24,Severe,Y
17697,24,2024-06-07,79,24,Normal,N
17698,24,2024-06-08,139,38,Normal,N
17699,24,2024-06-09,132,25,Normal,N
17700,24,2024-06-10,22,28,Normal,N
17701,25,2022-02-08,95,25,Severe,Y
17702,25,2022-02-09,85,33,Moderate,N
17703,25,2022-02-10,51,32,Moderate,N
17704,25,2022-02-11,128,41,Moderate,N
17705,25,2022-02-12,80,26,Normal,N
17706,25,2022-02-13,20,30,Normal,N
17707,25,2022-02-14,125,29,Normal,N
17708,25,2022-02-15,64,31,Normal,N
17709,25,2022-02-16,45,26,Normal,N
17710,25,2022-02-17,91,40,Normal,N
17711,25,2022-02-18,97,40,Normal,N
17712,25,2022-02-19,84,27,Normal,N
17713,25,2022-02-20,82,35,Severe,Y
17714,25,2022-02-21,64,25,Moderate,N
17715,25,2022-02-22,90,25,Severe,Y
17716,25,2022-02-23,76,35,Normal,N
17717,25,2022-02-24,10,30,Normal,N
17718,25,2022-02-25,118,35,Moderate,N
17719,25,2022-02-26,75,43,Normal,N
17720,25,2022-02-27,135,38,Moderate,N
17721,25,2022-02-28,86,42,Moderate,N
17722,25,2022-03-01,138,35,Normal,N
17723,25,2022-03-02,117,27,Moderate,N
17724,25,2022-03-03,37,29,Normal,N
17725,25,2022-03-04,130,36,Normal,N
17726,25,2022-03-05,133,41,Moderate,N
17727,25,2022-03-06,140,31,Normal,N
17728,25,2022-03-07,100,38,Normal,N
17729,25,2022-03-08,43,31,Normal,N
17730,25,2022-03-09,130,32,Normal,N
17731,25,2022-03-10,109,35,Normal,N
17732,25,2022-03-11,95,26,Moderate,N
17733,25,2022-03-12,106,41,Normal,N
17734,25,2022-03-13,62,27,Moderate,N
17735,25,2022-03-14,32,30,Normal,N
17736,25,2022-03-15,80,24,Normal,N
17737,25,2022-03-16,10,36,Normal,N
17738,25,2022-03-17,112,33,Normal,N
17739,25,2022-03-18,128,39,Moderate,N
17740,25,2022-03-19,8,25,Normal,N
17741,25,2022-03-20,60,37,Normal,N
17742,25,2022-03-21,119,38,Normal,N
17743,25,2022-03-22,27,34,Normal,N
17744,25,2022-03-23,70,36,Moderate,N
17745,25,2022-03-24,134,24,Moderate,N
17746,25,2022-03-25,19,43,Moderate,N
17747,25,2022-03-26,111,39,Severe,Y
17748,25,2022-03-27,42,34,Normal,N
17749,25,2022-03-28,99,29,Normal,N
17750,25,2022-03-29,116,36,Normal,N
17751,25,2022-03-30,41,43,Normal,N
17752,25,2022-03-31,92,34,Severe,Y
17753,25,2022-04-01,75,38,Moderate,N
17754,25,2022-04-02,19,25,Normal,N
17755,25,2022-04-03,58,34,Normal,N
17756,25,2022-04-04,22,26,Normal,N
17757,25,2022-04-05,42,28,Normal,N
17758,25,2022-04-06,62,37,Normal,N
17759,25,2022-04-07,139,30,Severe,Y
17760,25,2022-04-08,97,37,Severe,Y
17761,25,2022-04-09,99,34,Moderate,N
17762,25,2022-04-10,124,36,Normal,N
17763,25,2022-04-11,88,31,Moderate,N
17764,25,2022-04-12,24,39,Normal,N
17765,25,2022-04-13,39,29,Normal,N
17766,25,2022-04-14,124,42,Moderate,N
17767,25,2022-04-15,105,27,Moderate,N
17768,25,2022-04-16,28,35,Moderate,N
17769,25,2022-04-17,62,37,Normal,N
17770,25,2022-04-18,69,32,Moderate,N
17771,25,2022-04-19,131,35,Severe,Y
17772,25,2022-04-20,5,28,Severe,Y
17773,25,2022-04-21,32,25,Normal,N
17774,25,2022-04-22,108,34,Normal,N
17775,25,2022-04-23,16,34,Normal,N
17776,25,2022-04-24,66,35,Moderate,N
17777,25,2022-04-25,49,36,Normal,N
17778,25,2022-04-26,97,40,Normal,N
17779,25,2022-04-27,104,34,Moderate,N
17780,25,2022-04-28,103,33,Normal,N
17781,25,2022-04-29,23,26,Normal,N
17782,25,2022-04-30,22,24,Normal,N
17783,25,2022-05-01,61,28,Moderate,N
17784,25,2022-05-02,98,28,Severe,Y
17785,25,2022-05-03,108,26,Normal,N
17786,25,2022-05-04,134,40,Moderate,N
17787,25,2022-05-05,33,40,Moderate,N
17788,25,2022-05-06,119,28,Moderate,N
17789,25,2022-05-07,67,30,Moderate,N
17790,25,2022-05-08,87,28,Normal,N
17791,25,2022-05-09,50,35,Normal,N
17792,25,2022-05-10,120,28,Normal,N
17793,25,2022-05-11,24,24,Normal,N
17794,25,2022-05-12,19,27,Normal,N
17795,25,2022-05-13,57,40,Severe,Y
17796,25,2022-05-14,92,42,Moderate,N
17797,25,2022-05-15,90,25,Normal,N
17798,25,2022-05-16,132,30,Moderate,N
17799,25,2022-05-17,35,34,Normal,N
17800,25,2022-05-18,34,36,Severe,Y
17801,25,2022-05-19,133,24,Severe,Y
17802,25,2022-05-20,58,37,Normal,N
17803,25,2022-05-21,2,27,Normal,N
17804,25,2022-05-22,26,34,Normal,N
17805,25,2022-05-23,39,43,Normal,N
17806,25,2022-05-24,32,25,Normal,N
17807,25,2022-05-25,58,36,Normal,N
17808,25,2022-05-26,2,27,Moderate,N
17809,25,2022-05-27,138,36,Normal,N
17810,25,2022-05-28,93,34,Normal,N
17811,25,2022-05-29,98,42,Severe,Y
17812,25,2022-05-30,123,26,Moderate,N
17813,25,2022-05-31,8,24,Moderate,N
17814,25,2022-06-01,67,38,Normal,N
17815,25,2022-06-02,49,24,Severe,Y
17816,25,2022-06-03,3,43,Normal,N
17817,25,2022-06-04,129,33,Normal,N
17818,25,2022-06-05,122,31,Normal,N
17819,25,2022-06-06,99,30,Normal,N
17820,25,2022-06-07,106,33,Moderate,N
17821,25,2022-06-08,85,28,Normal,N
17822,25,2022-06-09,137,24,Normal,N
17823,25,2022-06-10,99,31,Moderate,N
17824,25,2022-06-11,67,38,Severe,Y
17825,25,2022-06-12,32,38,Normal,N
17826,25,2022-06-13,137,36,Normal,N
17827,25,2022-06-14,131,41,Normal,N
17828,25,2022-06-15,134,41,Moderate,N
17829,25,2022-06-16,80,30,Moderate,N
17830,25,2022-06-17,102,26,Normal,N
17831,25,2022-06-18,77,30,Normal,N
17832,25,2022-06-19,101,30,Normal,N
17833,25,2022-06-20,126,41,Normal,N
17834,25,2022-06-21,28,40,Normal,N
17835,25,2022-06-22,54,30,Normal,N
17836,25,2022-06-23,23,30,Moderate,N
17837,25,2022-06-24,50,33,Moderate,N
17838,25,2022-06-25,71,38,Severe,Y
17839,25,2022-06-26,22,26,Normal,N
17840,25,2022-06-27,77,26,Normal,N
17841,25,2022-06-28,104,42,Moderate,N
17842,25,2022-06-29,115,35,Normal,N
17843,25,2022-06-30,102,35,Normal,N
17844,25,2022-07-01,91,25,Normal,N
17845,25,2022-07-02,69,24,Normal,N
17846,25,2022-07-03,45,28,Moderate,N
17847,25,2022-07-04,69,40,Severe,Y
17848,25,2022-07-05,33,32,Moderate,N
17849,25,2022-07-06,99,39,Normal,N
17850,25,2022-07-07,133,32,Normal,N
17851,25,2022-07-08,118,24,Moderate,N
17852,25,2022-07-09,1,26,Normal,N
17853,25,2022-07-10,97,35,Normal,N
17854,25,2022-07-11,69,29,Moderate,N
17855,25,2022-07-12,108,36,Normal,N
17856,25,2022-07-13,104,24,Moderate,N
17857,25,2022-07-14,69,42,Normal,N
17858,25,2022-07-15,116,36,Moderate,N
17859,25,2022-07-16,72,36,Normal,N
17860,25,2022-07-17,20,35,Normal,N
17861,25,2022-07-18,114,25,Moderate,N
17862,25,2022-07-19,54,28,Severe,Y
17863,25,2022-07-20,133,36,Moderate,N
17864,25,2022-07-21,112,42,Normal,N
17865,25,2022-07-22,73,31,Normal,N
17866,25,2022-07-23,71,28,Normal,N
17867,25,2022-07-24,100,37,Moderate,N
17868,25,2022-07-25,63,29,Moderate,N
17869,25,2022-07-26,85,33,Normal,N
17870,25,2022-07-27,98,28,Moderate,N
17871,25,2022-07-28,115,30,Normal,N
17872,25,2022-07-29,65,35,Moderate,N
17873,25,2022-07-30,126,30,Moderate,N
17874,25,2022-07-31,133,34,Normal,N
17875,25,2022-08-01,30,34,Normal,N
17876,25,2022-08-02,34,36,Moderate,N
17877,25,2022-08-03,65,26,Moderate,N
17878,25,2022-08-04,0,31,Normal,N
17879,25,2022-08-05,93,35,Normal,N
17880,25,2022-08-06,139,42,Normal,N
17881,25,2022-08-07,36,39,Normal,N
17882,25,2022-08-08,40,38,Moderate,N
17883,25,2022-08-09,127,42,Moderate,N
17884,25,2022-08-10,33,25,Normal,N
17885,25,2022-08-11,31,31,Moderate,N
17886,25,2022-08-12,26,30,Normal,N
17887,25,2022-08-13,82,25,Normal,N
17888,25,2022-08-14,54,33,Moderate,N
17889,25,2022-08-15,128,28,Normal,N
17890,25,2022-08-16,21,30,Normal,N
17891,25,2022-08-17,84,40,Normal,N
17892,25,2022-08-18,119,24,Normal,N
17893,25,2022-08-19,96,26,Severe,Y
17894,25,2022-08-20,82,29,Normal,N
17895,25,2022-08-21,28,24,Normal,N
17896,25,2022-08-22,35,25,Moderate,N
17897,25,2022-08-23,68,25,Normal,N
17898,25,2022-08-24,64,35,Normal,N
17899,25,2022-08-25,129,40,Normal,N
17900,25,2022-08-26,115,40,Severe,Y
17901,25,2022-08-27,131,27,Normal,N
17902,25,2022-08-28,23,43,Moderate,N
17903,25,2022-08-29,69,42,Normal,N
17904,25,2022-08-30,95,36,Normal,N
17905,25,2022-08-31,78,31,Moderate,N
17906,25,2022-09-01,135,31,Moderate,N
17907,25,2022-09-02,1,33,Normal,N
17908,25,2022-09-03,34,40,Normal,N
17909,25,2022-09-04,78,27,Normal,N
17910,25,2022-09-05,94,34,Normal,N
17911,25,2022-09-06,15,36,Normal,N
17912,25,2022-09-07,13,43,Severe,Y
17913,25,2022-09-08,19,41,Severe,Y
17914,25,2022-09-09,96,30,Moderate,N
17915,25,2022-09-10,102,33,Moderate,N
17916,25,2022-09-11,101,36,Normal,N
17917,25,2022-09-12,129,25,Normal,N
17918,25,2022-09-13,19,36,Severe,Y
17919,25,2022-09-14,8,32,Moderate,N
17920,25,2022-09-15,100,36,Moderate,N
17921,25,2022-09-16,35,40,Normal,N
17922,25,2022-09-17,29,24,Normal,N
17923,25,2022-09-18,34,32,Normal,N
17924,25,2022-09-19,78,36,Moderate,N
17925,25,2022-09-20,49,26,Normal,N
17926,25,2022-09-21,109,41,Normal,N
17927,25,2022-09-22,140,41,Moderate,N
17928,25,2022-09-23,12,25,Normal,N
17929,25,2022-09-24,5,39,Normal,N
17930,25,2022-09-25,16,36,Normal,N
17931,25,2022-09-26,58,39,Severe,Y
17932,25,2022-09-27,84,25,Normal,N
17933,25,2022-09-28,0,32,Normal,N
17934,25,2022-09-29,69,25,Normal,N
17935,25,2022-09-30,116,37,Normal,N
17936,25,2022-10-01,62,33,Normal,N
17937,25,2022-10-02,9,38,Normal,N
17938,25,2022-10-03,65,36,Normal,N
17939,25,2022-10-04,118,36,Normal,N
17940,25,2022-10-05,10,33,Severe,Y
17941,25,2022-10-06,134,29,Normal,N
17942,25,2022-10-07,61,27,Moderate,N
17943,25,2022-10-08,68,37,Moderate,N
17944,25,2022-10-09,139,31,Moderate,N
17945,25,2022-10-10,79,34,Normal,N
17946,25,2022-10-11,130,40,Normal,N
17947,25,2022-10-12,6,37,Normal,N
17948,25,2022-10-13,122,39,Normal,N
17949,25,2022-10-14,106,35,Normal,N
17950,25,2022-10-15,18,43,Normal,N
17951,25,2022-10-16,17,40,Normal,N
17952,25,2022-10-17,42,28,Normal,N
17953,25,2022-10-18,59,32,Moderate,N
17954,25,2022-10-19,110,43,Normal,N
17955,25,2022-10-20,70,36,Severe,Y
17956,25,2022-10-21,94,32,Normal,N
17957,25,2022-10-22,71,40,Normal,N
17958,25,2022-10-23,113,38,Normal,N
17959,25,2022-10-24,48,30,Normal,N
17960,25,2022-10-25,9,25,Normal,N
17961,25,2022-10-26,9,31,Moderate,N
17962,25,2022-10-27,133,28,Normal,N
17963,25,2022-10-28,89,36,Normal,N
17964,25,2022-10-29,70,33,Normal,N
17965,25,2022-10-30,108,41,Normal,N
17966,25,2022-10-31,110,40,Normal,N
17967,25,2022-11-01,55,30,Normal,N
17968,25,2022-11-02,6,39,Normal,N
17969,25,2022-11-03,17,38,Normal,N
17970,25,2022-11-04,54,38,Normal,N
17971,25,2022-11-05,127,26,Normal,N
17972,25,2022-11-06,138,32,Moderate,N
17973,25,2022-11-07,91,36,Normal,N
17974,25,2022-11-08,27,38,Moderate,N
17975,25,2022-11-09,46,25,Moderate,N
17976,25,2022-11-10,108,39,Moderate,N
17977,25,2022-11-11,62,27,Moderate,N
17978,25,2022-11-12,18,42,Moderate,N
17979,25,2022-11-13,26,36,Normal,N
17980,25,2022-11-14,135,37,Normal,N
17981,25,2022-11-15,22,26,Normal,N
17982,25,2022-11-16,32,27,Normal,N
17983,25,2022-11-17,54,32,Normal,N
17984,25,2022-11-18,35,37,Normal,N
17985,25,2022-11-19,95,29,Normal,N
17986,25,2022-11-20,101,36,Moderate,N
17987,25,2022-11-21,80,27,Normal,N
17988,25,2022-11-22,61,27,Moderate,N
17989,25,2022-11-23,125,36,Normal,N
17990,25,2022-11-24,96,43,Normal,N
17991,25,2022-11-25,133,26,Moderate,N
17992,25,2022-11-26,51,35,Normal,N
17993,25,2022-11-27,29,40,Severe,Y
17994,25,2022-11-28,129,36,Moderate,N
17995,25,2022-11-29,24,42,Normal,N
17996,25,2022-11-30,133,34,Normal,N
17997,25,2022-12-01,35,31,Normal,N
17998,25,2022-12-02,44,27,Moderate,N
17999,25,2022-12-03,45,32,Normal,N
18000,25,2022-12-04,132,40,Normal,N
18001,25,2022-12-05,86,36,Moderate,N
18002,25,2022-12-06,128,35,Normal,N
18003,25,2022-12-07,65,43,Normal,N
18004,25,2022-12-08,75,30,Normal,N
18005,25,2022-12-09,88,39,Moderate,N
18006,25,2022-12-10,59,40,Normal,N
18007,25,2022-12-11,99,24,Moderate,N
18008,25,2022-12-12,104,32,Normal,N
18009,25,2022-12-13,12,36,Moderate,N
18010,25,2022-12-14,132,28,Normal,N
18011,25,2022-12-15,82,39,Moderate,N
18012,25,2022-12-16,77,30,Severe,Y
18013,25,2022-12-17,117,24,Moderate,N
18014,25,2022-12-18,23,37,Normal,N
18015,25,2022-12-19,34,40,Moderate,N
18016,25,2022-12-20,110,36,Normal,N
18017,25,2022-12-21,133,33,Normal,N
18018,25,2022-12-22,140,34,Normal,N
18019,25,2022-12-23,51,36,Normal,N
18020,25,2022-12-24,105,28,Normal,N
18021,25,2022-12-25,64,26,Severe,Y
18022,25,2022-12-26,140,33,Normal,N
18023,25,2022-12-27,11,41,Normal,N
18024,25,2022-12-28,48,30,Normal,N
18025,25,2022-12-29,55,27,Normal,N
18026,25,2022-12-30,93,33,Normal,N
18027,25,2022-12-31,123,36,Moderate,N
18028,25,2023-01-01,137,29,Moderate,N
18029,25,2023-01-02,140,43,Normal,N
18030,25,2023-01-03,5,38,Normal,N
18031,25,2023-01-04,26,28,Normal,N
18032,25,2023-01-05,36,26,Moderate,N
18033,25,2023-01-06,35,32,Normal,N
18034,25,2023-01-07,9,40,Normal,N
18035,25,2023-01-08,23,38,Moderate,N
18036,25,2023-01-09,35,24,Moderate,N
18037,25,2023-01-10,29,37,Normal,N
18038,25,2023-01-11,12,24,Normal,N
18039,25,2023-01-12,140,39,Normal,N
18040,25,2023-01-13,24,33,Normal,N
18041,25,2023-01-14,38,33,Normal,N
18042,25,2023-01-15,127,27,Moderate,N
18043,25,2023-01-16,73,40,Normal,N
18044,25,2023-01-17,87,28,Normal,N
18045,25,2023-01-18,64,34,Moderate,N
18046,25,2023-01-19,113,43,Normal,N
18047,25,2023-01-20,4,41,Normal,N
18048,25,2023-01-21,66,36,Moderate,N
18049,25,2023-01-22,107,32,Moderate,N
18050,25,2023-01-23,56,24,Moderate,N
18051,25,2023-01-24,82,28,Normal,N
18052,25,2023-01-25,107,32,Normal,N
18053,25,2023-01-26,107,41,Normal,N
18054,25,2023-01-27,112,30,Moderate,N
18055,25,2023-01-28,83,39,Moderate,N
18056,25,2023-01-29,120,26,Normal,N
18057,25,2023-01-30,17,36,Moderate,N
18058,25,2023-01-31,2,32,Normal,N
18059,25,2023-02-01,117,38,Severe,Y
18060,25,2023-02-02,58,33,Normal,N
18061,25,2023-02-03,70,43,Normal,N
18062,25,2023-02-04,61,35,Moderate,N
18063,25,2023-02-05,27,33,Normal,N
18064,25,2023-02-06,45,28,Moderate,N
18065,25,2023-02-07,15,30,Normal,N
18066,25,2023-02-08,33,29,Normal,N
18067,25,2023-02-09,8,38,Normal,N
18068,25,2023-02-10,15,41,Severe,Y
18069,25,2023-02-11,94,30,Moderate,N
18070,25,2023-02-12,20,29,Moderate,N
18071,25,2023-02-13,80,39,Normal,N
18072,25,2023-02-14,123,27,Severe,Y
18073,25,2023-02-15,86,31,Normal,N
18074,25,2023-02-16,81,32,Normal,N
18075,25,2023-02-17,135,28,Severe,Y
18076,25,2023-02-18,73,42,Normal,N
18077,25,2023-02-19,92,24,Normal,N
18078,25,2023-02-20,100,38,Normal,N
18079,25,2023-02-21,81,39,Moderate,N
18080,25,2023-02-22,130,28,Normal,N
18081,25,2023-02-23,7,35,Normal,N
18082,25,2023-02-24,52,33,Severe,Y
18083,25,2023-02-25,54,40,Normal,N
18084,25,2023-02-26,116,40,Normal,N
18085,25,2023-02-27,60,34,Normal,N
18086,25,2023-02-28,127,35,Normal,N
18087,25,2023-03-01,78,42,Normal,N
18088,25,2023-03-02,70,41,Moderate,N
18089,25,2023-03-03,76,37,Normal,N
18090,25,2023-03-04,15,32,Severe,Y
18091,25,2023-03-05,93,28,Moderate,N
18092,25,2023-03-06,22,40,Severe,Y
18093,25,2023-03-07,8,34,Normal,N
18094,25,2023-03-08,55,42,Normal,N
18095,25,2023-03-09,62,33,Normal,N
18096,25,2023-03-10,82,38,Moderate,N
18097,25,2023-03-11,5,24,Normal,N
18098,25,2023-03-12,15,41,Normal,N
18099,25,2023-03-13,65,26,Normal,N
18100,25,2023-03-14,103,29,Moderate,N
18101,25,2023-03-15,112,30,Moderate,N
18102,25,2023-03-16,116,25,Normal,N
18103,25,2023-03-17,0,41,Moderate,N
18104,25,2023-03-18,131,26,Normal,N
18105,25,2023-03-19,101,29,Normal,N
18106,25,2023-03-20,30,25,Moderate,N
18107,25,2023-03-21,139,36,Normal,N
18108,25,2023-03-22,116,41,Normal,N
18109,25,2023-03-23,101,33,Moderate,N
18110,25,2023-03-24,4,25,Moderate,N
18111,25,2023-03-25,9,35,Moderate,N
18112,25,2023-03-26,86,24,Normal,N
18113,25,2023-03-27,128,41,Normal,N
18114,25,2023-03-28,131,42,Normal,N
18115,25,2023-03-29,54,31,Moderate,N
18116,25,2023-03-30,0,25,Normal,N
18117,25,2023-03-31,111,42,Normal,N
18118,25,2023-04-01,19,26,Normal,N
18119,25,2023-04-02,27,40,Normal,N
18120,25,2023-04-03,5,39,Severe,Y
18121,25,2023-04-04,11,26,Severe,Y
18122,25,2023-04-05,1,34,Moderate,N
18123,25,2023-04-06,9,43,Moderate,N
18124,25,2023-04-07,2,29,Normal,N
18125,25,2023-04-08,72,37,Normal,N
18126,25,2023-04-09,59,33,Moderate,N
18127,25,2023-04-10,18,30,Normal,N
18128,25,2023-04-11,88,26,Normal,N
18129,25,2023-04-12,93,35,Moderate,N
18130,25,2023-04-13,82,32,Normal,N
18131,25,2023-04-14,91,28,Normal,N
18132,25,2023-04-15,126,24,Normal,N
18133,25,2023-04-16,81,40,Severe,Y
18134,25,2023-04-17,26,28,Moderate,N
18135,25,2023-04-18,69,40,Moderate,N
18136,25,2023-04-19,57,42,Normal,N
18137,25,2023-04-20,99,39,Normal,N
18138,25,2023-04-21,87,43,Moderate,N
18139,25,2023-04-22,115,29,Normal,N
18140,25,2023-04-23,83,35,Normal,N
18141,25,2023-04-24,123,25,Severe,Y
18142,25,2023-04-25,77,35,Moderate,N
18143,25,2023-04-26,127,34,Normal,N
18144,25,2023-04-27,122,32,Normal,N
18145,25,2023-04-28,79,36,Normal,N
18146,25,2023-04-29,81,24,Severe,Y
18147,25,2023-04-30,6,28,Moderate,N
18148,25,2023-05-01,52,43,Normal,N
18149,25,2023-05-02,51,30,Normal,N
18150,25,2023-05-03,112,42,Normal,N
18151,25,2023-05-04,41,35,Severe,Y
18152,25,2023-05-05,87,32,Normal,N
18153,25,2023-05-06,25,32,Normal,N
18154,25,2023-05-07,8,26,Normal,N
18155,25,2023-05-08,6,31,Normal,N
18156,25,2023-05-09,6,40,Normal,N
18157,25,2023-05-10,135,28,Normal,N
18158,25,2023-05-11,34,31,Severe,Y
18159,25,2023-05-12,23,32,Normal,N
18160,25,2023-05-13,92,43,Moderate,N
18161,25,2023-05-14,92,38,Normal,N
18162,25,2023-05-15,29,27,Severe,Y
18163,25,2023-05-16,22,36,Severe,Y
18164,25,2023-05-17,108,32,Normal,N
18165,25,2023-05-18,124,25,Normal,N
18166,25,2023-05-19,85,31,Normal,N
18167,25,2023-05-20,20,31,Severe,Y
18168,25,2023-05-21,49,40,Moderate,N
18169,25,2023-05-22,10,41,Moderate,N
18170,25,2023-05-23,33,28,Moderate,N
18171,25,2023-05-24,69,36,Moderate,N
18172,25,2023-05-25,40,40,Severe,Y
18173,25,2023-05-26,133,41,Severe,Y
18174,25,2023-05-27,115,35,Normal,N
18175,25,2023-05-28,45,36,Moderate,N
18176,25,2023-05-29,104,41,Normal,N
18177,25,2023-05-30,68,37,Normal,N
18178,25,2023-05-31,70,39,Normal,N
18179,25,2023-06-01,103,25,Severe,Y
18180,25,2023-06-02,97,27,Moderate,N
18181,25,2023-06-03,27,42,Normal,N
18182,25,2023-06-04,68,27,Normal,N
18183,25,2023-06-05,4,42,Moderate,N
18184,25,2023-06-06,21,34,Normal,N
18185,25,2023-06-07,99,27,Normal,N
18186,25,2023-06-08,1,33,Normal,N
18187,25,2023-06-09,93,41,Normal,N
18188,25,2023-06-10,58,26,Normal,N
18189,25,2023-06-11,8,41,Normal,N
18190,25,2023-06-12,98,32,Normal,N
18191,25,2023-06-13,55,27,Moderate,N
18192,25,2023-06-14,131,38,Moderate,N
18193,25,2023-06-15,41,33,Normal,N
18194,25,2023-06-16,113,27,Moderate,N
18195,25,2023-06-17,114,33,Normal,N
18196,25,2023-06-18,64,24,Severe,Y
18197,25,2023-06-19,23,34,Normal,N
18198,25,2023-06-20,44,40,Moderate,N
18199,25,2023-06-21,54,38,Normal,N
18200,25,2023-06-22,101,37,Moderate,N
18201,25,2023-06-23,19,27,Normal,N
18202,25,2023-06-24,121,33,Moderate,N
18203,25,2023-06-25,62,31,Normal,N
18204,25,2023-06-26,137,24,Normal,N
18205,25,2023-06-27,7,41,Normal,N
18206,25,2023-06-28,34,29,Normal,N
18207,25,2023-06-29,29,33,Normal,N
18208,25,2023-06-30,71,24,Moderate,N
18209,25,2023-07-01,42,26,Normal,N
18210,25,2023-07-02,41,28,Normal,N
18211,25,2023-07-03,137,30,Moderate,N
18212,25,2023-07-04,10,32,Normal,N
18213,25,2023-07-05,78,37,Severe,Y
18214,25,2023-07-06,127,29,Normal,N
18215,25,2023-07-07,44,41,Normal,N
18216,25,2023-07-08,103,33,Normal,N
18217,25,2023-07-09,100,27,Normal,N
18218,25,2023-07-10,18,41,Severe,Y
18219,25,2023-07-11,9,34,Normal,N
18220,25,2023-07-12,108,28,Moderate,N
18221,25,2023-07-13,107,29,Normal,N
18222,25,2023-07-14,13,27,Normal,N
18223,25,2023-07-15,131,32,Severe,Y
18224,25,2023-07-16,92,28,Normal,N
18225,25,2023-07-17,85,25,Normal,N
18226,25,2023-07-18,109,34,Severe,Y
18227,25,2023-07-19,8,43,Moderate,N
18228,25,2023-07-20,10,33,Normal,N
18229,25,2023-07-21,10,32,Moderate,N
18230,25,2023-07-22,13,40,Moderate,N
18231,25,2023-07-23,61,27,Normal,N
18232,25,2023-07-24,42,40,Moderate,N
18233,25,2023-07-25,102,34,Normal,N
18234,25,2023-07-26,114,40,Severe,Y
18235,25,2023-07-27,86,25,Normal,N
18236,25,2023-07-28,16,27,Normal,N
18237,25,2023-07-29,61,40,Moderate,N
18238,25,2023-07-30,74,34,Normal,N
18239,25,2023-07-31,138,28,Moderate,N
18240,25,2023-08-01,88,28,Moderate,N
18241,25,2023-08-02,130,31,Normal,N
18242,25,2023-08-03,126,37,Normal,N
18243,25,2023-08-04,81,27,Moderate,N
18244,25,2023-08-05,33,34,Severe,Y
18245,25,2023-08-06,134,27,Moderate,N
18246,25,2023-08-07,2,38,Severe,Y
18247,25,2023-08-08,116,41,Normal,N
18248,25,2023-08-09,91,41,Moderate,N
18249,25,2023-08-10,130,25,Severe,Y
18250,25,2023-08-11,140,27,Normal,N
18251,25,2023-08-12,100,39,Normal,N
18252,25,2023-08-13,104,32,Normal,N
18253,25,2023-08-14,15,27,Normal,N
18254,25,2023-08-15,9,41,Severe,Y
18255,25,2023-08-16,76,27,Normal,N
18256,25,2023-08-17,12,41,Normal,N
18257,25,2023-08-18,46,38,Normal,N
18258,25,2023-08-19,113,30,Moderate,N
18259,25,2023-08-20,30,25,Normal,N
18260,25,2023-08-21,49,28,Normal,N
18261,25,2023-08-22,24,30,Normal,N
18262,25,2023-08-23,10,31,Normal,N
18263,25,2023-08-24,11,43,Normal,N
18264,25,2023-08-25,42,42,Severe,Y
18265,25,2023-08-26,0,39,Severe,Y
18266,25,2023-08-27,44,38,Normal,N
18267,25,2023-08-28,129,37,Moderate,N
18268,25,2023-08-29,69,36,Normal,N
18269,25,2023-08-30,38,37,Normal,N
18270,25,2023-08-31,48,41,Normal,N
18271,25,2023-09-01,30,43,Normal,N
18272,25,2023-09-02,124,32,Moderate,N
18273,25,2023-09-03,112,30,Moderate,N
18274,25,2023-09-04,88,24,Normal,N
18275,25,2023-09-05,119,31,Severe,Y
18276,25,2023-09-06,35,33,Moderate,N
18277,25,2023-09-07,25,43,Normal,N
18278,25,2023-09-08,38,31,Moderate,N
18279,25,2023-09-09,124,39,Normal,N
18280,25,2023-09-10,23,24,Normal,N
18281,25,2023-09-11,64,41,Normal,N
18282,25,2023-09-12,114,40,Normal,N
18283,25,2023-09-13,111,39,Severe,Y
18284,25,2023-09-14,41,35,Normal,N
18285,25,2023-09-15,133,31,Normal,N
18286,25,2023-09-16,107,25,Normal,N
18287,25,2023-09-17,24,25,Severe,Y
18288,25,2023-09-18,111,28,Normal,N
18289,25,2023-09-19,54,43,Normal,N
18290,25,2023-09-20,134,30,Normal,N
18291,25,2023-09-21,39,27,Normal,N
18292,25,2023-09-22,91,28,Normal,N
18293,25,2023-09-23,44,29,Normal,N
18294,25,2023-09-24,56,35,Normal,N
18295,25,2023-09-25,0,35,Normal,N
18296,25,2023-09-26,102,40,Normal,N
18297,25,2023-09-27,77,41,Normal,N
18298,25,2023-09-28,126,27,Normal,N
18299,25,2023-09-29,61,41,Normal,N
18300,25,2023-09-30,1,27,Normal,N
18301,25,2023-10-01,130,24,Normal,N
18302,25,2023-10-02,33,33,Normal,N
18303,25,2023-10-03,6,38,Normal,N
18304,25,2023-10-04,83,34,Moderate,N
18305,25,2023-10-05,65,30,Normal,N
18306,25,2023-10-06,104,42,Severe,Y
18307,25,2023-10-07,10,37,Normal,N
18308,25,2023-10-08,34,32,Moderate,N
18309,25,2023-10-09,14,30,Normal,N
18310,25,2023-10-10,71,43,Normal,N
18311,25,2023-10-11,131,38,Moderate,N
18312,25,2023-10-12,105,36,Normal,N
18313,25,2023-10-13,128,28,Normal,N
18314,25,2023-10-14,37,42,Normal,N
18315,25,2023-10-15,78,42,Normal,N
18316,25,2023-10-16,35,33,Moderate,N
18317,25,2023-10-17,81,27,Severe,Y
18318,25,2023-10-18,95,24,Moderate,N
18319,25,2023-10-19,121,38,Normal,N
18320,25,2023-10-20,14,33,Normal,N
18321,25,2023-10-21,52,29,Normal,N
18322,25,2023-10-22,128,29,Normal,N
18323,25,2023-10-23,116,28,Normal,N
18324,25,2023-10-24,127,27,Moderate,N
18325,25,2023-10-25,112,37,Normal,N
18326,25,2023-10-26,9,39,Normal,N
18327,25,2023-10-27,94,41,Normal,N
18328,25,2023-10-28,137,26,Normal,N
18329,25,2023-10-29,107,25,Normal,N
18330,25,2023-10-30,34,31,Normal,N
18331,25,2023-10-31,138,34,Normal,N
18332,25,2023-11-01,5,34,Severe,Y
18333,25,2023-11-02,59,38,Severe,Y
18334,25,2023-11-03,104,35,Normal,N
18335,25,2023-11-04,94,31,Normal,N
18336,25,2023-11-05,83,43,Normal,N
18337,25,2023-11-06,121,42,Moderate,N
18338,25,2023-11-07,0,25,Normal,N
18339,25,2023-11-08,61,25,Normal,N
18340,25,2023-11-09,138,27,Normal,N
18341,25,2023-11-10,57,36,Normal,N
18342,25,2023-11-11,44,28,Moderate,N
18343,25,2023-11-12,101,38,Normal,N
18344,25,2023-11-13,111,32,Normal,N
18345,25,2023-11-14,87,31,Severe,Y
18346,25,2023-11-15,33,39,Normal,N
18347,25,2023-11-16,13,40,Normal,N
18348,25,2023-11-17,68,42,Normal,N
18349,25,2023-11-18,133,41,Severe,Y
18350,25,2023-11-19,52,24,Normal,N
18351,25,2023-11-20,114,25,Normal,N
18352,25,2023-11-21,84,36,Severe,Y
18353,25,2023-11-22,133,30,Moderate,N
18354,25,2023-11-23,62,42,Normal,N
18355,25,2023-11-24,121,40,Normal,N
18356,25,2023-11-25,23,31,Severe,Y
18357,25,2023-11-26,91,39,Severe,Y
18358,25,2023-11-27,16,38,Normal,N
18359,25,2023-11-28,115,35,Normal,N
18360,25,2023-11-29,47,33,Normal,N
18361,25,2023-11-30,44,32,Normal,N
18362,25,2023-12-01,63,39,Normal,N
18363,25,2023-12-02,36,34,Moderate,N
18364,25,2023-12-03,67,35,Normal,N
18365,25,2023-12-04,50,40,Moderate,N
18366,25,2023-12-05,96,34,Normal,N
18367,25,2023-12-06,121,36,Moderate,N
18368,25,2023-12-07,3,31,Normal,N
18369,25,2023-12-08,137,27,Moderate,N
18370,25,2023-12-09,104,41,Normal,N
18371,25,2023-12-10,18,33,Normal,N
18372,25,2023-12-11,71,43,Moderate,N
18373,25,2023-12-12,5,41,Moderate,N
18374,25,2023-12-13,56,30,Severe,Y
18375,25,2023-12-14,130,39,Normal,N
18376,25,2023-12-15,32,34,Severe,Y
18377,25,2023-12-16,107,27,Moderate,N
18378,25,2023-12-17,89,28,Normal,N
18379,25,2023-12-18,23,27,Normal,N
18380,25,2023-12-19,124,42,Normal,N
18381,25,2023-12-20,54,39,Moderate,N
18382,25,2023-12-21,121,24,Normal,N
18383,25,2023-12-22,63,24,Normal,N
18384,25,2023-12-23,21,24,Severe,Y
18385,25,2023-12-24,14,24,Normal,N
18386,25,2023-12-25,57,27,Normal,N
18387,25,2023-12-26,1,33,Normal,N
18388,25,2023-12-27,1,25,Moderate,N
18389,25,2023-12-28,129,32,Normal,N
18390,25,2023-12-29,119,39,Moderate,N
18391,25,2023-12-30,73,27,Moderate,N
18392,25,2023-12-31,37,31,Moderate,N
18393,25,2024-01-01,110,36,Normal,N
18394,25,2024-01-02,43,26,Severe,Y
18395,25,2024-01-03,40,30,Moderate,N
18396,25,2024-01-04,76,42,Normal,N
18397,25,2024-01-05,51,27,Normal,N
18398,25,2024-01-06,21,32,Normal,N
18399,25,2024-01-07,59,26,Normal,N
18400,25,2024-01-08,112,26,Normal,N
18401,25,2024-01-09,22,24,Normal,N
18402,25,2024-01-10,69,25,Moderate,N
18403,25,2024-01-11,62,30,Normal,N
18404,25,2024-01-12,117,33,Moderate,N
18405,25,2024-01-13,48,26,Normal,N
18406,25,2024-01-14,115,24,Normal,N
18407,25,2024-01-15,84,31,Normal,N
18408,25,2024-01-16,48,28,Normal,N
18409,25,2024-01-17,86,34,Normal,N
18410,25,2024-01-18,8,26,Severe,Y
18411,25,2024-01-19,48,33,Moderate,N
18412,25,2024-01-20,129,31,Moderate,N
18413,25,2024-01-21,125,29,Moderate,N
18414,25,2024-01-22,60,39,Normal,N
18415,25,2024-01-23,20,32,Normal,N
18416,25,2024-01-24,39,42,Severe,Y
18417,25,2024-01-25,60,40,Moderate,N
18418,25,2024-01-26,115,39,Moderate,N
18419,25,2024-01-27,50,29,Severe,Y
18420,25,2024-01-28,117,30,Normal,N
18421,25,2024-01-29,34,43,Moderate,N
18422,25,2024-01-30,86,24,Normal,N
18423,25,2024-01-31,59,34,Moderate,N
18424,25,2024-02-01,110,36,Normal,N
18425,25,2024-02-02,38,34,Normal,N
18426,25,2024-02-03,66,24,Normal,N
18427,25,2024-02-04,95,36,Severe,Y
18428,25,2024-02-05,42,25,Normal,N
18429,25,2024-02-06,29,42,Moderate,N
18430,25,2024-02-07,90,32,Normal,N
18431,25,2024-02-08,49,43,Moderate,N
18432,25,2024-02-09,128,29,Normal,N
18433,25,2024-02-10,63,40,Normal,N
18434,25,2024-02-11,64,32,Severe,Y
18435,25,2024-02-12,65,27,Normal,N
18436,25,2024-02-13,70,24,Moderate,N
18437,25,2024-02-14,101,42,Normal,N
18438,25,2024-02-15,118,25,Normal,N
18439,25,2024-02-16,21,35,Normal,N
18440,25,2024-02-17,11,36,Normal,N
18441,25,2024-02-18,89,29,Normal,N
18442,25,2024-02-19,118,42,Normal,N
18443,25,2024-02-20,137,42,Moderate,N
18444,25,2024-02-21,109,33,Normal,N
18445,25,2024-02-22,126,40,Moderate,N
18446,25,2024-02-23,140,25,Normal,N
18447,25,2024-02-24,57,36,Moderate,N
18448,25,2024-02-25,8,41,Moderate,N
18449,25,2024-02-26,64,33,Moderate,N
18450,25,2024-02-27,63,29,Normal,N
18451,25,2024-02-28,57,41,Normal,N
18452,25,2024-02-29,51,37,Normal,N
18453,25,2024-03-01,63,30,Normal,N
18454,25,2024-03-02,100,32,Normal,N
18455,25,2024-03-03,106,35,Normal,N
18456,25,2024-03-04,71,43,Severe,Y
18457,25,2024-03-05,43,36,Normal,N
18458,25,2024-03-06,11,25,Moderate,N
18459,25,2024-03-07,10,28,Normal,N
18460,25,2024-03-08,138,41,Moderate,N
18461,25,2024-03-09,65,40,Normal,N
18462,25,2024-03-10,76,35,Normal,N
18463,25,2024-03-11,79,27,Moderate,N
18464,25,2024-03-12,82,31,Normal,N
18465,25,2024-03-13,54,30,Normal,N
18466,25,2024-03-14,46,40,Moderate,N
18467,25,2024-03-15,63,37,Normal,N
18468,25,2024-03-16,138,26,Moderate,N
18469,25,2024-03-17,122,27,Severe,Y
18470,25,2024-03-18,73,40,Normal,N
18471,25,2024-03-19,1,31,Moderate,N
18472,25,2024-03-20,21,30,Normal,N
18473,25,2024-03-21,125,27,Normal,N
18474,25,2024-03-22,10,26,Normal,N
18475,25,2024-03-23,13,27,Moderate,N
18476,25,2024-03-24,95,29,Normal,N
18477,25,2024-03-25,131,32,Normal,N
18478,25,2024-03-26,78,41,Normal,N
18479,25,2024-03-27,74,36,Severe,Y
18480,25,2024-03-28,87,35,Normal,N
18481,25,2024-03-29,129,30,Normal,N
18482,25,2024-03-30,112,33,Moderate,N
18483,25,2024-03-31,117,38,Normal,N
18484,25,2024-04-01,104,39,Normal,N
18485,25,2024-04-02,114,36,Severe,Y
18486,25,2024-04-03,21,41,Normal,N
18487,25,2024-04-04,74,40,Normal,N
18488,25,2024-04-05,30,32,Normal,N
18489,25,2024-04-06,68,31,Moderate,N
18490,25,2024-04-07,81,37,Normal,N
18491,25,2024-04-08,52,35,Normal,N
18492,25,2024-04-09,87,25,Normal,N
18493,25,2024-04-10,1,40,Normal,N
18494,25,2024-04-11,139,27,Moderate,N
18495,25,2024-04-12,114,32,Normal,N
18496,25,2024-04-13,70,24,Severe,Y
18497,25,2024-04-14,22,38,Normal,N
18498,25,2024-04-15,99,30,Normal,N
18499,25,2024-04-16,56,33,Normal,N
18500,25,2024-04-17,53,28,Normal,N
18501,25,2024-04-18,106,33,Normal,N
18502,25,2024-04-19,75,40,Normal,N
18503,25,2024-04-20,43,39,Moderate,N
18504,26,2022-01-04,59,32,Moderate,N
18505,26,2022-01-05,51,35,Normal,N
18506,26,2022-01-06,75,37,Normal,N
18507,26,2022-01-07,39,27,Normal,N
18508,26,2022-01-08,12,37,Normal,N
18509,26,2022-01-09,27,38,Normal,N
18510,26,2022-01-10,90,27,Normal,N
18511,26,2022-01-11,6,39,Normal,N
18512,26,2022-01-12,36,35,Normal,N
18513,26,2022-01-13,5,24,Normal,N
18514,26,2022-01-14,5,34,Normal,N
18515,26,2022-01-15,130,26,Severe,Y
18516,26,2022-01-16,107,37,Severe,Y
18517,26,2022-01-17,84,37,Normal,N
18518,26,2022-01-18,109,31,Normal,N
18519,26,2022-01-19,74,39,Normal,N
18520,26,2022-01-20,102,36,Normal,N
18521,26,2022-01-21,9,41,Normal,N
18522,26,2022-01-22,65,34,Normal,N
18523,26,2022-01-23,122,32,Normal,N
18524,26,2022-01-24,25,31,Normal,N
18525,26,2022-01-25,89,32,Normal,N
18526,26,2022-01-26,113,40,Moderate,N
18527,26,2022-01-27,112,26,Moderate,N
18528,26,2022-01-28,63,39,Moderate,N
18529,26,2022-01-29,95,43,Normal,N
18530,26,2022-01-30,105,38,Normal,N
18531,26,2022-01-31,86,24,Moderate,N
18532,26,2022-02-01,106,29,Moderate,N
18533,26,2022-02-02,99,28,Moderate,N
18534,26,2022-02-03,119,31,Normal,N
18535,26,2022-02-04,88,30,Moderate,N
18536,26,2022-02-05,108,24,Moderate,N
18537,26,2022-02-06,41,39,Normal,N
18538,26,2022-02-07,130,29,Normal,N
18539,26,2022-02-08,26,43,Normal,N
18540,26,2022-02-09,64,36,Normal,N
18541,26,2022-02-10,43,25,Normal,N
18542,26,2022-02-11,77,39,Moderate,N
18543,26,2022-02-12,89,34,Normal,N
18544,26,2022-02-13,22,26,Normal,N
18545,26,2022-02-14,45,31,Normal,N
18546,26,2022-02-15,120,31,Normal,N
18547,26,2022-02-16,110,31,Normal,N
18548,26,2022-02-17,101,41,Moderate,N
18549,26,2022-02-18,114,24,Moderate,N
18550,26,2022-02-19,38,32,Moderate,N
18551,26,2022-02-20,95,30,Normal,N
18552,26,2022-02-21,6,30,Normal,N
18553,26,2022-02-22,7,36,Normal,N
18554,26,2022-02-23,118,42,Severe,Y
18555,26,2022-02-24,76,32,Moderate,N
18556,26,2022-02-25,91,32,Moderate,N
18557,26,2022-02-26,10,41,Normal,N
18558,26,2022-02-27,114,28,Moderate,N
18559,26,2022-02-28,128,33,Moderate,N
18560,26,2022-03-01,19,34,Severe,Y
18561,26,2022-03-02,57,33,Normal,N
18562,26,2022-03-03,99,34,Moderate,N
18563,26,2022-03-04,101,28,Normal,N
18564,26,2022-03-05,34,31,Normal,N
18565,26,2022-03-06,35,24,Normal,N
18566,26,2022-03-07,117,38,Moderate,N
18567,26,2022-03-08,31,36,Moderate,N
18568,26,2022-03-09,68,28,Normal,N
18569,26,2022-03-10,73,32,Normal,N
18570,26,2022-03-11,127,36,Normal,N
18571,26,2022-03-12,120,35,Moderate,N
18572,26,2022-03-13,127,39,Moderate,N
18573,26,2022-03-14,103,43,Severe,Y
18574,26,2022-03-15,93,35,Normal,N
18575,26,2022-03-16,108,36,Normal,N
18576,26,2022-03-17,88,40,Severe,Y
18577,26,2022-03-18,23,30,Normal,N
18578,26,2022-03-19,119,33,Moderate,N
18579,26,2022-03-20,63,35,Normal,N
18580,26,2022-03-21,71,24,Normal,N
18581,26,2022-03-22,69,25,Normal,N
18582,26,2022-03-23,104,27,Normal,N
18583,26,2022-03-24,122,24,Normal,N
18584,26,2022-03-25,129,33,Normal,N
18585,26,2022-03-26,22,43,Normal,N
18586,26,2022-03-27,113,32,Normal,N
18587,26,2022-03-28,74,27,Moderate,N
18588,26,2022-03-29,113,36,Normal,N
18589,26,2022-03-30,131,43,Normal,N
18590,26,2022-03-31,46,33,Normal,N
18591,26,2022-04-01,58,31,Normal,N
18592,26,2022-04-02,18,30,Normal,N
18593,26,2022-04-03,96,35,Severe,Y
18594,26,2022-04-04,22,43,Normal,N
18595,26,2022-04-05,56,38,Normal,N
18596,26,2022-04-06,75,26,Normal,N
18597,26,2022-04-07,23,24,Normal,N
18598,26,2022-04-08,27,36,Moderate,N
18599,26,2022-04-09,60,27,Severe,Y
18600,26,2022-04-10,49,32,Normal,N
18601,26,2022-04-11,122,33,Normal,N
18602,26,2022-04-12,140,31,Normal,N
18603,26,2022-04-13,0,29,Moderate,N
18604,26,2022-04-14,6,39,Normal,N
18605,26,2022-04-15,54,40,Normal,N
18606,26,2022-04-16,56,34,Normal,N
18607,26,2022-04-17,109,30,Severe,Y
18608,26,2022-04-18,85,36,Moderate,N
18609,26,2022-04-19,121,35,Normal,N
18610,26,2022-04-20,71,25,Moderate,N
18611,26,2022-04-21,139,35,Normal,N
18612,26,2022-04-22,79,38,Severe,Y
18613,26,2022-04-23,60,33,Moderate,N
18614,26,2022-04-24,129,39,Normal,N
18615,26,2022-04-25,88,27,Moderate,N
18616,26,2022-04-26,117,37,Normal,N
18617,26,2022-04-27,53,32,Normal,N
18618,26,2022-04-28,126,27,Normal,N
18619,26,2022-04-29,107,30,Normal,N
18620,26,2022-04-30,21,29,Normal,N
18621,26,2022-05-01,78,27,Moderate,N
18622,26,2022-05-02,128,42,Normal,N
18623,26,2022-05-03,45,26,Normal,N
18624,26,2022-05-04,0,38,Normal,N
18625,26,2022-05-05,119,26,Normal,N
18626,26,2022-05-06,18,37,Normal,N
18627,26,2022-05-07,6,26,Normal,N
18628,26,2022-05-08,64,26,Moderate,N
18629,26,2022-05-09,45,37,Normal,N
18630,26,2022-05-10,34,42,Moderate,N
18631,26,2022-05-11,59,33,Severe,Y
18632,26,2022-05-12,12,28,Normal,N
18633,26,2022-05-13,130,43,Normal,N
18634,26,2022-05-14,14,25,Normal,N
18635,26,2022-05-15,82,43,Moderate,N
18636,26,2022-05-16,132,34,Normal,N
18637,26,2022-05-17,33,31,Normal,N
18638,26,2022-05-18,112,38,Normal,N
18639,26,2022-05-19,78,32,Normal,N
18640,26,2022-05-20,134,37,Moderate,N
18641,26,2022-05-21,93,32,Severe,Y
18642,26,2022-05-22,120,26,Normal,N
18643,26,2022-05-23,136,36,Normal,N
18644,26,2022-05-24,64,27,Normal,N
18645,26,2022-05-25,76,25,Normal,N
18646,26,2022-05-26,30,27,Normal,N
18647,26,2022-05-27,61,27,Severe,Y
18648,26,2022-05-28,17,34,Normal,N
18649,26,2022-05-29,132,36,Moderate,N
18650,26,2022-05-30,4,29,Normal,N
18651,26,2022-05-31,92,28,Moderate,N
18652,26,2022-06-01,132,24,Normal,N
18653,26,2022-06-02,90,39,Normal,N
18654,26,2022-06-03,97,31,Normal,N
18655,26,2022-06-04,139,39,Normal,N
18656,26,2022-06-05,62,25,Severe,Y
18657,26,2022-06-06,7,39,Normal,N
18658,26,2022-06-07,133,39,Normal,N
18659,26,2022-06-08,21,35,Normal,N
18660,26,2022-06-09,113,36,Normal,N
18661,26,2022-06-10,16,35,Normal,N
18662,26,2022-06-11,57,41,Moderate,N
18663,26,2022-06-12,30,26,Normal,N
18664,26,2022-06-13,114,36,Moderate,N
18665,26,2022-06-14,51,41,Normal,N
18666,26,2022-06-15,117,42,Normal,N
18667,26,2022-06-16,107,42,Normal,N
18668,26,2022-06-17,22,39,Normal,N
18669,26,2022-06-18,27,40,Severe,Y
18670,26,2022-06-19,7,28,Severe,Y
18671,26,2022-06-20,24,42,Normal,N
18672,26,2022-06-21,73,29,Normal,N
18673,26,2022-06-22,112,36,Normal,N
18674,26,2022-06-23,130,31,Normal,N
18675,26,2022-06-24,32,36,Normal,N
18676,26,2022-06-25,101,43,Moderate,N
18677,26,2022-06-26,17,36,Normal,N
18678,26,2022-06-27,6,36,Normal,N
18679,26,2022-06-28,102,27,Normal,N
18680,26,2022-06-29,47,29,Severe,Y
18681,26,2022-06-30,48,31,Severe,Y
18682,26,2022-07-01,56,25,Moderate,N
18683,26,2022-07-02,121,25,Normal,N
18684,26,2022-07-03,120,40,Normal,N
18685,26,2022-07-04,129,37,Severe,Y
18686,26,2022-07-05,73,39,Severe,Y
18687,26,2022-07-06,65,41,Moderate,N
18688,26,2022-07-07,30,27,Normal,N
18689,26,2022-07-08,85,41,Normal,N
18690,26,2022-07-09,63,27,Normal,N
18691,26,2022-07-10,56,35,Normal,N
18692,26,2022-07-11,93,33,Normal,N
18693,26,2022-07-12,107,29,Moderate,N
18694,26,2022-07-13,20,42,Moderate,N
18695,26,2022-07-14,24,34,Normal,N
18696,26,2022-07-15,40,39,Severe,Y
18697,26,2022-07-16,36,37,Normal,N
18698,26,2022-07-17,72,34,Moderate,N
18699,26,2022-07-18,125,26,Normal,N
18700,26,2022-07-19,120,40,Moderate,N
18701,26,2022-07-20,82,35,Normal,N
18702,26,2022-07-21,7,41,Severe,Y
18703,26,2022-07-22,73,38,Normal,N
18704,26,2022-07-23,135,41,Normal,N
18705,26,2022-07-24,139,24,Normal,N
18706,26,2022-07-25,122,26,Normal,N
18707,26,2022-07-26,81,37,Normal,N
18708,26,2022-07-27,48,32,Normal,N
18709,26,2022-07-28,6,37,Moderate,N
18710,26,2022-07-29,0,35,Moderate,N
18711,26,2022-07-30,84,36,Normal,N
18712,26,2022-07-31,80,32,Severe,Y
18713,26,2022-08-01,40,39,Normal,N
18714,26,2022-08-02,93,27,Moderate,N
18715,26,2022-08-03,24,39,Moderate,N
18716,26,2022-08-04,38,32,Normal,N
18717,26,2022-08-05,79,26,Moderate,N
18718,26,2022-08-06,39,36,Normal,N
18719,26,2022-08-07,22,43,Normal,N
18720,26,2022-08-08,106,30,Moderate,N
18721,26,2022-08-09,91,43,Moderate,N
18722,26,2022-08-10,50,27,Normal,N
18723,26,2022-08-11,66,33,Severe,Y
18724,26,2022-08-12,55,29,Normal,N
18725,26,2022-08-13,75,38,Severe,Y
18726,26,2022-08-14,114,34,Normal,N
18727,26,2022-08-15,92,32,Normal,N
18728,26,2022-08-16,59,42,Severe,Y
18729,26,2022-08-17,98,31,Normal,N
18730,26,2022-08-18,18,30,Moderate,N
18731,26,2022-08-19,49,32,Normal,N
18732,26,2022-08-20,119,27,Moderate,N
18733,26,2022-08-21,6,39,Normal,N
18734,26,2022-08-22,70,42,Normal,N
18735,26,2022-08-23,120,37,Severe,Y
18736,26,2022-08-24,78,24,Normal,N
18737,26,2022-08-25,49,36,Normal,N
18738,26,2022-08-26,50,25,Normal,N
18739,26,2022-08-27,88,25,Severe,Y
18740,26,2022-08-28,55,24,Moderate,N
18741,26,2022-08-29,64,30,Normal,N
18742,26,2022-08-30,22,39,Normal,N
18743,26,2022-08-31,42,33,Normal,N
18744,26,2022-09-01,104,28,Moderate,N
18745,26,2022-09-02,56,25,Normal,N
18746,26,2022-09-03,106,43,Moderate,N
18747,26,2022-09-04,33,43,Normal,N
18748,26,2022-09-05,54,36,Normal,N
18749,26,2022-09-06,22,24,Normal,N
18750,26,2022-09-07,134,27,Moderate,N
18751,26,2022-09-08,125,32,Moderate,N
18752,26,2022-09-09,91,38,Moderate,N
18753,26,2022-09-10,111,34,Normal,N
18754,26,2022-09-11,28,36,Moderate,N
18755,26,2022-09-12,103,33,Normal,N
18756,26,2022-09-13,46,43,Normal,N
18757,26,2022-09-14,37,40,Normal,N
18758,26,2022-09-15,76,38,Moderate,N
18759,26,2022-09-16,13,35,Normal,N
18760,26,2022-09-17,117,24,Normal,N
18761,26,2022-09-18,123,34,Normal,N
18762,26,2022-09-19,99,26,Normal,N
18763,26,2022-09-20,26,29,Normal,N
18764,26,2022-09-21,92,32,Moderate,N
18765,26,2022-09-22,116,30,Normal,N
18766,26,2022-09-23,4,40,Normal,N
18767,26,2022-09-24,92,35,Severe,Y
18768,26,2022-09-25,15,38,Moderate,N
18769,26,2022-09-26,116,27,Normal,N
18770,26,2022-09-27,36,33,Normal,N
18771,26,2022-09-28,98,40,Normal,N
18772,26,2022-09-29,105,42,Normal,N
18773,26,2022-09-30,85,25,Normal,N
18774,26,2022-10-01,0,28,Normal,N
18775,26,2022-10-02,123,33,Normal,N
18776,26,2022-10-03,103,38,Moderate,N
18777,26,2022-10-04,132,24,Normal,N
18778,26,2022-10-05,93,26,Normal,N
18779,26,2022-10-06,127,31,Moderate,N
18780,26,2022-10-07,21,42,Normal,N
18781,26,2022-10-08,99,34,Normal,N
18782,26,2022-10-09,26,42,Moderate,N
18783,26,2022-10-10,76,26,Moderate,N
18784,26,2022-10-11,33,37,Normal,N
18785,26,2022-10-12,50,27,Normal,N
18786,26,2022-10-13,26,26,Normal,N
18787,26,2022-10-14,127,39,Moderate,N
18788,26,2022-10-15,140,42,Normal,N
18789,26,2022-10-16,33,31,Moderate,N
18790,26,2022-10-17,136,39,Normal,N
18791,26,2022-10-18,12,24,Normal,N
18792,26,2022-10-19,47,28,Moderate,N
18793,26,2022-10-20,128,40,Normal,N
18794,26,2022-10-21,79,41,Normal,N
18795,26,2022-10-22,102,41,Moderate,N
18796,26,2022-10-23,81,35,Moderate,N
18797,26,2022-10-24,63,40,Normal,N
18798,26,2022-10-25,71,34,Severe,Y
18799,26,2022-10-26,129,32,Normal,N
18800,26,2022-10-27,136,38,Moderate,N
18801,26,2022-10-28,5,31,Normal,N
18802,26,2022-10-29,136,39,Moderate,N
18803,26,2022-10-30,59,32,Moderate,N
18804,26,2022-10-31,14,27,Normal,N
18805,26,2022-11-01,19,28,Normal,N
18806,26,2022-11-02,65,37,Severe,Y
18807,26,2022-11-03,91,30,Normal,N
18808,26,2022-11-04,15,25,Moderate,N
18809,26,2022-11-05,74,25,Severe,Y
18810,26,2022-11-06,132,43,Normal,N
18811,26,2022-11-07,110,32,Normal,N
18812,26,2022-11-08,55,41,Severe,Y
18813,26,2022-11-09,66,29,Moderate,N
18814,26,2022-11-10,88,34,Normal,N
18815,26,2022-11-11,8,32,Moderate,N
18816,26,2022-11-12,123,38,Moderate,N
18817,26,2022-11-13,55,39,Normal,N
18818,26,2022-11-14,99,28,Moderate,N
18819,26,2022-11-15,38,28,Normal,N
18820,26,2022-11-16,50,36,Severe,Y
18821,26,2022-11-17,106,38,Normal,N
18822,26,2022-11-18,105,25,Moderate,N
18823,26,2022-11-19,26,31,Severe,Y
18824,26,2022-11-20,2,32,Normal,N
18825,26,2022-11-21,55,38,Normal,N
18826,26,2022-11-22,24,26,Normal,N
18827,26,2022-11-23,54,41,Normal,N
18828,26,2022-11-24,119,29,Normal,N
18829,26,2022-11-25,51,25,Normal,N
18830,26,2022-11-26,5,37,Normal,N
18831,26,2022-11-27,68,32,Normal,N
18832,26,2022-11-28,5,37,Severe,Y
18833,26,2022-11-29,59,31,Severe,Y
18834,26,2022-11-30,31,43,Normal,N
18835,26,2022-12-01,63,39,Normal,N
18836,26,2022-12-02,51,31,Normal,N
18837,26,2022-12-03,94,35,Normal,N
18838,26,2022-12-04,10,33,Normal,N
18839,26,2022-12-05,59,26,Normal,N
18840,26,2022-12-06,101,42,Normal,N
18841,26,2022-12-07,73,27,Severe,Y
18842,26,2022-12-08,38,26,Normal,N
18843,26,2022-12-09,17,32,Moderate,N
18844,26,2022-12-10,76,25,Normal,N
18845,26,2022-12-11,70,33,Normal,N
18846,26,2022-12-12,81,28,Normal,N
18847,26,2022-12-13,77,28,Moderate,N
18848,26,2022-12-14,82,27,Moderate,N
18849,26,2022-12-15,87,24,Severe,Y
18850,26,2022-12-16,124,30,Moderate,N
18851,26,2022-12-17,12,26,Normal,N
18852,26,2022-12-18,107,41,Severe,Y
18853,26,2022-12-19,51,30,Normal,N
18854,26,2022-12-20,100,40,Normal,N
18855,26,2022-12-21,106,35,Moderate,N
18856,26,2022-12-22,128,31,Normal,N
18857,26,2022-12-23,96,40,Normal,N
18858,26,2022-12-24,105,32,Normal,N
18859,26,2022-12-25,33,24,Normal,N
18860,26,2022-12-26,9,33,Normal,N
18861,26,2022-12-27,59,24,Normal,N
18862,26,2022-12-28,45,35,Normal,N
18863,26,2022-12-29,1,36,Normal,N
18864,26,2022-12-30,126,31,Moderate,N
18865,26,2022-12-31,121,26,Moderate,N
18866,26,2023-01-01,22,32,Moderate,N
18867,26,2023-01-02,86,25,Moderate,N
18868,26,2023-01-03,45,32,Moderate,N
18869,26,2023-01-04,105,40,Normal,N
18870,26,2023-01-05,126,24,Severe,Y
18871,26,2023-01-06,93,41,Normal,N
18872,26,2023-01-07,67,39,Normal,N
18873,26,2023-01-08,114,37,Normal,N
18874,26,2023-01-09,140,31,Normal,N
18875,26,2023-01-10,87,29,Normal,N
18876,26,2023-01-11,123,35,Moderate,N
18877,26,2023-01-12,84,31,Normal,N
18878,26,2023-01-13,8,39,Normal,N
18879,26,2023-01-14,42,41,Normal,N
18880,26,2023-01-15,18,28,Moderate,N
18881,26,2023-01-16,75,37,Normal,N
18882,26,2023-01-17,88,37,Normal,N
18883,26,2023-01-18,126,31,Moderate,N
18884,26,2023-01-19,61,24,Normal,N
18885,26,2023-01-20,62,29,Moderate,N
18886,26,2023-01-21,54,24,Normal,N
18887,26,2023-01-22,138,39,Moderate,N
18888,26,2023-01-23,75,33,Normal,N
18889,26,2023-01-24,38,31,Moderate,N
18890,26,2023-01-25,21,36,Moderate,N
18891,26,2023-01-26,0,35,Normal,N
18892,26,2023-01-27,46,25,Moderate,N
18893,26,2023-01-28,5,34,Normal,N
18894,26,2023-01-29,127,38,Normal,N
18895,26,2023-01-30,139,42,Normal,N
18896,26,2023-01-31,90,29,Moderate,N
18897,26,2023-02-01,110,31,Normal,N
18898,26,2023-02-02,106,42,Moderate,N
18899,26,2023-02-03,69,35,Severe,Y
18900,26,2023-02-04,131,34,Normal,N
18901,26,2023-02-05,98,39,Normal,N
18902,26,2023-02-06,30,25,Normal,N
18903,26,2023-02-07,7,26,Normal,N
18904,26,2023-02-08,36,28,Normal,N
18905,26,2023-02-09,17,24,Moderate,N
18906,26,2023-02-10,70,31,Normal,N
18907,26,2023-02-11,65,27,Normal,N
18908,26,2023-02-12,53,37,Normal,N
18909,26,2023-02-13,39,27,Moderate,N
18910,26,2023-02-14,87,28,Normal,N
18911,26,2023-02-15,61,42,Moderate,N
18912,26,2023-02-16,71,40,Normal,N
18913,26,2023-02-17,140,25,Normal,N
18914,26,2023-02-18,29,43,Moderate,N
18915,26,2023-02-19,24,41,Normal,N
18916,26,2023-02-20,60,31,Severe,Y
18917,26,2023-02-21,11,28,Normal,N
18918,26,2023-02-22,39,30,Moderate,N
18919,26,2023-02-23,38,32,Severe,Y
18920,26,2023-02-24,13,41,Normal,N
18921,26,2023-02-25,87,39,Normal,N
18922,26,2023-02-26,114,24,Severe,Y
18923,26,2023-02-27,58,36,Normal,N
18924,26,2023-02-28,109,43,Normal,N
18925,26,2023-03-01,54,35,Normal,N
18926,26,2023-03-02,34,27,Normal,N
18927,26,2023-03-03,100,35,Normal,N
18928,26,2023-03-04,113,29,Normal,N
18929,26,2023-03-05,59,30,Moderate,N
18930,26,2023-03-06,118,25,Normal,N
18931,26,2023-03-07,106,26,Moderate,N
18932,26,2023-03-08,98,27,Moderate,N
18933,26,2023-03-09,57,40,Normal,N
18934,26,2023-03-10,69,27,Moderate,N
18935,26,2023-03-11,104,33,Normal,N
18936,26,2023-03-12,65,33,Severe,Y
18937,26,2023-03-13,135,42,Normal,N
18938,26,2023-03-14,42,43,Moderate,N
18939,26,2023-03-15,104,35,Normal,N
18940,26,2023-03-16,43,35,Normal,N
18941,26,2023-03-17,98,33,Moderate,N
18942,26,2023-03-18,24,35,Normal,N
18943,26,2023-03-19,136,24,Moderate,N
18944,26,2023-03-20,24,38,Moderate,N
18945,26,2023-03-21,120,30,Normal,N
18946,26,2023-03-22,77,41,Moderate,N
18947,26,2023-03-23,5,24,Severe,Y
18948,26,2023-03-24,53,41,Moderate,N
18949,26,2023-03-25,0,43,Normal,N
18950,26,2023-03-26,110,24,Normal,N
18951,26,2023-03-27,56,42,Severe,Y
18952,26,2023-03-28,45,39,Moderate,N
18953,26,2023-03-29,60,43,Normal,N
18954,26,2023-03-30,105,25,Moderate,N
18955,26,2023-03-31,113,35,Moderate,N
18956,26,2023-04-01,41,31,Severe,Y
18957,26,2023-04-02,82,33,Normal,N
18958,26,2023-04-03,97,35,Normal,N
18959,26,2023-04-04,129,25,Normal,N
18960,26,2023-04-05,137,40,Normal,N
18961,26,2023-04-06,31,31,Normal,N
18962,26,2023-04-07,134,29,Normal,N
18963,26,2023-04-08,78,36,Normal,N
18964,26,2023-04-09,69,35,Normal,N
18965,26,2023-04-10,27,31,Normal,N
18966,26,2023-04-11,0,38,Normal,N
18967,26,2023-04-12,127,41,Moderate,N
18968,26,2023-04-13,117,35,Moderate,N
18969,26,2023-04-14,102,38,Severe,Y
18970,26,2023-04-15,91,35,Moderate,N
18971,26,2023-04-16,137,31,Normal,N
18972,26,2023-04-17,52,24,Normal,N
18973,26,2023-04-18,58,29,Moderate,N
18974,26,2023-04-19,20,26,Normal,N
18975,26,2023-04-20,138,26,Normal,N
18976,26,2023-04-21,10,37,Normal,N
18977,26,2023-04-22,85,41,Moderate,N
18978,26,2023-04-23,128,41,Normal,N
18979,26,2023-04-24,40,27,Normal,N
18980,26,2023-04-25,98,32,Moderate,N
18981,26,2023-04-26,22,27,Normal,N
18982,26,2023-04-27,140,43,Normal,N
18983,26,2023-04-28,104,28,Normal,N
18984,26,2023-04-29,82,37,Normal,N
18985,26,2023-04-30,117,27,Normal,N
18986,26,2023-05-01,79,37,Normal,N
18987,26,2023-05-02,124,35,Normal,N
18988,26,2023-05-03,0,33,Normal,N
18989,26,2023-05-04,59,42,Moderate,N
18990,26,2023-05-05,80,36,Moderate,N
18991,26,2023-05-06,62,36,Normal,N
18992,26,2023-05-07,26,24,Normal,N
18993,26,2023-05-08,138,40,Normal,N
18994,26,2023-05-09,52,36,Normal,N
18995,26,2023-05-10,44,38,Normal,N
18996,26,2023-05-11,48,41,Normal,N
18997,26,2023-05-12,35,33,Normal,N
18998,26,2023-05-13,69,35,Normal,N
18999,26,2023-05-14,16,38,Normal,N
19000,26,2023-05-15,113,27,Normal,N
19001,26,2023-05-16,60,31,Normal,N
19002,26,2023-05-17,12,39,Normal,N
19003,26,2023-05-18,13,25,Normal,N
19004,26,2023-05-19,130,32,Normal,N
19005,26,2023-05-20,85,30,Normal,N
19006,26,2023-05-21,88,30,Normal,N
19007,26,2023-05-22,123,28,Moderate,N
19008,26,2023-05-23,131,43,Severe,Y
19009,26,2023-05-24,22,36,Moderate,N
19010,26,2023-05-25,116,40,Normal,N
19011,26,2023-05-26,119,37,Moderate,N
19012,26,2023-05-27,5,30,Normal,N
19013,26,2023-05-28,140,39,Normal,N
19014,26,2023-05-29,128,43,Severe,Y
19015,26,2023-05-30,119,29,Normal,N
19016,26,2023-05-31,27,41,Normal,N
19017,26,2023-06-01,114,31,Moderate,N
19018,26,2023-06-02,64,30,Normal,N
19019,26,2023-06-03,58,32,Moderate,N
19020,26,2023-06-04,58,39,Normal,N
19021,26,2023-06-05,49,33,Moderate,N
19022,26,2023-06-06,120,35,Moderate,N
19023,26,2023-06-07,79,30,Normal,N
19024,26,2023-06-08,60,41,Normal,N
19025,26,2023-06-09,24,26,Moderate,N
19026,26,2023-06-10,30,25,Normal,N
19027,26,2023-06-11,19,37,Normal,N
19028,26,2023-06-12,50,40,Normal,N
19029,26,2023-06-13,75,41,Normal,N
19030,26,2023-06-14,112,40,Normal,N
19031,26,2023-06-15,38,33,Normal,N
19032,26,2023-06-16,95,38,Normal,N
19033,26,2023-06-17,42,41,Normal,N
19034,26,2023-06-18,24,39,Normal,N
19035,26,2023-06-19,97,34,Normal,N
19036,26,2023-06-20,2,24,Moderate,N
19037,26,2023-06-21,125,29,Normal,N
19038,26,2023-06-22,36,40,Severe,Y
19039,26,2023-06-23,29,27,Normal,N
19040,26,2023-06-24,134,32,Normal,N
19041,26,2023-06-25,53,27,Severe,Y
19042,26,2023-06-26,76,33,Normal,N
19043,26,2023-06-27,49,37,Normal,N
19044,26,2023-06-28,53,39,Severe,Y
19045,26,2023-06-29,84,41,Normal,N
19046,26,2023-06-30,119,30,Normal,N
19047,26,2023-07-01,76,31,Normal,N
19048,26,2023-07-02,27,39,Normal,N
19049,26,2023-07-03,3,25,Severe,Y
19050,26,2023-07-04,119,40,Normal,N
19051,26,2023-07-05,113,42,Moderate,N
19052,26,2023-07-06,125,32,Normal,N
19053,26,2023-07-07,99,25,Normal,N
19054,26,2023-07-08,91,43,Normal,N
19055,26,2023-07-09,58,34,Normal,N
19056,26,2023-07-10,27,29,Moderate,N
19057,26,2023-07-11,30,40,Normal,N
19058,26,2023-07-12,102,34,Severe,Y
19059,26,2023-07-13,12,32,Normal,N
19060,26,2023-07-14,18,34,Normal,N
19061,26,2023-07-15,101,40,Moderate,N
19062,26,2023-07-16,81,37,Normal,N
19063,26,2023-07-17,75,43,Normal,N
19064,26,2023-07-18,51,37,Normal,N
19065,26,2023-07-19,128,34,Normal,N
19066,26,2023-07-20,67,42,Moderate,N
19067,26,2023-07-21,0,33,Normal,N
19068,26,2023-07-22,95,24,Normal,N
19069,26,2023-07-23,7,41,Normal,N
19070,26,2023-07-24,114,38,Normal,N
19071,26,2023-07-25,125,29,Normal,N
19072,26,2023-07-26,82,34,Moderate,N
19073,26,2023-07-27,103,33,Normal,N
19074,26,2023-07-28,64,28,Normal,N
19075,26,2023-07-29,4,41,Normal,N
19076,26,2023-07-30,91,24,Severe,Y
19077,26,2023-07-31,64,39,Normal,N
19078,26,2023-08-01,71,34,Normal,N
19079,26,2023-08-02,84,41,Normal,N
19080,26,2023-08-03,44,25,Normal,N
19081,26,2023-08-04,46,33,Normal,N
19082,26,2023-08-05,7,34,Normal,N
19083,26,2023-08-06,42,41,Moderate,N
19084,26,2023-08-07,80,24,Normal,N
19085,26,2023-08-08,105,25,Normal,N
19086,26,2023-08-09,100,34,Normal,N
19087,26,2023-08-10,58,27,Normal,N
19088,26,2023-08-11,93,31,Moderate,N
19089,26,2023-08-12,78,35,Severe,Y
19090,26,2023-08-13,46,29,Severe,Y
19091,26,2023-08-14,55,24,Normal,N
19092,26,2023-08-15,37,30,Normal,N
19093,26,2023-08-16,95,24,Normal,N
19094,26,2023-08-17,48,28,Moderate,N
19095,26,2023-08-18,135,34,Normal,N
19096,26,2023-08-19,9,39,Moderate,N
19097,26,2023-08-20,128,24,Normal,N
19098,26,2023-08-21,2,26,Normal,N
19099,26,2023-08-22,68,32,Moderate,N
19100,26,2023-08-23,28,29,Normal,N
19101,26,2023-08-24,36,28,Severe,Y
19102,26,2023-08-25,131,26,Normal,N
19103,26,2023-08-26,23,36,Normal,N
19104,26,2023-08-27,95,24,Moderate,N
19105,26,2023-08-28,102,29,Normal,N
19106,26,2023-08-29,97,34,Moderate,N
19107,26,2023-08-30,39,33,Normal,N
19108,26,2023-08-31,101,31,Normal,N
19109,26,2023-09-01,114,29,Moderate,N
19110,26,2023-09-02,139,36,Moderate,N
19111,26,2023-09-03,125,32,Normal,N
19112,26,2023-09-04,123,30,Severe,Y
19113,26,2023-09-05,57,28,Normal,N
19114,26,2023-09-06,30,28,Severe,Y
19115,26,2023-09-07,102,41,Normal,N
19116,26,2023-09-08,43,24,Severe,Y
19117,26,2023-09-09,86,32,Severe,Y
19118,26,2023-09-10,40,39,Moderate,N
19119,26,2023-09-11,104,36,Normal,N
19120,26,2023-09-12,87,43,Normal,N
19121,26,2023-09-13,48,38,Normal,N
19122,26,2023-09-14,33,24,Severe,Y
19123,26,2023-09-15,18,24,Normal,N
19124,26,2023-09-16,138,37,Normal,N
19125,26,2023-09-17,120,34,Normal,N
19126,26,2023-09-18,31,34,Normal,N
19127,26,2023-09-19,136,33,Normal,N
19128,26,2023-09-20,40,27,Normal,N
19129,26,2023-09-21,75,34,Moderate,N
19130,26,2023-09-22,104,37,Moderate,N
19131,26,2023-09-23,5,24,Normal,N
19132,26,2023-09-24,119,33,Normal,N
19133,26,2023-09-25,20,31,Normal,N
19134,26,2023-09-26,72,30,Normal,N
19135,26,2023-09-27,33,29,Normal,N
19136,26,2023-09-28,76,25,Normal,N
19137,26,2023-09-29,139,32,Moderate,N
19138,26,2023-09-30,61,24,Normal,N
19139,26,2023-10-01,138,26,Normal,N
19140,26,2023-10-02,53,28,Normal,N
19141,26,2023-10-03,19,24,Moderate,N
19142,26,2023-10-04,91,24,Normal,N
19143,26,2023-10-05,13,41,Normal,N
19144,26,2023-10-06,74,41,Severe,Y
19145,26,2023-10-07,79,26,Severe,Y
19146,26,2023-10-08,83,41,Normal,N
19147,26,2023-10-09,81,25,Normal,N
19148,26,2023-10-10,25,31,Normal,N
19149,26,2023-10-11,44,38,Severe,Y
19150,26,2023-10-12,20,28,Normal,N
19151,26,2023-10-13,29,32,Normal,N
19152,26,2023-10-14,68,32,Normal,N
19153,26,2023-10-15,48,32,Moderate,N
19154,26,2023-10-16,22,40,Normal,N
19155,26,2023-10-17,72,26,Moderate,N
19156,26,2023-10-18,26,27,Normal,N
19157,26,2023-10-19,27,39,Severe,Y
19158,26,2023-10-20,87,39,Severe,Y
19159,26,2023-10-21,85,33,Moderate,N
19160,26,2023-10-22,71,27,Severe,Y
19161,26,2023-10-23,138,40,Moderate,N
19162,26,2023-10-24,106,35,Normal,N
19163,26,2023-10-25,48,28,Moderate,N
19164,26,2023-10-26,44,38,Normal,N
19165,26,2023-10-27,47,28,Moderate,N
19166,26,2023-10-28,86,28,Normal,N
19167,26,2023-10-29,46,35,Moderate,N
19168,26,2023-10-30,117,27,Normal,N
19169,26,2023-10-31,105,31,Normal,N
19170,26,2023-11-01,18,41,Normal,N
19171,26,2023-11-02,70,25,Severe,Y
19172,26,2023-11-03,123,40,Moderate,N
19173,26,2023-11-04,109,34,Severe,Y
19174,26,2023-11-05,97,43,Moderate,N
19175,26,2023-11-06,74,39,Normal,N
19176,26,2023-11-07,123,31,Normal,N
19177,26,2023-11-08,7,37,Moderate,N
19178,26,2023-11-09,64,39,Moderate,N
19179,26,2023-11-10,12,38,Normal,N
19180,26,2023-11-11,14,41,Normal,N
19181,26,2023-11-12,18,33,Normal,N
19182,26,2023-11-13,78,42,Moderate,N
19183,26,2023-11-14,40,25,Normal,N
19184,26,2023-11-15,115,32,Moderate,N
19185,26,2023-11-16,136,37,Moderate,N
19186,26,2023-11-17,90,27,Normal,N
19187,26,2023-11-18,22,37,Normal,N
19188,26,2023-11-19,94,40,Normal,N
19189,26,2023-11-20,82,38,Severe,Y
19190,26,2023-11-21,112,34,Severe,Y
19191,26,2023-11-22,92,42,Normal,N
19192,26,2023-11-23,61,35,Moderate,N
19193,26,2023-11-24,51,31,Normal,N
19194,26,2023-11-25,125,26,Normal,N
19195,26,2023-11-26,82,38,Normal,N
19196,26,2023-11-27,115,26,Normal,N
19197,26,2023-11-28,132,37,Moderate,N
19198,26,2023-11-29,18,26,Severe,Y
19199,26,2023-11-30,34,25,Normal,N
19200,26,2023-12-01,98,32,Moderate,N
19201,26,2023-12-02,84,29,Moderate,N
19202,26,2023-12-03,53,28,Moderate,N
19203,26,2023-12-04,79,34,Normal,N
19204,26,2023-12-05,101,38,Normal,N
19205,26,2023-12-06,84,29,Moderate,N
19206,26,2023-12-07,84,31,Normal,N
19207,26,2023-12-08,93,43,Moderate,N
19208,26,2023-12-09,59,39,Normal,N
19209,26,2023-12-10,90,41,Normal,N
19210,26,2023-12-11,84,30,Normal,N
19211,26,2023-12-12,19,41,Normal,N
19212,26,2023-12-13,20,27,Normal,N
19213,26,2023-12-14,102,34,Moderate,N
19214,26,2023-12-15,50,40,Normal,N
19215,26,2023-12-16,111,43,Moderate,N
19216,26,2023-12-17,80,32,Severe,Y
19217,26,2023-12-18,65,35,Normal,N
19218,26,2023-12-19,99,35,Normal,N
19219,26,2023-12-20,121,33,Severe,Y
19220,26,2023-12-21,68,36,Severe,Y
19221,26,2023-12-22,102,33,Normal,N
19222,26,2023-12-23,96,41,Severe,Y
19223,26,2023-12-24,134,38,Normal,N
19224,26,2023-12-25,80,30,Normal,N
19225,26,2023-12-26,103,29,Normal,N
19226,26,2023-12-27,98,30,Normal,N
19227,26,2023-12-28,27,39,Normal,N
19228,26,2023-12-29,66,42,Normal,N
19229,26,2023-12-30,21,30,Severe,Y
19230,26,2023-12-31,112,36,Normal,N
19231,26,2024-01-01,140,33,Normal,N
19232,26,2024-01-02,74,34,Normal,N
19233,26,2024-01-03,5,40,Severe,Y
19234,26,2024-01-04,70,26,Normal,N
19235,26,2024-01-05,66,33,Normal,N
19236,26,2024-01-06,5,32,Severe,Y
19237,26,2024-01-07,126,28,Normal,N
19238,26,2024-01-08,37,30,Moderate,N
19239,26,2024-01-09,31,25,Normal,N
19240,26,2024-01-10,105,39,Moderate,N
19241,26,2024-01-11,53,34,Normal,N
19242,26,2024-01-12,31,36,Severe,Y
19243,26,2024-01-13,58,32,Normal,N
19244,26,2024-01-14,128,38,Normal,N
19245,26,2024-01-15,119,40,Normal,N
19246,26,2024-01-16,71,35,Moderate,N
19247,26,2024-01-17,52,34,Normal,N
19248,26,2024-01-18,99,24,Moderate,N
19249,26,2024-01-19,131,30,Moderate,N
19250,26,2024-01-20,100,37,Moderate,N
19251,26,2024-01-21,57,26,Normal,N
19252,26,2024-01-22,95,32,Normal,N
19253,26,2024-01-23,54,43,Normal,N
19254,26,2024-01-24,56,42,Normal,N
19255,26,2024-01-25,78,36,Severe,Y
19256,26,2024-01-26,67,37,Severe,Y
19257,26,2024-01-27,138,40,Normal,N
19258,26,2024-01-28,86,25,Moderate,N
19259,26,2024-01-29,115,26,Normal,N
19260,26,2024-01-30,101,37,Normal,N
19261,26,2024-01-31,45,39,Normal,N
19262,26,2024-02-01,138,32,Normal,N
19263,26,2024-02-02,71,38,Moderate,N
19264,26,2024-02-03,67,34,Normal,N
19265,26,2024-02-04,59,32,Normal,N
19266,26,2024-02-05,85,34,Moderate,N
19267,26,2024-02-06,36,33,Moderate,N
19268,26,2024-02-07,107,29,Normal,N
19269,26,2024-02-08,103,31,Severe,Y
19270,26,2024-02-09,57,26,Normal,N
19271,26,2024-02-10,78,27,Normal,N
19272,26,2024-02-11,104,40,Normal,N
19273,26,2024-02-12,30,41,Normal,N
19274,26,2024-02-13,118,25,Moderate,N
19275,26,2024-02-14,32,25,Normal,N
19276,26,2024-02-15,123,25,Normal,N
19277,26,2024-02-16,4,34,Normal,N
19278,26,2024-02-17,124,40,Normal,N
19279,26,2024-02-18,55,41,Normal,N
19280,26,2024-02-19,86,30,Normal,N
19281,26,2024-02-20,105,34,Normal,N
19282,26,2024-02-21,105,37,Normal,N
19283,26,2024-02-22,28,43,Severe,Y
19284,26,2024-02-23,110,34,Normal,N
19285,26,2024-02-24,83,32,Severe,Y
19286,26,2024-02-25,82,43,Normal,N
19287,26,2024-02-26,17,28,Normal,N
19288,26,2024-02-27,77,38,Severe,Y
19289,26,2024-02-28,86,24,Severe,Y
19290,26,2024-02-29,74,32,Normal,N
19291,26,2024-03-01,42,26,Severe,Y
19292,26,2024-03-02,10,32,Moderate,N
19293,26,2024-03-03,115,33,Normal,N
19294,26,2024-03-04,133,27,Normal,N
19295,26,2024-03-05,102,26,Moderate,N
19296,26,2024-03-06,55,25,Normal,N
19297,26,2024-03-07,93,39,Normal,N
19298,26,2024-03-08,123,28,Normal,N
19299,26,2024-03-09,87,38,Normal,N
19300,26,2024-03-10,51,26,Normal,N
19301,26,2024-03-11,83,38,Normal,N
19302,26,2024-03-12,48,42,Normal,N
19303,26,2024-03-13,48,37,Normal,N
19304,26,2024-03-14,137,29,Moderate,N
19305,26,2024-03-15,94,30,Normal,N
19306,26,2024-03-16,120,26,Moderate,N
19307,26,2024-03-17,74,36,Normal,N
19308,26,2024-03-18,88,42,Normal,N
19309,26,2024-03-19,62,37,Severe,Y
19310,26,2024-03-20,51,34,Normal,N
19311,26,2024-03-21,126,31,Normal,N
19312,26,2024-03-22,106,25,Severe,Y
19313,26,2024-03-23,28,27,Severe,Y
19314,26,2024-03-24,100,36,Normal,N
19315,26,2024-03-25,60,40,Normal,N
19316,26,2024-03-26,0,35,Normal,N
19317,26,2024-03-27,64,25,Normal,N
19318,26,2024-03-28,134,36,Normal,N
19319,26,2024-03-29,87,40,Normal,N
19320,26,2024-03-30,9,30,Normal,N
19321,26,2024-03-31,136,41,Normal,N
19322,26,2024-04-01,124,26,Normal,N
19323,26,2024-04-02,58,32,Normal,N
19324,26,2024-04-03,68,29,Normal,N
19325,26,2024-04-04,73,37,Normal,N
19326,26,2024-04-05,106,34,Moderate,N
19327,26,2024-04-06,8,28,Normal,N
19328,26,2024-04-07,66,29,Normal,N
19329,26,2024-04-08,122,37,Normal,N
19330,26,2024-04-09,135,40,Normal,N
19331,26,2024-04-10,48,25,Normal,N
19332,26,2024-04-11,72,32,Normal,N
19333,26,2024-04-12,31,42,Normal,N
19334,26,2024-04-13,25,26,Normal,N
19335,26,2024-04-14,14,41,Moderate,N
19336,26,2024-04-15,61,36,Moderate,N
19337,26,2024-04-16,0,28,Moderate,N
19338,26,2024-04-17,78,38,Normal,N
19339,26,2024-04-18,50,29,Normal,N
19340,26,2024-04-19,44,26,Normal,N
19341,26,2024-04-20,133,32,Moderate,N
19342,26,2024-04-21,48,40,Moderate,N
19343,26,2024-04-22,56,35,Normal,N
19344,26,2024-04-23,80,35,Moderate,N
19345,26,2024-04-24,140,34,Moderate,N
19346,26,2024-04-25,126,37,Moderate,N
19347,26,2024-04-26,34,30,Normal,N
19348,26,2024-04-27,76,43,Normal,N
19349,26,2024-04-28,125,33,Normal,N
19350,26,2024-04-29,16,34,Normal,N
19351,26,2024-04-30,87,31,Normal,N
19352,26,2024-05-01,80,28,Normal,N
19353,26,2024-05-02,110,31,Severe,Y
19354,26,2024-05-03,60,34,Normal,N
19355,26,2024-05-04,133,28,Normal,N
19356,26,2024-05-05,3,25,Moderate,N
19357,26,2024-05-06,8,40,Severe,Y
19358,26,2024-05-07,93,27,Normal,N
19359,26,2024-05-08,93,24,Normal,N
19360,26,2024-05-09,123,35,Normal,N
19361,26,2024-05-10,71,32,Normal,N
19362,26,2024-05-11,75,27,Normal,N
19363,26,2024-05-12,104,33,Normal,N
19364,26,2024-05-13,15,39,Normal,N
19365,26,2024-05-14,10,36,Severe,Y
19366,26,2024-05-15,10,35,Normal,N
19367,26,2024-05-16,111,31,Normal,N
19368,26,2024-05-17,123,39,Normal,N
19369,26,2024-05-18,61,25,Normal,N
19370,26,2024-05-19,125,31,Normal,N
19371,26,2024-05-20,31,26,Moderate,N
19372,26,2024-05-21,72,38,Moderate,N
19373,26,2024-05-22,66,33,Normal,N
19374,26,2024-05-23,66,27,Moderate,N
19375,26,2024-05-24,64,33,Normal,N
19376,27,2022-02-24,38,36,Moderate,N
19377,27,2022-02-25,94,25,Normal,N
19378,27,2022-02-26,140,28,Normal,N
19379,27,2022-02-27,16,27,Normal,N
19380,27,2022-02-28,25,40,Moderate,N
19381,27,2022-03-01,29,37,Moderate,N
19382,27,2022-03-02,116,29,Moderate,N
19383,27,2022-03-03,137,36,Moderate,N
19384,27,2022-03-04,87,29,Normal,N
19385,27,2022-03-05,138,33,Moderate,N
19386,27,2022-03-06,117,31,Severe,Y
19387,27,2022-03-07,118,42,Normal,N
19388,27,2022-03-08,21,33,Normal,N
19389,27,2022-03-09,19,34,Moderate,N
19390,27,2022-03-10,7,43,Moderate,N
19391,27,2022-03-11,119,31,Normal,N
19392,27,2022-03-12,23,29,Moderate,N
19393,27,2022-03-13,31,31,Normal,N
19394,27,2022-03-14,110,36,Normal,N
19395,27,2022-03-15,88,27,Severe,Y
19396,27,2022-03-16,103,29,Moderate,N
19397,27,2022-03-17,31,27,Normal,N
19398,27,2022-03-18,73,26,Normal,N
19399,27,2022-03-19,96,38,Normal,N
19400,27,2022-03-20,138,32,Normal,N
19401,27,2022-03-21,3,28,Normal,N
19402,27,2022-03-22,80,37,Severe,Y
19403,27,2022-03-23,59,38,Normal,N
19404,27,2022-03-24,129,34,Normal,N
19405,27,2022-03-25,84,36,Severe,Y
19406,27,2022-03-26,68,36,Normal,N
19407,27,2022-03-27,119,42,Severe,Y
19408,27,2022-03-28,50,26,Severe,Y
19409,27,2022-03-29,2,33,Moderate,N
19410,27,2022-03-30,33,41,Normal,N
19411,27,2022-03-31,96,37,Moderate,N
19412,27,2022-04-01,91,33,Normal,N
19413,27,2022-04-02,106,43,Normal,N
19414,27,2022-04-03,97,25,Normal,N
19415,27,2022-04-04,74,30,Normal,N
19416,27,2022-04-05,80,41,Normal,N
19417,27,2022-04-06,81,24,Normal,N
19418,27,2022-04-07,10,43,Normal,N
19419,27,2022-04-08,95,37,Normal,N
19420,27,2022-04-09,104,32,Normal,N
19421,27,2022-04-10,136,26,Moderate,N
19422,27,2022-04-11,17,24,Normal,N
19423,27,2022-04-12,61,40,Moderate,N
19424,27,2022-04-13,92,40,Normal,N
19425,27,2022-04-14,124,37,Normal,N
19426,27,2022-04-15,114,31,Moderate,N
19427,27,2022-04-16,136,35,Moderate,N
19428,27,2022-04-17,16,38,Normal,N
19429,27,2022-04-18,94,27,Moderate,N
19430,27,2022-04-19,131,32,Normal,N
19431,27,2022-04-20,48,38,Normal,N
19432,27,2022-04-21,18,38,Normal,N
19433,27,2022-04-22,57,28,Normal,N
19434,27,2022-04-23,136,33,Normal,N
19435,27,2022-04-24,121,38,Severe,Y
19436,27,2022-04-25,68,28,Normal,N
19437,27,2022-04-26,24,35,Moderate,N
19438,27,2022-04-27,5,37,Normal,N
19439,27,2022-04-28,1,33,Normal,N
19440,27,2022-04-29,88,24,Normal,N
19441,27,2022-04-30,117,30,Normal,N
19442,27,2022-05-01,3,30,Normal,N
19443,27,2022-05-02,86,26,Severe,Y
19444,27,2022-05-03,7,28,Normal,N
19445,27,2022-05-04,124,33,Severe,Y
19446,27,2022-05-05,109,31,Normal,N
19447,27,2022-05-06,41,29,Normal,N
19448,27,2022-05-07,115,42,Severe,Y
19449,27,2022-05-08,6,34,Normal,N
19450,27,2022-05-09,12,34,Severe,Y
19451,27,2022-05-10,56,31,Normal,N
19452,27,2022-05-11,1,28,Normal,N
19453,27,2022-05-12,78,41,Normal,N
19454,27,2022-05-13,62,24,Normal,N
19455,27,2022-05-14,64,31,Normal,N
19456,27,2022-05-15,47,42,Moderate,N
19457,27,2022-05-16,124,36,Severe,Y
19458,27,2022-05-17,128,29,Moderate,N
19459,27,2022-05-18,59,32,Moderate,N
19460,27,2022-05-19,110,43,Moderate,N
19461,27,2022-05-20,106,42,Normal,N
19462,27,2022-05-21,54,27,Normal,N
19463,27,2022-05-22,58,41,Moderate,N
19464,27,2022-05-23,51,34,Normal,N
19465,27,2022-05-24,117,37,Normal,N
19466,27,2022-05-25,122,28,Normal,N
19467,27,2022-05-26,5,28,Normal,N
19468,27,2022-05-27,1,36,Severe,Y
19469,27,2022-05-28,124,34,Moderate,N
19470,27,2022-05-29,35,33,Normal,N
19471,27,2022-05-30,109,34,Normal,N
19472,27,2022-05-31,136,33,Normal,N
19473,27,2022-06-01,30,37,Normal,N
19474,27,2022-06-02,56,25,Moderate,N
19475,27,2022-06-03,29,27,Normal,N
19476,27,2022-06-04,9,42,Normal,N
19477,27,2022-06-05,118,42,Normal,N
19478,27,2022-06-06,55,36,Normal,N
19479,27,2022-06-07,137,28,Normal,N
19480,27,2022-06-08,87,29,Normal,N
19481,27,2022-06-09,13,28,Moderate,N
19482,27,2022-06-10,15,37,Normal,N
19483,27,2022-06-11,13,32,Severe,Y
19484,27,2022-06-12,17,35,Normal,N
19485,27,2022-06-13,53,40,Severe,Y
19486,27,2022-06-14,49,29,Severe,Y
19487,27,2022-06-15,136,40,Normal,N
19488,27,2022-06-16,119,32,Severe,Y
19489,27,2022-06-17,50,32,Normal,N
19490,27,2022-06-18,93,24,Normal,N
19491,27,2022-06-19,107,37,Normal,N
19492,27,2022-06-20,21,28,Moderate,N
19493,27,2022-06-21,103,35,Severe,Y
19494,27,2022-06-22,139,28,Normal,N
19495,27,2022-06-23,95,39,Severe,Y
19496,27,2022-06-24,134,34,Normal,N
19497,27,2022-06-25,21,32,Normal,N
19498,27,2022-06-26,22,25,Severe,Y
19499,27,2022-06-27,98,41,Normal,N
19500,27,2022-06-28,62,40,Normal,N
19501,27,2022-06-29,66,42,Moderate,N
19502,27,2022-06-30,52,33,Normal,N
19503,27,2022-07-01,39,35,Normal,N
19504,27,2022-07-02,92,38,Moderate,N
19505,27,2022-07-03,16,31,Normal,N
19506,27,2022-07-04,54,35,Normal,N
19507,27,2022-07-05,0,28,Normal,N
19508,27,2022-07-06,74,24,Normal,N
19509,27,2022-07-07,44,24,Normal,N
19510,27,2022-07-08,111,43,Normal,N
19511,27,2022-07-09,14,41,Normal,N
19512,27,2022-07-10,138,37,Normal,N
19513,27,2022-07-11,28,39,Normal,N
19514,27,2022-07-12,80,39,Normal,N
19515,27,2022-07-13,106,41,Moderate,N
19516,27,2022-07-14,134,40,Moderate,N
19517,27,2022-07-15,60,40,Normal,N
19518,27,2022-07-16,3,37,Moderate,N
19519,27,2022-07-17,100,25,Moderate,N
19520,27,2022-07-18,107,34,Moderate,N
19521,27,2022-07-19,127,35,Normal,N
19522,27,2022-07-20,7,32,Normal,N
19523,27,2022-07-21,96,32,Severe,Y
19524,27,2022-07-22,118,41,Normal,N
19525,27,2022-07-23,71,42,Normal,N
19526,27,2022-07-24,68,31,Moderate,N
19527,27,2022-07-25,41,43,Normal,N
19528,27,2022-07-26,19,34,Normal,N
19529,27,2022-07-27,23,25,Moderate,N
19530,27,2022-07-28,44,36,Moderate,N
19531,27,2022-07-29,70,41,Normal,N
19532,27,2022-07-30,51,38,Normal,N
19533,27,2022-07-31,105,34,Normal,N
19534,27,2022-08-01,135,25,Moderate,N
19535,27,2022-08-02,21,38,Moderate,N
19536,27,2022-08-03,21,41,Normal,N
19537,27,2022-08-04,19,41,Moderate,N
19538,27,2022-08-05,24,42,Normal,N
19539,27,2022-08-06,104,35,Normal,N
19540,27,2022-08-07,83,28,Normal,N
19541,27,2022-08-08,52,43,Moderate,N
19542,27,2022-08-09,34,40,Normal,N
19543,27,2022-08-10,56,28,Moderate,N
19544,27,2022-08-11,22,26,Normal,N
19545,27,2022-08-12,34,40,Normal,N
19546,27,2022-08-13,130,31,Moderate,N
19547,27,2022-08-14,18,25,Moderate,N
19548,27,2022-08-15,130,25,Severe,Y
19549,27,2022-08-16,108,30,Normal,N
19550,27,2022-08-17,130,37,Severe,Y
19551,27,2022-08-18,60,38,Severe,Y
19552,27,2022-08-19,18,32,Normal,N
19553,27,2022-08-20,69,38,Moderate,N
19554,27,2022-08-21,9,24,Normal,N
19555,27,2022-08-22,79,39,Normal,N
19556,27,2022-08-23,61,32,Normal,N
19557,27,2022-08-24,134,33,Normal,N
19558,27,2022-08-25,92,32,Normal,N
19559,27,2022-08-26,102,40,Normal,N
19560,27,2022-08-27,87,28,Normal,N
19561,27,2022-08-28,22,40,Normal,N
19562,27,2022-08-29,54,35,Normal,N
19563,27,2022-08-30,45,36,Moderate,N
19564,27,2022-08-31,11,42,Normal,N
19565,27,2022-09-01,58,28,Normal,N
19566,27,2022-09-02,129,30,Moderate,N
19567,27,2022-09-03,40,27,Normal,N
19568,27,2022-09-04,105,28,Normal,N
19569,27,2022-09-05,57,32,Normal,N
19570,27,2022-09-06,50,35,Normal,N
19571,27,2022-09-07,124,26,Normal,N
19572,27,2022-09-08,37,30,Normal,N
19573,27,2022-09-09,7,31,Moderate,N
19574,27,2022-09-10,99,31,Severe,Y
19575,27,2022-09-11,134,36,Moderate,N
19576,27,2022-09-12,15,35,Normal,N
19577,27,2022-09-13,67,24,Normal,N
19578,27,2022-09-14,89,42,Moderate,N
19579,27,2022-09-15,98,41,Severe,Y
19580,27,2022-09-16,2,35,Normal,N
19581,27,2022-09-17,85,38,Normal,N
19582,27,2022-09-18,14,34,Normal,N
19583,27,2022-09-19,13,37,Normal,N
19584,27,2022-09-20,110,35,Normal,N
19585,27,2022-09-21,21,31,Normal,N
19586,27,2022-09-22,23,27,Normal,N
19587,27,2022-09-23,12,31,Normal,N
19588,27,2022-09-24,112,31,Normal,N
19589,27,2022-09-25,132,25,Normal,N
19590,27,2022-09-26,26,43,Normal,N
19591,27,2022-09-27,115,34,Normal,N
19592,27,2022-09-28,89,41,Normal,N
19593,27,2022-09-29,112,34,Moderate,N
19594,27,2022-09-30,49,35,Normal,N
19595,27,2022-10-01,68,43,Normal,N
19596,27,2022-10-02,27,24,Moderate,N
19597,27,2022-10-03,66,42,Normal,N
19598,27,2022-10-04,45,42,Normal,N
19599,27,2022-10-05,122,40,Severe,Y
19600,27,2022-10-06,95,38,Normal,N
19601,27,2022-10-07,31,31,Moderate,N
19602,27,2022-10-08,123,40,Normal,N
19603,27,2022-10-09,91,40,Normal,N
19604,27,2022-10-10,47,38,Normal,N
19605,27,2022-10-11,112,30,Normal,N
19606,27,2022-10-12,80,27,Normal,N
19607,27,2022-10-13,13,40,Normal,N
19608,27,2022-10-14,79,39,Normal,N
19609,27,2022-10-15,27,33,Moderate,N
19610,27,2022-10-16,45,36,Normal,N
19611,27,2022-10-17,88,42,Normal,N
19612,27,2022-10-18,104,39,Normal,N
19613,27,2022-10-19,107,28,Normal,N
19614,27,2022-10-20,35,39,Moderate,N
19615,27,2022-10-21,96,30,Normal,N
19616,27,2022-10-22,31,34,Moderate,N
19617,27,2022-10-23,117,25,Normal,N
19618,27,2022-10-24,55,28,Moderate,N
19619,27,2022-10-25,42,41,Severe,Y
19620,27,2022-10-26,118,29,Severe,Y
19621,27,2022-10-27,70,38,Severe,Y
19622,27,2022-10-28,81,30,Normal,N
19623,27,2022-10-29,87,41,Normal,N
19624,27,2022-10-30,65,31,Normal,N
19625,27,2022-10-31,75,43,Normal,N
19626,27,2022-11-01,136,28,Moderate,N
19627,27,2022-11-02,2,41,Normal,N
19628,27,2022-11-03,107,29,Moderate,N
19629,27,2022-11-04,103,41,Normal,N
19630,27,2022-11-05,8,41,Normal,N
19631,27,2022-11-06,121,28,Normal,N
19632,27,2022-11-07,67,36,Normal,N
19633,27,2022-11-08,56,39,Normal,N
19634,27,2022-11-09,0,39,Moderate,N
19635,27,2022-11-10,109,41,Normal,N
19636,27,2022-11-11,118,38,Normal,N
19637,27,2022-11-12,3,36,Normal,N
19638,27,2022-11-13,36,26,Severe,Y
19639,27,2022-11-14,128,36,Normal,N
19640,27,2022-11-15,84,33,Normal,N
19641,27,2022-11-16,25,43,Normal,N
19642,27,2022-11-17,23,43,Normal,N
19643,27,2022-11-18,27,39,Normal,N
19644,27,2022-11-19,110,26,Normal,N
19645,27,2022-11-20,97,38,Normal,N
19646,27,2022-11-21,45,42,Severe,Y
19647,27,2022-11-22,53,37,Normal,N
19648,27,2022-11-23,103,30,Normal,N
19649,27,2022-11-24,35,37,Normal,N
19650,27,2022-11-25,1,30,Severe,Y
19651,27,2022-11-26,44,28,Moderate,N
19652,27,2022-11-27,113,28,Moderate,N
19653,27,2022-11-28,8,32,Normal,N
19654,27,2022-11-29,15,25,Normal,N
19655,27,2022-11-30,109,25,Normal,N
19656,27,2022-12-01,51,40,Moderate,N
19657,27,2022-12-02,66,27,Normal,N
19658,27,2022-12-03,53,25,Normal,N
19659,27,2022-12-04,28,28,Moderate,N
19660,27,2022-12-05,75,29,Normal,N
19661,27,2022-12-06,106,32,Normal,N
19662,27,2022-12-07,67,29,Normal,N
19663,27,2022-12-08,15,27,Normal,N
19664,27,2022-12-09,124,29,Moderate,N
19665,27,2022-12-10,135,34,Moderate,N
19666,27,2022-12-11,35,24,Severe,Y
19667,27,2022-12-12,45,37,Normal,N
19668,27,2022-12-13,56,37,Normal,N
19669,27,2022-12-14,56,35,Normal,N
19670,27,2022-12-15,23,37,Normal,N
19671,27,2022-12-16,52,30,Normal,N
19672,27,2022-12-17,109,25,Normal,N
19673,27,2022-12-18,79,41,Normal,N
19674,27,2022-12-19,75,30,Normal,N
19675,27,2022-12-20,80,26,Moderate,N
19676,27,2022-12-21,79,35,Normal,N
19677,27,2022-12-22,136,29,Normal,N
19678,27,2022-12-23,59,31,Severe,Y
19679,27,2022-12-24,76,30,Moderate,N
19680,27,2022-12-25,121,27,Normal,N
19681,27,2022-12-26,67,24,Moderate,N
19682,27,2022-12-27,19,33,Moderate,N
19683,27,2022-12-28,30,35,Normal,N
19684,27,2022-12-29,14,32,Normal,N
19685,27,2022-12-30,44,32,Normal,N
19686,27,2022-12-31,31,25,Normal,N
19687,27,2023-01-01,123,24,Moderate,N
19688,27,2023-01-02,86,31,Normal,N
19689,27,2023-01-03,132,29,Moderate,N
19690,27,2023-01-04,87,35,Normal,N
19691,27,2023-01-05,13,42,Normal,N
19692,27,2023-01-06,96,32,Moderate,N
19693,27,2023-01-07,116,38,Normal,N
19694,27,2023-01-08,88,37,Normal,N
19695,27,2023-01-09,83,40,Normal,N
19696,27,2023-01-10,9,27,Moderate,N
19697,27,2023-01-11,0,29,Normal,N
19698,27,2023-01-12,13,27,Normal,N
19699,27,2023-01-13,9,29,Normal,N
19700,27,2023-01-14,66,29,Normal,N
19701,27,2023-01-15,100,29,Normal,N
19702,27,2023-01-16,39,41,Normal,N
19703,27,2023-01-17,30,28,Normal,N
19704,27,2023-01-18,92,25,Normal,N
19705,27,2023-01-19,67,31,Moderate,N
19706,27,2023-01-20,112,40,Moderate,N
19707,27,2023-01-21,140,28,Normal,N
19708,27,2023-01-22,97,36,Moderate,N
19709,27,2023-01-23,14,33,Normal,N
19710,27,2023-01-24,76,43,Moderate,N
19711,27,2023-01-25,28,28,Normal,N
19712,27,2023-01-26,39,41,Normal,N
19713,27,2023-01-27,102,39,Normal,N
19714,27,2023-01-28,109,26,Severe,Y
19715,27,2023-01-29,43,43,Moderate,N
19716,27,2023-01-30,139,43,Normal,N
19717,27,2023-01-31,50,36,Normal,N
19718,27,2023-02-01,132,25,Normal,N
19719,27,2023-02-02,15,27,Normal,N
19720,27,2023-02-03,101,43,Normal,N
19721,27,2023-02-04,96,35,Severe,Y
19722,27,2023-02-05,120,27,Normal,N
19723,27,2023-02-06,54,40,Normal,N
19724,27,2023-02-07,37,31,Normal,N
19725,27,2023-02-08,18,39,Normal,N
19726,27,2023-02-09,61,39,Normal,N
19727,27,2023-02-10,140,38,Severe,Y
19728,27,2023-02-11,11,40,Normal,N
19729,27,2023-02-12,26,37,Normal,N
19730,27,2023-02-13,93,32,Normal,N
19731,27,2023-02-14,74,28,Normal,N
19732,27,2023-02-15,1,37,Moderate,N
19733,27,2023-02-16,78,42,Normal,N
19734,27,2023-02-17,15,24,Moderate,N
19735,27,2023-02-18,98,35,Moderate,N
19736,27,2023-02-19,108,41,Normal,N
19737,27,2023-02-20,126,40,Normal,N
19738,27,2023-02-21,110,34,Normal,N
19739,27,2023-02-22,33,28,Moderate,N
19740,27,2023-02-23,121,29,Moderate,N
19741,27,2023-02-24,48,41,Moderate,N
19742,27,2023-02-25,79,39,Moderate,N
19743,27,2023-02-26,3,35,Normal,N
19744,27,2023-02-27,30,34,Normal,N
19745,27,2023-02-28,121,33,Normal,N
19746,27,2023-03-01,96,38,Normal,N
19747,27,2023-03-02,7,35,Normal,N
19748,27,2023-03-03,140,36,Normal,N
19749,27,2023-03-04,47,29,Normal,N
19750,27,2023-03-05,83,27,Normal,N
19751,27,2023-03-06,6,25,Moderate,N
19752,27,2023-03-07,93,37,Moderate,N
19753,27,2023-03-08,74,24,Normal,N
19754,27,2023-03-09,59,38,Normal,N
19755,27,2023-03-10,21,42,Normal,N
19756,27,2023-03-11,62,35,Severe,Y
19757,27,2023-03-12,121,43,Normal,N
19758,27,2023-03-13,106,31,Normal,N
19759,27,2023-03-14,8,41,Normal,N
19760,27,2023-03-15,22,37,Normal,N
19761,27,2023-03-16,122,25,Normal,N
19762,27,2023-03-17,121,43,Normal,N
19763,27,2023-03-18,92,43,Normal,N
19764,27,2023-03-19,49,43,Severe,Y
19765,27,2023-03-20,110,34,Moderate,N
19766,27,2023-03-21,5,28,Severe,Y
19767,27,2023-03-22,100,35,Normal,N
19768,27,2023-03-23,97,43,Normal,N
19769,27,2023-03-24,67,35,Moderate,N
19770,27,2023-03-25,25,27,Moderate,N
19771,27,2023-03-26,124,42,Moderate,N
19772,27,2023-03-27,44,35,Severe,Y
19773,27,2023-03-28,115,34,Severe,Y
19774,27,2023-03-29,23,34,Normal,N
19775,27,2023-03-30,110,39,Normal,N
19776,27,2023-03-31,87,27,Normal,N
19777,27,2023-04-01,131,33,Normal,N
19778,27,2023-04-02,57,32,Normal,N
19779,27,2023-04-03,59,25,Moderate,N
19780,27,2023-04-04,84,34,Normal,N
19781,27,2023-04-05,55,27,Normal,N
19782,27,2023-04-06,9,35,Normal,N
19783,27,2023-04-07,7,26,Normal,N
19784,27,2023-04-08,18,41,Severe,Y
19785,27,2023-04-09,51,34,Normal,N
19786,27,2023-04-10,91,42,Moderate,N
19787,27,2023-04-11,33,43,Severe,Y
19788,27,2023-04-12,126,24,Normal,N
19789,27,2023-04-13,70,25,Normal,N
19790,27,2023-04-14,35,37,Moderate,N
19791,27,2023-04-15,8,32,Moderate,N
19792,27,2023-04-16,50,41,Normal,N
19793,27,2023-04-17,0,28,Normal,N
19794,27,2023-04-18,4,38,Normal,N
19795,27,2023-04-19,104,27,Normal,N
19796,27,2023-04-20,36,40,Normal,N
19797,27,2023-04-21,133,40,Moderate,N
19798,27,2023-04-22,133,36,Normal,N
19799,27,2023-04-23,56,40,Normal,N
19800,27,2023-04-24,120,39,Moderate,N
19801,27,2023-04-25,136,40,Normal,N
19802,27,2023-04-26,66,35,Normal,N
19803,27,2023-04-27,18,28,Normal,N
19804,27,2023-04-28,96,30,Normal,N
19805,27,2023-04-29,129,36,Normal,N
19806,27,2023-04-30,12,25,Normal,N
19807,27,2023-05-01,62,24,Moderate,N
19808,27,2023-05-02,132,28,Normal,N
19809,27,2023-05-03,34,26,Moderate,N
19810,27,2023-05-04,135,41,Normal,N
19811,27,2023-05-05,104,43,Moderate,N
19812,27,2023-05-06,118,38,Normal,N
19813,27,2023-05-07,23,24,Severe,Y
19814,27,2023-05-08,109,24,Severe,Y
19815,27,2023-05-09,13,35,Normal,N
19816,27,2023-05-10,130,32,Normal,N
19817,27,2023-05-11,45,37,Normal,N
19818,27,2023-05-12,27,25,Normal,N
19819,27,2023-05-13,101,43,Severe,Y
19820,27,2023-05-14,35,43,Normal,N
19821,27,2023-05-15,140,35,Severe,Y
19822,27,2023-05-16,130,31,Normal,N
19823,27,2023-05-17,118,39,Normal,N
19824,27,2023-05-18,136,25,Normal,N
19825,27,2023-05-19,42,30,Normal,N
19826,27,2023-05-20,33,31,Moderate,N
19827,27,2023-05-21,124,25,Moderate,N
19828,27,2023-05-22,78,36,Normal,N
19829,27,2023-05-23,20,43,Moderate,N
19830,27,2023-05-24,62,40,Severe,Y
19831,27,2023-05-25,22,36,Moderate,N
19832,27,2023-05-26,89,42,Normal,N
19833,27,2023-05-27,74,36,Normal,N
19834,27,2023-05-28,92,30,Normal,N
19835,27,2023-05-29,12,37,Normal,N
19836,27,2023-05-30,17,28,Severe,Y
19837,27,2023-05-31,137,31,Normal,N
19838,27,2023-06-01,9,35,Normal,N
19839,27,2023-06-02,5,32,Normal,N
19840,27,2023-06-03,3,24,Normal,N
19841,27,2023-06-04,68,40,Normal,N
19842,27,2023-06-05,14,30,Normal,N
19843,27,2023-06-06,0,30,Normal,N
19844,27,2023-06-07,16,35,Normal,N
19845,27,2023-06-08,29,34,Moderate,N
19846,27,2023-06-09,106,38,Normal,N
19847,27,2023-06-10,95,28,Moderate,N
19848,27,2023-06-11,9,36,Normal,N
19849,27,2023-06-12,13,37,Normal,N
19850,27,2023-06-13,102,25,Normal,N
19851,27,2023-06-14,82,41,Moderate,N
19852,27,2023-06-15,28,37,Normal,N
19853,27,2023-06-16,101,39,Normal,N
19854,27,2023-06-17,30,37,Normal,N
19855,27,2023-06-18,48,34,Normal,N
19856,27,2023-06-19,19,27,Moderate,N
19857,27,2023-06-20,129,25,Normal,N
19858,27,2023-06-21,123,41,Moderate,N
19859,27,2023-06-22,98,25,Normal,N
19860,27,2023-06-23,133,29,Normal,N
19861,27,2023-06-24,29,25,Moderate,N
19862,27,2023-06-25,78,33,Normal,N
19863,27,2023-06-26,70,27,Moderate,N
19864,27,2023-06-27,116,41,Normal,N
19865,27,2023-06-28,48,34,Moderate,N
19866,27,2023-06-29,139,27,Severe,Y
19867,27,2023-06-30,124,24,Normal,N
19868,27,2023-07-01,114,24,Normal,N
19869,27,2023-07-02,138,25,Normal,N
19870,27,2023-07-03,52,35,Severe,Y
19871,27,2023-07-04,95,42,Moderate,N
19872,27,2023-07-05,127,40,Normal,N
19873,27,2023-07-06,97,26,Normal,N
19874,27,2023-07-07,70,42,Normal,N
19875,27,2023-07-08,100,26,Normal,N
19876,27,2023-07-09,113,34,Normal,N
19877,27,2023-07-10,129,32,Moderate,N
19878,27,2023-07-11,109,26,Normal,N
19879,27,2023-07-12,48,37,Normal,N
19880,27,2023-07-13,44,40,Moderate,N
19881,27,2023-07-14,27,39,Severe,Y
19882,27,2023-07-15,127,32,Moderate,N
19883,27,2023-07-16,67,36,Moderate,N
19884,27,2023-07-17,137,37,Normal,N
19885,27,2023-07-18,34,31,Normal,N
19886,27,2023-07-19,55,39,Normal,N
19887,27,2023-07-20,101,30,Normal,N
19888,27,2023-07-21,112,32,Severe,Y
19889,27,2023-07-22,120,43,Normal,N
19890,27,2023-07-23,56,32,Normal,N
19891,27,2023-07-24,130,25,Normal,N
19892,27,2023-07-25,14,29,Normal,N
19893,27,2023-07-26,45,28,Severe,Y
19894,27,2023-07-27,116,31,Normal,N
19895,27,2023-07-28,110,30,Normal,N
19896,27,2023-07-29,128,32,Moderate,N
19897,27,2023-07-30,42,24,Normal,N
19898,27,2023-07-31,121,29,Moderate,N
19899,27,2023-08-01,116,26,Moderate,N
19900,27,2023-08-02,126,30,Normal,N
19901,27,2023-08-03,107,43,Normal,N
19902,27,2023-08-04,120,32,Moderate,N
19903,27,2023-08-05,103,43,Severe,Y
19904,27,2023-08-06,129,26,Moderate,N
19905,27,2023-08-07,66,29,Normal,N
19906,27,2023-08-08,50,39,Severe,Y
19907,27,2023-08-09,68,31,Normal,N
19908,27,2023-08-10,77,37,Normal,N
19909,27,2023-08-11,6,26,Normal,N
19910,27,2023-08-12,92,42,Normal,N
19911,27,2023-08-13,106,43,Moderate,N
19912,27,2023-08-14,129,43,Normal,N
19913,27,2023-08-15,36,36,Moderate,N
19914,27,2023-08-16,17,39,Severe,Y
19915,27,2023-08-17,107,25,Normal,N
19916,27,2023-08-18,24,29,Normal,N
19917,27,2023-08-19,116,24,Moderate,N
19918,27,2023-08-20,55,30,Normal,N
19919,27,2023-08-21,98,26,Normal,N
19920,27,2023-08-22,82,31,Normal,N
19921,27,2023-08-23,70,33,Normal,N
19922,27,2023-08-24,46,35,Normal,N
19923,27,2023-08-25,113,28,Normal,N
19924,27,2023-08-26,17,24,Severe,Y
19925,27,2023-08-27,50,36,Severe,Y
19926,27,2023-08-28,122,31,Severe,Y
19927,27,2023-08-29,38,34,Normal,N
19928,27,2023-08-30,53,41,Moderate,N
19929,27,2023-08-31,92,34,Moderate,N
19930,27,2023-09-01,20,40,Normal,N
19931,27,2023-09-02,5,28,Normal,N
19932,27,2023-09-03,46,25,Normal,N
19933,27,2023-09-04,77,39,Normal,N
19934,27,2023-09-05,99,38,Severe,Y
19935,27,2023-09-06,93,24,Severe,Y
19936,27,2023-09-07,95,41,Normal,N
19937,27,2023-09-08,20,36,Moderate,N
19938,27,2023-09-09,30,34,Moderate,N
19939,27,2023-09-10,97,43,Normal,N
19940,27,2023-09-11,21,40,Normal,N
19941,27,2023-09-12,20,42,Normal,N
19942,27,2023-09-13,50,29,Moderate,N
19943,27,2023-09-14,49,42,Normal,N
19944,27,2023-09-15,3,41,Normal,N
19945,27,2023-09-16,5,24,Normal,N
19946,27,2023-09-17,47,42,Normal,N
19947,27,2023-09-18,41,33,Normal,N
19948,27,2023-09-19,134,41,Moderate,N
19949,27,2023-09-20,106,32,Normal,N
19950,27,2023-09-21,134,42,Normal,N
19951,27,2023-09-22,26,42,Normal,N
19952,27,2023-09-23,71,40,Moderate,N
19953,27,2023-09-24,48,43,Severe,Y
19954,27,2023-09-25,64,42,Moderate,N
19955,27,2023-09-26,105,33,Severe,Y
19956,27,2023-09-27,12,30,Moderate,N
19957,27,2023-09-28,11,42,Normal,N
19958,27,2023-09-29,104,30,Normal,N
19959,27,2023-09-30,119,36,Severe,Y
19960,27,2023-10-01,50,32,Severe,Y
19961,27,2023-10-02,73,42,Severe,Y
19962,27,2023-10-03,8,25,Normal,N
19963,27,2023-10-04,51,37,Severe,Y
19964,27,2023-10-05,48,39,Normal,N
19965,27,2023-10-06,3,42,Normal,N
19966,27,2023-10-07,13,38,Normal,N
19967,27,2023-10-08,78,35,Normal,N
19968,27,2023-10-09,23,33,Normal,N
19969,27,2023-10-10,46,32,Normal,N
19970,27,2023-10-11,2,40,Normal,N
19971,27,2023-10-12,69,37,Normal,N
19972,27,2023-10-13,33,27,Severe,Y
19973,27,2023-10-14,37,26,Normal,N
19974,27,2023-10-15,47,27,Normal,N
19975,27,2023-10-16,30,39,Normal,N
19976,27,2023-10-17,119,28,Normal,N
19977,27,2023-10-18,108,29,Normal,N
19978,27,2023-10-19,47,35,Moderate,N
19979,27,2023-10-20,15,32,Normal,N
19980,27,2023-10-21,125,25,Normal,N
19981,27,2023-10-22,75,38,Normal,N
19982,27,2023-10-23,63,39,Normal,N
19983,27,2023-10-24,135,33,Normal,N
19984,27,2023-10-25,91,34,Normal,N
19985,27,2023-10-26,126,29,Moderate,N
19986,27,2023-10-27,122,36,Moderate,N
19987,27,2023-10-28,66,34,Severe,Y
19988,27,2023-10-29,34,35,Normal,N
19989,27,2023-10-30,6,30,Normal,N
19990,27,2023-10-31,21,34,Normal,N
19991,27,2023-11-01,77,35,Severe,Y
19992,27,2023-11-02,17,38,Normal,N
19993,27,2023-11-03,62,28,Normal,N
19994,27,2023-11-04,94,31,Normal,N
19995,27,2023-11-05,133,28,Moderate,N
19996,27,2023-11-06,98,39,Moderate,N
19997,27,2023-11-07,73,24,Normal,N
19998,27,2023-11-08,88,29,Severe,Y
19999,27,2023-11-09,85,24,Severe,Y
20000,27,2023-11-10,91,36,Moderate,N
20001,27,2023-11-11,66,24,Normal,N
20002,27,2023-11-12,117,37,Moderate,N
20003,27,2023-11-13,81,28,Severe,Y
20004,27,2023-11-14,93,40,Moderate,N
20005,27,2023-11-15,61,27,Moderate,N
20006,27,2023-11-16,132,31,Normal,N
20007,27,2023-11-17,58,37,Moderate,N
20008,27,2023-11-18,119,40,Normal,N
20009,27,2023-11-19,48,42,Moderate,N
20010,27,2023-11-20,123,28,Normal,N
20011,27,2023-11-21,135,35,Moderate,N
20012,27,2023-11-22,18,24,Normal,N
20013,27,2023-11-23,56,32,Moderate,N
20014,27,2023-11-24,6,26,Normal,N
20015,27,2023-11-25,31,31,Normal,N
20016,27,2023-11-26,19,32,Normal,N
20017,27,2023-11-27,44,33,Normal,N
20018,27,2023-11-28,1,34,Normal,N
20019,27,2023-11-29,65,34,Normal,N
20020,27,2023-11-30,57,38,Moderate,N
20021,27,2023-12-01,41,33,Normal,N
20022,27,2023-12-02,137,42,Normal,N
20023,27,2023-12-03,53,42,Moderate,N
20024,27,2023-12-04,22,31,Normal,N
20025,27,2023-12-05,61,38,Moderate,N
20026,28,2022-06-19,96,38,Severe,Y
20027,28,2022-06-20,24,34,Normal,N
20028,28,2022-06-21,96,30,Moderate,N
20029,28,2022-06-22,52,34,Normal,N
20030,28,2022-06-23,56,41,Normal,N
20031,28,2022-06-24,90,36,Normal,N
20032,28,2022-06-25,62,27,Normal,N
20033,28,2022-06-26,124,30,Moderate,N
20034,28,2022-06-27,132,43,Moderate,N
20035,28,2022-06-28,21,39,Normal,N
20036,28,2022-06-29,22,37,Moderate,N
20037,28,2022-06-30,45,39,Normal,N
20038,28,2022-07-01,79,26,Severe,Y
20039,28,2022-07-02,39,43,Severe,Y
20040,28,2022-07-03,32,40,Normal,N
20041,28,2022-07-04,6,26,Normal,N
20042,28,2022-07-05,62,30,Moderate,N
20043,28,2022-07-06,8,38,Normal,N
20044,28,2022-07-07,65,29,Normal,N
20045,28,2022-07-08,44,27,Normal,N
20046,28,2022-07-09,80,41,Moderate,N
20047,28,2022-07-10,30,38,Moderate,N
20048,28,2022-07-11,90,37,Normal,N
20049,28,2022-07-12,10,41,Normal,N
20050,28,2022-07-13,89,29,Normal,N
20051,28,2022-07-14,0,34,Normal,N
20052,28,2022-07-15,100,25,Normal,N
20053,28,2022-07-16,45,32,Normal,N
20054,28,2022-07-17,91,38,Normal,N
20055,28,2022-07-18,101,30,Normal,N
20056,28,2022-07-19,123,27,Normal,N
20057,28,2022-07-20,90,30,Normal,N
20058,28,2022-07-21,33,33,Normal,N
20059,28,2022-07-22,28,32,Normal,N
20060,28,2022-07-23,21,33,Moderate,N
20061,28,2022-07-24,58,31,Normal,N
20062,28,2022-07-25,74,40,Normal,N
20063,28,2022-07-26,75,39,Normal,N
20064,28,2022-07-27,56,24,Normal,N
20065,28,2022-07-28,32,27,Moderate,N
20066,28,2022-07-29,28,36,Normal,N
20067,28,2022-07-30,59,35,Moderate,N
20068,28,2022-07-31,12,26,Normal,N
20069,28,2022-08-01,74,24,Normal,N
20070,28,2022-08-02,36,41,Normal,N
20071,28,2022-08-03,95,43,Normal,N
20072,28,2022-08-04,114,24,Moderate,N
20073,28,2022-08-05,67,26,Normal,N
20074,28,2022-08-06,68,34,Moderate,N
20075,28,2022-08-07,4,35,Moderate,N
20076,28,2022-08-08,23,40,Normal,N
20077,28,2022-08-09,124,36,Normal,N
20078,28,2022-08-10,118,43,Normal,N
20079,28,2022-08-11,81,42,Normal,N
20080,28,2022-08-12,19,36,Normal,N
20081,28,2022-08-13,27,29,Normal,N
20082,28,2022-08-14,52,37,Normal,N
20083,28,2022-08-15,36,42,Normal,N
20084,28,2022-08-16,16,25,Normal,N
20085,28,2022-08-17,81,25,Normal,N
20086,28,2022-08-18,4,38,Normal,N
20087,28,2022-08-19,25,36,Normal,N
20088,28,2022-08-20,41,27,Normal,N
20089,28,2022-08-21,24,43,Normal,N
20090,28,2022-08-22,116,33,Normal,N
20091,28,2022-08-23,125,42,Normal,N
20092,28,2022-08-24,132,25,Normal,N
20093,28,2022-08-25,102,38,Normal,N
20094,28,2022-08-26,129,26,Moderate,N
20095,28,2022-08-27,16,28,Moderate,N
20096,28,2022-08-28,104,37,Normal,N
20097,28,2022-08-29,38,35,Normal,N
20098,28,2022-08-30,47,32,Severe,Y
20099,28,2022-08-31,122,33,Moderate,N
20100,28,2022-09-01,81,33,Normal,N
20101,28,2022-09-02,76,31,Moderate,N
20102,28,2022-09-03,47,37,Moderate,N
20103,28,2022-09-04,135,34,Normal,N
20104,28,2022-09-05,37,29,Severe,Y
20105,28,2022-09-06,0,25,Normal,N
20106,28,2022-09-07,83,38,Normal,N
20107,28,2022-09-08,5,31,Normal,N
20108,28,2022-09-09,75,27,Normal,N
20109,28,2022-09-10,17,25,Normal,N
20110,28,2022-09-11,9,36,Severe,Y
20111,28,2022-09-12,4,41,Normal,N
20112,28,2022-09-13,63,27,Moderate,N
20113,28,2022-09-14,67,36,Normal,N
20114,28,2022-09-15,41,39,Normal,N
20115,28,2022-09-16,65,37,Severe,Y
20116,28,2022-09-17,20,36,Normal,N
20117,28,2022-09-18,16,41,Moderate,N
20118,28,2022-09-19,78,40,Severe,Y
20119,28,2022-09-20,135,30,Normal,N
20120,28,2022-09-21,85,35,Normal,N
20121,28,2022-09-22,68,28,Normal,N
20122,28,2022-09-23,40,38,Moderate,N
20123,28,2022-09-24,88,41,Normal,N
20124,28,2022-09-25,92,31,Moderate,N
20125,28,2022-09-26,61,33,Moderate,N
20126,28,2022-09-27,79,42,Normal,N
20127,28,2022-09-28,68,32,Normal,N
20128,28,2022-09-29,77,30,Moderate,N
20129,28,2022-09-30,106,33,Severe,Y
20130,28,2022-10-01,128,31,Normal,N
20131,28,2022-10-02,17,37,Normal,N
20132,28,2022-10-03,23,28,Normal,N
20133,28,2022-10-04,76,39,Normal,N
20134,28,2022-10-05,55,26,Normal,N
20135,28,2022-10-06,92,26,Normal,N
20136,28,2022-10-07,53,35,Normal,N
20137,28,2022-10-08,8,27,Normal,N
20138,28,2022-10-09,71,28,Normal,N
20139,28,2022-10-10,68,29,Severe,Y
20140,28,2022-10-11,20,38,Normal,N
20141,28,2022-10-12,53,43,Normal,N
20142,28,2022-10-13,60,26,Moderate,N
20143,28,2022-10-14,30,30,Normal,N
20144,28,2022-10-15,136,30,Moderate,N
20145,28,2022-10-16,117,36,Moderate,N
20146,28,2022-10-17,50,33,Normal,N
20147,28,2022-10-18,35,35,Normal,N
20148,28,2022-10-19,34,27,Moderate,N
20149,28,2022-10-20,50,30,Moderate,N
20150,28,2022-10-21,99,29,Normal,N
20151,28,2022-10-22,140,42,Severe,Y
20152,28,2022-10-23,13,43,Moderate,N
20153,28,2022-10-24,90,33,Normal,N
20154,28,2022-10-25,49,27,Normal,N
20155,28,2022-10-26,38,40,Normal,N
20156,28,2022-10-27,49,35,Normal,N
20157,28,2022-10-28,66,34,Normal,N
20158,28,2022-10-29,63,43,Normal,N
20159,28,2022-10-30,33,37,Normal,N
20160,28,2022-10-31,35,34,Normal,N
20161,28,2022-11-01,21,27,Moderate,N
20162,28,2022-11-02,60,30,Normal,N
20163,28,2022-11-03,54,29,Moderate,N
20164,28,2022-11-04,89,35,Moderate,N
20165,28,2022-11-05,86,29,Severe,Y
20166,28,2022-11-06,50,34,Normal,N
20167,28,2022-11-07,1,34,Severe,Y
20168,28,2022-11-08,11,41,Normal,N
20169,28,2022-11-09,101,24,Moderate,N
20170,28,2022-11-10,65,43,Normal,N
20171,28,2022-11-11,5,42,Normal,N
20172,28,2022-11-12,51,38,Normal,N
20173,28,2022-11-13,34,43,Normal,N
20174,28,2022-11-14,37,36,Normal,N
20175,28,2022-11-15,58,32,Moderate,N
20176,28,2022-11-16,61,35,Moderate,N
20177,28,2022-11-17,25,43,Normal,N
20178,28,2022-11-18,101,40,Normal,N
20179,28,2022-11-19,134,38,Moderate,N
20180,28,2022-11-20,115,25,Moderate,N
20181,28,2022-11-21,84,43,Normal,N
20182,28,2022-11-22,124,38,Normal,N
20183,28,2022-11-23,29,25,Normal,N
20184,28,2022-11-24,45,32,Moderate,N
20185,28,2022-11-25,98,43,Normal,N
20186,28,2022-11-26,24,27,Moderate,N
20187,28,2022-11-27,52,33,Moderate,N
20188,28,2022-11-28,132,28,Normal,N
20189,28,2022-11-29,121,35,Normal,N
20190,28,2022-11-30,60,38,Normal,N
20191,28,2022-12-01,81,38,Normal,N
20192,28,2022-12-02,94,27,Normal,N
20193,28,2022-12-03,27,41,Moderate,N
20194,28,2022-12-04,104,32,Moderate,N
20195,28,2022-12-05,21,43,Moderate,N
20196,28,2022-12-06,97,33,Severe,Y
20197,28,2022-12-07,94,36,Moderate,N
20198,28,2022-12-08,113,41,Normal,N
20199,28,2022-12-09,1,39,Severe,Y
20200,28,2022-12-10,87,35,Severe,Y
20201,28,2022-12-11,51,33,Normal,N
20202,28,2022-12-12,47,33,Normal,N
20203,28,2022-12-13,3,29,Normal,N
20204,28,2022-12-14,66,29,Moderate,N
20205,28,2022-12-15,87,33,Normal,N
20206,28,2022-12-16,72,24,Normal,N
20207,28,2022-12-17,9,30,Normal,N
20208,28,2022-12-18,100,26,Normal,N
20209,28,2022-12-19,42,26,Normal,N
20210,28,2022-12-20,6,33,Normal,N
20211,28,2022-12-21,92,25,Normal,N
20212,28,2022-12-22,12,37,Normal,N
20213,28,2022-12-23,98,31,Normal,N
20214,28,2022-12-24,86,41,Moderate,N
20215,28,2022-12-25,26,40,Moderate,N
20216,28,2022-12-26,48,32,Normal,N
20217,28,2022-12-27,25,27,Normal,N
20218,28,2022-12-28,17,40,Normal,N
20219,28,2022-12-29,83,30,Moderate,N
20220,28,2022-12-30,22,32,Normal,N
20221,28,2022-12-31,138,30,Severe,Y
20222,28,2023-01-01,84,27,Normal,N
20223,28,2023-01-02,45,40,Normal,N
20224,28,2023-01-03,36,28,Moderate,N
20225,28,2023-01-04,69,33,Moderate,N
20226,28,2023-01-05,128,28,Normal,N
20227,28,2023-01-06,19,43,Normal,N
20228,28,2023-01-07,99,37,Normal,N
20229,28,2023-01-08,76,40,Moderate,N
20230,28,2023-01-09,45,40,Normal,N
20231,28,2023-01-10,33,42,Normal,N
20232,28,2023-01-11,106,34,Normal,N
20233,28,2023-01-12,56,34,Normal,N
20234,28,2023-01-13,36,34,Normal,N
20235,28,2023-01-14,127,36,Normal,N
20236,28,2023-01-15,134,39,Normal,N
20237,28,2023-01-16,94,38,Moderate,N
20238,28,2023-01-17,11,32,Normal,N
20239,28,2023-01-18,1,36,Normal,N
20240,28,2023-01-19,32,27,Moderate,N
20241,28,2023-01-20,61,31,Normal,N
20242,28,2023-01-21,78,28,Normal,N
20243,28,2023-01-22,23,37,Normal,N
20244,28,2023-01-23,14,36,Normal,N
20245,28,2023-01-24,102,26,Severe,Y
20246,28,2023-01-25,31,38,Severe,Y
20247,28,2023-01-26,50,38,Normal,N
20248,28,2023-01-27,34,35,Normal,N
20249,28,2023-01-28,133,41,Normal,N
20250,28,2023-01-29,75,35,Normal,N
20251,28,2023-01-30,27,42,Severe,Y
20252,28,2023-01-31,42,36,Normal,N
20253,28,2023-02-01,1,38,Moderate,N
20254,28,2023-02-02,131,28,Moderate,N
20255,28,2023-02-03,75,43,Severe,Y
20256,28,2023-02-04,54,39,Normal,N
20257,28,2023-02-05,122,41,Normal,N
20258,28,2023-02-06,61,30,Normal,N
20259,28,2023-02-07,20,37,Moderate,N
20260,28,2023-02-08,114,29,Normal,N
20261,28,2023-02-09,87,24,Moderate,N
20262,28,2023-02-10,64,42,Severe,Y
20263,28,2023-02-11,14,28,Normal,N
20264,28,2023-02-12,26,40,Normal,N
20265,28,2023-02-13,38,41,Moderate,N
20266,28,2023-02-14,90,35,Normal,N
20267,28,2023-02-15,36,42,Normal,N
20268,28,2023-02-16,24,34,Moderate,N
20269,28,2023-02-17,60,35,Moderate,N
20270,28,2023-02-18,36,41,Moderate,N
20271,28,2023-02-19,68,25,Normal,N
20272,28,2023-02-20,60,36,Normal,N
20273,28,2023-02-21,55,37,Severe,Y
20274,28,2023-02-22,5,35,Normal,N
20275,28,2023-02-23,110,39,Normal,N
20276,28,2023-02-24,4,25,Normal,N
20277,28,2023-02-25,49,26,Normal,N
20278,28,2023-02-26,61,34,Normal,N
20279,28,2023-02-27,92,24,Normal,N
20280,28,2023-02-28,62,33,Normal,N
20281,28,2023-03-01,79,40,Moderate,N
20282,28,2023-03-02,26,40,Severe,Y
20283,28,2023-03-03,80,32,Normal,N
20284,28,2023-03-04,4,42,Normal,N
20285,28,2023-03-05,103,36,Normal,N
20286,28,2023-03-06,52,35,Normal,N
20287,28,2023-03-07,106,42,Moderate,N
20288,28,2023-03-08,35,40,Normal,N
20289,28,2023-03-09,48,28,Severe,Y
20290,28,2023-03-10,102,31,Normal,N
20291,28,2023-03-11,20,36,Moderate,N
20292,28,2023-03-12,130,29,Normal,N
20293,28,2023-03-13,17,42,Normal,N
20294,28,2023-03-14,119,34,Moderate,N
20295,28,2023-03-15,5,40,Normal,N
20296,28,2023-03-16,58,36,Normal,N
20297,28,2023-03-17,4,35,Normal,N
20298,28,2023-03-18,22,28,Normal,N
20299,28,2023-03-19,34,26,Normal,N
20300,28,2023-03-20,121,35,Normal,N
20301,28,2023-03-21,55,36,Normal,N
20302,28,2023-03-22,58,40,Normal,N
20303,28,2023-03-23,96,36,Severe,Y
20304,28,2023-03-24,57,30,Normal,N
20305,28,2023-03-25,24,29,Normal,N
20306,28,2023-03-26,88,38,Severe,Y
20307,28,2023-03-27,18,42,Normal,N
20308,28,2023-03-28,76,41,Normal,N
20309,28,2023-03-29,93,29,Severe,Y
20310,28,2023-03-30,7,30,Normal,N
20311,28,2023-03-31,100,37,Normal,N
20312,28,2023-04-01,25,42,Severe,Y
20313,28,2023-04-02,108,25,Normal,N
20314,28,2023-04-03,33,25,Normal,N
20315,28,2023-04-04,91,27,Moderate,N
20316,28,2023-04-05,74,40,Severe,Y
20317,28,2023-04-06,32,36,Normal,N
20318,28,2023-04-07,65,41,Moderate,N
20319,28,2023-04-08,61,25,Moderate,N
20320,28,2023-04-09,102,35,Normal,N
20321,28,2023-04-10,134,41,Moderate,N
20322,28,2023-04-11,73,32,Normal,N
20323,28,2023-04-12,39,41,Normal,N
20324,28,2023-04-13,104,43,Moderate,N
20325,28,2023-04-14,103,28,Normal,N
20326,28,2023-04-15,119,29,Severe,Y
20327,28,2023-04-16,9,26,Moderate,N
20328,28,2023-04-17,43,31,Normal,N
20329,28,2023-04-18,120,33,Moderate,N
20330,28,2023-04-19,41,37,Normal,N
20331,28,2023-04-20,69,39,Moderate,N
20332,28,2023-04-21,127,42,Normal,N
20333,28,2023-04-22,9,31,Normal,N
20334,28,2023-04-23,74,24,Normal,N
20335,28,2023-04-24,98,43,Moderate,N
20336,28,2023-04-25,77,33,Normal,N
20337,28,2023-04-26,29,30,Normal,N
20338,28,2023-04-27,114,36,Normal,N
20339,28,2023-04-28,1,29,Normal,N
20340,28,2023-04-29,11,28,Moderate,N
20341,28,2023-04-30,76,36,Severe,Y
20342,28,2023-05-01,111,37,Normal,N
20343,28,2023-05-02,79,41,Normal,N
20344,28,2023-05-03,35,40,Normal,N
20345,28,2023-05-04,140,30,Normal,N
20346,28,2023-05-05,19,30,Severe,Y
20347,28,2023-05-06,93,26,Normal,N
20348,28,2023-05-07,123,24,Normal,N
20349,28,2023-05-08,119,32,Normal,N
20350,28,2023-05-09,20,41,Normal,N
20351,28,2023-05-10,110,30,Normal,N
20352,28,2023-05-11,99,25,Moderate,N
20353,28,2023-05-12,121,40,Normal,N
20354,28,2023-05-13,43,29,Normal,N
20355,28,2023-05-14,44,25,Normal,N
20356,28,2023-05-15,100,26,Normal,N
20357,28,2023-05-16,11,41,Normal,N
20358,28,2023-05-17,33,36,Severe,Y
20359,28,2023-05-18,7,33,Severe,Y
20360,28,2023-05-19,90,42,Normal,N
20361,28,2023-05-20,113,24,Normal,N
20362,28,2023-05-21,73,25,Normal,N
20363,28,2023-05-22,66,24,Moderate,N
20364,28,2023-05-23,1,26,Normal,N
20365,28,2023-05-24,133,38,Moderate,N
20366,28,2023-05-25,77,28,Normal,N
20367,28,2023-05-26,9,36,Normal,N
20368,28,2023-05-27,42,37,Normal,N
20369,28,2023-05-28,57,37,Normal,N
20370,28,2023-05-29,27,38,Normal,N
20371,28,2023-05-30,122,39,Moderate,N
20372,28,2023-05-31,12,32,Normal,N
20373,28,2023-06-01,59,36,Severe,Y
20374,28,2023-06-02,49,43,Normal,N
20375,28,2023-06-03,105,29,Normal,N
20376,28,2023-06-04,53,31,Severe,Y
20377,28,2023-06-05,6,35,Normal,N
20378,28,2023-06-06,125,42,Normal,N
20379,28,2023-06-07,23,42,Normal,N
20380,28,2023-06-08,34,26,Normal,N
20381,28,2023-06-09,113,39,Moderate,N
20382,28,2023-06-10,9,39,Normal,N
20383,28,2023-06-11,105,26,Moderate,N
20384,28,2023-06-12,41,27,Normal,N
20385,28,2023-06-13,50,24,Moderate,N
20386,28,2023-06-14,6,39,Normal,N
20387,28,2023-06-15,57,29,Normal,N
20388,28,2023-06-16,52,34,Normal,N
20389,28,2023-06-17,26,35,Normal,N
20390,28,2023-06-18,99,37,Normal,N
20391,28,2023-06-19,131,30,Normal,N
20392,28,2023-06-20,95,35,Normal,N
20393,28,2023-06-21,140,28,Normal,N
20394,28,2023-06-22,75,42,Normal,N
20395,28,2023-06-23,103,39,Moderate,N
20396,28,2023-06-24,33,35,Severe,Y
20397,28,2023-06-25,9,27,Normal,N
20398,28,2023-06-26,38,39,Moderate,N
20399,28,2023-06-27,28,42,Normal,N
20400,28,2023-06-28,78,38,Moderate,N
20401,28,2023-06-29,14,27,Moderate,N
20402,28,2023-06-30,3,26,Normal,N
20403,28,2023-07-01,8,31,Normal,N
20404,28,2023-07-02,30,27,Moderate,N
20405,28,2023-07-03,57,39,Normal,N
20406,28,2023-07-04,112,26,Moderate,N
20407,28,2023-07-05,97,33,Moderate,N
20408,28,2023-07-06,53,26,Moderate,N
20409,28,2023-07-07,115,31,Severe,Y
20410,28,2023-07-08,6,41,Normal,N
20411,28,2023-07-09,118,40,Normal,N
20412,28,2023-07-10,34,35,Normal,N
20413,28,2023-07-11,14,27,Normal,N
20414,28,2023-07-12,85,42,Moderate,N
20415,28,2023-07-13,128,26,Normal,N
20416,28,2023-07-14,24,24,Normal,N
20417,28,2023-07-15,7,37,Normal,N
20418,28,2023-07-16,34,27,Normal,N
20419,28,2023-07-17,54,43,Normal,N
20420,28,2023-07-18,96,32,Severe,Y
20421,28,2023-07-19,122,33,Moderate,N
20422,28,2023-07-20,66,28,Normal,N
20423,28,2023-07-21,58,38,Normal,N
20424,28,2023-07-22,35,28,Normal,N
20425,28,2023-07-23,73,32,Moderate,N
20426,28,2023-07-24,125,26,Normal,N
20427,28,2023-07-25,93,33,Normal,N
20428,28,2023-07-26,18,43,Normal,N
20429,28,2023-07-27,126,25,Normal,N
20430,28,2023-07-28,29,39,Normal,N
20431,28,2023-07-29,84,33,Normal,N
20432,28,2023-07-30,10,28,Normal,N
20433,28,2023-07-31,65,42,Moderate,N
20434,28,2023-08-01,126,27,Normal,N
20435,28,2023-08-02,62,41,Normal,N
20436,28,2023-08-03,108,28,Normal,N
20437,28,2023-08-04,10,39,Normal,N
20438,28,2023-08-05,43,28,Normal,N
20439,28,2023-08-06,28,36,Moderate,N
20440,28,2023-08-07,89,31,Normal,N
20441,28,2023-08-08,94,31,Normal,N
20442,28,2023-08-09,57,26,Normal,N
20443,28,2023-08-10,106,40,Normal,N
20444,28,2023-08-11,102,27,Normal,N
20445,28,2023-08-12,16,33,Normal,N
20446,28,2023-08-13,2,32,Moderate,N
20447,28,2023-08-14,5,42,Moderate,N
20448,28,2023-08-15,20,26,Normal,N
20449,28,2023-08-16,140,37,Normal,N
20450,28,2023-08-17,23,36,Normal,N
20451,28,2023-08-18,132,25,Moderate,N
20452,28,2023-08-19,29,41,Moderate,N
20453,28,2023-08-20,46,30,Normal,N
20454,28,2023-08-21,34,43,Normal,N
20455,28,2023-08-22,137,28,Normal,N
20456,28,2023-08-23,85,32,Moderate,N
20457,28,2023-08-24,44,30,Normal,N
20458,28,2023-08-25,21,24,Normal,N
20459,28,2023-08-26,96,30,Normal,N
20460,28,2023-08-27,80,30,Severe,Y
20461,28,2023-08-28,14,34,Severe,Y
20462,28,2023-08-29,3,25,Normal,N
20463,28,2023-08-30,31,34,Normal,N
20464,28,2023-08-31,87,30,Normal,N
20465,28,2023-09-01,95,35,Moderate,N
20466,28,2023-09-02,72,35,Severe,Y
20467,28,2023-09-03,58,40,Normal,N
20468,28,2023-09-04,128,29,Moderate,N
20469,28,2023-09-05,60,33,Moderate,N
20470,28,2023-09-06,73,33,Normal,N
20471,28,2023-09-07,114,36,Moderate,N
20472,28,2023-09-08,8,41,Normal,N
20473,28,2023-09-09,102,33,Normal,N
20474,28,2023-09-10,138,40,Normal,N
20475,28,2023-09-11,43,41,Normal,N
20476,28,2023-09-12,31,29,Normal,N
20477,28,2023-09-13,18,38,Normal,N
20478,28,2023-09-14,107,33,Normal,N
20479,28,2023-09-15,102,25,Moderate,N
20480,28,2023-09-16,58,30,Normal,N
20481,28,2023-09-17,85,37,Moderate,N
20482,28,2023-09-18,102,35,Normal,N
20483,28,2023-09-19,65,38,Normal,N
20484,28,2023-09-20,39,25,Normal,N
20485,28,2023-09-21,50,34,Normal,N
20486,28,2023-09-22,64,36,Normal,N
20487,28,2023-09-23,136,26,Moderate,N
20488,28,2023-09-24,42,37,Normal,N
20489,28,2023-09-25,64,37,Normal,N
20490,28,2023-09-26,40,31,Normal,N
20491,28,2023-09-27,92,38,Normal,N
20492,28,2023-09-28,44,40,Moderate,N
20493,28,2023-09-29,115,39,Severe,Y
20494,28,2023-09-30,18,34,Severe,Y
20495,28,2023-10-01,129,42,Moderate,N
20496,28,2023-10-02,112,28,Moderate,N
20497,28,2023-10-03,16,43,Normal,N
20498,28,2023-10-04,47,33,Normal,N
20499,28,2023-10-05,92,39,Normal,N
20500,28,2023-10-06,67,43,Normal,N
20501,28,2023-10-07,130,39,Normal,N
20502,28,2023-10-08,17,30,Normal,N
20503,28,2023-10-09,11,39,Normal,N
20504,28,2023-10-10,77,36,Normal,N
20505,28,2023-10-11,104,24,Normal,N
20506,28,2023-10-12,127,27,Normal,N
20507,28,2023-10-13,95,31,Normal,N
20508,28,2023-10-14,11,38,Severe,Y
20509,28,2023-10-15,59,39,Normal,N
20510,28,2023-10-16,8,25,Normal,N
20511,28,2023-10-17,112,41,Normal,N
20512,28,2023-10-18,34,33,Normal,N
20513,28,2023-10-19,129,43,Normal,N
20514,28,2023-10-20,23,32,Normal,N
20515,28,2023-10-21,60,36,Moderate,N
20516,28,2023-10-22,45,37,Normal,N
20517,28,2023-10-23,77,42,Moderate,N
20518,28,2023-10-24,17,30,Normal,N
20519,28,2023-10-25,11,29,Normal,N
20520,28,2023-10-26,8,42,Normal,N
20521,28,2023-10-27,42,35,Moderate,N
20522,28,2023-10-28,30,32,Moderate,N
20523,28,2023-10-29,42,40,Normal,N
20524,28,2023-10-30,80,34,Severe,Y
20525,28,2023-10-31,64,42,Moderate,N
20526,28,2023-11-01,107,39,Normal,N
20527,28,2023-11-02,91,42,Moderate,N
20528,28,2023-11-03,105,40,Moderate,N
20529,28,2023-11-04,25,27,Normal,N
20530,28,2023-11-05,0,42,Normal,N
20531,28,2023-11-06,34,36,Moderate,N
20532,28,2023-11-07,103,43,Normal,N
20533,28,2023-11-08,138,38,Normal,N
20534,28,2023-11-09,31,30,Moderate,N
20535,28,2023-11-10,91,42,Severe,Y
20536,28,2023-11-11,24,31,Normal,N
20537,28,2023-11-12,130,25,Normal,N
20538,28,2023-11-13,15,28,Normal,N
20539,28,2023-11-14,15,33,Normal,N
20540,28,2023-11-15,0,40,Normal,N
20541,28,2023-11-16,52,40,Severe,Y
20542,28,2023-11-17,110,41,Normal,N
20543,28,2023-11-18,71,29,Normal,N
20544,28,2023-11-19,104,41,Moderate,N
20545,28,2023-11-20,16,25,Normal,N
20546,28,2023-11-21,96,25,Normal,N
20547,28,2023-11-22,106,26,Severe,Y
20548,28,2023-11-23,111,33,Normal,N
20549,28,2023-11-24,120,37,Severe,Y
20550,28,2023-11-25,28,41,Severe,Y
20551,28,2023-11-26,79,38,Moderate,N
20552,28,2023-11-27,27,39,Normal,N
20553,28,2023-11-28,103,39,Severe,Y
20554,28,2023-11-29,74,43,Normal,N
20555,28,2023-11-30,140,29,Severe,Y
20556,28,2023-12-01,106,42,Normal,N
20557,28,2023-12-02,56,36,Normal,N
20558,28,2023-12-03,26,34,Normal,N
20559,28,2023-12-04,140,27,Severe,Y
20560,28,2023-12-05,114,31,Normal,N
20561,28,2023-12-06,25,24,Normal,N
20562,28,2023-12-07,63,33,Normal,N
20563,28,2023-12-08,66,36,Normal,N
20564,28,2023-12-09,36,27,Normal,N
20565,28,2023-12-10,82,29,Normal,N
20566,28,2023-12-11,132,35,Normal,N
20567,28,2023-12-12,90,42,Normal,N
20568,28,2023-12-13,37,26,Normal,N
20569,28,2023-12-14,88,34,Moderate,N
20570,28,2023-12-15,116,41,Normal,N
20571,28,2023-12-16,61,31,Moderate,N
20572,28,2023-12-17,25,25,Normal,N
20573,28,2023-12-18,139,35,Normal,N
20574,28,2023-12-19,135,29,Normal,N
20575,28,2023-12-20,93,33,Normal,N
20576,28,2023-12-21,115,30,Moderate,N
20577,28,2023-12-22,47,38,Severe,Y
20578,28,2023-12-23,80,42,Moderate,N
20579,28,2023-12-24,6,32,Normal,N
20580,28,2023-12-25,130,24,Moderate,N
20581,28,2023-12-26,128,32,Moderate,N
20582,28,2023-12-27,125,42,Moderate,N
20583,28,2023-12-28,107,30,Moderate,N
20584,28,2023-12-29,34,43,Normal,N
20585,28,2023-12-30,16,34,Normal,N
20586,28,2023-12-31,119,28,Normal,N
20587,28,2024-01-01,7,31,Normal,N
20588,28,2024-01-02,61,33,Moderate,N
20589,28,2024-01-03,71,32,Severe,Y
20590,28,2024-01-04,57,27,Normal,N
20591,28,2024-01-05,6,25,Severe,Y
20592,28,2024-01-06,128,32,Normal,N
20593,28,2024-01-07,89,40,Normal,N
20594,28,2024-01-08,0,34,Normal,N
20595,28,2024-01-09,33,27,Normal,N
20596,28,2024-01-10,138,38,Moderate,N
20597,28,2024-01-11,23,29,Moderate,N
20598,28,2024-01-12,121,25,Normal,N
20599,28,2024-01-13,115,34,Normal,N
20600,28,2024-01-14,76,39,Moderate,N
20601,28,2024-01-15,37,32,Moderate,N
20602,28,2024-01-16,72,34,Moderate,N
20603,28,2024-01-17,131,33,Normal,N
20604,28,2024-01-18,10,33,Normal,N
20605,28,2024-01-19,9,27,Normal,N
20606,28,2024-01-20,29,25,Moderate,N
20607,28,2024-01-21,9,42,Moderate,N
20608,28,2024-01-22,136,31,Normal,N
20609,28,2024-01-23,126,40,Normal,N
20610,28,2024-01-24,114,34,Normal,N
20611,28,2024-01-25,39,43,Normal,N
20612,28,2024-01-26,36,28,Normal,N
20613,28,2024-01-27,68,30,Moderate,N
20614,28,2024-01-28,86,41,Normal,N
20615,28,2024-01-29,130,24,Normal,N
20616,28,2024-01-30,51,25,Severe,Y
20617,28,2024-01-31,126,41,Moderate,N
20618,28,2024-02-01,105,33,Normal,N
20619,28,2024-02-02,52,29,Normal,N
20620,28,2024-02-03,40,26,Normal,N
20621,28,2024-02-04,18,37,Normal,N
20622,28,2024-02-05,60,30,Normal,N
20623,28,2024-02-06,44,28,Normal,N
20624,28,2024-02-07,83,38,Normal,N
20625,28,2024-02-08,107,32,Severe,Y
20626,28,2024-02-09,15,42,Normal,N
20627,28,2024-02-10,72,40,Normal,N
20628,28,2024-02-11,19,28,Normal,N
20629,28,2024-02-12,130,43,Normal,N
20630,28,2024-02-13,57,38,Normal,N
20631,28,2024-02-14,59,37,Normal,N
20632,28,2024-02-15,58,41,Normal,N
20633,28,2024-02-16,111,36,Normal,N
20634,28,2024-02-17,115,38,Normal,N
20635,28,2024-02-18,116,36,Moderate,N
20636,28,2024-02-19,62,30,Moderate,N
20637,28,2024-02-20,105,25,Normal,N
20638,28,2024-02-21,125,37,Normal,N
20639,28,2024-02-22,62,30,Moderate,N
20640,28,2024-02-23,128,43,Normal,N
20641,28,2024-02-24,93,36,Moderate,N
20642,28,2024-02-25,96,42,Moderate,N
20643,28,2024-02-26,44,26,Normal,N
20644,28,2024-02-27,117,40,Severe,Y
20645,28,2024-02-28,90,38,Normal,N
20646,28,2024-02-29,44,29,Normal,N
20647,28,2024-03-01,110,29,Severe,Y
20648,28,2024-03-02,111,24,Normal,N
20649,28,2024-03-03,128,40,Normal,N
20650,28,2024-03-04,44,24,Moderate,N
20651,28,2024-03-05,82,27,Moderate,N
20652,28,2024-03-06,1,27,Moderate,N
20653,28,2024-03-07,9,40,Moderate,N
20654,28,2024-03-08,87,27,Normal,N
20655,28,2024-03-09,3,43,Moderate,N
20656,28,2024-03-10,34,25,Normal,N
20657,28,2024-03-11,20,42,Normal,N
20658,28,2024-03-12,105,32,Normal,N
20659,28,2024-03-13,29,33,Normal,N
20660,28,2024-03-14,0,24,Normal,N
20661,28,2024-03-15,140,26,Normal,N
20662,28,2024-03-16,50,41,Normal,N
20663,28,2024-03-17,77,38,Moderate,N
20664,28,2024-03-18,69,37,Moderate,N
20665,28,2024-03-19,89,32,Moderate,N
20666,28,2024-03-20,45,26,Moderate,N
20667,28,2024-03-21,83,33,Moderate,N
20668,28,2024-03-22,14,25,Normal,N
20669,28,2024-03-23,10,37,Normal,N
20670,28,2024-03-24,51,25,Moderate,N
20671,28,2024-03-25,111,27,Moderate,N
20672,28,2024-03-26,17,37,Normal,N
20673,28,2024-03-27,137,38,Moderate,N
20674,28,2024-03-28,29,36,Normal,N
20675,28,2024-03-29,106,32,Normal,N
20676,28,2024-03-30,79,30,Moderate,N
20677,28,2024-03-31,105,24,Normal,N
20678,28,2024-04-01,103,29,Normal,N
20679,28,2024-04-02,60,38,Normal,N
20680,28,2024-04-03,42,24,Normal,N
20681,28,2024-04-04,121,28,Normal,N
20682,28,2024-04-05,96,38,Moderate,N
20683,28,2024-04-06,81,30,Normal,N
20684,28,2024-04-07,134,26,Normal,N
20685,28,2024-04-08,68,36,Normal,N
20686,28,2024-04-09,24,24,Normal,N
20687,28,2024-04-10,115,40,Normal,N
20688,28,2024-04-11,4,27,Normal,N
20689,28,2024-04-12,122,24,Normal,N
20690,28,2024-04-13,78,26,Severe,Y
20691,28,2024-04-14,113,28,Normal,N
20692,28,2024-04-15,31,28,Severe,Y
20693,28,2024-04-16,87,36,Normal,N
20694,28,2024-04-17,25,25,Normal,N
20695,28,2024-04-18,130,34,Moderate,N
20696,28,2024-04-19,82,38,Normal,N
20697,28,2024-04-20,82,37,Normal,N
20698,28,2024-04-21,4,26,Normal,N
20699,28,2024-04-22,18,27,Severe,Y
20700,28,2024-04-23,75,24,Normal,N
20701,28,2024-04-24,14,31,Normal,N
20702,28,2024-04-25,111,43,Normal,N
20703,28,2024-04-26,20,41,Normal,N
20704,28,2024-04-27,62,25,Severe,Y
20705,28,2024-04-28,54,37,Normal,N
20706,28,2024-04-29,64,36,Normal,N
20707,28,2024-04-30,106,41,Moderate,N
20708,28,2024-05-01,110,33,Normal,N
20709,28,2024-05-02,47,27,Normal,N
20710,28,2024-05-03,84,41,Moderate,N
20711,28,2024-05-04,63,29,Normal,N
20712,28,2024-05-05,49,30,Normal,N
20713,28,2024-05-06,76,36,Normal,N
20714,28,2024-05-07,10,35,Severe,Y
20715,28,2024-05-08,1,31,Severe,Y
20716,28,2024-05-09,13,33,Normal,N
20717,28,2024-05-10,70,36,Normal,N
20718,28,2024-05-11,77,26,Normal,N
20719,28,2024-05-12,33,38,Normal,N
20720,28,2024-05-13,115,31,Severe,Y
20721,28,2024-05-14,23,33,Normal,N
20722,28,2024-05-15,28,29,Moderate,N
20723,28,2024-05-16,46,34,Moderate,N
20724,28,2024-05-17,88,34,Normal,N
20725,28,2024-05-18,111,38,Moderate,N
20726,28,2024-05-19,113,34,Normal,N
20727,28,2024-05-20,40,35,Normal,N
20728,28,2024-05-21,56,42,Normal,N
20729,28,2024-05-22,82,41,Normal,N
20730,28,2024-05-23,3,28,Normal,N
20731,28,2024-05-24,67,25,Moderate,N
20732,28,2024-05-25,11,39,Moderate,N
20733,28,2024-05-26,70,34,Normal,N
20734,28,2024-05-27,65,33,Normal,N
20735,28,2024-05-28,140,31,Moderate,N
20736,28,2024-05-29,21,32,Moderate,N
20737,28,2024-05-30,115,38,Severe,Y
20738,28,2024-05-31,99,42,Moderate,N
20739,28,2024-06-01,36,41,Normal,N
20740,28,2024-06-02,10,25,Normal,N
20741,28,2024-06-03,64,25,Normal,N
20742,28,2024-06-04,130,36,Normal,N
20743,28,2024-06-05,94,25,Normal,N
20744,28,2024-06-06,47,37,Normal,N
20745,28,2024-06-07,104,38,Moderate,N
20746,28,2024-06-08,36,39,Normal,N
20747,28,2024-06-09,56,36,Normal,N
20748,28,2024-06-10,117,29,Moderate,N
20749,28,2024-06-11,134,43,Normal,N
20750,28,2024-06-12,16,41,Moderate,N
20751,28,2024-06-13,38,35,Normal,N
20752,28,2024-06-14,56,30,Moderate,N
20753,28,2024-06-15,11,30,Normal,N
20754,28,2024-06-16,49,31,Moderate,N
20755,28,2024-06-17,4,38,Moderate,N
20756,28,2024-06-18,49,28,Normal,N
20757,28,2024-06-19,58,25,Normal,N
20758,28,2024-06-20,10,43,Normal,N
20759,28,2024-06-21,55,39,Normal,N
20760,28,2024-06-22,53,38,Normal,N
20761,28,2024-06-23,65,34,Moderate,N
20762,28,2024-06-24,130,36,Moderate,N
20763,28,2024-06-25,109,40,Normal,N
20764,28,2024-06-26,94,40,Normal,N
20765,28,2024-06-27,31,29,Normal,N
20766,28,2024-06-28,116,34,Normal,N
20767,28,2024-06-29,28,43,Severe,Y
20768,28,2024-06-30,36,28,Normal,N
20769,28,2024-07-01,81,28,Normal,N
20770,28,2024-07-02,137,28,Normal,N
20771,28,2024-07-03,93,29,Normal,N
20772,28,2024-07-04,32,35,Normal,N
20773,28,2024-07-05,86,35,Normal,N
20774,28,2024-07-06,104,27,Moderate,N
20775,28,2024-07-07,84,37,Moderate,N
20776,28,2024-07-08,62,42,Normal,N
20777,28,2024-07-09,65,40,Normal,N
20778,28,2024-07-10,138,38,Moderate,N
20779,28,2024-07-11,18,34,Moderate,N
20780,28,2024-07-12,93,41,Normal,N
20781,28,2024-07-13,115,41,Normal,N
20782,28,2024-07-14,124,32,Normal,N
20783,28,2024-07-15,58,26,Moderate,N
20784,28,2024-07-16,32,27,Normal,N
20785,28,2024-07-17,15,27,Moderate,N
20786,28,2024-07-18,32,26,Normal,N
20787,28,2024-07-19,91,28,Normal,N
20788,28,2024-07-20,63,27,Moderate,N
20789,28,2024-07-21,2,25,Normal,N
20790,28,2024-07-22,38,35,Normal,N
20791,28,2024-07-23,88,33,Normal,N
20792,28,2024-07-24,77,36,Moderate,N
20793,28,2024-07-25,41,35,Normal,N
20794,28,2024-07-26,55,40,Normal,N
20795,28,2024-07-27,91,26,Normal,N
20796,28,2024-07-28,108,42,Moderate,N
20797,28,2024-07-29,139,41,Normal,N
20798,28,2024-07-30,118,30,Moderate,N
20799,28,2024-07-31,9,40,Normal,N
20800,28,2024-08-01,95,24,Moderate,N
20801,28,2024-08-02,34,38,Normal,N
20802,28,2024-08-03,65,43,Moderate,N
20803,28,2024-08-04,26,36,Moderate,N
20804,28,2024-08-05,84,38,Normal,N
20805,28,2024-08-06,70,33,Normal,N
20806,28,2024-08-07,112,31,Moderate,N
20807,28,2024-08-08,36,28,Normal,N
20808,28,2024-08-09,61,27,Normal,N
20809,28,2024-08-10,60,25,Moderate,N
20810,28,2024-08-11,27,35,Normal,N
20811,28,2024-08-12,44,30,Normal,N
20812,28,2024-08-13,70,34,Normal,N
20813,28,2024-08-14,7,37,Normal,N
20814,28,2024-08-15,50,28,Moderate,N
20815,28,2024-08-16,69,24,Severe,Y
20816,28,2024-08-17,15,29,Moderate,N
20817,28,2024-08-18,75,40,Normal,N
20818,28,2024-08-19,107,38,Severe,Y
20819,28,2024-08-20,8,30,Normal,N
20820,28,2024-08-21,136,34,Normal,N
20821,28,2024-08-22,29,39,Normal,N
20822,28,2024-08-23,58,32,Normal,N
20823,28,2024-08-24,20,28,Normal,N
20824,28,2024-08-25,107,31,Normal,N
